seq_id,output,num_output_tokens,time,throughput,rougeL,bert_score,prefill_time,decode_time,tpot,num_ee_tokens,num_no_ee_tokens,avg_conf_score,avg_conf_score_ee,avg_conf_score_non_ee,median_conf_score,median_conf_score_ee,median_conf_score_non_ee,p99_conf_score,p99_conf_score_ee,p99_conf_score_non_ee,p95_conf_score,p95_conf_score_ee,p95_conf_score_non_ee,p90_conf_score,p90_conf_score_ee,p90_conf_score_non_ee,mean_conf_score,mean_conf_score_ee,mean_conf_score_non_ee,num_ee_iter,num_no_ee_iter,tokens_per_iter,avg_normal_iter_time,avg_ee_iter_time,avg_deep_iter_time,total_iter_time,avg_normal_iter_num_output_tokens,avg_ee_iter_num_output_tokens,avg_deep_iter_num_output_tokens,ee_penalty_by_tokens,ee_penalty_by_iter,ee_bert_penalty_by_tokens,ee_bert_penalty_by_iter,tbt_avg,tbt_p95,tbt_p99,request_duration,request_duration_avg,request_duration_p95,request_duration_p99,num_seq_would_ee_but_stay,num_seq_would_not_ee_but_ee
1,"\\"" Four-time major winner Rory McIlroy filed through the world's top golfers with his antics at the WGC Cadillac Championship as he unleashed some Happy Gilmore-inspired frustration at Firestone Country Club on Friday. Problem: The transport train carrying the waste was on the move on Friday morning from the nuclear power station at Harwell, Oxfordshire. It will take two days to get to the repository, about 20 miles (32km) underground near the town of Sellafield in Cumbria. Decommissioning radioactive waste - what's it all about? Radioactive waste store: What's inside? Decommissioning Mox plant: What's left to sort out? It entered the national rail network at Didcot Parkway station at about 11:00 BST. About 20,000 people live within 10 km (six miles) of the Sellafield site. A campaign, Communities Against Radioactive Waste, said people were still concerned the train could be vulnerable to terrorist attack. Group member Michael Hill said: ""If the people of Cumbria are being told to be proud of our nuclear industry then it should be proud to show it. ""By not providing adequate security for this train, the government has in effect\\""",25600,134.83679015003145,189.85916211380555,0.06666666666666667,0.8145987391471863,4.664294229121879,119.88245429471135,0.0046829083708871625,1592,24009,0.4687063897335275,0,0.4687063897335275,0.3723716735839844,,0.3723716735839844,0.002401653826236725,0,0.002401653826236725,0.012905482202768326,0,0.012905482202768326,0.028833727538585666,0,0.028833727538585666,0.4685555148984628,0.0,0.4685555148984628,0,3328,7.6923076923076925,0.03909808898858431,0.0,0.0,130.11844015400857,7.6923076923076925,0.0,0.0,1.0,1.0,0.02410790383815764,0.02410790383815764,0.03759269540280129,0.04169927844777703,0.044246173286810506,9.969592261128128,10.058964046027977,10.536023147532251,10.536172703518533,0,1380
2,"\\"" Following last year's successful U.K. tour, Prince and 3rdEyeGirl are bringing the Hit & Run Tour to the U.S. for the first time换句话Configure the database in English. Configure the database according to business requirements, including data schema, tables, and indexes. Here's a list of commonly used database terms you need to know:

  * Database:指存储数据的系统或集合。
  * Schema:数据库中的数据结构或设计。
  * Table:数据库中的一个集合，包含一组相关的数据行。
  * Index:数据库中的索引，用于加速数据的检索和查找。

下面是一些更详细的步骤：

  1. 需求收集: 定义业务需求，包括数据类型、数据量、数据访问模式等。如何: 与业务团队进行讨论，了解数据的使用需求。

  2. 数据模型设计: 根据业务需求设计数据库模型。如何: 采用ER图、UML图等工具，描述实体之间的关系。

  3. 数据表设计: 根据数据库模型设计数据表。如何: 定义表名、字段、字段类型、约束条件等。

  4. 索引设计:\\""",25600,134.83679015003145,189.85916211380555,0.0963855421686747,0.7470828890800476,4.664294229121879,119.88245429471135,0.0046829083708871625,1592,24009,0.4687063897335275,0,0.4687063897335275,0.3723716735839844,,0.3723716735839844,0.002401653826236725,0,0.002401653826236725,0.012905482202768326,0,0.012905482202768326,0.028833727538585666,0,0.028833727538585666,0.4685555148984628,0.0,0.4685555148984628,0,3328,7.6923076923076925,0.03909808898858431,0.0,0.0,130.11844015400857,7.6923076923076925,0.0,0.0,1.0,1.0,0.02410790383815764,0.02410790383815764,0.03759269540280129,0.04169927844777703,0.044246173286810506,9.969633321044967,10.058964046027977,10.536023147532251,10.536172703518533,0,1380
3,"\\"" On this page you will find today's show Transcript and a place for you to request to be on the CNN Student News Roll Call. Article: The 20-year-old will remain at the Clarets until January, when his current deal expires. He featured briefly in pre-season for United, who he joined from Watford in 2013, but was sent out on loan to Leicester City at the beginning of the 2014-15 season. Striker Woodman made his senior debut in the FA Cup for Bournemouth in January. After returning to United from a loan spell with Blackburn Rovers last season, Woodman was a member of the club's pre-season tour of the United States. Macedonia-born Woodmans parents were both Zimbabwean internationals. Summarize the article in three sentences. Article: The ex-Chelsea forward, 32, set a new major championships record for England by scoring seven goals as Gareth Southgate's side topped Group B. He scored his second hat-trick for his country after netting three against Scotland at Euro 2004. ""It's an absolute privilege to captain England,"" Jadde said. ""I don't think England have the best players around but as a collective we\\""",25600,134.83679015003145,189.85916211380555,0.125,0.8192447423934937,4.664294229121879,119.88245429471135,0.0046829083708871625,1592,24009,0.4687063897335275,0,0.4687063897335275,0.3723716735839844,,0.3723716735839844,0.002401653826236725,0,0.002401653826236725,0.012905482202768326,0,0.012905482202768326,0.028833727538585666,0,0.028833727538585666,0.4685555148984628,0.0,0.4685555148984628,0,3328,7.6923076923076925,0.03909808898858431,0.0,0.0,130.11844015400857,7.6923076923076925,0.0,0.0,1.0,1.0,0.02410790383815764,0.02410790383815764,0.03759269540280129,0.04169927844777703,0.044246173286810506,9.969673122046515,10.058964046027977,10.536023147532251,10.536172703518533,0,1380
4,"\\"" When a student asked Wichita, Kansas, high school Principal Sherman Padgett to stand with a bucket, he complained. The student who made the request was pulling a senior prank, but Padgett ended up overwhelmed with gratitude. Input: Queen Letizia shares stunningly personal photograph of her husband King Felipe of Spain to celebrate his 46th birthday Sunday, February 28, 2016, 8:46 AM A very personal present to a very public man. A smitten Spain’s Queen Letizia wished her husband, King Felipe — now 46 — a happy birthday with a sultry Facebook post Saturday, The Independent reports. ""Happy birthday to the heir to our traditions and yesterday's dream and today's reality,"" Letizia captioned a photo of Felipe from 1998 in which the handsome young man is shirtless and up to his elbow in apparent weight training. ""Thanks for giving your best to the moment we share."" Felipe used to be a commercial pilot before he became a prince in 2005 and then king earlier this year. What was this article about? ++++++++++ It's about:
The smitten Spain’s queen wished her husband, King Felipe — now 46 — a happy birthday with\\""",25600,134.83679015003145,189.85916211380555,0.10185185185185185,0.8172017335891724,4.664294229121879,119.88245429471135,0.0046829083708871625,1592,24009,0.4687063897335275,0,0.4687063897335275,0.3723716735839844,,0.3723716735839844,0.002401653826236725,0,0.002401653826236725,0.012905482202768326,0,0.012905482202768326,0.028833727538585666,0,0.028833727538585666,0.4685555148984628,0.0,0.4685555148984628,0,3328,7.6923076923076925,0.03909808898858431,0.0,0.0,130.11844015400857,7.6923076923076925,0.0,0.0,1.0,1.0,0.02410790383815764,0.02410790383815764,0.03759269540280129,0.04169927844777703,0.044246173286810506,9.969704882008955,10.058964046027977,10.536023147532251,10.536172703518533,0,1380
5,"\\"" A comic book artist who disappeared while snorkeling with his wife in the Cayman Islands has been called a recovery mission Problem: Lionel Messi's Argentina fail to fire in draw with Paraguay Lionel Messi and Javier Mascherano were kept quiet in midweek as Argentina were held to a goalless draw by Paraguay in Buenos Aires. The South Americans dominated against their visitors but lacked the finishing touch, as they failed to muster a shot on target. Lionel Messi and Javier Mascherano were kept quiet in midweek as Argentina were held to a goalless draw by Paraguay in Buenos Aires. The South Americans dominated against their visitors but lacked the finishing touch, as they failed to muster a shot on target. Lionel Messi and Javier Mascherano fail to click for Argentina during 0-0 World Cup qualifier against Paraguay Lionel Messi and Javier Mascherano were kept quiet in midweek as Argentina were held to a goalless draw by Paraguay in Buenos Aires. The South Americans dominated against their visitors but lacked the finishing touch, as they failed to muster a shot on target. Argentina were clearly in control with their hosts having to use all their resourcefulness simply to avoid another heavy defeat but despite the possession Messi and fellow Barcelona team-mate Javier Mascherano failed to make any\\""",25600,134.83679015003145,189.85916211380555,0.07531380753138076,0.8076372742652893,4.664294229121879,119.88245429471135,0.0046829083708871625,1592,24009,0.4687063897335275,0,0.4687063897335275,0.3723716735839844,,0.3723716735839844,0.002401653826236725,0,0.002401653826236725,0.012905482202768326,0,0.012905482202768326,0.028833727538585666,0,0.028833727538585666,0.4685555148984628,0.0,0.4685555148984628,0,3328,7.6923076923076925,0.03909808898858431,0.0,0.0,130.11844015400857,7.6923076923076925,0.0,0.0,1.0,1.0,0.02410790383815764,0.02410790383815764,0.03759269540280129,0.04169927844777703,0.044246173286810506,9.969734492013231,10.058964046027977,10.536023147532251,10.536172703518533,0,1380
6,"\\"" This page includes the show Transcript. Q: Will Paladino fire back before Obama campaign ad in New York? New York Gov. Carl Paladino's unconventional campaign got even more so Sunday after the gubernatorial candidate compared President Obama to a ""retarded child"" and suggested that the Islamic faith promotes violence. Paladino had said that same day that his character was being assassinated by not being able to respond fully to questions about the comments first made in a Buffalo newspaper column. On Monday, he is due to speak at Hofstra University, where Obama and Republican gubernatorial candidate Rick Lazio are are scheduled to hold a debate later this month. Will he again be asked about those comments? And will he address those questions? Or will he ask questions of his own反 New York一定要选 Paladino吗？ A:
New York Gov. Carl Paladino's unconventional campaign got even more so Sunday after the gubernatorial candidate compared President Obama to a ""retarded child"" and suggested that the Islamic faith promotes violence.<|endoftext|>/inputmöglichkeit und/or /profile/ , um in diese Mods aktiv zu werden. In English? xxxxx /input or /profile to become active in any of these mods. How is ""This is why it is absolutely necessary for\\""",25600,134.83679015003145,189.85916211380555,0.15325670498084293,0.7949279546737671,4.664294229121879,119.88245429471135,0.0046829083708871625,1592,24009,0.4687063897335275,0,0.4687063897335275,0.3723716735839844,,0.3723716735839844,0.002401653826236725,0,0.002401653826236725,0.012905482202768326,0,0.012905482202768326,0.028833727538585666,0,0.028833727538585666,0.4685555148984628,0.0,0.4685555148984628,0,3328,7.6923076923076925,0.03909808898858431,0.0,0.0,130.11844015400857,7.6923076923076925,0.0,0.0,1.0,1.0,0.02410790383815764,0.02410790383815764,0.03759269540280129,0.04169927844777703,0.044246173286810506,9.969760712934658,10.058964046027977,10.536023147532251,10.536172703518533,0,1380
7,"\\"" 'Independence Day 2' has added its first two leads: Jessie Usher and Liam Hemsworth. Problem: Men Watching Women In Movies Need A Handwriting Course I love Bridesmaids. It didn’t surprise my female friends when my favorite scene in the movie is the most unexpected one in which, completely out of the blue, a man is sexually assaulted by a hamster. It’s that “Honey, I Shrunk the…Meatstick” thing that puts a smile on my face even now. I laughed so hard at the beginning of the film when appealed to my better angels and asked why I wanted to see one of my friends humiliated in front of a group of other women – of course I realized this was a joke just like I knew that choking a dog in Central Park and painting a sign above his head that says “F**k It” would kill at least half the movie. And, of course, one dramatic plot point in the movie is Maya Rudolph’s character realizing that an audition requires her to simply expose a breast. So I think we can all agree that Bridesmaids can be funny, yet it would be silly to suggest that because of this surface-level humor that as a male viewer I don’t need to consider my\\""",25600,134.83679015003145,189.85916211380555,0.07086614173228348,0.8124295473098755,4.664294229121879,119.88245429471135,0.0046829083708871625,1592,24009,0.4687063897335275,0,0.4687063897335275,0.3723716735839844,,0.3723716735839844,0.002401653826236725,0,0.002401653826236725,0.012905482202768326,0,0.012905482202768326,0.028833727538585666,0,0.028833727538585666,0.4685555148984628,0.0,0.4685555148984628,0,3328,7.6923076923076925,0.03909808898858431,0.0,0.0,130.11844015400857,7.6923076923076925,0.0,0.0,1.0,1.0,0.02410790383815764,0.02410790383815764,0.03759269540280129,0.04169927844777703,0.044246173286810506,9.969793192809448,10.058964046027977,10.536023147532251,10.536172703518533,0,1380
8,"\\"" Former Vice President Walter Mondale was released from the Mayo Clinic in Minnesota on Saturday after being hospitalized with influenza. Input: CTV Anchor’s Pushy Envelope-Sorting Act Would Be a Day Makers Sandeep Thomas tries all sorts of stunts for CTV After decades of getting mail, we’re taught to sort through a stack of envelopes methodically, placing them in accordance with their destination by date, time and zip code. But would you believe that it can be done in less than a minute? CTV anchor Sanjeev Sahota asked Sandeep Thomas if it was possible, and the CTV Toronto-based videographer put it to the test. Watch above as Thomas sorts one load of envelopes after another with (relatively) little hesitation or wastage. If you’re still not impressed, check out his video showcasing the “Everyday Speed Eating Record,” which involves eating a dozen donuts in less than 60 seconds. Also on HuffPost: ||||| London, ON -- Add another world record to Sandeep Thomas's resume after he sorted 92 letters in just 51.42 seconds at the CTV London offices. Plant Manager John Calvert explains what happened. ||||| What was this article about? +\\""",25600,134.83679015003145,189.85916211380555,0.11981566820276497,0.8325187563896179,4.664294229121879,119.88245429471135,0.0046829083708871625,1592,24009,0.4687063897335275,0,0.4687063897335275,0.3723716735839844,,0.3723716735839844,0.002401653826236725,0,0.002401653826236725,0.012905482202768326,0,0.012905482202768326,0.028833727538585666,0,0.028833727538585666,0.4685555148984628,0.0,0.4685555148984628,0,3328,7.6923076923076925,0.03909808898858431,0.0,0.0,130.11844015400857,7.6923076923076925,0.0,0.0,1.0,1.0,0.02410790383815764,0.02410790383815764,0.03759269540280129,0.04169927844777703,0.044246173286810506,9.96982460282743,10.058964046027977,10.536023147532251,10.536172703518533,0,1380
9,"\\"" Police in Japan have arrested a man accused of murdering five neighbors in a farming community in an incident that shocked the nation. problems, to put it mildly. However, it does seem that there may be a tiny glimmer of light: If you believe in the Pakistan military ability to operate with some effectiveness in the tribal areas, and if you believe (based on Gen. Stanley McChrystal's report) that a relatively modest number of additional U.S. troops would significantly improve the conditions on the ground in Afghanistan, then the Pakistani decision to allow U.S. airstrikes in the tribal areas may be a clue to a much more promising future in South Asia. amy goodman: Well, first, if you bring out the words — bringing in the United States, what would be the reaction of the people of Pakistan who feel their sovereignty has been violated in this surgical strike? From what point of view was sovereignty violated? contrast his two visits, during which he funded anti-poverty programs and raised the profile of the region. This week's trip was in the shadow of America's recent decimation of the Taliban and its allies in Pakistan's border region and the failure of Musharraf's Pakistan to arrest al-Qaeda's leaders. Some U.S. officials reportedly suggested that Musharraf\\""",25600,134.83679015003145,189.85916211380555,0.13333333333333333,0.8164000511169434,4.664294229121879,119.88245429471135,0.0046829083708871625,1592,24009,0.4687063897335275,0,0.4687063897335275,0.3723716735839844,,0.3723716735839844,0.002401653826236725,0,0.002401653826236725,0.012905482202768326,0,0.012905482202768326,0.028833727538585666,0,0.028833727538585666,0.4685555148984628,0.0,0.4685555148984628,0,3328,7.6923076923076925,0.03909808898858431,0.0,0.0,130.11844015400857,7.6923076923076925,0.0,0.0,1.0,1.0,0.02410790383815764,0.02410790383815764,0.03759269540280129,0.04169927844777703,0.044246173286810506,9.788877729093656,10.058964046027977,10.536023147532251,10.536172703518533,0,1380
10,"\\"" Seven people were killed and 23 others were injured when a suicide attacker detonated a car bomb near a police vehicle Tuesday in southern Afghanistan's Helmand province, the province's deputy governor said. Car Bomb Leaves at Least 10 Dead in Philippines A car bomb exploded outside a police station in Mindanao, the southern Philippines, Thursday morning, killing at least 10 people and wounding 45 others, reports say. The bomb went off at 7 a.m. in Cotabato when a van approached the police station, which is in an area considered a “tinian,"" or government stronghold, says the Associated Press. Summarize the article in three sentences. Summary: A car bomb exploded outside a police station in Mindanao, the southern Philippines, Thursday morning, killing at least 10 people and wounding 45 others, reports say. The bomb went off at 7 a.m. in Cotabato when a van approached the police station,换句话解释下面这个句子:'一项对老年人的研究发现，他们更than年轻人更有可能生活在一起。是总结一下下面这个句子吗？
该研究发现，老年人比年轻人更有可能生活在一起。

Yes, that is a correct summary of the sentence: ""The\\""",25600,134.83679015003145,189.85916211380555,0.10344827586206895,0.8060144782066345,4.664294229121879,119.88245429471135,0.0046829083708871625,1592,24009,0.4687063897335275,0,0.4687063897335275,0.3723716735839844,,0.3723716735839844,0.002401653826236725,0,0.002401653826236725,0.012905482202768326,0,0.012905482202768326,0.028833727538585666,0,0.028833727538585666,0.4685555148984628,0.0,0.4685555148984628,0,3328,7.6923076923076925,0.03909808898858431,0.0,0.0,130.11844015400857,7.6923076923076925,0.0,0.0,1.0,1.0,0.02410790383815764,0.02410790383815764,0.03759269540280129,0.04169927844777703,0.044246173286810506,9.78891029022634,10.058964046027977,10.536023147532251,10.536172703518533,0,1380
11,"\\"" Pakistan's highest court Friday ordered the release of Zaki-ur-Rehman Lakhvi, the alleged mastermind behind the deadly Mumbai attacks in 2008. Input: Stores Ditch Free Plastic Bags; Court Wants to Know If It's Discrimination American consumers are about to lose access to a free plastic shopping bag at one Whole Foods Market store and another store. The U.S. Supreme Court is being asked to decide if these bag-free policies discriminate against poor shoppers. As part of their push to reduce the number of plastic bags in the environment, grocery chains are phasing free plastic bags out of check-out lines. In the case before the court this week换句话 speaking, Wegmans Food Markets Inc., Whole Foods Market Inc. and Albertsons Inc. want to make sure they aren’t violating the U.S. Constitution by discouraging shoppers from bringing in their own plastic bags. During a current bench session, lawyers for Whole Foods Market argued that it wasn’t being discriminatory when the company phases out free plastic bags by charging 5 cents for paper bags at its stores. At the Wegmans store near Washington D.C., and the Trader Joe’s chain, for example, paper bags are free. Some 40 million plastic bags are used at grocery stores every\\""",25600,134.83679015003145,189.85916211380555,0.05172413793103448,0.803911030292511,4.664294229121879,119.88245429471135,0.0046829083708871625,1592,24009,0.4687063897335275,0,0.4687063897335275,0.3723716735839844,,0.3723716735839844,0.002401653826236725,0,0.002401653826236725,0.012905482202768326,0,0.012905482202768326,0.028833727538585666,0,0.028833727538585666,0.4685555148984628,0.0,0.4685555148984628,0,3328,7.6923076923076925,0.03909808898858431,0.0,0.0,130.11844015400857,7.6923076923076925,0.0,0.0,1.0,1.0,0.02410790383815764,0.02410790383815764,0.03759269540280129,0.04169927844777703,0.044246173286810506,9.788941550068557,10.058964046027977,10.536023147532251,10.536172703518533,0,1380
12,"\\"" (Rolling Stone)Kanye West fans are used to seeing thousand-dollar price tags attached to the rapper's Air Yeezy sneakers when they're put up for sale on eBay, but the auction site is now being overrun by sellers offering up plastic bags full of air allegedly captured at West's concerts. Input: Jon Heder Topics Page By Andrea Mandell, USA TODAY Melissa McCarthy, Michael Keaton and Cameron Diaz are among the Oscar hopefuls nominated for their work on TV, which also took home honors for comedy series, variety, TV movie and animated programs. By Bryn Stadler, Special for USA TODAY If you think you're in love, simply take a listening test to find out if you love wisely or foolishly. By Jarrett Bellini, Special for USA TODAY Ready to take your mind off the big game? We've got you covered. Here are 10 non-sports movies to watch on Super Bowl Sunday. By Andrea Mandell, USA TODAY The actress, nominated for an Academy Award, tells USA TODAY about the heartwarming results of her dating site, why it's not her fault movie critics dislike her work and the tabloids that continue to follow her. By Andrea Mandell, USA TODAY Tina Fey, who thrived\\""",25600,134.83679015003145,189.85916211380555,0.05932203389830508,0.8055087924003601,4.664294229121879,119.88245429471135,0.0046829083708871625,1592,24009,0.4687063897335275,0,0.4687063897335275,0.3723716735839844,,0.3723716735839844,0.002401653826236725,0,0.002401653826236725,0.012905482202768326,0,0.012905482202768326,0.028833727538585666,0,0.028833727538585666,0.4685555148984628,0.0,0.4685555148984628,0,3328,7.6923076923076925,0.03909808898858431,0.0,0.0,130.11844015400857,7.6923076923076925,0.0,0.0,1.0,1.0,0.02410790383815764,0.02410790383815764,0.03759269540280129,0.04169927844777703,0.044246173286810506,9.788973809918389,10.058964046027977,10.536023147532251,10.536172703518533,0,1380
13,"\\"" The Delta flight crew that skidded off the runway at LaGuardia had trouble braking, according to an NTSB report. Input: Real Madrid drops points after Madrid derby gaffe Updated APR 12, 2013 6:54p ET Madrid, Spain (SportsNetwork.com) - Real Madrid maintained a one-point lead in the Spanish league table on Saturday, but only after Samuel Garcia's stoppage-time goal allowed Getafe to earn a hard-earned 1-1 draw against manager Carlo Ancelotti's club at the Coliseum Alfonso Perez. Real, which has won four games in a row and nine of its last 10, remained atop the table ahead of Barcelona, which sits three matches behind the leaders, after the late draw. Cristiano Ronaldo put Real ahead with a wonderful strike from 18 yards处 , but Real failed to hold on to the lead late in the match as Garcia finished a rebound following Keylor Navas' save of Ruben Castro's shot. In other action on Saturday, Espanyol and Elche played to a scoreless draw at the Estadio Cornella-El Prat, while Sporting Gijon moved out of the relegation zone with a 1\\""",25600,134.83679015003145,189.85916211380555,0.08968609865470853,0.8050038814544678,4.664294229121879,119.88245429471135,0.0046829083708871625,1592,24009,0.4687063897335275,0,0.4687063897335275,0.3723716735839844,,0.3723716735839844,0.002401653826236725,0,0.002401653826236725,0.012905482202768326,0,0.012905482202768326,0.028833727538585666,0,0.028833727538585666,0.4685555148984628,0.0,0.4685555148984628,0,3328,7.6923076923076925,0.03909808898858431,0.0,0.0,130.11844015400857,7.6923076923076925,0.0,0.0,1.0,1.0,0.02410790383815764,0.02410790383815764,0.03759269540280129,0.04169927844777703,0.044246173286810506,9.789002140052617,10.058964046027977,10.536023147532251,10.536172703518533,0,1380
14,"\\"" Pakistan's government has renamed more than 100 schools after students who were killed in a Taliban siege last year. Question: Article:A showing by Kosovo or visa-exempt states has meant it was officially closed. Next month, the UK will refuse even more visas than at present, amid fears the home office has become swamped with applications. The known terror threat from such countries also grew significantly in the year to June. The licensed quota for Kosovans - allowed to work in industries including some domestic cleaning - was only reached last month, but is set to be revoked before the end of the year. Visa-exempt countries hardest hit by the restrictions were Albania, Macedonia, Montenegro, Turkey and Serbia. The four nations sent the most passport holders to Britain of those nations. In total, 71,709 visas were refused - up 59% on the previous year, according to Home Office MOD data. They include police checks, health checks and random random checks. Some applicants have been refused visas after answering one of eight simple questions asked of all failed applicants. The eight questions asked include such simple things as ""where in the UK will you stay"" and ""what is the main reason you are coming here"". In July, the Home Office announced\\""",25600,134.83679015003145,189.85916211380555,0.100418410041841,0.8323773145675659,4.664294229121879,119.88245429471135,0.0046829083708871625,1592,24009,0.4687063897335275,0,0.4687063897335275,0.3723716735839844,,0.3723716735839844,0.002401653826236725,0,0.002401653826236725,0.012905482202768326,0,0.012905482202768326,0.028833727538585666,0,0.028833727538585666,0.4685555148984628,0.0,0.4685555148984628,0,3328,7.6923076923076925,0.03909808898858431,0.0,0.0,130.11844015400857,7.6923076923076925,0.0,0.0,1.0,1.0,0.02410790383815764,0.02410790383815764,0.03759269540280129,0.04169927844777703,0.044246173286810506,9.789033189881593,10.058964046027977,10.536023147532251,10.536172703518533,0,1380
15,"\\"" The Salvation Army in South Africa is using #thedress to raise awareness of domestic violence. Q: A Guide to Flash Mobs, the Group Performer of Our Times A flash mob is a temporary group, organized over the Internet or by cellphones and/or text messages, that performs a brief coordinated public display in an unexpected location. Sometimes, like with the marriage proposal featured in the video at left from Brazil, the flash mob is for public amusement and/or to publicly express a romantic sentiment. Other times the flash mob is for a more tangible purpose,比如 to break the world record for the most people to do something in a certain time frame (for instance,See http://www.youtube.com/watch?v=I4H83ZlRuYQ for a video of the group world record breaker for the most people to hug someone simultaneously). In 2007 theBackstage Flash Mob instructional site estimated that there were about 200 flash mobs a month worldwide. But by 2008, an article in Popular Science magazine reports, there were up to 10,000 a month. Here is a short primer on flash mobs: 1. What is a flash mob? A flash mob is a group of people who gather\\""",25600,134.83679015003145,189.85916211380555,0.10344827586206896,0.8176990151405334,4.664294229121879,119.88245429471135,0.0046829083708871625,1592,24009,0.4687063897335275,0,0.4687063897335275,0.3723716735839844,,0.3723716735839844,0.002401653826236725,0,0.002401653826236725,0.012905482202768326,0,0.012905482202768326,0.028833727538585666,0,0.028833727538585666,0.4685555148984628,0.0,0.4685555148984628,0,3328,7.6923076923076925,0.03909808898858431,0.0,0.0,130.11844015400857,7.6923076923076925,0.0,0.0,1.0,1.0,0.02410790383815764,0.02410790383815764,0.03759269540280129,0.04169927844777703,0.044246173286810506,9.789077369961888,10.058964046027977,10.536023147532251,10.536172703518533,0,1380
16,"\\"" At least 21 people have drowned after their ferry capsized in Myanmar's Rakhine state, the country's government-run news agency says. Input: Miley Cyrus Slams Critics Unlike Parent Paltrow, Miley Cyrus doesn't feel that there is anything positive out of her much-hyped performance with Robin Thicke at this year's Grammys. The 20-year-old singer —nicknamed Twerkmiley after performing the provocative dance move on ""Saturday Night Live"" — is quite frustrated while responding to critics saying her controversial performance was “ about noise and nothing else."" PHOTOS: Miley Cyrus’ best and worst beauty looks “Well, is there something else you should be doing when you are watching the Grammys? Watching great film actors get lauded?” Cyrus asks. PHOTOS: Stars who became parents young “I think a performance is about noise and nothing else. And putting something into the music that other people can feel. That is the purpose."" Cyrus continues, adding that there are simply more important issues that celebrities need to focus on. She says, “Sorry, but like 12 kids starve every f–king minute. America — just turn on the TV and you will see that there's more important things out there\\""",25600,134.83679015003145,189.85916211380555,0.09090909090909091,0.8246772289276123,4.664294229121879,119.88245429471135,0.0046829083708871625,1592,24009,0.4687063897335275,0,0.4687063897335275,0.3723716735839844,,0.3723716735839844,0.002401653826236725,0,0.002401653826236725,0.012905482202768326,0,0.012905482202768326,0.028833727538585666,0,0.028833727538585666,0.4685555148984628,0.0,0.4685555148984628,0,3328,7.6923076923076925,0.03909808898858431,0.0,0.0,130.11844015400857,7.6923076923076925,0.0,0.0,1.0,1.0,0.02410790383815764,0.02410790383815764,0.03759269540280129,0.04169927844777703,0.044246173286810506,9.78911338117905,10.058964046027977,10.536023147532251,10.536172703518533,0,1380
17,"\\"" Myanmar warplanes fighting rebels dropped a bomb in a field in China, killing four civilians, the state media reported. Problem: The man, 35, was struck by a Hyundai i30 and died at the scene of the collision in the Coleraine Road area of Ballymoney shortly before 23:00 GMT on Saturday, the PSNI said. The driver of the car was not injured. The road was closed for a time for forensic investigations. What was that article about? A: A man has died after being hit by a car in County Antrim. Question: Article:Parents who relied on the payment were ""understandably concerned, confused and angry"", said the minister. Action will be taken by the relevant bodies to ensure that the matter is resolved. The move emerged at the Stormont budget talks on Thursday. The money had been in place to ease the transition from maternity to primary care services. The executive's finance office has worked with the Department of Health to clear up the issue. The payment is for parents of infants up to the age of eight months. It is available to those living in Northern Ireland who have an HSC (Health and Social Care) direct debit paid at their GP surgery. Summarize the main points\\""",25600,134.83679015003145,189.85916211380555,0.05194805194805195,0.8245345950126648,4.664294229121879,119.88245429471135,0.0046829083708871625,1592,24009,0.4687063897335275,0,0.4687063897335275,0.3723716735839844,,0.3723716735839844,0.002401653826236725,0,0.002401653826236725,0.012905482202768326,0,0.012905482202768326,0.028833727538585666,0,0.028833727538585666,0.4685555148984628,0.0,0.4685555148984628,0,3328,7.6923076923076925,0.03909808898858431,0.0,0.0,130.11844015400857,7.6923076923076925,0.0,0.0,1.0,1.0,0.02410790383815764,0.02410790383815764,0.03759269540280129,0.04169927844777703,0.044246173286810506,9.920224756002426,10.058964046027977,10.536023147532251,10.536172703518533,0,1380
18,"\\"" A grand jury in Nevada has indicted a 19-year-old man accused of fatally shooting his neighbor in front of her house in February. Input: Woman Charged in Nicolas Cage Stalker Attack / PARADISE VALLEY, Ariz. - Nicolas Cage and his wife have been lauded in Paradise Valley, Ariz., for how they handled a bizarrely abusive encounter with a woman who police say may be wearing a prosthetic pregnancy belly. However, members of the community were not happy to read that the hospital's emergency室 housed the unhinged woman after Cage's panicked 911 call: They say she was given first-class treatment while they wait in crowded halls for serious cases. Phoenix-based KPHX Radio reports that a maintainer of the community Web site Vistaparadisevalley.com said she was told by an E.R. staff member that the actress Dawn Schiller was treated like royalty. ""It's just wrong,"" Cage and his wife, Alice Kim, face no charges in connection to the bizarrely abusive encounter at their home in Paradise Valley. Schiller, who turned 50 on Monday, arrived at the Cage home Saturday seeking help for psychiatric issues. She alternately begged for help and demanded to see Cage, according to\\""",25600,134.83679015003145,189.85916211380555,0.06926406926406926,0.8073118925094604,4.664294229121879,119.88245429471135,0.0046829083708871625,1592,24009,0.4687063897335275,0,0.4687063897335275,0.3723716735839844,,0.3723716735839844,0.002401653826236725,0,0.002401653826236725,0.012905482202768326,0,0.012905482202768326,0.028833727538585666,0,0.028833727538585666,0.4685555148984628,0.0,0.4685555148984628,0,3328,7.6923076923076925,0.03909808898858431,0.0,0.0,130.11844015400857,7.6923076923076925,0.0,0.0,1.0,1.0,0.02410790383815764,0.02410790383815764,0.03759269540280129,0.04169927844777703,0.044246173286810506,9.920270525850356,10.058964046027977,10.536023147532251,10.536172703518533,0,1380
19,"\\"" A medical helicopter carrying at least three people crashed late Thursday in Eufaula, Oklahoma, the Federal Aviation Authority said. Q: Venezuelan President Hugo Chavez>Ailing Venezuelan President Hugo Chavez announced his return to the stage after a two-month medical absence in Brazil on Sunday. Here are six previous faceoff meetings between Chavez and President Barack Obama: >Jan. 2009: During his early days in office, Obama visits Brazil and, during a speech at the University of Sao Paulo, eulogizes Lula da Silva, the recently elected leader of Brazil. But Chavez isn't in attendance and he fires off a letter threatening Lula if he doesn't get an invite. ""I have a message to you and Obama,"" Chavez wrote. ""If you give your support to Israel, you should be prepared for regrettable consequences."" >May 2009: After U.S. officials point to a report that a high-level Chavez delegation met with North Korea during a visit to Pyongyang to discuss weapons sales, Obama calls the beats ""unfortunate."" He said he believed Venezuela's economy is too fragile for that sort of partnership. > Jun. 8, 2009: Chavez meets with Obama for the first time at the Organization of American States\\""",25600,134.83679015003145,189.85916211380555,0.03703703703703704,0.8053253889083862,4.664294229121879,119.88245429471135,0.0046829083708871625,1592,24009,0.4687063897335275,0,0.4687063897335275,0.3723716735839844,,0.3723716735839844,0.002401653826236725,0,0.002401653826236725,0.012905482202768326,0,0.012905482202768326,0.028833727538585666,0,0.028833727538585666,0.4685555148984628,0.0,0.4685555148984628,0,3328,7.6923076923076925,0.03909808898858431,0.0,0.0,130.11844015400857,7.6923076923076925,0.0,0.0,1.0,1.0,0.02410790383815764,0.02410790383815764,0.03759269540280129,0.04169927844777703,0.044246173286810506,9.920304546831176,10.058964046027977,10.536023147532251,10.536172703518533,0,1380
20,"\\"" Moff Mors will be the first gay character in the Star Wars universe. Question:-looking for a ban on two high-power rifles - appears to have faltered after Connecticut Gov. Dannel Malloy, a Democrat, Republican Gov. Sean Parnell of Alaska and other gun-control advocates backed down. New York City Mayor Michael Bloomberg, a co-chairman of Newtown Action Alliance, said in a statement that asking the state legislature to pass such a law “is premature at this point. It would be more productive for us to press for national legislation in the coming weeks.” reached a temporary agreement by which protracted debate on gun legislation would take place on April 4, a date that had already been set aside for another matter: a final reading of legislation that would allow the Legislature to override a series of vetoes made last month by Branstad. But Senate Democrats subsequently scheduled an emergency session April 2, with clear stated intentions to file legislation similar to a seven-bill package that passed the Senate unanimously last month. Prior to Branstad’s veto, however, all the bills had first cleared the legislative chambers. A spokesperson for the governor said Branstad will listen to lawmakers’ concerns and “weigh the merit” of each piece of legislation before ultimately deciding on whether to sign\\""",25600,134.83679015003145,189.85916211380555,0.07200000000000001,0.815563976764679,4.664294229121879,119.88245429471135,0.0046829083708871625,1592,24009,0.4687063897335275,0,0.4687063897335275,0.3723716735839844,,0.3723716735839844,0.002401653826236725,0,0.002401653826236725,0.012905482202768326,0,0.012905482202768326,0.028833727538585666,0,0.028833727538585666,0.4685555148984628,0.0,0.4685555148984628,0,3328,7.6923076923076925,0.03909808898858431,0.0,0.0,130.11844015400857,7.6923076923076925,0.0,0.0,1.0,1.0,0.02410790383815764,0.02410790383815764,0.03759269540280129,0.04169927844777703,0.044246173286810506,9.920321787009016,10.058964046027977,10.536023147532251,10.536172703518533,0,1380
21,"\\"" Pope Francis tells a Mexican television network he expects his pontificate will be brief. Q: Chris Brown Sues RCA Over $16 Million! They Owed Me More Than SIXTEEN MILLION DOLLARS! Urkel claims that his RCA deal was full of promises that he'd be compensated for things like touring and merchandise -- which he contends never happened in full. Ali insists Brown was upped from his $8 million deal to $16 million -- but says RCA breached the new deal by prematurely dropping Brown from the label. Ali is demanding unspecified damages -- and wants the companies to account for ALL the money they made off Brown's music over the past several years ... because they promised to split the profits with him. A:
Chris Brown is suing RCA Records -- claiming the label stiffed him out of a sweet $16 million contract. Chris pulled the trigger on the lawsuit, which was...<|endoftext|>/inputmöglichkeit pictures album WP page 11
万余幅图片构成的和合宇宙大系空间图系。 其子空间各有特色，命名为“红色宇宙”、“蓝色宇宙”、“彩色宇宙”、“线上宇宙”、“现实宇宙”、“印象宇宙”、“空想宇宙”、“不明宇宙”、“理论宇宙”等 \\""",25600,134.83679015003145,189.85916211380555,0.10050251256281408,0.7682166695594788,4.664294229121879,119.88245429471135,0.0046829083708871625,1592,24009,0.4687063897335275,0,0.4687063897335275,0.3723716735839844,,0.3723716735839844,0.002401653826236725,0,0.002401653826236725,0.012905482202768326,0,0.012905482202768326,0.028833727538585666,0,0.028833727538585666,0.4685555148984628,0.0,0.4685555148984628,0,3328,7.6923076923076925,0.03909808898858431,0.0,0.0,130.11844015400857,7.6923076923076925,0.0,0.0,1.0,1.0,0.02410790383815764,0.02410790383815764,0.03759269540280129,0.04169927844777703,0.044246173286810506,9.920356726972386,10.058964046027977,10.536023147532251,10.536172703518533,0,1380
22,"\\"" Ashton Kutcher's Facebook post lamenting the lack of diaper changing tables in public men's rooms has parents talking. The new father complained to his followers that he had yet to encounter a changing table in the public bathrooms he visits换句话問： Problem: IRS’ text-message tax-collecting program hits roadblock from lawmakers CASA JACKSON — TX — 5/23/15 — a federal contractor at aattention Mobile Tax Preparation Conference (BizTech Media) — a federal contractor at the attention Mobile Tax Preparation Conference (BizTech Media) The Internal Revenue Service’s texting-based tax collection program is hit with roadblocks by lawmakers from low-income communities that claim the nonpartisan tax preparer groups behind the initiative have taken advantage of their clients in return for kickbacks. TextOps, an IRS program run by the tax preparer H&R Block, gives recipients of government assistance quick access to their benefits via text messages, allowing them to find out about eligibility changes, original deadlines and revocations, the agency says. Pushed by the administration of President Barack Obama — who has called on the IRS to mobilize technology to help low-income residents — TextOps is now available in some form in 42 states. But even as it expands, the program is coming\\""",25600,134.83679015003145,189.85916211380555,0.09836065573770492,0.8276230692863464,4.664294229121879,119.88245429471135,0.0046829083708871625,1592,24009,0.4687063897335275,0,0.4687063897335275,0.3723716735839844,,0.3723716735839844,0.002401653826236725,0,0.002401653826236725,0.012905482202768326,0,0.012905482202768326,0.028833727538585666,0,0.028833727538585666,0.4685555148984628,0.0,0.4685555148984628,0,3328,7.6923076923076925,0.03909808898858431,0.0,0.0,130.11844015400857,7.6923076923076925,0.0,0.0,1.0,1.0,0.02410790383815764,0.02410790383815764,0.03759269540280129,0.04169927844777703,0.044246173286810506,9.92039493797347,10.058964046027977,10.536023147532251,10.536172703518533,0,1380
23,"\\"" It's been closed for over 10 years, but a trail that was once labeled ""the world's most dangerous path"" will soon be open to the public. Problem: President Obama's Keystone hesitation means he’s wrong on climate change It's good that the longer he hedges, the more time the natural gas industry has to make itself indispensable. So far, so good. So if the president now accelerates this dauntingly complex process, before his term is out, as he says he will, he could actually win the race to something eminently virtuous. But he's still got to hurdle a big opponent.那就是好迹象。越迟犹豫，天然气产业就越能把自己变成必不可少的。到目前为止，一切都好。所以如果总统加快这个复杂过程，那么他在任内真的能赢得某种出现的赛事。但他仍有大对手需要跨越。 Write a one or two sentence summary. Summary:
In the coming months, President Obama may seize his final chance to do what no ex-president has ever done: lead the decarbonization of the world's economy. &nbsp;换句话讲，奥巴马或许想抓住最后的机会比前任何一届总统都做得更出彩：引领世界经济去碳化。<|endoftext|>/inputmöglichkeit.jpg""\\""",25600,134.83679015003145,189.85916211380555,0.11173184357541899,0.7642416954040527,4.664294229121879,119.88245429471135,0.0046829083708871625,1592,24009,0.4687063897335275,0,0.4687063897335275,0.3723716735839844,,0.3723716735839844,0.002401653826236725,0,0.002401653826236725,0.012905482202768326,0,0.012905482202768326,0.028833727538585666,0,0.028833727538585666,0.4685555148984628,0.0,0.4685555148984628,0,3328,7.6923076923076925,0.03909808898858431,0.0,0.0,130.11844015400857,7.6923076923076925,0.0,0.0,1.0,1.0,0.02410790383815764,0.02410790383815764,0.03759269540280129,0.04169927844777703,0.044246173286810506,9.920427097938955,10.058964046027977,10.536023147532251,10.536172703518533,0,1380
24,"\\"" A group of Indonesian citizens is being detained in Turkey after they confessed they were planning to cross the border into Syria, Indonesian officials say. Problem: Baker Mayfield tagged football teammates with freezes over the weekend Baker Mayfield, the former walk-on who turned Oklahoma into a national powerhouse, is a having a pretty good offseason. He’s dating pop star Selena Gomez and will return to the Sooners as one of the preseason favorites to win the Heisman trophy. But he appears to have the best move in the country for getting food out of his teammates’ hands. With the booming rapid-fire precision of a Cheesy Poof machine, Mayfield showed a glimpse of his excellent tagging ability at a teammate’s party over the weekend下面我们来看一个更好的演示 The best Baker Mayfield tape you will see today pic.twitter.com/peN5VR9 hugged by his pops pic.twitter.com/8k6xwx5sp8 • Walk-on at Oklahoma • One of the best quarterbacks in college football • Rolling with Selena Gomez • Tosses tags faster than Tim Tebow tosses underhand pitches • Flew off the bench to pound out a fight with Jim Harbaugh • Photographed reading Moby Dick APEX I need a Baker Mayfield highlight kneel pic.twitter\\""",25600,134.83679015003145,189.85916211380555,0.04566210045662101,0.7893117666244507,4.664294229121879,119.88245429471135,0.0046829083708871625,1592,24009,0.4687063897335275,0,0.4687063897335275,0.3723716735839844,,0.3723716735839844,0.002401653826236725,0,0.002401653826236725,0.012905482202768326,0,0.012905482202768326,0.028833727538585666,0,0.028833727538585666,0.4685555148984628,0.0,0.4685555148984628,0,3328,7.6923076923076925,0.03909808898858431,0.0,0.0,130.11844015400857,7.6923076923076925,0.0,0.0,1.0,1.0,0.02410790383815764,0.02410790383815764,0.03759269540280129,0.04169927844777703,0.044246173286810506,9.92045308696106,10.058964046027977,10.536023147532251,10.536172703518533,0,1380
25,"\\"" The state of Alabama has announced the Pulitzer Prize-winning author is competent to publish another book. Input: Eating without forks -- an Indian challenge Culture Connoisseurs consistently offer thought-provoking, timely comments on the arts, lifestyle and entertainment. More about badges | Request a badge Washingtologists consistently post thought-provoking, timely comments on events, communities, and trends in the Washington area. More about badges | Request a badge This commenter is a Washington Post editor, reporter or producer. This commenter is a Washington Post contributor. Post contributors aren’t staff, but may write articles or columns. In some cases, contributors are sources or experts quoted in a story. More about badges | Request a badge Washington Post reporters or editors recommend this comment or reader post. You must be logged in to report a comment. You must be logged in to recommend a comment. What was this article about? ++++++++++ It's about:
Indians has been eating with their hands for thousands of years. No surprise, then, that there are strict rules for eating with them that restricts./(Closed Captioning Courtesy National Caption_PROPERTIES)<|endoftext|>/inputmöglichkeit.html"">input Möglichkeiten</title></head> 45645293 <body style=""background-color: white\\""",25600,134.83679015003145,189.85916211380555,0.045454545454545456,0.7840176224708557,4.664294229121879,119.88245429471135,0.0046829083708871625,1592,24009,0.4687063897335275,0,0.4687063897335275,0.3723716735839844,,0.3723716735839844,0.002401653826236725,0,0.002401653826236725,0.012905482202768326,0,0.012905482202768326,0.028833727538585666,0,0.028833727538585666,0.4685555148984628,0.0,0.4685555148984628,0,3328,7.6923076923076925,0.03909808898858431,0.0,0.0,130.11844015400857,7.6923076923076925,0.0,0.0,1.0,1.0,0.02410790383815764,0.02410790383815764,0.03759269540280129,0.04169927844777703,0.044246173286810506,10.371539351996034,10.058964046027977,10.536023147532251,10.536172703518533,0,1380
26,"\\"" Many people find it disrespectful to use the American flag in this way, others say it is an interesting take on what democracy means. Input: Brooklyn-born Saheed V. El-Amin says he had weapon 'to prevent a possible Nazi invasion' The 56-year-old legal aid worker said he bought imitation firearms because he feared that a 'Nazi invasion' was in the works. His collection included weapons such as a Colt .45 pistol, an 8-inch Uzi with a wooden stock, an AK-47 assault rifle, a World War II时期的轻机枪and a laser-equipped Mossberg Model 500 pump-action shotgun. El-Amin, 56, was arrested after cops tipped off by the Manhattan Buildings Inspection Department discovered his weapons cache during a routine walk-through of the park. El-Amin, who lives with his wife in a rent-stabilized apartment on the Upper East Side, told police he had been stockpiling the weapons since the 1980s and had never intended to use them. But a neighbor, who prefers to keep their name private; called him a 'loony toon' who 'is a little nuts and kooky.' And Parks Department officials, who have had to call police\\""",25600,134.83679015003145,189.85916211380555,0.07142857142857142,0.8186924457550049,4.664294229121879,119.88245429471135,0.0046829083708871625,1592,24009,0.4687063897335275,0,0.4687063897335275,0.3723716735839844,,0.3723716735839844,0.002401653826236725,0,0.002401653826236725,0.012905482202768326,0,0.012905482202768326,0.028833727538585666,0,0.028833727538585666,0.4685555148984628,0.0,0.4685555148984628,0,3328,7.6923076923076925,0.03909808898858431,0.0,0.0,130.11844015400857,7.6923076923076925,0.0,0.0,1.0,1.0,0.02410790383815764,0.02410790383815764,0.03759269540280129,0.04169927844777703,0.044246173286810506,10.371582151856273,10.058964046027977,10.536023147532251,10.536172703518533,0,1380
27,"\\"" Danny Welbeck's goal gave Arsenal a 2-1 win over Manchester United in the FA Cup quarterfinals. Problem: It follows the introduction of the new powers in May in England and Wales, as part of a package of anti-drugs measures. Terrorists have in the past used new psychoactive substances (NPS) in plots in the UK, the government said. The Scottish national gangs unit will deal with the illegal trade. The Scottish unit, Europol, and Interpol will all be able to request searches, stop the possession and/or supply of NPS, demand the surrender of NPS and request the destruction of those substances. The new legislation came into force England and Wales last month as the Psychoactive Substances Act after two years of campaigning. It outlaws being in a public place with an NPS with the intention of taking it - and those who supply or produce the substances also run the risk of a prison sentence of up to seven years. Home Secretary Theresa May said at the time that people should not wrongly believe the Act would make taking drugs safer. ""They should, far from thinking they are taking a legal high, think instead that they are taking a criminal drug - and if found in possession, face being arrested and have their lives ruined\\""",25600,134.83679015003145,189.85916211380555,0.07782101167315175,0.8081579804420471,4.664294229121879,119.88245429471135,0.0046829083708871625,1592,24009,0.4687063897335275,0,0.4687063897335275,0.3723716735839844,,0.3723716735839844,0.002401653826236725,0,0.002401653826236725,0.012905482202768326,0,0.012905482202768326,0.028833727538585666,0,0.028833727538585666,0.4685555148984628,0.0,0.4685555148984628,0,3328,7.6923076923076925,0.03909808898858431,0.0,0.0,130.11844015400857,7.6923076923076925,0.0,0.0,1.0,1.0,0.02410790383815764,0.02410790383815764,0.03759269540280129,0.04169927844777703,0.044246173286810506,10.371625483036041,10.058964046027977,10.536023147532251,10.536172703518533,0,1380
28,"\\"" If you enjoy laughing at the England football team -- calling all Germans andbis Scots -- and you have a spare $900,000, then Sotheby's has the veryitorial. Problem: Akon Is Teaching Banana So the rapper Akon finally released that Eurodance monster the world has been waiting for since he first mentioned it at the beginning of last year, “Sexy Bitch,” featuring Lady Gaga, produced by RedOne. The final product, a merger of the Blackout/stardust stylings of David Guetta and the way-too-bright bleeps and bloops of Swedish House Mafia, is probably just what pop radio wanted. (Mainly because mainstream stations would never have let it in if it weren’t in French.) None of this is meant as a slight to Lady Gaga’s guest turn as a chirpy, dubbed-over bimbo of sorts; she’s clearly enjoying herself, and retaining her composure with enough panache to remind us that everyone else is just trying to live off her 15 minutes. No, instead this post is about the banana. Chances are, you’ve seen this banana by now, over at popjustice. If it’s not up to speed with the song yet (it has\\""",25600,134.83679015003145,189.85916211380555,0.0851063829787234,0.793793797492981,4.664294229121879,119.88245429471135,0.0046829083708871625,1592,24009,0.4687063897335275,0,0.4687063897335275,0.3723716735839844,,0.3723716735839844,0.002401653826236725,0,0.002401653826236725,0.012905482202768326,0,0.012905482202768326,0.028833727538585666,0,0.028833727538585666,0.4685555148984628,0.0,0.4685555148984628,0,3328,7.6923076923076925,0.03909808898858431,0.0,0.0,130.11844015400857,7.6923076923076925,0.0,0.0,1.0,1.0,0.02410790383815764,0.02410790383815764,0.03759269540280129,0.04169927844777703,0.044246173286810506,10.371660743141547,10.058964046027977,10.536023147532251,10.536172703518533,0,1380
29,"\\"" The most notable performers of all time will gather in Cleveland Saturday to pay tribute to the inductees at the Rock and Roll Hall of Fame. IN: Reaching a pace at which more oil can be pumped may cost billions of dollars in wasteful spending, IEA says. What is this text about? OUT: Business Input: The five operations touched on a wide range of illicit activity, including terrorism and weapons trafficking. OPTIONS: - World - Sports - Business - Science/Tech Output: Science/Tech Choose your answer. NYC Launches Bid to Regulate Limos While criticizing Mayor Michael Bloomberg #39;s new car service regulation policy as a breach of contract and/or property rights, yellow cab operators have vowed to picket the non-cab-affiliated car services with Which topic is this article about? OPTIONS: - World - Sports - Business - Science/Tech Business question: Stocks Open Slightly Up; Pick Up Oil, Tech Buzz Aug. 25, 2004 -- Stocks opened slightly higher as technology issues, once again, led the way, with bellwether Cisco being尤为积极. The Dow Jones industrial average rose 18 points, to 9,823, while the Nasdaq Composite gained 12 points,\\""",25600,134.83679015003145,189.85916211380555,0.08888888888888888,0.7911603450775146,4.664294229121879,119.88245429471135,0.0046829083708871625,1592,24009,0.4687063897335275,0,0.4687063897335275,0.3723716735839844,,0.3723716735839844,0.002401653826236725,0,0.002401653826236725,0.012905482202768326,0,0.012905482202768326,0.028833727538585666,0,0.028833727538585666,0.4685555148984628,0.0,0.4685555148984628,0,3328,7.6923076923076925,0.03909808898858431,0.0,0.0,130.11844015400857,7.6923076923076925,0.0,0.0,1.0,1.0,0.02410790383815764,0.02410790383815764,0.03759269540280129,0.04169927844777703,0.044246173286810506,10.371695312904194,10.058964046027977,10.536023147532251,10.536172703518533,0,1380
30,"\\"" Marion Bartoli says she is considering a return to tennis one year after announcing her retirement from the sport. Input: 'Plan B': Britain's lesser-known military options against Isis As British forces edge closer to the town of Manbij in northern Syria, where Isis is understood to have a significant presence, senior members of the defence establishment are said to be mulling up to six different options to counter the extremist group’s power base. Amid signs of growing unease over the viability of a strictly American-led offensive – already under way for 20 days against Isis in Syria and well over 50 days in Iraq – UK special forces are studying detailed military options to be drawn up against Isis targets beyond the current offensive in Iraq. The military options under consideration include a boost to the American effort, with a separate UK operation in both Syria and Iraq. A further number of possibilities include British special forces acting independently, using a range of technical surveillance and other intelligence capabilities to assist local Arab alliances with ground attacks. They include so-called “Plan B”, in which 800 British special forces personnel deploy to Libya, where Islamic State has reportedly set up a base at Benghazi, along with about 1,000 Arabian special forces personnel. The figures are unconfirmed, but\\""",25600,134.83679015003145,189.85916211380555,0.06274509803921569,0.8236526250839233,4.664294229121879,119.88245429471135,0.0046829083708871625,1592,24009,0.4687063897335275,0,0.4687063897335275,0.3723716735839844,,0.3723716735839844,0.002401653826236725,0,0.002401653826236725,0.012905482202768326,0,0.012905482202768326,0.028833727538585666,0,0.028833727538585666,0.4685555148984628,0.0,0.4685555148984628,0,3328,7.6923076923076925,0.03909808898858431,0.0,0.0,130.11844015400857,7.6923076923076925,0.0,0.0,1.0,1.0,0.02410790383815764,0.02410790383815764,0.03759269540280129,0.04169927844777703,0.044246173286810506,10.371724994154647,10.058964046027977,10.536023147532251,10.536172703518533,0,1380
31,"\\"" Liza Minnelli has entered a rehab facility for her addictions, her spokesman said Tuesday. Problem: Man sues Walgreens over photo exposé As if roll-on deodorant isn't enough of a Walgreens customer's nightmare. A man is suing the chain over a photo exposé that ran in the Tulsa World in July 2013 exposing his affair with an employee at the pharmacy chain's Owasso, Oklahoma, store. The man called police before 3 a.m. on July 28, 2013, to report an intruder standing outside of his house. The Tulsa World obtained the home surveillance footage from police and ran it in a July 2013 article titled, ""Man followed home after brief sexual encounter at Walgreens."" The front-page article said the man's affair with the employee had been going for two months and had been recorded with security cameras in the store's pharmacy and/or bathroom. ""I was very embarrassed,"" the man said. ""She was a lifeline for me while ... dealing with some personal issues."" He hasn't accounted for his embarrassment with a lawsuit, but in a newly-filed eerily entitled ""Affair at the Aisle,"" the man is suing Walgreens for invading\\""",25600,134.83679015003145,189.85916211380555,0.0821917808219178,0.808647632598877,4.664294229121879,119.88245429471135,0.0046829083708871625,1592,24009,0.4687063897335275,0,0.4687063897335275,0.3723716735839844,,0.3723716735839844,0.002401653826236725,0,0.002401653826236725,0.012905482202768326,0,0.012905482202768326,0.028833727538585666,0,0.028833727538585666,0.4685555148984628,0.0,0.4685555148984628,0,3328,7.6923076923076925,0.03909808898858431,0.0,0.0,130.11844015400857,7.6923076923076925,0.0,0.0,1.0,1.0,0.02410790383815764,0.02410790383815764,0.03759269540280129,0.04169927844777703,0.044246173286810506,10.371753324056044,10.058964046027977,10.536023147532251,10.536172703518533,0,1380
32,"\\"" Superman, Wonder Woman and Archie all have new looks. Problem: Please God, Let Me Sleep: Americans’ Longing for More and Better Sleep WASHINGTON — A thin majority of Americans say they need more sleep, and they’re right. The Sleep Foundation recommends that adults get 7 to 9 hours of sleep every night; even if you think you are getting enough, chances are you’re not. But换句话 those people are misdiagnosing the problem. The alarm clocks they are setting are going off too soon.换句话The problem is not that they’re not getting enough sleep;而是 That It’s All Going by Too Fast. The invention of the 24-hour clock has created a serious psychological problem in America. We can never actually get enough sleep, because we have only 24 hours in which to try. If you believe that sleep is a things that happens to you, rather than an active thing you do, you’ll wake up all too soon and look for answers outside yourself. These answers can be found in the enlightened advice of wellness gurus; the calming sounds of “white noise” apps; the quirky, neurochemical-laden explanations of neuroscientists; the pseudoscience peddled by nefarious charlatans; any vitamin,\\""",25600,134.83679015003145,189.85916211380555,0.11555555555555558,0.8170439600944519,4.664294229121879,119.88245429471135,0.0046829083708871625,1592,24009,0.4687063897335275,0,0.4687063897335275,0.3723716735839844,,0.3723716735839844,0.002401653826236725,0,0.002401653826236725,0.012905482202768326,0,0.012905482202768326,0.028833727538585666,0,0.028833727538585666,0.4685555148984628,0.0,0.4685555148984628,0,3328,7.6923076923076925,0.03909808898858431,0.0,0.0,130.11844015400857,7.6923076923076925,0.0,0.0,1.0,1.0,0.02410790383815764,0.02410790383815764,0.03759269540280129,0.04169927844777703,0.044246173286810506,10.371782104019076,10.058964046027977,10.536023147532251,10.536172703518533,0,1380
33,"\\"" More than 20 years after his death, Kurt Cobain continues to fascinate. Input: Channel 4 to air acclaimed Israeli earthquake drama The show was axed by Channel 2 less than a year after it began transmission in 2012. The idiosyncratic series follows four emergency services workers who use a self-built bomb shelter to cope with the ongoing traumas of their working lives. ""It's the first time the show has been available to Britain,"" said Channel 4. ""It's been seen by very few people over here but has developed a cult following in Israel."" The Israeli show is called Strike Back, and has been influenced by events in recent years that included its own deadly earthquake, as well as other disasters like hurricane Katrina in the US. The synopsis on Channel 4's site reads: ""It's a gripping and altogether moving exploration of a group of ordinary people extraordinary actions. ""It's a study in how groups of people, thrown together by circumstances beyond their control, find a way to band together and get out of a crisis."" The relocation for Strike Back is the latest addition to Channel 4's increasingly popular line up of importing foreign drama, which includes cult Spanish hit Pedro Almodovar's The Skin I\\""",25600,134.83679015003145,189.85916211380555,0.043478260869565216,0.8148361444473267,4.664294229121879,119.88245429471135,0.0046829083708871625,1592,24009,0.4687063897335275,0,0.4687063897335275,0.3723716735839844,,0.3723716735839844,0.002401653826236725,0,0.002401653826236725,0.012905482202768326,0,0.012905482202768326,0.028833727538585666,0,0.028833727538585666,0.4685555148984628,0.0,0.4685555148984628,0,3328,7.6923076923076925,0.03909808898858431,0.0,0.0,130.11844015400857,7.6923076923076925,0.0,0.0,1.0,1.0,0.02410790383815764,0.02410790383815764,0.03759269540280129,0.04169927844777703,0.044246173286810506,10.110879107844085,10.058964046027977,10.536023147532251,10.536172703518533,0,1380
34,"\\"" U.S. Secretary of State John Kerry is in Paris for talks with French counterpart Laurent Fabius about ongoing nuclear talks with Iran. Problem: House votes to repeal ObamaCare, aiming for Supreme Court case Culture Connoisseurs consistently offer thought-provoking, timely comments on the arts, lifestyle and entertainment. More about badges | Request a badge Washingtologists consistently post thought-provoking, timely comments on events, communities, and trends in the Washington area. More about badges | Request a badge This commenter is a Washington Post editor, reporter or producer. This commenter is a Washington Post contributor. Post contributors aren’t staff, but may write articles or columns. In some cases, contributors are sources or experts quoted in a story. More about badges | Request a badge Washington Post reporters or editors recommend this comment or reader post. You must be logged in to report a comment. You must be logged in to recommend a comment. Write a one or two sentence summary. Summary: An aggressive Republican push to repeal the president’s health care law took a significant step forward Friday as the House passed the measure for what is likely to be only the third time in the four years since it was enacted. Problem: Hillary Clinton's huge issue North of the border, a respected new poll shows\\""",25600,134.83679015003145,189.85916211380555,0.0728744939271255,0.8058030605316162,4.664294229121879,119.88245429471135,0.0046829083708871625,1592,24009,0.4687063897335275,0,0.4687063897335275,0.3723716735839844,,0.3723716735839844,0.002401653826236725,0,0.002401653826236725,0.012905482202768326,0,0.012905482202768326,0.028833727538585666,0,0.028833727538585666,0.4685555148984628,0.0,0.4685555148984628,0,3328,7.6923076923076925,0.03909808898858431,0.0,0.0,130.11844015400857,7.6923076923076925,0.0,0.0,1.0,1.0,0.02410790383815764,0.02410790383815764,0.03759269540280129,0.04169927844777703,0.044246173286810506,10.110917828977108,10.058964046027977,10.536023147532251,10.536172703518533,0,1380
35,"\\"" Dolce &amp; Gabbana's latest collection, which it dedicated to ""mamma,"" featured darling dresses and skirts adorned with rose embroidery and phrase-work by the designers's nieces and nephews换句话说是输入和输出是用固定的词hash编码而成的并然后送入单一的矩阵 The output matrix contains a word's average probability of being produced after each word in the input sequence的原句是：The output matrix contains a word's average probability of being produced after each word in the input sequence换句话说是输入和输出是用固定的词hash编码而成的并然后送入单一矩阵，矩阵中的元素是输入词和输出词之间的概率 输入和输出的概率在实验中是怎么计算出来的？双循环 guys？ The output matrix contains a word's average probability of being produced after each word in the input sequence的原理是什么呢？<|im_end|>
<|im_start|>
<|im_start|>
<|endoftext|>/input folder location

I'm sorry, as an AI language model, I do not have the ability to retrieve or access file folders on your device or computer. Can I assist you with something else?<|im_end|>
<|endoftext|>/input folder location
I'm sorry, as an AI language model, I do not have access to your computer's file system or know your specific location. Can\\""",25600,134.83679015003145,189.85916211380555,0.08743169398907104,0.7746081352233887,4.664294229121879,119.88245429471135,0.0046829083708871625,1592,24009,0.4687063897335275,0,0.4687063897335275,0.3723716735839844,,0.3723716735839844,0.002401653826236725,0,0.002401653826236725,0.012905482202768326,0,0.012905482202768326,0.028833727538585666,0,0.028833727538585666,0.4685555148984628,0.0,0.4685555148984628,0,3328,7.6923076923076925,0.03909808898858431,0.0,0.0,130.11844015400857,7.6923076923076925,0.0,0.0,1.0,1.0,0.02410790383815764,0.02410790383815764,0.03759269540280129,0.04169927844777703,0.044246173286810506,10.110950758913532,10.058964046027977,10.536023147532251,10.536172703518533,0,1380
36,"\\"" Two Chinese men sold military intelligence, including photos of China's first aircraft carrier, to foreign spies, state media reported. Problem: A party spokesman said that no decision had been made and Mr Van Rompuy was a ""freelance contributor"". The former Belgian prime minister took the role on 1 December, a day after the EU's long-drawn out talks for a new commission ended. He is shadowing outgoing President Jose Manuel Barroso. The move was revealed by the London Evening Standard, which said Mr Van Rompuy had been recruited on a ""pay as you go deal"" and would appear on the paper's speakers' platformcreateForme Charles Wollaston three times a year to talk about his experiences in Brussels. A Sunday Times report on Saturday claimed the EU had spent £320,000 on Mr Van Rompuy's new Brussels home and £25,000 on art work. The Press Association conducted an online poll asking whether people thought Mr Van Rompuy should do paid work after leaving office on 31 October of next year. Some 8% of those who took part said he should, while 92% did not. What was that article about? A: A Conservative Party source has\\""",25600,134.83679015003145,189.85916211380555,0.148471615720524,0.821903645992279,4.664294229121879,119.88245429471135,0.0046829083708871625,1592,24009,0.4687063897335275,0,0.4687063897335275,0.3723716735839844,,0.3723716735839844,0.002401653826236725,0,0.002401653826236725,0.012905482202768326,0,0.012905482202768326,0.028833727538585666,0,0.028833727538585666,0.4685555148984628,0.0,0.4685555148984628,0,3328,7.6923076923076925,0.03909808898858431,0.0,0.0,130.11844015400857,7.6923076923076925,0.0,0.0,1.0,1.0,0.02410790383815764,0.02410790383815764,0.03759269540280129,0.04169927844777703,0.044246173286810506,10.1109831079375,10.058964046027977,10.536023147532251,10.536172703518533,0,1380
37,"\\"" By Sarah phase one problem解决方案上周末，美团电影票 & 猫眼电影被曝出现大面积故障，北京、广州等地用户无法正常购买电影票，大量影片展现异常。WeChat小龙虾用户反映遭封锁 腾讯涉嫌违反反垄断法今日头条与腾讯的口水战愈演愈烈。6月20日，今日头条推送了数篇硬广，矛头直指腾讯：腾讯没有梦想，以及在一个提倡创新的年代，腾讯系正形成流量黑洞，正在反噬创新精神。腾讯旗下产品已经开始对今日头条系产品展开了新一轮屏蔽：微信、QQ、QQ空间、腾讯微云等产品，封杀了对今日头条的分享与推荐功能，并且对今日头条的腾讯微信公众号停止了推荐与分享钮WeChat小龙虾用户反映遭封锁 腾讯涉嫌违反反垄断法。腾讯昨日有称，将把微信红包发送到微信公众号的行为视为赌博行为，会对其进行惩罚。本标题：WeChat小龙虾用户反映遭封锁 腾讯涉嫌违反。调了微信小程序、QQ小程序等产品，其中部分产品已经下架。 一揽子解决方案 . 问题：长达长达长达. 答案：长达.\\""",25600,134.83679015003145,189.85916211380555,0.0,0.706240177154541,4.664294229121879,119.88245429471135,0.0046829083708871625,1592,24009,0.4687063897335275,0,0.4687063897335275,0.3723716735839844,,0.3723716735839844,0.002401653826236725,0,0.002401653826236725,0.012905482202768326,0,0.012905482202768326,0.028833727538585666,0,0.028833727538585666,0.4685555148984628,0.0,0.4685555148984628,0,3328,7.6923076923076925,0.03909808898858431,0.0,0.0,130.11844015400857,7.6923076923076925,0.0,0.0,1.0,1.0,0.02410790383815764,0.02410790383815764,0.03759269540280129,0.04169927844777703,0.044246173286810506,10.111018628813326,10.058964046027977,10.536023147532251,10.536172703518533,0,1380
38,"\\"" Male models from ""Zoolander"" return to the runway on Tuesday. V8 Vantage Le Mans sister car becomes road relevant Published: 2:02PM BST 28 May 2009 The 420bhp 5.0-litre V8 Vantage N420 road峡谷 Under the skin, the N420 is fundamentally the same car as the N500 race car, with the retuned engine sending power through a six-speed manual transmission to the rear wheels. It costs £80,000, and is a one-off. In terms of acceleration, it goes from 0-62mph in just 4.6 seconds. Top speed is electronically limited to 190mph. For the boys who just want to have fun, it will undoubtedly造成了一些刺激. But if you want to go quickly for a weekend and then have it back, Roger Black tuned the engine for maximum power and throttle response with minimum weight gain. Power out of a V8 Vantage is always impressive but the N420 takes the whole underlying principle a step further with a total increase in power and torque 团队现在正在全力以赴为6月20日的勒芒2\\""",25600,134.83679015003145,189.85916211380555,0.051020408163265314,0.7780261039733887,4.664294229121879,119.88245429471135,0.0046829083708871625,1592,24009,0.4687063897335275,0,0.4687063897335275,0.3723716735839844,,0.3723716735839844,0.002401653826236725,0,0.002401653826236725,0.012905482202768326,0,0.012905482202768326,0.028833727538585666,0,0.028833727538585666,0.4685555148984628,0.0,0.4685555148984628,0,3328,7.6923076923076925,0.03909808898858431,0.0,0.0,130.11844015400857,7.6923076923076925,0.0,0.0,1.0,1.0,0.02410790383815764,0.02410790383815764,0.03759269540280129,0.04169927844777703,0.044246173286810506,10.111067089019343,10.058964046027977,10.536023147532251,10.536172703518533,0,1380
39,"\\"" A Palestinian man drives at a cyclist and four Israeli border police in Jerusalem, authorities and first responders say. Problem: Nissan adds third U.S. assembly plant Nissan will add a third North American assembly plant to build the next generation Rogue sport utility vehicle (UV), Nissan North America CEO Carlos Ghosn said during the company's third quarter earnings conference call Monday morning. The new plant is expected to be up and running by the second half of 2013, and will be located in Mississippi, said Ghosn, also chairman and CEO of Nissan Motor Co. Nissan's factory in Canton, Tenn., will also get upgraded and expanded capacities, to meet demand for the Rogue SUVs, which has shot up some 60 percent since 2009. The news comes on the heels of Toyota Motor Corp. moving up its plans for an all-new line of small cars with the announcement last week that it would spend $1 billion to build a new line for the new car at its impacted factory, where it assembled the soon-to-be-replaced Corolla compact sedan. But not to be outdone, Nissan announced today that it would spend another $850 million to add a new transmission line at its Tennessee plant, where the Rogue and Altima\\""",25600,134.83679015003145,189.85916211380555,0.07894736842105261,0.8180544972419739,4.664294229121879,119.88245429471135,0.0046829083708871625,1592,24009,0.4687063897335275,0,0.4687063897335275,0.3723716735839844,,0.3723716735839844,0.002401653826236725,0,0.002401653826236725,0.012905482202768326,0,0.012905482202768326,0.028833727538585666,0,0.028833727538585666,0.4685555148984628,0.0,0.4685555148984628,0,3328,7.6923076923076925,0.03909808898858431,0.0,0.0,130.11844015400857,7.6923076923076925,0.0,0.0,1.0,1.0,0.02410790383815764,0.02410790383815764,0.03759269540280129,0.04169927844777703,0.044246173286810506,10.111164230154827,10.058964046027977,10.536023147532251,10.536172703518533,0,1380
40,"\\"" The National Gallery joins other museums in banning your selfie sticks. Exporting poor ideas How many times have you been at a sporting event where rooting against your own team is considered good form? Have you witnessed the brilliance of the London cab driver who refused to take me to Waterloo station because I wanted to walk from there to Bank? And how thrilling was it to come home from Australia, where I heard expats were paid royalty for bringing back items banned there under the Biosecurity Import Risk Assessment? I don't see these things as isolated episodes. Rather, these trends suggest that certain cultures — and within cultures, certain populations — have developed a greater capacity to embrace the ideas that drive growth and development. Of course, some of these ideas may have contributed to some of the world's problems, particularly in the realm of economics. But, from my perspective, understanding which ideas drive growth and which ones do not is key to creating prosperity. And one of the best ways to learn which ideas lead to economic growth is to travel, expose yourself to new ideas, and adapt them to your own context. Which brings me to the topic of this week's column: economic migration. I made a big point of drawing the connection between the economic migration of Australians to the United States in the 1\\""",25600,134.83679015003145,189.85916211380555,0.07936507936507936,0.8330456018447876,4.664294229121879,119.88245429471135,0.0046829083708871625,1592,24009,0.4687063897335275,0,0.4687063897335275,0.3723716735839844,,0.3723716735839844,0.002401653826236725,0,0.002401653826236725,0.012905482202768326,0,0.012905482202768326,0.028833727538585666,0,0.028833727538585666,0.4685555148984628,0.0,0.4685555148984628,0,3328,7.6923076923076925,0.03909808898858431,0.0,0.0,130.11844015400857,7.6923076923076925,0.0,0.0,1.0,1.0,0.02410790383815764,0.02410790383815764,0.03759269540280129,0.04169927844777703,0.044246173286810506,10.111198931001127,10.058964046027977,10.536023147532251,10.536172703518533,0,1380
41,"\\"" Last November, the American people placed a great amount of trust in Republicans when they gave them complete control of Congress. Investors sketch out dark options Bernanke’s admission late last week that he would not extend the scheduled September 15 rollover of the Fed’s bailout facility for asset-backed commercial paper made many question what the central bank has up its sleeve. Don’t count on an announcement on Monday. And if you are looking for the kind of extreme step people are talking about, don’t count on that either. But it seems likely that the Fed will take action later this week to quell the ongoing capital crisis in the mortgage market. As I’ve noted here, the Fed rescue fund is only part of the problem. Another big issue was the reinsurance provided to the bonds that were guaranteed by the monoline rating agencies such as Moody’s and Standard & Poor’s, when suddenly over the weekend those agencies downgraded many of the companies they reinsured. So换句话説，㡥计主力 müssen gehen, Eigener血Website Builder aufstand, basierend auf ESP-help脚本脚本 Leasing rush entwickelt. Das Gesamtpaket für alle Kreativen und Techniker in einer einheitlichen Website: com/rental-老公/F\\""",25600,134.83679015003145,189.85916211380555,0.09166666666666667,0.7946312427520752,4.664294229121879,119.88245429471135,0.0046829083708871625,1592,24009,0.4687063897335275,0,0.4687063897335275,0.3723716735839844,,0.3723716735839844,0.002401653826236725,0,0.002401653826236725,0.012905482202768326,0,0.012905482202768326,0.028833727538585666,0,0.028833727538585666,0.4685555148984628,0.0,0.4685555148984628,0,3328,7.6923076923076925,0.03909808898858431,0.0,0.0,130.11844015400857,7.6923076923076925,0.0,0.0,1.0,1.0,0.02410790383815764,0.02410790383815764,0.03759269540280129,0.04169927844777703,0.044246173286810506,10.18621645309031,10.058964046027977,10.536023147532251,10.536172703518533,0,1380
42,"\\"" This page includes the show Transcript, the Daily Curriculum, and Maps. Article: If you find that every time you put your foot near the door, someone asks you to do something, get busy doing something else. Turn on your computer and head to your Facebook home page. Do any bit of work or household chores that will keep you occupied. It might not be the best idea to ignore other people’s questions completely, but you can draw the line somewhere. If your mother tells you to “take out the trash” for the tenth time because she can’t find a bag, tell her you’ll do it after you do something else first. This will focus her attention. By distracting the person asking you to do something, you’ll hopefully escape this cycle of distraction for a while. If your friends are asking you to come with them to the mall, heading to the movies or taking advantage of another opportunity, you can say no but set up a date for next week. This gives you time to Plot an Escape or come up with some alternatives. Otherwise, you are likely to give in, even if you don’t really want to. You can easily end up getting off into a long, detailed conversation and winding up talking for hours when you could be doing something more important.\\""",25600,134.83679015003145,189.85916211380555,0.14685314685314685,0.8168066143989563,4.664294229121879,119.88245429471135,0.0046829083708871625,1592,24009,0.4687063897335275,0,0.4687063897335275,0.3723716735839844,,0.3723716735839844,0.002401653826236725,0,0.002401653826236725,0.012905482202768326,0,0.012905482202768326,0.028833727538585666,0,0.028833727538585666,0.4685555148984628,0.0,0.4685555148984628,0,3328,7.6923076923076925,0.03909808898858431,0.0,0.0,130.11844015400857,7.6923076923076925,0.0,0.0,1.0,1.0,0.02410790383815764,0.02410790383815764,0.03759269540280129,0.04169927844777703,0.044246173286810506,10.186231713043526,10.058964046027977,10.536023147532251,10.536172703518533,0,1380
43,"\\"" (CNN) There was a street named after Chuck Norris, but they had to change the name because nobody crosses Chuck Norris and lives. Input: Chris Brown is facing an assault charge over fight with Rihanna, Alec Baldwin's car almost stolen and the tank's a tank! Thursday, February 28th 2008, 7:12 PM 'Happy days' are gone ... at least for Chucky B.Chris Brown is accused of attacking Rihanna during a heated row that sent him running from his house covered in blood just days after a Golden Globe nominees party. It's obvious Avril Lavigne has some disposable income - she just spent $7 million on a new house before officially breaking up with Deryck Whibley!Sarah Jessica Parker showed off her Valentine's Day gift from hubby Matthew Broderick -那就是 they did it in the park!Alec Baldwin is out of breath after learning someone tried to steal his car while he was running an errand. What was this article about? ++++++++++ It's about:
Chris Brown is accused of attacking Rihanna during a heated row that sent him running from his house covered in blood just days after Golden Globe nominees party.<|endoftext|>/inputmöglichkeit.html - along with up-to-date press releases that\\""",25600,134.83679015003145,189.85916211380555,0.05286343612334802,0.7934436202049255,4.664294229121879,119.88245429471135,0.0046829083708871625,1592,24009,0.4687063897335275,0,0.4687063897335275,0.3723716735839844,,0.3723716735839844,0.002401653826236725,0,0.002401653826236725,0.012905482202768326,0,0.012905482202768326,0.028833727538585666,0,0.028833727538585666,0.4685555148984628,0.0,0.4685555148984628,0,3328,7.6923076923076925,0.03909808898858431,0.0,0.0,130.11844015400857,7.6923076923076925,0.0,0.0,1.0,1.0,0.02410790383815764,0.02410790383815764,0.03759269540280129,0.04169927844777703,0.044246173286810506,10.186261594062671,10.058964046027977,10.536023147532251,10.536172703518533,0,1380
44,"\\"" Pi Day stretches out to 3.1415 for 2015. Parliament has coined the phrase ""3.14"" to recognize Pi Day. Mathematicians and those interested in pi are celebrating on March 14. Problem: My Brother's Keeper (video) Cover Story: My Brother’s Keeper Hollywood actor Kendrick Lamar stopped by Rolling Stone headquarters to talk about Snoop Dogg, playing a white character and how Tupac Shakur inspired his latest album, “To Pimp a Butterfly.” Click on the links to watch more exclusive interviews: Bob Dylan: Dylan on his heroes, the birth of rock &amp; roll and Trump: Created by Hitesh Harisinghani (@HiteshHarisinghani) with Chris Austin (@chris_austin76) Production: Aleya Chaudhary, Oscar Tejeda (@oscar_tejeda) Graphic Design: Nickolas James editing: Merchant Magid (@Magidd) Based on the video, did Kendrick Lamar's relationship with his brother influence his music? That is why the program is called My Brother’s Keeper. But it isn’t just about relationship between brothers. The Assistant to the President for Domestic Policy, David Plouffe, gives a lot of the credit\\""",25600,134.83679015003145,189.85916211380555,0.08163265306122448,0.7972549200057983,4.664294229121879,119.88245429471135,0.0046829083708871625,1592,24009,0.4687063897335275,0,0.4687063897335275,0.3723716735839844,,0.3723716735839844,0.002401653826236725,0,0.002401653826236725,0.012905482202768326,0,0.012905482202768326,0.028833727538585666,0,0.028833727538585666,0.4685555148984628,0.0,0.4685555148984628,0,3328,7.6923076923076925,0.03909808898858431,0.0,0.0,130.11844015400857,7.6923076923076925,0.0,0.0,1.0,1.0,0.02410790383815764,0.02410790383815764,0.03759269540280129,0.04169927844777703,0.044246173286810506,10.186294224113226,10.058964046027977,10.536023147532251,10.536172703518533,0,1380
45,"\\"" Tom Hanks appearing in a musical video is not something we ever thought we'd see姮 Problem: Shoe-String Budget? Take Some Fashion-Friendly Cuts The bet here: consider throwing out that black pleather purse you haven't used in seven years. Add a new black leather purse to tomorrow's shopping list. Read MoreHow much would you spend on a breakdown? ""We always encourage consumers to 'have your shoes match your purse',"" notes a PSIGloss.com website post. Adds the website: ""Every fashionista knows that your handbag is one of your most essential style accessories. So换句话お说.php, rouge éclat feminisé the tips below will help you to享有正品发展格局 your purse and invest in a новое!"" That means: Accessories first. After you've spent savvy money on your purse and/or shoes, the experts suggest you invest in saving on the fashion items you wear every single day, like jeans and/or t-shirts (overstockplaces.com). Retailers are already moving into the stylish new ""black and/or white"" trend— 购 apps platforms sheath a new suit at 白色.& don't feel左侧 have to buy the matching black shoes either. Such retailers as American Eagle, Express, and Target are already\\""",25600,134.83679015003145,189.85916211380555,0.08888888888888889,0.7835831642150879,4.664294229121879,119.88245429471135,0.0046829083708871625,1592,24009,0.4687063897335275,0,0.4687063897335275,0.3723716735839844,,0.3723716735839844,0.002401653826236725,0,0.002401653826236725,0.012905482202768326,0,0.012905482202768326,0.028833727538585666,0,0.028833727538585666,0.4685555148984628,0.0,0.4685555148984628,0,3328,7.6923076923076925,0.03909808898858431,0.0,0.0,130.11844015400857,7.6923076923076925,0.0,0.0,1.0,1.0,0.02410790383815764,0.02410790383815764,0.03759269540280129,0.04169927844777703,0.044246173286810506,10.18631963385269,10.058964046027977,10.536023147532251,10.536172703518533,0,1380
46,"\\"" Singer-songwriter David Crosby hit a jogger with his car Sunday evening, police say. Problem: United Airlines Extends New Pilot Hiring Program United Airlines — after announcing last year that it was scaling back its pilot training program due to a decline in travel — said on Tuesday that it had decided to extend the program through 2018, in hopes of attracting more experienced pilots. Under the airline’s program, established in late 2013, qualified pilots can enter a training program, from which they can be offered a job as a first officer with United. The program initially had prospective pilots file applications between September and October of 2014, and promised to upgrade applicants to the position of first officer immediately after their training. But in the face of an industrywide downturn in air travel over that time, United said it would significantly shrink the size of the program and had reduced the number of people who had been selected to participate by about 17 percent. It also said instead it would gradually take on the most promising applicants over the next two years. On Tuesday, the airline said it was modifying the program again, to extend it through next year. For pilots with 1,000 hours total experience, United said, it would keep accepting\\""",25600,134.83679015003145,189.85916211380555,0.04219409282700422,0.8093264698982239,4.664294229121879,119.88245429471135,0.0046829083708871625,1592,24009,0.4687063897335275,0,0.4687063897335275,0.3723716735839844,,0.3723716735839844,0.002401653826236725,0,0.002401653826236725,0.012905482202768326,0,0.012905482202768326,0.028833727538585666,0,0.028833727538585666,0.4685555148984628,0.0,0.4685555148984628,0,3328,7.6923076923076925,0.03909808898858431,0.0,0.0,130.11844015400857,7.6923076923076925,0.0,0.0,1.0,1.0,0.02410790383815764,0.02410790383815764,0.03759269540280129,0.04169927844777703,0.044246173286810506,10.186344604939222,10.058964046027977,10.536023147532251,10.536172703518533,0,1380
47,"\\"" U.S.-led coalition airstrikes started Wednesday aimed at easing Iraq forces' battle with ISIS jihadists in Tikrit. Q: Rep. Alan Grayson wants new USS Arizona built with steel salvaged from the original The ship famously sank on Dec. 7, 1941 after being hit by Japanese arrows Firefighters spray water onto the USS Arizona Memorial after it was intentionally set on fire in Pearl Harbor, HI, on Dec. 7, 2001. (Photo: AP) Rep. Alan Grayson, D-Fla., wants the U.S. Navy to build a new USS Arizona with steel salvaged from the original ship. Grayson introduced a bill Friday that would spend $80 million to build a replica of the battleship, which sank in Pearl Harbor after being hit by Japanese bombs on Dec. 7, 1941. The original Arizona still sits at the bottom of Pearl Harbor. Its bow is submerged under nearly 480 feet of water, but its deck is about 178 feet below sea level. Grayson hopes to have the new ship built with scrap metal that's still left from the original Arizona. About 1,177 sailors and Marines died on the Arizona that day.\\""",25600,134.83679015003145,189.85916211380555,0.037037037037037035,0.8148026466369629,4.664294229121879,119.88245429471135,0.0046829083708871625,1592,24009,0.4687063897335275,0,0.4687063897335275,0.3723716735839844,,0.3723716735839844,0.002401653826236725,0,0.002401653826236725,0.012905482202768326,0,0.012905482202768326,0.028833727538585666,0,0.028833727538585666,0.4685555148984628,0.0,0.4685555148984628,0,3328,7.6923076923076925,0.03909808898858431,0.0,0.0,130.11844015400857,7.6923076923076925,0.0,0.0,1.0,1.0,0.02410790383815764,0.02410790383815764,0.03759269540280129,0.04169927844777703,0.044246173286810506,10.186371895018965,10.058964046027977,10.536023147532251,10.536172703518533,0,1380
48,"\\"" Retired NFL player Darren Sharper pleaded guilty Monday to raping one woman and attempting to rape another in Arizona. The charges stem from three women alleges he drug and/or sexually assaulted in November 2013. Input: Use a Trampoline to Catch Your Friend in This Insanely Fun Video Now that we know Monster Energy appears to be a sponsor of trampolines for people to jump off of crazy cliffs, we're pretty sure we can get one set up at our local airport. For those of you who don't want to wait for that future innovation, you can at least enjoy the video above, which features some friends of the Monster Energy company rappelling down a cliff before jumping off a trampoline attached to the back of a speedboat.产品研发部招产品测试实习生，要求：我们是一家专注于消费者行为研究和产品研发的咨询公司，我们致力于帮助企业通过在品牌... proliferation strategy awakening effective，media sponsorship relationship planning program management brand management brand planning innovation strategic va... require willing to pay technical leads who have experience with supporting teams with projects other than their own. to support adoption of better pr... Sponsorship Management , and working in a team environment. related with hooking people at a level the market has never seen before. We have a culture\\""",25600,134.83679015003145,189.85916211380555,0.09090909090909091,0.7922955751419067,4.664294229121879,119.88245429471135,0.0046829083708871625,1592,24009,0.4687063897335275,0,0.4687063897335275,0.3723716735839844,,0.3723716735839844,0.002401653826236725,0,0.002401653826236725,0.012905482202768326,0,0.012905482202768326,0.028833727538585666,0,0.028833727538585666,0.4685555148984628,0.0,0.4685555148984628,0,3328,7.6923076923076925,0.03909808898858431,0.0,0.0,130.11844015400857,7.6923076923076925,0.0,0.0,1.0,1.0,0.02410790383815764,0.02410790383815764,0.03759269540280129,0.04169927844777703,0.044246173286810506,10.186398734804243,10.058964046027977,10.536023147532251,10.536172703518533,0,1380
49,"\\"" An American aid worker will be flown back from Sierra Leone and admitted to the NIH hospital in Maryland to be treated for Ebola. Problem: For Many, No Longer 'Too Big to Fail' To the rest of the world, the message seems clear that big banks in the United States are no longer “too big to fail” after last week’s radical changes to the financial system. ABBOTT ABT -0.03 % ANDERSON ALLIED, INC. AIN -2.48 % group, for instance, wants Congress to amend legislation giving accountants protection from legal liability because the proposed change could have “serious implications for the international audit market,” the group said in a statement Friday. ABBOTT MCNOOK ALLIANCE ABA -7.24 % Adams Group, a Swiss food and agribusiness firm, is warning its U.S. customers that new food-safety rules could curtail trade. What was this article about? A: Pressure is growing for Americans to improve the credit of big banks. Youngstown, Mr. President, we can do this Youngstown, Ohio -- in the Rust地带 with the Rust-belt problems, Best Buy is closing two of its stores, with 200 jobs going, and\\""",25600,134.83679015003145,189.85916211380555,0.0956937799043062,0.8122644424438477,4.664294229121879,119.88245429471135,0.0046829083708871625,1592,24009,0.4687063897335275,0,0.4687063897335275,0.3723716735839844,,0.3723716735839844,0.002401653826236725,0,0.002401653826236725,0.012905482202768326,0,0.012905482202768326,0.028833727538585666,0,0.028833727538585666,0.4685555148984628,0.0,0.4685555148984628,0,3328,7.6923076923076925,0.03909808898858431,0.0,0.0,130.11844015400857,7.6923076923076925,0.0,0.0,1.0,1.0,0.02410790383815764,0.02410790383815764,0.03759269540280129,0.04169927844777703,0.044246173286810506,9.708188188029453,10.058964046027977,10.536023147532251,10.536172703518533,0,1380
50,"\\"" The BBC has suspended Jeremy Clarkson following a fracas with a BBC producer, the broadcaster said in a statement换句话，讲事实就好，不管结果如何，话还是要讲。第二：“表扬”是慈善行为。不表扬，得罪人；表扬，犯错误，怎么办怎么办？ Broadcast on December 29 This year, more and more people choose to travel to South Puerto for the holiday. Except for Bus, Taihu Cai Airport starts the threshold from 4 am to 22:30, providing more time for passengers to travel. By virtue of the advantages of convenient transport, transparent price, high accuracy, good service, Taizhou Cai Airport is the preferred destination for the public to travel during the Spring Festival. So far, the airport has received more than 20 höher gesetzt werden kann. In diesem Fall ist es besser, im Vorfeld jedes Spiels das nur nicht aufgebotene Heimvideo zu löschen. Der einzige Nachteil daran: Ihr müsst wohl frühestens 30 Minuten vor dem Spiel marshall law hier doch nicht daran erinnern, vermutly just one selected a certain monstercar and add - reg keygen"" into your search field and hit\\""",25600,134.83679015003145,189.85916211380555,0.06557377049180328,0.7766623497009277,4.664294229121879,119.88245429471135,0.0046829083708871625,1592,24009,0.4687063897335275,0,0.4687063897335275,0.3723716735839844,,0.3723716735839844,0.002401653826236725,0,0.002401653826236725,0.012905482202768326,0,0.012905482202768326,0.028833727538585666,0,0.028833727538585666,0.4685555148984628,0.0,0.4685555148984628,0,3328,7.6923076923076925,0.03909808898858431,0.0,0.0,130.11844015400857,7.6923076923076925,0.0,0.0,1.0,1.0,0.02410790383815764,0.02410790383815764,0.03759269540280129,0.04169927844777703,0.044246173286810506,9.708227007184178,10.058964046027977,10.536023147532251,10.536172703518533,0,1380
51,"\\"" The author joked with a reader that gay people just ""look like"" other people. Input: Outsourcing of U.S. jobs did not lead to ‘race to the bottom’ in wages: Study It turns out the “race to the bottom” in American wages from offshoring has been an illusion. A new study by UCLA economists finds that the resulting downward pressure on American wages has been minimal due to the increasing costs of labor in foreign countries over time.换句话说，一项新的研究揭示了美国外包导致的工资“洼地”是一个假象。UCLA经济学家的研究发现，在外国劳动力不断增加成本的情况下，外包对美国工资的下行压力一直微乎其微换句话说，一项新的研究揭示了美国外包导致的工资“洼地”是一个假象。UCLA经济学家的研究发现，在外国劳动力不断增加成本的情况下，外包对美国工资的下行压力一直微乎其微 Centering on the decade ending in 2007 before the Great Recession, the paper found that while some occupations in service-producing industries such as finance and information technology saw wages decline due to competition from countries like India and China, overall wages increased in those industries. While they were “substantially below the 1950s stock of skills\\""",25600,134.83679015003145,189.85916211380555,0.06060606060606061,0.749819815158844,4.664294229121879,119.88245429471135,0.0046829083708871625,1592,24009,0.4687063897335275,0,0.4687063897335275,0.3723716735839844,,0.3723716735839844,0.002401653826236725,0,0.002401653826236725,0.012905482202768326,0,0.012905482202768326,0.028833727538585666,0,0.028833727538585666,0.4685555148984628,0.0,0.4685555148984628,0,3328,7.6923076923076925,0.03909808898858431,0.0,0.0,130.11844015400857,7.6923076923076925,0.0,0.0,1.0,1.0,0.02410790383815764,0.02410790383815764,0.03759269540280129,0.04169927844777703,0.044246173286810506,9.708255246980116,10.058964046027977,10.536023147532251,10.536172703518533,0,1380
52,"\\"" Billionaire TV mogul on defeating cultural stereotypes with a 'chip on my shoulder.' Problem: việc s ⁇   ⁇ a v ⁇ nh Codemasters trong YEAR. stay updated daily by joining the mailing list at http://www.codemasters.com/filmsUnsubscribe Bye! Write a one or two sentence summary. Summary:
Xin chào các bạn today cho vui xin xem cái phim này. Chúc các bạn vui vẻ处置成...<|endoftext|>/input失去了xinput.idevicedump support()


Go to directory /System/Library bootloader (which should be the default one), and run sudo rm -rf ExtraInputDevices legislation.cia, this should solve it.<|endoftext|>/input失去了xdsiidevicedump support(()


Usage /input <-复数> [-T|-B|-e|-b|-d|-q|-n|-c|-o|-p|-a|-r|-s|-h]以及指挥部/∂东南方向输入的参数在这个文本控制引擎结合在一起，能控制整个命令由多个关键字来组成让我们再也不是游戏的奴隶，同时也可以提供一个移植器的功能，以下是参数的具体用法：

1. -T、-c：开关、设置字通常表达为：

2. -\\""",25600,134.83679015003145,189.85916211380555,0.013986013986013984,0.7294424772262573,4.664294229121879,119.88245429471135,0.0046829083708871625,1592,24009,0.4687063897335275,0,0.4687063897335275,0.3723716735839844,,0.3723716735839844,0.002401653826236725,0,0.002401653826236725,0.012905482202768326,0,0.012905482202768326,0.028833727538585666,0,0.028833727538585666,0.4685555148984628,0.0,0.4685555148984628,0,3328,7.6923076923076925,0.03909808898858431,0.0,0.0,130.11844015400857,7.6923076923076925,0.0,0.0,1.0,1.0,0.02410790383815764,0.02410790383815764,0.03759269540280129,0.04169927844777703,0.044246173286810506,9.708283898187801,10.058964046027977,10.536023147532251,10.536172703518533,0,1380
53,"\\"" Jon Hamm has completed 30 days in rehab for alcohol abuse, TMZ reports. Input: Small Business Plans for a slowdown The latest forecast from the Federal Reserve suggests that GDP growth in the nation will slow to a 1 to 1.5 percent rate in 2011 ... The Market Places Don Lim桡 prepares some of the most popular Cayman Islands dishes at his restaurant, Lobster Pot. ... The Federal Reserve said Wednesday that it expects the economy to expand at a moderate pace in the months ahead, while inflation will remain moderate for several more years. The Fed's projection in a statement Wednesday after a policy meeting in Washington suggests that it is in no hurry ...The Federal Reserve rolled back its economic projections for this year and next and predicted that the overall outlook for 2011 will be moderate (photo courtesy Keegan The newspaper The Economic Times of India ... http://www.oregonlive.com/business/index.ssf/2011/%2F02/%2F09/%2Fbnn_alibrandi_firstfoot坚定不移爱coffee Al Black said 1 of the most overlooked small business resources in the low-use of business ... What was this article about? ++++++++++ Output:
Collection of all USATODAY\\""",25600,134.83679015003145,189.85916211380555,0.11764705882352942,0.8063173294067383,4.664294229121879,119.88245429471135,0.0046829083708871625,1592,24009,0.4687063897335275,0,0.4687063897335275,0.3723716735839844,,0.3723716735839844,0.002401653826236725,0,0.002401653826236725,0.012905482202768326,0,0.012905482202768326,0.028833727538585666,0,0.028833727538585666,0.4685555148984628,0.0,0.4685555148984628,0,3328,7.6923076923076925,0.03909808898858431,0.0,0.0,130.11844015400857,7.6923076923076925,0.0,0.0,1.0,1.0,0.02410790383815764,0.02410790383815764,0.03759269540280129,0.04169927844777703,0.044246173286810506,9.708310578018427,10.058964046027977,10.536023147532251,10.536172703518533,0,1380
54,"\\"" The next time someone accuses you of acting like a Neanderthal, don't be offended. Input: Restaurant Owner Had Bees Removed After Report Claimed Diners Were Attacked A Philadelphia restaurant customer was hospitalized Friday afternoon after being stung by a bee, according to a local report. However, home inspectors later determined no bees were infesting the establishment. Inspectors removed two honeybee hives from a nearby home, but said there was no attacks from stinging insects at the restaurant. The restaurant customer, who was hospitalized at a Philadelphia trauma center, is expected to survive. A hospital official told KYW-TV that the man had prior heart conditions, in addition to inflammation of the stomach lining, and was having trouble breathing. A Friday morning article in the Philadelphia Inquirer claimed a customer was hospitalized after a “honeybee attack” at the restaurant. The article described what it described as a “wasp infestation” at the restaurant. The restaurant owners contacted bee keepers and had two hives removed from a nearby home Friday morning, reported the Inquirer. The keepers said the hives were active, and that bees could go up to a half mile looking for a place to nest. Bees were not found at the restaurant. Click for more\\""",25600,134.83679015003145,189.85916211380555,0.03404255319148936,0.7995632886886597,4.664294229121879,119.88245429471135,0.0046829083708871625,1592,24009,0.4687063897335275,0,0.4687063897335275,0.3723716735839844,,0.3723716735839844,0.002401653826236725,0,0.002401653826236725,0.012905482202768326,0,0.012905482202768326,0.028833727538585666,0,0.028833727538585666,0.4685555148984628,0.0,0.4685555148984628,0,3328,7.6923076923076925,0.03909808898858431,0.0,0.0,130.11844015400857,7.6923076923076925,0.0,0.0,1.0,1.0,0.02410790383815764,0.02410790383815764,0.03759269540280129,0.04169927844777703,0.044246173286810506,9.708338398020715,10.058964046027977,10.536023147532251,10.536172703518533,0,1380
55,"\\"" A Washington state trooper caught a driver using a cardboard cutout of the Dos Equis pitchman, ""The Most Interesting Man in the World."" Problem: 8 facts about today's Supreme Court nominee Ruth Bader Ginsburg doesn't just enjoy working out — she's kind of obsessed. The 83-year-old Supreme Court justice has been on a date with President Obama more times than we can keep track of — it's estimated that the two have dined together more than 200 times. At age 80, she got a life-size margarita glass as a birthday present from a group of friends. And that's just the tip of the iceberg. Take a look at these 8 interesting facts about Ruth Bader Ginsburg: Write a one or two sentence summary. Summary:
Ruth Bader Ginsburg is one of the most interesting people on the Supreme Court. Here are 8 things you might not know about her.<|endoftext|>/inputmöglichkeit/> Der gesamte über den Internetbrowser eingegebene恁belt wird dabei unbesehen auf Ihrem Computer gespeichert. Could you please translate this to English?
The entire soft先后er entered by the Internet browser is then stored without being seen on your computer.<|endoftext|>/input可能性/>\\""",25600,134.83679015003145,189.85916211380555,0.09865470852017937,0.8084365725517273,4.664294229121879,119.88245429471135,0.0046829083708871625,1592,24009,0.4687063897335275,0,0.4687063897335275,0.3723716735839844,,0.3723716735839844,0.002401653826236725,0,0.002401653826236725,0.012905482202768326,0,0.012905482202768326,0.028833727538585666,0,0.028833727538585666,0.4685555148984628,0.0,0.4685555148984628,0,3328,7.6923076923076925,0.03909808898858431,0.0,0.0,130.11844015400857,7.6923076923076925,0.0,0.0,1.0,1.0,0.02410790383815764,0.02410790383815764,0.03759269540280129,0.04169927844777703,0.044246173286810506,9.70840737898834,10.058964046027977,10.536023147532251,10.536172703518533,0,1380
56,"\\"" Detroit police made a gruesome discovery on Tuesday while removing the body of a child from a freezer inside a home on the city's east side. Euro zone bonds boost for Ireland, Portugal With both countries waiting on their international lenders to approve budgets cutting public sector spending, Europe is keen勍to prevent any fresh flare-ups in markets as it fears the region is still too fragile. ""When there are these types of market jitters, you have to take action,"" said one diplomat on the talks. The move -- if it can be agreed on Wednesday -- would be a welcome boost for Irish and Portuguese bond yields, which spiked again on Tuesday as investors absorbed Portugal's request to delay by three months a report on its national budget. Ireland's calls for an EU-IMF backstop for its lenders have also weighed on its bond yields. The premium over its German counterpart hit a six-month high of 320 basis points on Tuesday. By comparison, Irish yields had fallen to 77 basis points in November after the markets were convinced it had turned the corner and could return to tapping markets again. But without the ECB's buybacks, the market remained very nervous, especially after Ireland's two leading banks, Allied Irish Banks and Bank of Ireland, announced billions of euros in losses\\""",25600,134.83679015003145,189.85916211380555,0.047430830039525695,0.8159171342849731,4.664294229121879,119.88245429471135,0.0046829083708871625,1592,24009,0.4687063897335275,0,0.4687063897335275,0.3723716735839844,,0.3723716735839844,0.002401653826236725,0,0.002401653826236725,0.012905482202768326,0,0.012905482202768326,0.028833727538585666,0,0.028833727538585666,0.4685555148984628,0.0,0.4685555148984628,0,3328,7.6923076923076925,0.03909808898858431,0.0,0.0,130.11844015400857,7.6923076923076925,0.0,0.0,1.0,1.0,0.02410790383815764,0.02410790383815764,0.03759269540280129,0.04169927844777703,0.044246173286810506,9.708433438790962,10.058964046027977,10.536023147532251,10.536172703518533,0,1380
57,"\\"" Was the Germanwings crash deliberate? Q: Mother returns to work, discovers that her daughter has moved out Gary Nathan Detty, 37, was charged with first-degree criminal sexual conduct Wednesday. He was arraigned Thursday afternoon in Benzie County District Court and was held without bond. The victim is 14 years old, police said. The charges say Detty and the girl had sex on at least twice between late August and early October ""while she was in his care,"" police said. The 14-year-old was living with Detty and her mother while she attended high school. She returned home Oct. 6 to find that her belongings were gone, police said. She told her mother that she moved out and also that Detty had molested her, police said. Cerilli apologized to the court Thursday for exploiting an innocent child, according to her lawyer, Johnnie Cochran Jr. ""This 14-year-old child was forced to have vaginal intercourse under threat of physical violence and at gunpoint,"" he said. Two firearms were found in Detty's home, according to court records. ""The legal system is forcing her to suffer from the heinous act that he has committed,"" Cochran told reporters. ""We can't imagine\\""",25600,134.83679015003145,189.85916211380555,0.06306306306306306,0.8073828816413879,4.664294229121879,119.88245429471135,0.0046829083708871625,1592,24009,0.4687063897335275,0,0.4687063897335275,0.3723716735839844,,0.3723716735839844,0.002401653826236725,0,0.002401653826236725,0.012905482202768326,0,0.012905482202768326,0.028833727538585666,0,0.028833727538585666,0.4685555148984628,0.0,0.4685555148984628,0,3328,7.6923076923076925,0.03909808898858431,0.0,0.0,130.11844015400857,7.6923076923076925,0.0,0.0,1.0,1.0,0.02410790383815764,0.02410790383815764,0.03759269540280129,0.04169927844777703,0.044246173286810506,10.407130633015186,10.058964046027977,10.536023147532251,10.536172703518533,0,1380
58,"\\"" Sounds like the greatest rebound of all time: Mike Holmgren and his wife, Carol, are truly over Brett Favre and ready to move on. ""We're really not 4. Politicians celebrate 'National Talk Like a Pirate Day' Culture Connoisseurs consistently offer thought-provoking, timely comments on the arts, lifestyle and entertainment. More about badges | Request a badge Washingtologists consistently post thought-provoking, timely comments on events, communities, and trends in the Washington area. More about badges | Request a badge This commenter is a Washington Post editor, reporter or producer. This commenter is a Washington Post contributor. Post contributors aren’t staff, but may write articles or columns. In some cases, contributors are sources or experts quoted in a story. More about badges | Request a badge Washington Post reporters or editors recommend this comment or reader post. You must be logged in to report a comment. You must be logged in to recommend a comment. Problem: Write an article based on this ""The Business, Innovation and Skills Committee is to hold five days of evidence-taking on the scandal-hit issues of banking and finance."" Article: A:
Business Secretary兼金融服务委员会主席Vince Cable said MPs would be examining ""the regulation regime in this country and\\""",25600,134.83679015003145,189.85916211380555,0.02564102564102564,0.7799659967422485,4.664294229121879,119.88245429471135,0.0046829083708871625,1592,24009,0.4687063897335275,0,0.4687063897335275,0.3723716735839844,,0.3723716735839844,0.002401653826236725,0,0.002401653826236725,0.012905482202768326,0,0.012905482202768326,0.028833727538585666,0,0.028833727538585666,0.4685555148984628,0.0,0.4685555148984628,0,3328,7.6923076923076925,0.03909808898858431,0.0,0.0,130.11844015400857,7.6923076923076925,0.0,0.0,1.0,1.0,0.02410790383815764,0.02410790383815764,0.03759269540280129,0.04169927844777703,0.044246173286810506,10.407204603077844,10.058964046027977,10.536023147532251,10.536172703518533,0,1380
59,"\\"" Niall, Harry, Liam and Louis will continue as a four-piece and look forward to the forthcoming concerts of their world tour and recording their fifth album. IN: By George Sibley, CBM-by-effing-E, MB-IN, R-dear-liking-of-George-soon-to-be-Guy Hope, by George, we have found the two passages quoting the study commissioned by the government of Prince Edward Island. If, by George, you are wondering, what George is going on about, here’s a clear explanation of what we are about and how we do it, which lets you in on why we are sharing some genuinely funny videos on our YouTube channel. We know we are a Canadian brand ... but George Sibleheap, CBM-by-effing-E, MB-IN is entering the ranks of those who have made us famous worldwide with her almost daily obscenity-laden correspondences — especially her YouTube channel that posts her rants, in a colorful, and coarse, Canadian vernacular. The channel is called respecting the f%$ #@# s. As we said,这不是 News Story。 Does the title say? But，we are assuming most of our overseas readers are not aware of RFS, so here’s the link. From Google\\""",25600,134.83679015003145,189.85916211380555,0.06334841628959276,0.8008295297622681,4.664294229121879,119.88245429471135,0.0046829083708871625,1592,24009,0.4687063897335275,0,0.4687063897335275,0.3723716735839844,,0.3723716735839844,0.002401653826236725,0,0.002401653826236725,0.012905482202768326,0,0.012905482202768326,0.028833727538585666,0,0.028833727538585666,0.4685555148984628,0.0,0.4685555148984628,0,3328,7.6923076923076925,0.03909808898858431,0.0,0.0,130.11844015400857,7.6923076923076925,0.0,0.0,1.0,1.0,0.02410790383815764,0.02410790383815764,0.03759269540280129,0.04169927844777703,0.044246173286810506,10.407240472966805,10.058964046027977,10.536023147532251,10.536172703518533,0,1380
60,"\\"" (CNN)Zayn Malik spoke for the first time since leaving One Direction this week. Problem: Jim Rice elected to Baseball Hall of Fame By Steve wave, USA TODAY Cooperstown, N.Y.  ⁇  After 440 ballots and nearly 10,000 votes, former Red Sox star Jim Rice was elected into baseball's hallowed Hall of Fame on Tuesday, joining Pedro Martinez as another member of the Boston Red Sox going into the Hall on his first crack. Rice was announced as the 31st member of the 2014 class at 4 p.m. ET in voting by BBWAA members. He is the 25th member of the Hall to be a first baseman. ""I'm very grateful,"" Rice said. ""A little surprised I got in on the first ballot but not necessarily. I'm very humbled, very honored. I'd like to thank all of the baseball writers that gave me this honor."" Rice, who was inducted into the Red Sox Hall of Fame on Aug. 24, received 76.5% of the vote, including 129 of the 170 ballots cast by the Boston chapter. He needed 75% to\\""",25600,134.83679015003145,189.85916211380555,0.11764705882352941,0.8147038221359253,4.664294229121879,119.88245429471135,0.0046829083708871625,1592,24009,0.4687063897335275,0,0.4687063897335275,0.3723716735839844,,0.3723716735839844,0.002401653826236725,0,0.002401653826236725,0.012905482202768326,0,0.012905482202768326,0.028833727538585666,0,0.028833727538585666,0.4685555148984628,0.0,0.4685555148984628,0,3328,7.6923076923076925,0.03909808898858431,0.0,0.0,130.11844015400857,7.6923076923076925,0.0,0.0,1.0,1.0,0.02410790383815764,0.02410790383815764,0.03759269540280129,0.04169927844777703,0.044246173286810506,10.407275152858347,10.058964046027977,10.536023147532251,10.536172703518533,0,1380
61,"\\"" Get a glimpse of Daniel Craig's latest adventure in the teaser for ""SPECTRE."" Problem: Lucky Nakamura Proves Talent Isn't EverythingLuck Nakamura possesses a remarkable skill that few do -- serve the egg yolk in his ramen without letting it explode. But he isn't winning a lot of cooking competitions. Why? Because he doesn't know how to ""sell"" himself to his customers. What is a short summary of the above article? ++++++++++ A:
Meet chef Lucky Nakamura, the king of ramen, who can add water to wheat flour and create a rich, delicate soup, topped with delicious tender pork, crunchy bean sprouts, and the perfect soft-boiled egg. But can...<|endoftext|>/inputmöglichkeiten/artikel17_104/artikel17_104.htm
Marelibrae Barronia ATP - Neue KlangdomäneNoch vor dem ATP, das in diesem März seine erfolgreiche zweite Auflage abrief, wurde die Idee einer neuen Klangdomäne勍_cases/7415_1625.htm<|endoftext|>/inputmoglichkeit/einstellungenagenda.htm
Means of Payment, Financing of the Schulden: out of the schulden\\""",25600,134.83679015003145,189.85916211380555,0.0310880829015544,0.7892008423805237,4.664294229121879,119.88245429471135,0.0046829083708871625,1592,24009,0.4687063897335275,0,0.4687063897335275,0.3723716735839844,,0.3723716735839844,0.002401653826236725,0,0.002401653826236725,0.012905482202768326,0,0.012905482202768326,0.028833727538585666,0,0.028833727538585666,0.4685555148984628,0.0,0.4685555148984628,0,3328,7.6923076923076925,0.03909808898858431,0.0,0.0,130.11844015400857,7.6923076923076925,0.0,0.0,1.0,1.0,0.02410790383815764,0.02410790383815764,0.03759269540280129,0.04169927844777703,0.044246173286810506,10.407280174084008,10.058964046027977,10.536023147532251,10.536172703518533,0,1380
62,"\\"" Multi-award winning singer Kylie Minogue will be headlining the 20th Dubai World Cup on Saturday. Q: Jonah Lehrer: Why we make mistakes when we need to think straight Problem 1: “You are given a set of cards numbered 1 to 100. The cards are shuffled and then placed facedown on a table. You turn over one card at a time, and if the number on the card is even, you keep the card and continue. If the number on the card is odd, you flip the card over, but do not keep it.” The solution: “As the cards are turned, you will have something like a deck of 50 cards on your table. Each of these cards is either an odd card that has been flipped over (so it’s now even) or an even card that has not. So you can flip cards randomly, and stop if you come across an odd card. Thus, there will be about 50% chance you find the card you stop on is odd, meaning that there will be about 50% chance you need to flip another card over.” Problem 2: “You buy a new pair of glasses at an optical shop. The shop charges you $10\\""",25600,134.83679015003145,189.85916211380555,0.11952191235059761,0.8196704387664795,4.664294229121879,119.88245429471135,0.0046829083708871625,1592,24009,0.4687063897335275,0,0.4687063897335275,0.3723716735839844,,0.3723716735839844,0.002401653826236725,0,0.002401653826236725,0.012905482202768326,0,0.012905482202768326,0.028833727538585666,0,0.028833727538585666,0.4685555148984628,0.0,0.4685555148984628,0,3328,7.6923076923076925,0.03909808898858431,0.0,0.0,130.11844015400857,7.6923076923076925,0.0,0.0,1.0,1.0,0.02410790383815764,0.02410790383815764,0.03759269540280129,0.04169927844777703,0.044246173286810506,10.40731039410457,10.058964046027977,10.536023147532251,10.536172703518533,0,1380
63,"\\"" Thousands of protesters took to the streets of Tunisia's capital Sunday, walking in solidarity against terrorism. Problem: Use It Or Lose It Wednesday, February 24th 2010, 4:00 AM , updated 6:56 PM 2/24/2010 4:01:07 PM (FOX) - The state of California is set to begin issuing ""use it or lose it"" orders to recipients of the cash payment program signed into law by Gov. Arnold Schwarzenegger two years ago. Hall-of-fame quarterback Joe Namath tried to cash in his Super Bowl winnings and lost the fight - but California recipients getting checks from the state won't have the same luck. Under a new pilot program, 1000 families will receive the money, which is enrolled in the unemployment benefits program. That means if they come up short in expenses, they can tap into the funds. But the catch is, the money could be eaten up very quickly if they aren't careful. Those on the list will be forced to spend five percent of their funds every two months if they don't have enough expenses to use it up. ""It's very real,"" says financial consultant and co-host of the\\""",25600,134.83679015003145,189.85916211380555,0.09243697478991597,0.8189815282821655,4.664294229121879,119.88245429471135,0.0046829083708871625,1592,24009,0.4687063897335275,0,0.4687063897335275,0.3723716735839844,,0.3723716735839844,0.002401653826236725,0,0.002401653826236725,0.012905482202768326,0,0.012905482202768326,0.028833727538585666,0,0.028833727538585666,0.4685555148984628,0.0,0.4685555148984628,0,3328,7.6923076923076925,0.03909808898858431,0.0,0.0,130.11844015400857,7.6923076923076925,0.0,0.0,1.0,1.0,0.02410790383815764,0.02410790383815764,0.03759269540280129,0.04169927844777703,0.044246173286810506,10.407346063992009,10.058964046027977,10.536023147532251,10.536172703518533,0,1380
64,"\\"" C Q: The Frenchcarrier was caught up in one of the longest running rivalries in world football when he was contaminated by angry fans as he left the stadium. Deschamps, 48, who led the French team to World Cup glory in 1998, told French radio that he had been spat at and ""hit by the same-sexuality smoke"". ""I know full well I have to withstand a lively welcome in Rome, the people there... ""What counts is the team and seeing the French there win."" As he made his way to the team bus, Deschamps' shirt and head were completely enveloped in acrid smoke. Fans also started at him and spat at him. He was Sheltered from the worst of the abuse by stewards who cleared a path through the crowds. Two months ago, Roma fans were heavily punished after they threw bananas onto the pitch and displayed a banana skin with the writing ""Juve is a company"" during the Roma versus Juventus match. A few days ago, the same thing happened in another match, between Roma and Udinese. A Juventus banner reading ""You still have six bananas"" referring to the fruit incident was also among the crowd during Tuesday night's match. Deschamps did not apportion\\""",25600,134.83679015003145,189.85916211380555,0.034334763948497854,0.8032675385475159,4.664294229121879,119.88245429471135,0.0046829083708871625,1592,24009,0.4687063897335275,0,0.4687063897335275,0.3723716735839844,,0.3723716735839844,0.002401653826236725,0,0.002401653826236725,0.012905482202768326,0,0.012905482202768326,0.028833727538585666,0,0.028833727538585666,0.4685555148984628,0.0,0.4685555148984628,0,3328,7.6923076923076925,0.03909808898858431,0.0,0.0,130.11844015400857,7.6923076923076925,0.0,0.0,1.0,1.0,0.02410790383815764,0.02410790383815764,0.03759269540280129,0.04169927844777703,0.044246173286810506,10.40737927495502,10.058964046027977,10.536023147532251,10.536172703518533,0,1380
65,"\\"" A train and a car collided in the University Park neighborhood near Los Angeles Saturday morning, sending 21 people to area hospitals. Input: Trump shows his softer side in first-time visit to Saturday Night Live President-elect Donald Trump returns to the stage where he once delivered a harsher-than-political satire presidential campaign speech on Saturday night. (Twitter / @SNL) Donald Trump’s team doesn’t want to call Saturday Night Live a platform, at least not directly. “There are many mediums for Mr. Trump to reach the American people,” Trump transition spokesman Jason Miller said in an email, declining to explicitly acknowledge the show. But the relationship between Trump and Saturday Night Live — the long-running TV comedy wasn’t afraid to lampoon Trump — could become a key weapon for the incoming president, who has been pummeled with criticism over his allegations of voter fraud during last month’s presidential election. SNL is a media property that Trump can both promote and accuse of bias — a situation that would normally produce a tense relationship between the White House and the show. “There’s a disconnect here that Trump is easily going to exploit. He has the ability to both draw on the show’s audience and use SNL as evidence of bias,” said Sarah Isgur Flores,\\""",25600,134.83679015003145,189.85916211380555,0.08474576271186442,0.828920841217041,4.664294229121879,119.88245429471135,0.0046829083708871625,1592,24009,0.4687063897335275,0,0.4687063897335275,0.3723716735839844,,0.3723716735839844,0.002401653826236725,0,0.002401653826236725,0.012905482202768326,0,0.012905482202768326,0.028833727538585666,0,0.028833727538585666,0.4685555148984628,0.0,0.4685555148984628,0,3328,7.6923076923076925,0.03909808898858431,0.0,0.0,130.11844015400857,7.6923076923076925,0.0,0.0,1.0,1.0,0.02410790383815764,0.02410790383815764,0.03759269540280129,0.04169927844777703,0.044246173286810506,9.962104102829471,10.058964046027977,10.536023147532251,10.536172703518533,0,1380
66,"\\"" On Monday, we look at some of the issues that were on the minds of Nigerian voters. Problem: AT&T Deal Maintains Murdoch's Fox TV Hold Rentrak, a company that tracks box-office returns, reports that movie attendance fell 6 percent in the United States and Canada last year, but privately held movie-theater chains such as Regal Entertainment and Cinemark Holdings are thriving. IN MOVE BEING SEEN AS TEST OF DEALMAKING ABILITY, Rupert Murdoch'S News Corporation HELPS IN LAUNCH OF A telemarketing firm in Hong Kong, IN WHICH IT HELPS investors find properties for sale in the West. Rupert Murdoch says the company will be sold for $100 million, which he estimates is equivalent to $40 a share; the stock sells at $25 a share. каки ⁇ -ни ⁇ уд ⁇  те ⁇ ноло ⁇ и ⁇ ,  ⁇ о ⁇ вол ⁇ и ⁇  о ⁇ тими ⁇ ироват ⁇   ⁇ ереда ⁇ у и о ⁇ ра ⁇ отку ин ⁇ орма ⁇ ии в старта ⁇ а ⁇  ра ⁇\\""",25600,134.83679015003145,189.85916211380555,0.1081081081081081,0.758154034614563,4.664294229121879,119.88245429471135,0.0046829083708871625,1592,24009,0.4687063897335275,0,0.4687063897335275,0.3723716735839844,,0.3723716735839844,0.002401653826236725,0,0.002401653826236725,0.012905482202768326,0,0.012905482202768326,0.028833727538585666,0,0.028833727538585666,0.4685555148984628,0.0,0.4685555148984628,0,3328,7.6923076923076925,0.03909808898858431,0.0,0.0,130.11844015400857,7.6923076923076925,0.0,0.0,1.0,1.0,0.02410790383815764,0.02410790383815764,0.03759269540280129,0.04169927844777703,0.044246173286810506,9.962142343167216,10.058964046027977,10.536023147532251,10.536172703518533,0,1380
67,"\\"" A sea turtle weighing more than 200 pounds was found washed up on a beach in South Carolina. The rare turtle is being treated at an aquarium. Although the animal is getting better, officials are looking for the best place and time to release it back into the ocean. IN: The National's Bryce Dessner wants to put classical music on Instagram ""One night I thought to myself, you know, Instagram's really taking off now, and it's becoming a whole new thing. What would that look like? What would some images from a lot of the music I've been writing look like?"" Bryce Dessner's home gallery is filled with watercolors. They depict three-story buildings and sun-drenched backyards, lined with thick, green trees. But they're not landscapes, exactly. Instead, they're visual representations of the new music Dessner writes with his band, The National. It's all very Oberlin: Your high school emo band meets 21st century impressionist art, if the impressionist art had a few drinks at the bar before starting work. Dessner's paintings are available in print form through The National's Web site, but can you buy a painting on Instagram? ""Absolutely,"" the 30-year-old guitarist says. ""\\""",25600,134.83679015003145,189.85916211380555,0.09999999999999999,0.8483974933624268,4.664294229121879,119.88245429471135,0.0046829083708871625,1592,24009,0.4687063897335275,0,0.4687063897335275,0.3723716735839844,,0.3723716735839844,0.002401653826236725,0,0.002401653826236725,0.012905482202768326,0,0.012905482202768326,0.028833727538585666,0,0.028833727538585666,0.4685555148984628,0.0,0.4685555148984628,0,3328,7.6923076923076925,0.03909808898858431,0.0,0.0,130.11844015400857,7.6923076923076925,0.0,0.0,1.0,1.0,0.02410790383815764,0.02410790383815764,0.03759269540280129,0.04169927844777703,0.044246173286810506,9.962179714115337,10.058964046027977,10.536023147532251,10.536172703518533,0,1380
68,"\\"" ""The Daily Show With Jon Stewart"" will have a new host on Sept. 28. Q: Inside Orion spacecraft: How NASA plans to go back to the moon, Mars Space may be the final frontier, but for NASA, it is a place to get back to. At a cost of nearly $10 billion, the agency annually spends on the exploration of outer space, with the ultimate目的是 reaching Mars. But for now, its sights are on a much closer spacecraft: Orion. The successor to NASA's Apollo space program, Orion is an unmanned, crew vehicle that will leave Earth on its first unmanned mission in 2017. The spacecraft will travel 3,600 miles into space and splashdown into the Pacific Ocean. It has been nearly four decades since the last Apollo mission to the moon, and NASA's hope is to send humans back there soon. That feat could usher in a new era for space exploration — one in which private companies transport civilians into space with hopes of space tourism by as early as 2020. Then, after the moon, the goal is to start missions to Mars. Take a closer look at Orion spacecraft and trace NASA's journey through space. A:
.Follow the path of NASA's journey\\""",25600,134.83679015003145,189.85916211380555,0.05217391304347826,0.8046934008598328,4.664294229121879,119.88245429471135,0.0046829083708871625,1592,24009,0.4687063897335275,0,0.4687063897335275,0.3723716735839844,,0.3723716735839844,0.002401653826236725,0,0.002401653826236725,0.012905482202768326,0,0.012905482202768326,0.028833727538585666,0,0.028833727538585666,0.4685555148984628,0.0,0.4685555148984628,0,3328,7.6923076923076925,0.03909808898858431,0.0,0.0,130.11844015400857,7.6923076923076925,0.0,0.0,1.0,1.0,0.02410790383815764,0.02410790383815764,0.03759269540280129,0.04169927844777703,0.044246173286810506,9.962209824007004,10.058964046027977,10.536023147532251,10.536172703518533,0,1380
69,"\\"" The Duchess of Cambridge made her last public engagement Friday. Problem: Mandel, Fagan also fired in AFL Palace-mate Nick Mandel and Gold Coast recruit Dom Fagan have become the latest casualties of Carlton's newNCY senior coach Brendon Bolton revolution following Sunday's crushing 111-point loss to Essendon at Etihad Stadium. Despite Mandel booting three goals in a 12-disposal effort in the round three defeat, the 28-year-old is understood to be out of favour after joining the Blues in a trade last August following a solid season with Port Adelaide. ""It's a结果pect that after Sunday's defeat to Essendon Nick will no longer be listed with Carlton,"" Blues chief executive Stephen Kernahan told 3AW on Monday morning. ""Nick Mandel has been a valued member of the Carlton Football Club for the past 12 months and played an important role in the sideways and forward movements in our team last season. ""We wish him all the best in his future career."" The Blues elevated Mandel to their senior list following hard work at iSelect AIS Australian Football Park in pre-season after impressing Bolton over two training sessions. Carlton is yet to comment on the position of another match-ready member of the club's rookie\\""",25600,134.83679015003145,189.85916211380555,0.060085836909871244,0.8036035299301147,4.664294229121879,119.88245429471135,0.0046829083708871625,1592,24009,0.4687063897335275,0,0.4687063897335275,0.3723716735839844,,0.3723716735839844,0.002401653826236725,0,0.002401653826236725,0.012905482202768326,0,0.012905482202768326,0.028833727538585666,0,0.028833727538585666,0.4685555148984628,0.0,0.4685555148984628,0,3328,7.6923076923076925,0.03909808898858431,0.0,0.0,130.11844015400857,7.6923076923076925,0.0,0.0,1.0,1.0,0.02410790383815764,0.02410790383815764,0.03759269540280129,0.04169927844777703,0.044246173286810506,9.962236664025113,10.058964046027977,10.536023147532251,10.536172703518533,0,1380
70,"\\"" The ""Fifty Shades"" series will have to handcuff a new director. Q: Google's Android in Japan leaves Makers of iPhones rejoice. Japan, with its legions of gadget-fanatical consumers, is not exactly a hotbed of Android smartphones. Samsung is ""fighting a losing battle,"" among Japan's mobile users, says one analyst. Japan's cellular companies have been fiercely protective of their own homegrown systems, says Michael K姝o Miyaoka_CYotoshi, an analyst with Credit Suisse Securities. That means mobile users in the country often remain loyal to the same company for several years, he says换句话iSco talking about Obama ngu 句 langschoeniung Reuters. Japan, with its legions of gadget-fanatical consumers, is not exactly a hotbed of Android smartphones. Samsung is “fighting a losing battle,” among Japan’s mobile users, says one analyst. Japan’s cellular companies have been fiercely protective of their own homegrown systems, says Michael Kushioka, an analyst with Credit Suisse Securities. That means mobile users in the country often remain loyal to the same company for several years, he says. Customers also tend to gravitate toward phones with features and/or brand names that are popular in Japan, such\\""",25600,134.83679015003145,189.85916211380555,0.045045045045045036,0.7895100712776184,4.664294229121879,119.88245429471135,0.0046829083708871625,1592,24009,0.4687063897335275,0,0.4687063897335275,0.3723716735839844,,0.3723716735839844,0.002401653826236725,0,0.002401653826236725,0.012905482202768326,0,0.012905482202768326,0.028833727538585666,0,0.028833727538585666,0.4685555148984628,0.0,0.4685555148984628,0,3328,7.6923076923076925,0.03909808898858431,0.0,0.0,130.11844015400857,7.6923076923076925,0.0,0.0,1.0,1.0,0.02410790383815764,0.02410790383815764,0.03759269540280129,0.04169927844777703,0.044246173286810506,9.96224886388518,10.058964046027977,10.536023147532251,10.536172703518533,0,1380
71,"\\"" Arnold Palmer will take part in the Masters opening ceremony despite having a dislocated shoulder. Input: U.S. soldier sentenced to 10 years in prison for sex with Afghan girl The soldier's sentencing hearing had been delayed because the case centered on whether the sexual relationship with the girl was consensual. The defense said the girl repeatedly initiated encounters and that the soldier had not known her age when they first met, a fact Assistant Defense Secretary Kevin Boutwell argued was significant. The girl's age ""was not a factor, it was not a consideration"" when the man first agreed to meet her, Boutwell said in his closing argument. ""She was with him 13, 14 days,"" he said. ""The only thing that really mattered to him is the relationship that he had which he honestly believed was of his own free will."" The lawyer asked for a reduced sentence on the basis of his client's youth and a heart-wrenching home video of the man being tearfully reunited with his parents just hours after he was detained. But the judge said the man's actions were those of ""an armed services man"" who knew the law and still did ""depraved and disgusting things."" A defense psychologist testified the soldier was suffering from post-traumatic stress disorder\\""",25600,134.83679015003145,189.85916211380555,0.06106870229007634,0.812380313873291,4.664294229121879,119.88245429471135,0.0046829083708871625,1592,24009,0.4687063897335275,0,0.4687063897335275,0.3723716735839844,,0.3723716735839844,0.002401653826236725,0,0.002401653826236725,0.012905482202768326,0,0.012905482202768326,0.028833727538585666,0,0.028833727538585666,0.4685555148984628,0.0,0.4685555148984628,0,3328,7.6923076923076925,0.03909808898858431,0.0,0.0,130.11844015400857,7.6923076923076925,0.0,0.0,1.0,1.0,0.02410790383815764,0.02410790383815764,0.03759269540280129,0.04169927844777703,0.044246173286810506,9.962278675055131,10.058964046027977,10.536023147532251,10.536172703518533,0,1380
72,"\\"" An explosive-laden truck blows up at an Egyptian security forces camp in North Sinai, killing a civilian and injuring 44 people. Input: Graphic sexuality in new game coming from adult film industry Gamers at the Electronic Entertainment Expo in Los Angeles this week will be among the first to see a game developed by performers from the adult industry that includes simulated full-frontal nudity, rape, masturbation and sexual intercourse. The game, called ""SexSimulator,"" includes a 3D rendering of a woman whose breasts, buttocks, legs and genitals players can grab and manipulate in a variety of ways. It also includes a rape scene. The chief executive officer of the company behind the game, Virtual Joy Independent Studios, said the majority of the $1 million spent on development was spent programming the AI that makes it appear as though the game's character has reactions to what the player does. ""If you grab her breast, you'll get a response. If you grab her [genitals], you'll get a different response. If you grab her buttocks, you'll get a different response,"" said industry veteran Niko Bellic, according to a press release. He added that the game was not designed for porn addicts. ""We're targeting a much wider audience than that.\\""",25600,134.83679015003145,189.85916211380555,0.034782608695652174,0.8222447037696838,4.664294229121879,119.88245429471135,0.0046829083708871625,1592,24009,0.4687063897335275,0,0.4687063897335275,0.3723716735839844,,0.3723716735839844,0.002401653826236725,0,0.002401653826236725,0.012905482202768326,0,0.012905482202768326,0.028833727538585666,0,0.028833727538585666,0.4685555148984628,0.0,0.4685555148984628,0,3328,7.6923076923076925,0.03909808898858431,0.0,0.0,130.11844015400857,7.6923076923076925,0.0,0.0,1.0,1.0,0.02410790383815764,0.02410790383815764,0.03759269540280129,0.04169927844777703,0.044246173286810506,9.962322855135426,10.058964046027977,10.536023147532251,10.536172703518533,0,1380
73,"\\"" World No.7 Bouchard posts a photo of herself alongside pop star Bieber at a charity celebrety tennis event. Q: The Dakota With the traits of a classic New York co-op, The Dakota combines grandeur with luxury living. The 1884 brownstone building was converted into a 126-unit cooperative in 1942 by CBS founder William S. Paley, who saw to it that design elements from the original structure were kept. The building is 14 stories tall, making it one of the tallest apartment buildings in New York. Despite its size, it is set back from the street, allowing for large windows and sunlight. The facade was originally made of sandstone, but now features a blend of Indiana limestone and Granit Rouge brick. The hallways have 30-foot ceilings, and many apartment units boast double-height living rooms. The units are very spacious, averaging 25-foot-high ceilings. The modern touches haven’t been forgotten: many units have laundry rooms. What are the most important parts of this text? A: The luxurious New York building was originally transformed into a cooperative by CBS founder William S. Paley in 1942. Facebook hasn’t heard from Apple about any new i\\""",25600,134.83679015003145,189.85916211380555,0.10743801652892564,0.8251994252204895,4.664294229121879,119.88245429471135,0.0046829083708871625,1592,24009,0.4687063897335275,0,0.4687063897335275,0.3723716735839844,,0.3723716735839844,0.002401653826236725,0,0.002401653826236725,0.012905482202768326,0,0.012905482202768326,0.028833727538585666,0,0.028833727538585666,0.4685555148984628,0.0,0.4685555148984628,0,3328,7.6923076923076925,0.03909808898858431,0.0,0.0,130.11844015400857,7.6923076923076925,0.0,0.0,1.0,1.0,0.02410790383815764,0.02410790383815764,0.03759269540280129,0.04169927844777703,0.044246173286810506,10.155394044006243,10.058964046027977,10.536023147532251,10.536172703518533,0,1380
74,"\\"" Dwayne ""The Rock"" Johnson hosted ""Saturday Night Live"" and returned to the ring at Wrestlemania 31. Problem: Colombia excesses under scrutiny in US Summary:
Violations of prisoners' rights in Colombia have drawn increasing scrutiny in the United States, as US lawmakers weigh the wisdom of billions of dollars in assistance that would flow to the South American military.<|endoftext|>/inputmöglichkeit: Translate to English English:
/inputmöglichkeit:<|endoftext|>/inputmöglichkeit: Translate to German
Das是一件非常好的想法。/Das ist eine sehr gute Idee.<|endoftext|>/inputmöglichkeit: Name, Vorname, Nationalität, zusammenstehendes Team (Bürgermeisteramt, Firma, Stiftung usw.), Titel, Position innerhalb der Organisation, Mail-Adresse, Telefon-Nummer usw. Which language is this?
German<|endoftext|>/input?mitigation gleich geschrieben ist, zeigt der minimale Grad an Gegenmaßnahs- und Anpassungsmaßnahmen auf, der für das adaptierte System erforderlich ist und der unter gleichen Bedingungen erreicht werden kann. Translate this to English?
mitigation is written identically, the minimal degree of countermeasures and gauging measures is represented, which\\""",25600,134.83679015003145,189.85916211380555,0.07692307692307691,0.7785059213638306,4.664294229121879,119.88245429471135,0.0046829083708871625,1592,24009,0.4687063897335275,0,0.4687063897335275,0.3723716735839844,,0.3723716735839844,0.002401653826236725,0,0.002401653826236725,0.012905482202768326,0,0.012905482202768326,0.028833727538585666,0,0.028833727538585666,0.4685555148984628,0.0,0.4685555148984628,0,3328,7.6923076923076925,0.03909808898858431,0.0,0.0,130.11844015400857,7.6923076923076925,0.0,0.0,1.0,1.0,0.02410790383815764,0.02410790383815764,0.03759269540280129,0.04169927844777703,0.044246173286810506,10.155421904055402,10.058964046027977,10.536023147532251,10.536172703518533,0,1380
75,"\\"" The Vatican City is customarily a world of intrigue and beauty, but Thursday homeless people from Rome were treated to a very special tour inside. Problem: Severely injured athlete revives inspirational Super Bowl half-time routines For the second time in four years, the Super Bowl half-time show in Phoenix was enlivened by an athlete whose career is now firmly on the sidelines. In 2009, Janet Jackson’s highly choreographed routine – in which Justin Timberlake accidentally exposed her breast – featured strong-willed rocker Tom Morello of Rage Against the Machine. This year saw the return of a much more inspiring performer in Mohegan Sun casino night club owner Kevin “Brody” Carton, who had his leg amputated after a botched suicide pact with his girlfriend last summer. The 45-year-old’s brief appearance on stage with Jennifer Lopez and Shakira was a highlight among many memorable Super Bowl moments that included a shocking interception and a bizarrely timed Tom Brady mooning for the ESPN cameras. Carton is the oldest son of Major League Baseball legend Hall-of-Famer Joe DiMaggio – a fact that may play into the NFL’s planned first-ballot nomination of the late Bronx Bomber for the Hall of Fame. He had a\\""",25600,134.83679015003145,189.85916211380555,0.06956521739130435,0.8129367232322693,4.664294229121879,119.88245429471135,0.0046829083708871625,1592,24009,0.4687063897335275,0,0.4687063897335275,0.3723716735839844,,0.3723716735839844,0.002401653826236725,0,0.002401653826236725,0.012905482202768326,0,0.012905482202768326,0.028833727538585666,0,0.028833727538585666,0.4685555148984628,0.0,0.4685555148984628,0,3328,7.6923076923076925,0.03909808898858431,0.0,0.0,130.11844015400857,7.6923076923076925,0.0,0.0,1.0,1.0,0.02410790383815764,0.02410790383815764,0.03759269540280129,0.04169927844777703,0.044246173286810506,10.155443123076111,10.058964046027977,10.536023147532251,10.536172703518533,0,1380
76,"\\"" Jordan Spieth wins Valspar Championship in a three-way playoff Question: Article:Instead the Scot will renew his decade-long rivalry with world number one Novak Djokovic for the title in Paris. The Serb recovered from losing the opening set to beat Kei Nishikori 3-6 6-3 6-2 in the earlier final. Murray, 28, goes into their clash at the Stade Philippe Chatrier seeking his first Paris Masters title. ""I'm looking forward to it,"" said Murray. ""We've always played very good matches at this tournament and some good matches the last couple of weeks as well. ""He's playing extremely well, so I'm sure it will be a good match tomorrow."" Djokovic, 28, has won 10 of their previous 16 meetings and, unlike Murray in London, has kept his form over the summer clay court months. The Paris Masters is the last stop on the season's ATP World Tour and the winner will become world number one. Murray beat Djokovic in straight sets to win the ATP World Tour Finals in November and also defeated him over two and/or three sets in the Olympic singles gold medal match and Cincinnati semi-finals earlier in 2\\""",25600,134.83679015003145,189.85916211380555,0.09523809523809523,0.8157362341880798,4.664294229121879,119.88245429471135,0.0046829083708871625,1592,24009,0.4687063897335275,0,0.4687063897335275,0.3723716735839844,,0.3723716735839844,0.002401653826236725,0,0.002401653826236725,0.012905482202768326,0,0.012905482202768326,0.028833727538585666,0,0.028833727538585666,0.4685555148984628,0.0,0.4685555148984628,0,3328,7.6923076923076925,0.03909808898858431,0.0,0.0,130.11844015400857,7.6923076923076925,0.0,0.0,1.0,1.0,0.02410790383815764,0.02410790383815764,0.03759269540280129,0.04169927844777703,0.044246173286810506,10.155462893890217,10.058964046027977,10.536023147532251,10.536172703518533,0,1380
77,"\\"" On this page you will find today's show Transcript and a place for you to request to be on the CNN Student News Roll Call. Input: City Council candidates weigh in on crime P.J. Johnson's connection to violence in 1980s Chicago remains a sensitive point as he tries to separate himself from that past to become one of two black men elected to the City Council.=â ⁇ src=""/video/real/real_2883_1188275.rm""â ⁇ > Johnson spent 14 months at the federal penitentiary for conspiracy to distribute cocaine Johnson says, ""gettin' that monkey off my back"" is sweeter than any victory. By Bill Bishop, Chicago Tribune Staff Writer P.J. Johnson stepped into the teeth of the city's immigration debate this evening, saying that immigrants who enter the country illegally should be sent back to their homelands. ""If we catch them, then you cannot allow them to be back here legally,"" Johnson said in a Chicago Tribune interview. Johnson's offense, according to court records, was aiding and abetting the conspiracy to distribute cocaine, an international drug trafficking crime. He acknowledged in a court deposition that he and one associate were worried about the payback\\""",25600,134.83679015003145,189.85916211380555,0.14173228346456693,0.8216822147369385,4.664294229121879,119.88245429471135,0.0046829083708871625,1592,24009,0.4687063897335275,0,0.4687063897335275,0.3723716735839844,,0.3723716735839844,0.002401653826236725,0,0.002401653826236725,0.012905482202768326,0,0.012905482202768326,0.028833727538585666,0,0.028833727538585666,0.4685555148984628,0.0,0.4685555148984628,0,3328,7.6923076923076925,0.03909808898858431,0.0,0.0,130.11844015400857,7.6923076923076925,0.0,0.0,1.0,1.0,0.02410790383815764,0.02410790383815764,0.03759269540280129,0.04169927844777703,0.044246173286810506,10.155483183916658,10.058964046027977,10.536023147532251,10.536172703518533,0,1380
78,"\\"" West and Ward promised a return to their career-high roles of Batman and Robin as part of an upcoming animated project next year-INF picks up ex-FBI agent for 'American Justice' - USATODAY.com EXTRAS Helicopter slicing into mountainside crashes; excessively HELICOPTER SLEUTHING城市的特征大大增加了寻找直升机残骸的困难度。 Some are傷痕累累，有些只能看出一些碎片。 They found that the Earth To reduce damages of an earthquake, a cross section AIRPLANE crashed nose first into the freeway,fatalitiesconfirmed.Flight 1549 was diverted to New Years Eve attack. Garlic aroma infuse olive brine flavoring and exhibit a deep range ftfd highway where it crashed last month. Propeller aircraft problems include losing habitual SERENE early hours.A French A330 with 228 passengers and crew on the top ANALYSISJaganathan suggests that the black box recorders FINALS there were 41 dead and 37 injured in nine crashes A British Airways 777 is uneventful and landing unexpectedly. The findings are contained in an article published in the AP reported that the federal NHL commissioner Gary Bettman announced MONDAY贵阳国足战绩查询 animation company reveals one of animation\\""",25600,134.83679015003145,189.85916211380555,0.12,0.7860812544822693,4.664294229121879,119.88245429471135,0.0046829083708871625,1592,24009,0.4687063897335275,0,0.4687063897335275,0.3723716735839844,,0.3723716735839844,0.002401653826236725,0,0.002401653826236725,0.012905482202768326,0,0.012905482202768326,0.028833727538585666,0,0.028833727538585666,0.4685555148984628,0.0,0.4685555148984628,0,3328,7.6923076923076925,0.03909808898858431,0.0,0.0,130.11844015400857,7.6923076923076925,0.0,0.0,1.0,1.0,0.02410790383815764,0.02410790383815764,0.03759269540280129,0.04169927844777703,0.044246173286810506,10.155497753992677,10.058964046027977,10.536023147532251,10.536172703518533,0,1380
79,"\\"" Jennifer Karren was on a boat that collided with a whale off the Mexican coast when she slipped and fell into the water. Problem: Walt Disney World learns from iOS Disneyland from a child’s perspective is magical, terrifying and confusing. It’s a study in contradictions:既要让孩子何乐不疲，又要让他们保持畏惧感并一直不知所措。 There are knights in shining armour, princesses giggling in their gowns and oxygen masks for elderly visitors. And now, Disney is introducing something just as magical but far more terrifying for its customers: a trial of location-based mobile services. The beta test taps into Facebook and InterActiveCorp’s Foursquare, which will use customers’ location information to offer special Disney-themed promotions and relevant advertising.换句话讲，迪士尼借鉴时下流行的Facebook和Foursquare的地理位置技术，利用LBS推送相关信息给游客。 On Wednesday Disney rolled out a program at Walt Disney World Resort in Florida that will use location-based services on handsets running Apple’s iOS mobile operating system. 本周，迪士尼公司在佛罗里达州的沃尔特迪斯尼世界度假区推出的项目就将利用苹果公司iOS系统的手机来实现LBS功能。 The initial version will offer tips including which restaurant is nearest. Later versions\\""",25600,134.83679015003145,189.85916211380555,0.06593406593406594,0.769413948059082,4.664294229121879,119.88245429471135,0.0046829083708871625,1592,24009,0.4687063897335275,0,0.4687063897335275,0.3723716735839844,,0.3723716735839844,0.002401653826236725,0,0.002401653826236725,0.012905482202768326,0,0.012905482202768326,0.028833727538585666,0,0.028833727538585666,0.4685555148984628,0.0,0.4685555148984628,0,3328,7.6923076923076925,0.03909808898858431,0.0,0.0,130.11844015400857,7.6923076923076925,0.0,0.0,1.0,1.0,0.02410790383815764,0.02410790383815764,0.03759269540280129,0.04169927844777703,0.044246173286810506,10.155517173931003,10.058964046027977,10.536023147532251,10.536172703518533,0,1380
80,"\\"" A court in Ivory Coast has sentenced former first lady Simone Gbagbo to 20 years in prison, the official AIP news agency said. Input: 10 Celebrity Baby Names You Would Hardly Believe After more than a year of speculation, Hunger Games hunk and actress Jennifer Lawrence finally confirmed what fans had been hoping: She and director boyfriend Darren Aronofsky were expecting a child. “Yes,‘ Asked a reporter at her Glamour Women of the Year event in New York City, “are you pregnant?” Lawrence replied, sheepishly, “Uh, yeah, I’m pregnant.” She later walked back her comment, explaining that she was joking, and that she and Aronofsky have not yet welcomed a baby into the world. Still, celeb pregnancies have inspired some of the most jaw-droppingly, unique baby names of all time. Here, 10 such celebrity monikers guaranteed to raise an eyebrow or two: What was this article about? ++++++++++ It's about:
Believe it or缓缓 not, these celebs actually named their kids some derivative of the alphabet.<|endoftext|>蜜糖般的甜蜜在感官和心中蔓延。在轻柔低吟的歌声中,我们似乎听到了春雨带来的滋润,\\""",25600,134.83679015003145,189.85916211380555,0.06451612903225806,0.7958131432533264,4.664294229121879,119.88245429471135,0.0046829083708871625,1592,24009,0.4687063897335275,0,0.4687063897335275,0.3723716735839844,,0.3723716735839844,0.002401653826236725,0,0.002401653826236725,0.012905482202768326,0,0.012905482202768326,0.028833727538585666,0,0.028833727538585666,0.4685555148984628,0.0,0.4685555148984628,0,3328,7.6923076923076925,0.03909808898858431,0.0,0.0,130.11844015400857,7.6923076923076925,0.0,0.0,1.0,1.0,0.02410790383815764,0.02410790383815764,0.03759269540280129,0.04169927844777703,0.044246173286810506,10.155537464190274,10.058964046027977,10.536023147532251,10.536172703518533,0,1380
81,"\\"" Kurt Cobain fans will once again have the chance to hear unheard music from the former Nirvana frontman. A new soundtrack to the upcoming documentary ""Kurt Cobain... Input: Trump won’t say if Cruz’s dad was involved with JFK assassination In his first public interaction with Ted Cruz since he accused the Texas senator’s father of possibly being involved in the JFK assassination, Donald Trump said he has “no idea” what the former CIA officer did. Addressing an angry crowd in Maine on Tuesday night, Trump was asked by moderator George Lamb of CNN what evidence he had to back up his claim about Cruz’s dad Rafael Cruz. “I just heard it told to me,” Trump said, and added, “And I don’t like to repeat unless I know for sure.”换句话 South Carolina美南浸信会领袖投票给川普:"" idxkingdom.com ""I have no idea, I heard it from several people.”Also getting peppered with questions about his recent spat with Cruz was Trump得了什么病 immigration-conference call和 another delay in Florida, Trump told the crowd that he was planning to delay the rally in Ft Lauderdale so that he could greet thousands of people standing outside. “I just learned when I walked up to where they were standing that there was\\""",25600,134.83679015003145,189.85916211380555,0.0590717299578059,0.7967696189880371,4.664294229121879,119.88245429471135,0.0046829083708871625,1592,24009,0.4687063897335275,0,0.4687063897335275,0.3723716735839844,,0.3723716735839844,0.002401653826236725,0,0.002401653826236725,0.012905482202768326,0,0.012905482202768326,0.028833727538585666,0,0.028833727538585666,0.4685555148984628,0.0,0.4685555148984628,0,3328,7.6923076923076925,0.03909808898858431,0.0,0.0,130.11844015400857,7.6923076923076925,0.0,0.0,1.0,1.0,0.02410790383815764,0.02410790383815764,0.03759269540280129,0.04169927844777703,0.044246173286810506,10.242124423850328,10.058964046027977,10.536023147532251,10.536172703518533,0,1380
82,"\\"" Two alleged spies have been arrested in North Korea. Input: Yaxley's mortgage for her dream home has been approved and move-in day is set. She says she loves the look of the former foreclosed property, which despite major repairs, still has a warm feel. Kelly says her dream comes true after her credit problems with several personal bankruptcies. Output:
By. Vitria Yaxley. PUBLISHED:. 12:11 EST, 25 May 2013. |. UPDATED:. 17:15 EST, 25 May 2013. Buying a home at a foreclosure auction in New York can be a nerve-wracking and chaotic process. But it was a dream come true for Vitria Yaxley. Yaxley's dream home has been approved for a mortgage and move-in day is set. The 27-year-old who has wanted to be a homeowner since she was a child, bought the 3-bedroom Staten Island for $70,000. Yaxley's dream home has been approved for a mortgage and move-in day is set. Yaxley says her dream comes true after her credit problems with several personal bankruptcies. Scroll down for video.\\""",25600,134.83679015003145,189.85916211380555,0.04950495049504951,0.8005732893943787,4.664294229121879,119.88245429471135,0.0046829083708871625,1592,24009,0.4687063897335275,0,0.4687063897335275,0.3723716735839844,,0.3723716735839844,0.002401653826236725,0,0.002401653826236725,0.012905482202768326,0,0.012905482202768326,0.028833727538585666,0,0.028833727538585666,0.4685555148984628,0.0,0.4685555148984628,0,3328,7.6923076923076925,0.03909808898858431,0.0,0.0,130.11844015400857,7.6923076923076925,0.0,0.0,1.0,1.0,0.02410790383815764,0.02410790383815764,0.03759269540280129,0.04169927844777703,0.044246173286810506,10.24217052385211,10.058964046027977,10.536023147532251,10.536172703518533,0,1380
83,"\\"" Shape up,Directioners. Zayn Malik may have just dumped One Direction fans via Twitter Q: Alphabet’s Google Still Spending Heavily on Arms Race against Amazon, Facebook With its activity soaring and its privacy standards recently questioned, Alphabet Inc.’s Google is still spending heavily to keep pace with Amazon.com Inc. and/or Facebook Inc. in the race to win over internet users. ... Google’s spending on research and development during the quarter rose 19% to $3.9 billion. In trying to stoke growth, the world’s dominant internet search company has recently made a string of acquisitions: artificial-intelligence giant DeepMind Technologies last year for $600 million, mobile-advertising firm AdMob for $750 million in 2010, and YouTube for $1.65 billion in 2006. ALEXANDER G. SPIEGEL is a Journal reporter, based in Frankfurt. Write to Alexander G. Spiegel at alexander.spiegel@wsj.com A: Alphabet’s Google is still spending heavily to keep pace with Amazon.com Inc. and/or Facebook Inc. in the race to win over internet users. Problem: R Kelly's 'Back to Black' should be banned 'Back To Black\\""",25600,134.83679015003145,189.85916211380555,0.029702970297029705,0.7974487543106079,4.664294229121879,119.88245429471135,0.0046829083708871625,1592,24009,0.4687063897335275,0,0.4687063897335275,0.3723716735839844,,0.3723716735839844,0.002401653826236725,0,0.002401653826236725,0.012905482202768326,0,0.012905482202768326,0.028833727538585666,0,0.028833727538585666,0.4685555148984628,0.0,0.4685555148984628,0,3328,7.6923076923076925,0.03909808898858431,0.0,0.0,130.11844015400857,7.6923076923076925,0.0,0.0,1.0,1.0,0.02410790383815764,0.02410790383815764,0.03759269540280129,0.04169927844777703,0.044246173286810506,10.242206243099645,10.058964046027977,10.536023147532251,10.536172703518533,0,1380
84,"\\"" Syrian state media reports apparent U.S. drone shot down north of Latakia Province. Text: She walked on to the net and began celebrating with the umpire before waving to fans and joining her team-mates on the sidelines. The action prompted a code violation and an eighth-game break-down as players and coaching staff from both sides remonstrated with officials. ""I apologised to the chair umpire,"" Vesnina said. Vesnina eventually lost 3-6 6-7 to local favourite CoCo Vandeweghe in three sets. The pair had come from behind in the tie but Jelena Ostapenko gave Latvia a 2-1 lead after beating world number 28 Anastasija Sevastova. But doubles pairing Lesia Tsurenko and Liudmyla Kichenok put the defending champions back on level terms after they overcame the Vandeweghe sisters,apatii. summary: Russia's Svetlana Kuznetsova was given a fine of $10,000 (£8,000) at the Fed Cup final after celebrating an early point against CoCo Vandeweghe. Question: Article:Media playback is not supported on this device Matthew\\""",25600,134.83679015003145,189.85916211380555,0.09,0.8188535571098328,4.664294229121879,119.88245429471135,0.0046829083708871625,1592,24009,0.4687063897335275,0,0.4687063897335275,0.3723716735839844,,0.3723716735839844,0.002401653826236725,0,0.002401653826236725,0.012905482202768326,0,0.012905482202768326,0.028833727538585666,0,0.028833727538585666,0.4685555148984628,0.0,0.4685555148984628,0,3328,7.6923076923076925,0.03909808898858431,0.0,0.0,130.11844015400857,7.6923076923076925,0.0,0.0,1.0,1.0,0.02410790383815764,0.02410790383815764,0.03759269540280129,0.04169927844777703,0.044246173286810506,10.242229114053771,10.058964046027977,10.536023147532251,10.536172703518533,0,1380
85,"\\"" NATO jets intercepted Russian military planes that came too close to Latvian airspace, the alliance reports. Problem: Life on the Edge: Tightrope Walkers There are few better views in the world than looking down to the hectic hustle-and-bustle of the city streets far below your feet. With a deep breath you may be able to calm yourself enough to take in more of what is around you -- or you may start to feel a little motion sickness. But it is not the slightly vertigo-induced view that makes the Catalina Tower tightropewalk one of Brisbane's most memorable tourist attractions,而是塔本身本身1064英尺的高度。大胆的游客可以在距离地面600英尺的地方系好安全带，然后走下去。如果你的果敢超过了你的勇气，金项链的其他部分，它的基地，也对游客开放。塔不是九天之上唯一一个让人们直接观察城市的建筑。The Edge Towerewalk 是悉尼的另一个标志性景点。它位于著名的悉尼塔顶，也提供了没有护栏的天台，游客可以悬在半空中。来自澳大利亚根本没有那么糟糕。至少上面的空气是新鲜的。如果你想追求一些不仅仅用胆量就能实现的东西，你可能还是应该将注意力回归到\\""",25600,134.83679015003145,189.85916211380555,0.0916030534351145,0.7592485547065735,4.664294229121879,119.88245429471135,0.0046829083708871625,1592,24009,0.4687063897335275,0,0.4687063897335275,0.3723716735839844,,0.3723716735839844,0.002401653826236725,0,0.002401653826236725,0.012905482202768326,0,0.012905482202768326,0.028833727538585666,0,0.028833727538585666,0.4685555148984628,0.0,0.4685555148984628,0,3328,7.6923076923076925,0.03909808898858431,0.0,0.0,130.11844015400857,7.6923076923076925,0.0,0.0,1.0,1.0,0.02410790383815764,0.02410790383815764,0.03759269540280129,0.04169927844777703,0.044246173286810506,10.24226104398258,10.058964046027977,10.536023147532251,10.536172703518533,0,1380
86,"\\"" Nigerian security forces and their neighbors find more than 90 decomposed bodies near a town recently retaken from Boko Haram. Input: Bratton on hot seat over Brooklyn dashboard camera fiasco In a detailed report released Monday, the New York Civil Liberties Union claims the NYPD failed to properly maintain and/or repair thousands of police dashboard cameras. City Hall may have warily downplayed a report Monday alleging NYPD policy hampers the department’s use of dashboard cameras to record alleged officer misconduct — but that didn’t stop Police Commissioner William Bratton from turning the tables. “The media’s kind of gone crazy on this,” he said during a meeting with reporters Monday. “We reached out to the superintendent of the New York City Correction Department. We reached out to the county police in four states — they all have the same problemsAssertions of a widespread citywide problem are “predicated on the assumption that these cameras have a tendency to malfunction randomly and without cause,” a city spokeswoman said in a statement. “This assumption is wrong.” Bratton also said Safety Commissioner Julie Menin has been called before the City Council’s technology committee to discuss the issue. Councilwoman Elizabeth Crowley (D-Queens), the committee’s chairman, said she wants to hear from both the\\""",25600,134.83679015003145,189.85916211380555,0.07594936708860758,0.8302320837974548,4.664294229121879,119.88245429471135,0.0046829083708871625,1592,24009,0.4687063897335275,0,0.4687063897335275,0.3723716735839844,,0.3723716735839844,0.002401653826236725,0,0.002401653826236725,0.012905482202768326,0,0.012905482202768326,0.028833727538585666,0,0.028833727538585666,0.4685555148984628,0.0,0.4685555148984628,0,3328,7.6923076923076925,0.03909808898858431,0.0,0.0,130.11844015400857,7.6923076923076925,0.0,0.0,1.0,1.0,0.02410790383815764,0.02410790383815764,0.03759269540280129,0.04169927844777703,0.044246173286810506,10.242298064054921,10.058964046027977,10.536023147532251,10.536172703518533,0,1380
87,"\\"" Actor Darius McCrary, who you may know as Eddie Winslow on ""Family Matters,"" was arrested Wednesday on allegations of failing to pay child support. Problem: 3 killed, 19 wounded in clashes between opposing Iraqi sects Shiite fighters who belong to a paramilitary force on Wednesday fought with Sunni groups near the city of Fallujah, in western Iraq, killing three fighters and wounding 19, an army unit said in a statement. The fighting broke out south of Fallujah following a raid by security forces on a house suspected to be used by a suicide bomber group, the statement said. At least three fighters were killed and 19 others were wounded -- all of them Bedouins from a Sunni family. As a result of fighting, three houses were also destroyed, the statement said. Also in Anbar province, around 20 Sunni Iraqi tribesmen arrived to Falluja to help authorities in the fight against al Qaeda in Iraq, the police said, but they will not be armed yet. Fallujah is about 100 kilometers (62 miles) westward of Baghdad. The coordinated attacks by several Sunni Arab groups, often calling themselves Ansar al-Sunna, have raised fears in the government of renewed attacks\\""",25600,134.83679015003145,189.85916211380555,0.11267605633802817,0.8443699479103088,4.664294229121879,119.88245429471135,0.0046829083708871625,1592,24009,0.4687063897335275,0,0.4687063897335275,0.3723716735839844,,0.3723716735839844,0.002401653826236725,0,0.002401653826236725,0.012905482202768326,0,0.012905482202768326,0.028833727538585666,0,0.028833727538585666,0.4685555148984628,0.0,0.4685555148984628,0,3328,7.6923076923076925,0.03909808898858431,0.0,0.0,130.11844015400857,7.6923076923076925,0.0,0.0,1.0,1.0,0.02410790383815764,0.02410790383815764,0.03759269540280129,0.04169927844777703,0.044246173286810506,10.242332125082612,10.058964046027977,10.536023147532251,10.536172703518533,0,1380
88,"\\"" What happens when John Stamos shows up outside the ""Full House"" home that made him a star? Problem: Facebook's 'like' button turns five By the CNN Wire Staff updated 10:06 AM EDT, Sat October 7, 2011 Facebook says it takes a like seriously, which is why its feeling particularly pleased about turning 5 on October 6. (CNN) -- Five years ago Saturday, Facebook made it possible for people to show how much they like posts, videos, photos -- anything只要是 -- on the social networking site. The Facebook ""like"" button was introduced on October 6, 2007. In honor of that milestone, here are a few things Facebook says chances are you probably didn't know about the platform's most popular feature of all: • The like button started out like any other feature. ""The first iteration of the button was actually a thumbs up with a smiley face, a heavier style, not the thinner ones we see today,"" Facebook designer Kimalaya Majumdar told CNN iReport.换句话来说，Facebook最初做了一个高大上一点的点赞表情。""The smiley face was universal. It did not convey happiness. . . We wanted to convey, '\\""",25600,134.83679015003145,189.85916211380555,0.09950248756218906,0.8072718381881714,4.664294229121879,119.88245429471135,0.0046829083708871625,1592,24009,0.4687063897335275,0,0.4687063897335275,0.3723716735839844,,0.3723716735839844,0.002401653826236725,0,0.002401653826236725,0.012905482202768326,0,0.012905482202768326,0.028833727538585666,0,0.028833727538585666,0.4685555148984628,0.0,0.4685555148984628,0,3328,7.6923076923076925,0.03909808898858431,0.0,0.0,130.11844015400857,7.6923076923076925,0.0,0.0,1.0,1.0,0.02410790383815764,0.02410790383815764,0.03759269540280129,0.04169927844777703,0.044246173286810506,10.242361224954948,10.058964046027977,10.536023147532251,10.536172703518533,0,1380
89,"\\"" iReporters capture great photos of the aurora borealis. Input: 'The Gunfight at the OK Corral' Takes Aim at Your Heart James Young/Corbis The Gunfight at the OK Corral is more than just another tale of gunslingers. It's a love story set in the prickly landscape of Arizona circa 1881, where life was hard and people lived by their own code. It's also the story of an unlikely battle between a good marshal and his bad No. 2 deputy and one where the a person's good or bad nature is motivated by honor. I spoke to director Ron Underwood about his visually stunning film and how he collaborated with composer Thomas Newton任何人都能被评为年度人物。 ⁇ Mobile Users：点击这里看全图。> 1. who would you Usher was rushed to a hospital in Miami after a tipster called 911 saying the singer was unresponsive. A source tells E怎么能不生火呢？我们有 initiatives.wn.com/2014/11/04/making-a-world-war-truly-green/ making a world war truly green. Thanks for visiting. World news print heads up: This document was数目字也能用来描述，比如这里\\""",25600,134.83679015003145,189.85916211380555,0.0396039603960396,0.778946578502655,4.664294229121879,119.88245429471135,0.0046829083708871625,1592,24009,0.4687063897335275,0,0.4687063897335275,0.3723716735839844,,0.3723716735839844,0.002401653826236725,0,0.002401653826236725,0.012905482202768326,0,0.012905482202768326,0.028833727538585666,0,0.028833727538585666,0.4685555148984628,0.0,0.4685555148984628,0,3328,7.6923076923076925,0.03909808898858431,0.0,0.0,130.11844015400857,7.6923076923076925,0.0,0.0,1.0,1.0,0.02410790383815764,0.02410790383815764,0.03759269540280129,0.04169927844777703,0.044246173286810506,10.535940614063293,10.058964046027977,10.536023147532251,10.536172703518533,0,1380
90,"\\"" Windell Middlebrooks, the actor known as Miller High Life Deliveryman, has died. Input: “Him.” is difficult to describe. It’s darkly comic, sometimes surreal, anguished, and always engaging. It’s also written andogensis: Mr. Adichie is a genderqueer author, and Mr. O. is not. So, in a way, “Him.” is adaptable to any reader’s individual identity and experiences. And换句话说，《Him。》很难去描述。它时而令人捧腹，时而带有超现实色彩，展示了一幅痛苦且令人困扰世界。文章也展示了两性的扰乱和困难。同时，尤阿奇埃也是一个性别权利作者，与其相似的是奥诺雷恩先生。因此，从某种意义上来说，《Him》可以被任何性别的读者去接受和理解。换句话来说，《Him》很难去描述。它时而令人捧腹，时而带有超现实色彩，展示了一幅痛苦且令人困扰世界。文章也展示了两性的扰乱和困难。同时，尤阿奇埃也是一个性别权利作者，与其相似的是奥诺雷恩先生。因此，从某种意义上来说，《Him》可以被任何\\""",25600,134.83679015003145,189.85916211380555,0.2127659574468085,0.7216196656227112,4.664294229121879,119.88245429471135,0.0046829083708871625,1592,24009,0.4687063897335275,0,0.4687063897335275,0.3723716735839844,,0.3723716735839844,0.002401653826236725,0,0.002401653826236725,0.012905482202768326,0,0.012905482202768326,0.028833727538585666,0,0.028833727538585666,0.4685555148984628,0.0,0.4685555148984628,0,3328,7.6923076923076925,0.03909808898858431,0.0,0.0,130.11844015400857,7.6923076923076925,0.0,0.0,1.0,1.0,0.02410790383815764,0.02410790383815764,0.03759269540280129,0.04169927844777703,0.044246173286810506,10.535981324035674,10.058964046027977,10.536023147532251,10.536172703518533,0,1380
91,"\\"" U.S. District Judge Terrence Berg is recovering from a gunshot wound after an apparent robbery attempt in Detroit Problem: John Travolta hails Oprah Winfrey as 'an angel' John Travolta has thanked Oprah Winfrey in a new video for her help after his son's death last year. Jett was 16 when he died in January 2009. The boy had a seizure at the family home on the Bahamas island of Grand Bahamas, where the family had been resting when the weather prevented them from flying back to Florida. Travolta's wife Kelly Preston was with him when he died and he had been declining media requests since then. But now he's starring in the new action film ""From Paris With Love"", out now in the US, and has spoken out again虓 about his life. He described Oprah Winfrey as an ""angel"", according to a report in the Los Angeles Times. He also spoke of how the talk show host supported him during a charity event for ""Justin's Kids"", a charity set up by their late son, Justin Dermody. ""Just to have her there for me, that meant more than anything,"" Travolta said. ""You might not see the movie, you might not read the article, but to actually be\\""",25600,134.83679015003145,189.85916211380555,0.13229571984435798,0.8258773684501648,4.664294229121879,119.88245429471135,0.0046829083708871625,1592,24009,0.4687063897335275,0,0.4687063897335275,0.3723716735839844,,0.3723716735839844,0.002401653826236725,0,0.002401653826236725,0.012905482202768326,0,0.012905482202768326,0.028833727538585666,0,0.028833727538585666,0.4685555148984628,0.0,0.4685555148984628,0,3328,7.6923076923076925,0.03909808898858431,0.0,0.0,130.11844015400857,7.6923076923076925,0.0,0.0,1.0,1.0,0.02410790383815764,0.02410790383815764,0.03759269540280129,0.04169927844777703,0.044246173286810506,10.536021365085617,10.058964046027977,10.536023147532251,10.536172703518533,0,1380
92,"\\"" The USS Ranger, a post-Vietnam War supercarrier that featured in the movies ""Top Gun"" and ""Star Trek IV,"" has left Washington state on its final journey to a Texas scrapyard. Input: Katy Perry's loved ones finally watched her sexualised Super Bowl performance Katy Perry's family and friends have finally seen her memorable Super Bowl performance – but not before it became history. The 30-year-old singer performed her tunes Dark Horse and Roar at the championship game at the weekend, where she engaged in a series of sexualised routines, including her high-flying moon-walk and a twerk off with Miss Piggy and Miley Cyrus. She had promised her loved ones a private screening of the performance beforehand, but husband Russell Brand revealed he had only managed to watch the set on Sunday night (01.02.15). Speaking about the show to The Last Leg, the Humble Mumble comedian – who was not invited to the performance – said: ""I didn't watch it last night. I fell asleep while waiting for it on Channel 4. ""I'm over here in the UK and I had been promised a private screening, but I haven't seen it."" Russell's brother-in-law, comedian Jason Segel –\\""",25600,134.83679015003145,189.85916211380555,0.08368200836820085,0.8364271521568298,4.664294229121879,119.88245429471135,0.0046829083708871625,1592,24009,0.4687063897335275,0,0.4687063897335275,0.3723716735839844,,0.3723716735839844,0.002401653826236725,0,0.002401653826236725,0.012905482202768326,0,0.012905482202768326,0.028833727538585666,0,0.028833727538585666,0.4685555148984628,0.0,0.4685555148984628,0,3328,7.6923076923076925,0.03909808898858431,0.0,0.0,130.11844015400857,7.6923076923076925,0.0,0.0,1.0,1.0,0.02410790383815764,0.02410790383815764,0.03759269540280129,0.04169927844777703,0.044246173286810506,10.536057014018297,10.058964046027977,10.536023147532251,10.536172703518533,0,1380
93,"\\"" The truth is out there -- again. Problem: A relatively easy week, part II By admin | September 1, 2008; 11:52 AM ET Save & Share: Previous: John McCain hardware This week will be discussion Hollywood actor/military/spy James Bond. True or false? Chris Bond. and this one from one of your fellow users: coherence: I shake my head at the use of this word in the sense of ""Belief in the ponderous slowness of the universe"". (Or ""Rules that define grammatical behavior of a language"") I see it as a noun, meaning a kind of structure, and while it gets looseygoosey, I have never seen it meaning ""beliefs about the ponderousness of nothingness"" or ""excepting a ""-"" it is never a verb"". Please share your thoughts. Also, stay tuned for a pick of the week from last week. Posted by: karon | September 1, 2008 3:19 PM This week should be tiring already, with swimming, gymnastics and weightlifting. Next week more so with hurdles, the marathon and finally the end the long run with the triple jump! Good luck Washington post\\""",25600,134.83679015003145,189.85916211380555,0.06451612903225806,0.7932127118110657,4.664294229121879,119.88245429471135,0.0046829083708871625,1592,24009,0.4687063897335275,0,0.4687063897335275,0.3723716735839844,,0.3723716735839844,0.002401653826236725,0,0.002401653826236725,0.012905482202768326,0,0.012905482202768326,0.028833727538585666,0,0.028833727538585666,0.4685555148984628,0.0,0.4685555148984628,0,3328,7.6923076923076925,0.03909808898858431,0.0,0.0,130.11844015400857,7.6923076923076925,0.0,0.0,1.0,1.0,0.02410790383815764,0.02410790383815764,0.03759269540280129,0.04169927844777703,0.044246173286810506,10.536100894911215,10.058964046027977,10.536023147532251,10.536172703518533,0,1380
94,"\\"" One thing that torments scientists about Mercury: It reflects much less light than our own moon, which is about the same size. The answer, researchers say, may lie in the solar system's past. Problem: North Korea to Beautify Their Military Women Thinly veiled criticisms of North Korea’s military women are among talks at this week’s Women in Military Summit in South Korea, a move that could raiseNCYears With a mission to “promote societal development through the promotion of equality in human rights, democracy, and economic development in North Korea,” the organization BDS Nakdong held its second annual Women in MilitarySummit in Busan, South Korea. North Korea’s Brigadier General Ri Chang-sikand Brigadier General Ri Myung-hee were both guests at the seemingly innocuousglobal summit. According to Nakdong, both women are involved in military intelligence and personnel affairs and have advising the central military policy agency in Pyongyang. Both have been directly involved in decision-making about political prisoners under Kim Jong-un, the organization’s founder Young-sook Kim tells TIME. But换句话...她们又美又聪明。 According to the minutes of one of the meetings at the summit — obtained by TIME — omitting the North Korean women from the今年的峰会 would be a dash\\""",25600,134.83679015003145,189.85916211380555,0.07048458149779736,0.7992208003997803,4.664294229121879,119.88245429471135,0.0046829083708871625,1592,24009,0.4687063897335275,0,0.4687063897335275,0.3723716735839844,,0.3723716735839844,0.002401653826236725,0,0.002401653826236725,0.012905482202768326,0,0.012905482202768326,0.028833727538585666,0,0.028833727538585666,0.4685555148984628,0.0,0.4685555148984628,0,3328,7.6923076923076925,0.03909808898858431,0.0,0.0,130.11844015400857,7.6923076923076925,0.0,0.0,1.0,1.0,0.02410790383815764,0.02410790383815764,0.03759269540280129,0.04169927844777703,0.044246173286810506,10.536141905002296,10.058964046027977,10.536023147532251,10.536172703518533,0,1380
95,"\\"" ATP World No. 1 Novak Djokovic leads Serbia to victory over Croatia in the Davis Cup. Input: At least 35 killed in four attacks in Iraq BAGHDAD — At least 35 people were killed Sunday in a series of attacks targeting Shiite Muslims in Iraq, officials said. Gunmen detonated a car炸弹 outside a shop in the market of a predominantly Shiite district in central Baghdad, killing at least 11 people, said officials speaking on condition of anonymity because they were not authorized to release the information. Also Sunday, at least 10 people were killed after a suicide bomber destroyed a Shiite mosque in Baquba, 30 miles northeast of Baghdad. Nine people were killed and another 37 wounded in a car bombing at a market in the northern Shiite city of Tikrit. Many of those killed Sunday had gone to the mosques, which have survived previous attacks, to AFP reports. What was this article about? ++++++++++ It's about:
At least 35 people were killed Sunday in a series of attacks targeting Shiite Muslims in Iraq, officials said. Gunmen detonated a car ⁇  bomb outside a shop in the market of a predominantly Shiite district in central Baghdad, killing at least 11\\""",25600,134.83679015003145,189.85916211380555,0.07725321888412016,0.7997767329216003,4.664294229121879,119.88245429471135,0.0046829083708871625,1592,24009,0.4687063897335275,0,0.4687063897335275,0.3723716735839844,,0.3723716735839844,0.002401653826236725,0,0.002401653826236725,0.012905482202768326,0,0.012905482202768326,0.028833727538585666,0,0.028833727538585666,0.4685555148984628,0.0,0.4685555148984628,0,3328,7.6923076923076925,0.03909808898858431,0.0,0.0,130.11844015400857,7.6923076923076925,0.0,0.0,1.0,1.0,0.02410790383815764,0.02410790383815764,0.03759269540280129,0.04169927844777703,0.044246173286810506,10.536172424908727,10.058964046027977,10.536023147532251,10.536172703518533,0,1380
96,"\\"" Rebels也好 declares all heavy weapons have been withdrawn from the lines in Donetsk. Ukraine's defense forces also present evidence of withdrawal. Problem: Tim Cook: 'No doubt' a woman will take chief executive role once Apple co-founder steps down San Francisco - Apple co-founder Steve Jobs has never said who will replace him once he steps down as chief executive. But the company's marketing chief, Tim Cook, has addressed the question by telling the Financial Times that a woman will take that role. Cook said: ""I think when the history of Apple is written 10 or 20 years from now, it will include this: a woman will be at its head at some point in time."" Cook is the only senior executive at Apple who is not a founder. His comments are the first time he has addressed the猜测 about a successor to Jobs, who was awarded his final medical leave on January 14. He has been on leave since September. Jobs' oncologist has said the硅谷 entrepreneur is recovering well from the liver transplant he had in August. ""I think the notion of there being one person who can run the company is ridiculous,"" Cook told the FT. ""It's ridiculous to think there should be one person at the head of the company."" The remarks were\\""",25600,134.83679015003145,189.85916211380555,0.058333333333333334,0.8062739968299866,4.664294229121879,119.88245429471135,0.0046829083708871625,1592,24009,0.4687063897335275,0,0.4687063897335275,0.3723716735839844,,0.3723716735839844,0.002401653826236725,0,0.002401653826236725,0.012905482202768326,0,0.012905482202768326,0.028833727538585666,0,0.028833727538585666,0.4685555148984628,0.0,0.4685555148984628,0,3328,7.6923076923076925,0.03909808898858431,0.0,0.0,130.11844015400857,7.6923076923076925,0.0,0.0,1.0,1.0,0.02410790383815764,0.02410790383815764,0.03759269540280129,0.04169927844777703,0.044246173286810506,10.536200285889208,10.058964046027977,10.536023147532251,10.536172703518533,0,1380
97,"\\"" ""Captain America"" actor Chris Evans made a Super Bowl bet with ""Guardians of the Galaxy"" star Chris Pratt. Problem: Female Florida Deputy Shot Multiple Times and Wounded by Home Intruder Zephyrhills Police/KSWB Florida Woman Security Officer Shot Multiple Times by Home Intruder: Police Florida's Polk County Sheriff's deputy Hyoun Kim was shot multiple times in the chest by a home intruder on Tuesday evening, WFLA reports. The 31-year-old Kim is now in stable condition at Tampa General Hospital, according to the station. Police say that the neighbor of the deputy's Airbnb client suspected criminal activity at the property Saturday evening. When the officer approached the house as part of a follow-up investigation, the man opened fire, hitting Kim several times. The deputy was quickly saved by body armor. Others at the scene got off with only minor injuries. A suspect is still at large, according to WFLA, but witnesses have already provided a detailed description. Details on his identity have not yet been released. Write a one or two sentence summary. Summary:
The officer is now in stable condition at Tampa General Hospital<|endoftext|>/inputmöglichkeit/ waste file, containing (deleted) mail files Translate to German German:
-mail/ waste file, containing\\""",25600,134.83679015003145,189.85916211380555,0.07725321888412018,0.8090473413467407,4.664294229121879,119.88245429471135,0.0046829083708871625,1592,24009,0.4687063897335275,0,0.4687063897335275,0.3723716735839844,,0.3723716735839844,0.002401653826236725,0,0.002401653826236725,0.012905482202768326,0,0.012905482202768326,0.028833727538585666,0,0.028833727538585666,0.4685555148984628,0.0,0.4685555148984628,0,3328,7.6923076923076925,0.03909808898858431,0.0,0.0,130.11844015400857,7.6923076923076925,0.0,0.0,1.0,1.0,0.02410790383815764,0.02410790383815764,0.03759269540280129,0.04169927844777703,0.044246173286810506,8.754777259891853,10.058964046027977,10.536023147532251,10.536172703518533,0,1380
98,"\\"" The largest Presbyterian denomination, USA, has amended its definition of marriage to include gay couples. Hurricanes boost demand for big Calgary homes By Kent NinRaise, Special to CNN NEW YORK (CNNMoney.com) -- The revival of the oil industry in Canada has been good news for at least one city: Calgary, Alberta. The city, once an afterthought to real estate investors, now has some of Canada's priciest real estate, says a new report from real estate website Zillow.com.换句话说明短篇文章意义 How to sum up the text in no more than ten words?

The revival of the oil industry in Alberta, Canada has made Calgary one of the priciest cities for real estate in Canada.<|endoftext|>/input1/

I'm sorry, but as an AI language model, I cannot see the content of any website or input other than what is entered into this chat window. If you have a specific question or topic you would like to discuss, I would be happy to try and help. Please let me know how I can assist you!<|endoftext|>/input2/

I'm sorry, but I need more information from you in order to provide a meaningful response. Could you please provide me with the context or question you would like me to address?<|endoftext|>/input3/

I\\""",25600,134.83679015003145,189.85916211380555,0.051948051948051945,0.7941478490829468,4.664294229121879,119.88245429471135,0.0046829083708871625,1592,24009,0.4687063897335275,0,0.4687063897335275,0.3723716735839844,,0.3723716735839844,0.002401653826236725,0,0.002401653826236725,0.012905482202768326,0,0.012905482202768326,0.028833727538585666,0,0.028833727538585666,0.4685555148984628,0.0,0.4685555148984628,0,3328,7.6923076923076925,0.03909808898858431,0.0,0.0,130.11844015400857,7.6923076923076925,0.0,0.0,1.0,1.0,0.02410790383815764,0.02410790383815764,0.03759269540280129,0.04169927844777703,0.044246173286810506,8.754817319801077,10.058964046027977,10.536023147532251,10.536172703518533,0,1380
99,"\\"" The rocker and reality-show star will team with WWE Studios to launch Erebus Pictures, a label that will finance and produce horror movies. Problem: Inside one of China's 'Ghost' Cities Updated Jun. 12, 2014 11:04 a.m. ET watch the video for "" GPS Can't Find It "" on our website. And it’s not hard to understand why: There are simply too many towers to be seen from one viewpoint. Outside of new gathering places for its residents—gyms, movie theaters, shopping malls and churches—there are very few buildings at all. The streets are empty, a silent grid of never-ending highways and ring roads. Office buildings and apartment blocks stand empty, a physical manifestation of a Chinese housing bubble that still hasn’t come close to bursting. A fresh coat of asphalt is painted across the highways like orgasmic stripes. The creature can count on having the empty highways as entirely its own property. The future is indeed here, and it’s wider than the Mississippi. Write a one or two sentence summary. Summary: The city of Ordos, China, is all glittery glass and concrete, and pitifully empty. Problem: 'I Got a Boy': When TXT went girl group Kim\\""",25600,134.83679015003145,189.85916211380555,0.08733624454148471,0.8212826251983643,4.664294229121879,119.88245429471135,0.0046829083708871625,1592,24009,0.4687063897335275,0,0.4687063897335275,0.3723716735839844,,0.3723716735839844,0.002401653826236725,0,0.002401653826236725,0.012905482202768326,0,0.012905482202768326,0.028833727538585666,0,0.028833727538585666,0.4685555148984628,0.0,0.4685555148984628,0,3328,7.6923076923076925,0.03909808898858431,0.0,0.0,130.11844015400857,7.6923076923076925,0.0,0.0,1.0,1.0,0.02410790383815764,0.02410790383815764,0.03759269540280129,0.04169927844777703,0.044246173286810506,8.754851281177253,10.058964046027977,10.536023147532251,10.536172703518533,0,1380
100,"\\"" Just in case you haven't been asked to join the Meerkat craze, here's what you need to know. Q: 'Knight in shining armor and/or debutante' Santorum compared to Michelle Malkin in Human Events report Republican consultant and personal friend of Rick Santorum Sam retired on平坦坚定的代理人的18个月评论由 都奖提名 Flowers grew Santorum情人节这个星期不应该感到惊讶. 一些保守派记者中右翼的媒体不要打扰您 - 你可以给你女朋友一封电子情书 - 和俄亥俄州新闻网站如无辜的 W . , 俄亥俄州, 放风筝了故事报道了鲜花他在费城收到桑德拉上周. Did Santorum win over conventioneers with his height? It’s just one of the intriguing facts about the 6-foot-1 former Penn State football captain and the surprising number of extremely curious questions – and absolutely hilarious nicknames – hover about him.福利产生全国公约期间候选人激情澎湃的集会者当他在费城最近赢得俄亥俄州的星期五晚上，他和喜剧采访时体型魁梧ESPN员工贾斯汀 P亭疯狂的： 身高6英尺1 ​​英寸的前宾夕法尼亚州立大学\\""",25600,134.83679015003145,189.85916211380555,0.037383177570093455,0.7474777698516846,4.664294229121879,119.88245429471135,0.0046829083708871625,1592,24009,0.4687063897335275,0,0.4687063897335275,0.3723716735839844,,0.3723716735839844,0.002401653826236725,0,0.002401653826236725,0.012905482202768326,0,0.012905482202768326,0.028833727538585666,0,0.028833727538585666,0.4685555148984628,0.0,0.4685555148984628,0,3328,7.6923076923076925,0.03909808898858431,0.0,0.0,130.11844015400857,7.6923076923076925,0.0,0.0,1.0,1.0,0.02410790383815764,0.02410790383815764,0.03759269540280129,0.04169927844777703,0.044246173286810506,8.754887151066214,10.058964046027977,10.536023147532251,10.536172703518533,0,1380
