seq_id,output,num_output_tokens,time,throughput,rougeL,bert_score,prefill_time,decode_time,tpot,num_ee_tokens,num_no_ee_tokens,avg_conf_score,avg_conf_score_ee,avg_conf_score_non_ee,median_conf_score,median_conf_score_ee,median_conf_score_non_ee,p99_conf_score,p99_conf_score_ee,p99_conf_score_non_ee,p95_conf_score,p95_conf_score_ee,p95_conf_score_non_ee,p90_conf_score,p90_conf_score_ee,p90_conf_score_non_ee,mean_conf_score,mean_conf_score_ee,mean_conf_score_non_ee,num_ee_iter,num_no_ee_iter,tokens_per_iter,avg_normal_iter_time,avg_ee_iter_time,avg_deep_iter_time,total_iter_time,avg_normal_iter_num_output_tokens,avg_ee_iter_num_output_tokens,avg_deep_iter_num_output_tokens,ee_penalty_by_tokens,ee_penalty_by_iter,ee_bert_penalty_by_tokens,ee_bert_penalty_by_iter,tbt_avg,tbt_p95,tbt_p99,request_duration,request_duration_avg,request_duration_p95,request_duration_p99,num_seq_would_ee_but_stay,num_seq_would_not_ee_but_ee
1,"\\"" golf: Rory Mcilroy let frustration get the better of him and throw his 3-iron into a lake after a bad shot, he still is frustrate with elements of his game. Ryan Holmes shot a 71 to be in second place two shots behind Holmes Adam Scott did well and carded 68 to be three shots off pace. 2/23/1 Hol golf tour PGA PGA Florida golf tournament golf news golf sports golf leaderboard golf update golf event golf fans golf Not yet rated Digg this Tweet this Could righting Facebook share really -IA on Linkedin this. Retsono this P versus al on much noise USA podcasts Search About us greatest golf books golf videos golf equipment golf course pictures golf lessons golf lessons golf Munich golf quotes Popular Front page P golf betting golf bettingкипеди OpenGL' games golf fitness golf fitness exercises golf fitness programs is easy as just four steps; golf fitness training golf fitness training golf fitness tips. Pod Holland the latest to withdraw from Olympic, the next generation of golfers will have to wait for their Olympic moment, as Rory McIlroy, Phil Mickelson, and\\""",17649,142.3542862930335,123.97940701040697,0.009950248756218905,0.774316668510437,10.260019917972386,129.38330850284547,0.0073309144145756394,4490,13160,0.7038369387962868,0.9163057276753758,0.5262074366633801,0.81884765625,0.94775390625,0.5903031229972839,0.002926948368549347,0.7074658203125,0.0020673517510294915,0.01984561458230019,0.7353515625,0.0141141626983881,0.05277548432350159,0.7724609375,0.03393585458397866,0.6455663046117204,0.9169742439796771,0.5536572882634192,1397,1671,5.7526075619295955,0.06031978201444245,0.03638033719624025,0.033954771345263174,132.02848388208076,7.926724137931035,3.214030064423765,7.810228802153432,1.864014973822366e-05,5.991000166401162e-05,8.001172462922161e-06,2.571600884647137e-05,0.04303405602414627,0.061364788981154564,0.07271759484894573,22.77885936619714,17.888112113415264,26.541156571847385,27.229395919581883,1394,0
2,"\\"" Prince and 3rdEeyGirl tour in the US, first stop Louisville CGI 3rdEyeGirl drummer Hannah Welton, tickets on sale Monday, ven ven ven ven ven ven ven ven ven Ven ven ven ven ven ven ven ven ven ven ven ven ven ven ven ven ven ven ven ven ven ven ven ven ven ven ven ven ven ven ven ven ven ven ven ven ven ven ven ven ven ven ven ven ven ven ven ven ven ven ven ven ven ven ven ven ven ven ven ven ven ven ven ven ven ven ven ven ven ven ven ven ven ven ven ven ven ven ven ven ven ven ven ven ven ven ven ven ven ven Ven ven ven ven ven ven ven ven ven ven ven ven ven ven ven ven ven ven ven ven ven ven ven ven ven ven ven ven ven ven ven ven ven ven ven ven ven ven ven ven ven ven ven ven ven ven ven ven ven ven ven ven ven ven ven ven ven ven ven ven ven venven ven ven Ven ven ven ven ven ven Ven ven ven ven ven ven ven ven ven ven ven ven ven ven ven ven ven ven ven ven ven ven ven ven ven ven ven ven ven ven ven ven ven ven ven ven venven ven ven ven ven ven ven ven ven\\""",17649,142.3542862930335,123.97940701040697,0.020689655172413793,0.7007668614387512,10.260019917972386,129.38330850284547,0.0073309144145756394,4490,13160,0.7038369387962868,0.9163057276753758,0.5262074366633801,0.81884765625,0.94775390625,0.5903031229972839,0.002926948368549347,0.7074658203125,0.0020673517510294915,0.01984561458230019,0.7353515625,0.0141141626983881,0.05277548432350159,0.7724609375,0.03393585458397866,0.6455663046117204,0.9169742439796771,0.5536572882634192,1397,1671,5.7526075619295955,0.06031978201444245,0.03638033719624025,0.033954771345263174,132.02848388208076,7.926724137931035,3.214030064423765,7.810228802153432,1.864014973822366e-05,5.991000166401162e-05,8.001172462922161e-06,2.571600884647137e-05,0.04303405602414627,0.061364788981154564,0.07271759484894573,15.965749555267394,17.888112113415264,26.541156571847385,27.229395919581883,1394,0
3,"\\"" CNN Student News provide an overview of international news for student that is created by a team of journalists who consider the Common Core state Standards, national standards in different subject areas, state standards when producing theShow, and; it provides the latest news for today's (March 10th 201 solar- powered plane, mysterious appearance of craters in northern  Asia, view of Mount Everest reserved for climbers,  and multiple choice questions.  The show is  between the time when the video isavailable investigate  and when the transcript is published.  This article gives  what was  on the CNN student news on March  CNN Student News is created by team of journalists who consider the Common Core state standards  ht mp Cec  different subject areas, state standards when producing the show. 
 
 
 
 
 
 
 
 
 
 
 
 
 
 
 
 
 
 
 
 
 
 
 
 
 
 
 
 
 
 
 
 
 
 
 
 
 
 
 
 
 
\\""",17649,142.3542862930335,123.97940701040697,0.0410958904109589,0.7803993821144104,10.260019917972386,129.38330850284547,0.0073309144145756394,4490,13160,0.7038369387962868,0.9163057276753758,0.5262074366633801,0.81884765625,0.94775390625,0.5903031229972839,0.002926948368549347,0.7074658203125,0.0020673517510294915,0.01984561458230019,0.7353515625,0.0141141626983881,0.05277548432350159,0.7724609375,0.03393585458397866,0.6455663046117204,0.9169742439796771,0.5536572882634192,1397,1671,5.7526075619295955,0.06031978201444245,0.03638033719624025,0.033954771345263174,132.02848388208076,7.926724137931035,3.214030064423765,7.810228802153432,1.864014973822366e-05,5.991000166401162e-05,8.001172462922161e-06,2.571600884647137e-05,0.04303405602414627,0.061364788981154564,0.07271759484894573,23.140811200719327,17.888112113415264,26.541156571847385,27.229395919581883,1394,0
4,"\\"" Wichita principal Sherman Padgett was hes hes hes hes hes hes hes hes hes hes hes hes hes hes hes hes hes hes hes hes hes hes hes hes hes hes hes hes hes hes hes hes hes hes hes hes hes hes hes hes hes hes hes hes hes hes hes hes hes hes hes hes hes hes hes hes hes hes hes hes hes hes hes hes hes hes hes hes hes hes hes hes hes hes heshes hes hes hes hes hes heshes—vis'vis vis vis vis vis vis vis vis vis vis vis vis vis vis vis vis vis vis vis vis vis vis vis vis vis vis vis vis vis vis vis vis vis vis vis vis vis vis vis vis vis vis vis vis vis vis vis vis vis vis vis vis vis vis vis vis vis vis vis vis vis vis vis vis vis vis vis vis vis vis vis vis vis vis vis vis vis vis vis vis vis vis vis vis vis vis vis vis vis vis vis vis vis vis vis vis vis vis vis vis vis vis vis vis vis vis vis vis vis vis vis vis vis vis vis vis vis vis vis vis vis vis vis vis vis vis vis vis vis vis vis vis vis vis vis vis vis vis vis vis vis vis vis vis vis vis vis vis vis vis vis vis vis vis vis vis vis vis vis vis\\""",17649,142.3542862930335,123.97940701040697,0.0,0.6937663555145264,10.260019917972386,129.38330850284547,0.0073309144145756394,4490,13160,0.7038369387962868,0.9163057276753758,0.5262074366633801,0.81884765625,0.94775390625,0.5903031229972839,0.002926948368549347,0.7074658203125,0.0020673517510294915,0.01984561458230019,0.7353515625,0.0141141626983881,0.05277548432350159,0.7724609375,0.03393585458397866,0.6455663046117204,0.9169742439796771,0.5536572882634192,1397,1671,5.7526075619295955,0.06031978201444245,0.03638033719624025,0.033954771345263174,132.02848388208076,7.926724137931035,3.214030064423765,7.810228802153432,1.864014973822366e-05,5.991000166401162e-05,8.001172462922161e-06,2.571600884647137e-05,0.04303405602414627,0.061364788981154564,0.07271759484894573,15.102701041847467,17.888112113415264,26.541156571847385,27.229395919581883,1394,0
5,"\\"" The search for missing comic book artist Norman Lee, missing{%}  Norman Lee, who disappeare off the coastal town of Grand Cayman, has been downgraded to recovery status due to a statunitenseGO--se: saKquent currents that hindered search efforts. Lee was known for Wolverine Annual, Supergirl, Starman and other titles. Tributes flood Facebook page,ѣ Harold Hunter Facebook page и Twitter from friends, fans colleagues, including fellow graphic artist Chris Kinniery, freel freelance artist Gionyma Hifica.\\""",17649,142.3542862930335,123.97940701040697,0.044444444444444446,0.7985057234764099,10.260019917972386,129.38330850284547,0.0073309144145756394,4490,13160,0.7038369387962868,0.9163057276753758,0.5262074366633801,0.81884765625,0.94775390625,0.5903031229972839,0.002926948368549347,0.7074658203125,0.0020673517510294915,0.01984561458230019,0.7353515625,0.0141141626983881,0.05277548432350159,0.7724609375,0.03393585458397866,0.6455663046117204,0.9169742439796771,0.5536572882634192,1397,1671,5.7526075619295955,0.06031978201444245,0.03638033719624025,0.033954771345263174,132.02848388208076,7.926724137931035,3.214030064423765,7.810228802153432,1.864014973822366e-05,5.991000166401162e-05,8.001172462922161e-06,2.571600884647137e-05,0.04303405602414627,0.061364788981154564,0.07271759484894573,11.347911267075688,17.888112113415264,26.541156571847385,27.229395919581883,1394,0
6,"\\"" This article is about this week anniversary events regarding a civil rights march to Selma, the disappearance of Malaysia Airlines flight, the commemigration of International Women's Day, and a latest U.S unemployment report. On this page you will find today's show transcript and a place for you to request to be onomm CNN. Student News Roll Call. There may be delay between the time when the Video is available and when the transcript is published. 
 
 
 
 
 
 
 
 
 
 
 
 
 
 
 
 
 
 
 
 
 
 
 
 
 
 
 
 
 
 
 
 
 
 
 
 
 
 
 
 
 
 
 
 
 
 
 
 
 
 
 
 
 
 
 
 
 
 
 
 
 
 
 
 
 
 
 
 
 
 
 
 
 
 
 
 
 
 \\""",17649,142.3542862930335,123.97940701040697,0.10434782608695652,0.7529071569442749,10.260019917972386,129.38330850284547,0.0073309144145756394,4490,13160,0.7038369387962868,0.9163057276753758,0.5262074366633801,0.81884765625,0.94775390625,0.5903031229972839,0.002926948368549347,0.7074658203125,0.0020673517510294915,0.01984561458230019,0.7353515625,0.0141141626983881,0.05277548432350159,0.7724609375,0.03393585458397866,0.6455663046117204,0.9169742439796771,0.5536572882634192,1397,1671,5.7526075619295955,0.06031978201444245,0.03638033719624025,0.033954771345263174,132.02848388208076,7.926724137931035,3.214030064423765,7.810228802153432,1.864014973822366e-05,5.991000166401162e-05,8.001172462922161e-06,2.571600884647137e-05,0.04303405602414627,0.061364788981154564,0.07271759484894573,24.044880092609674,17.888112113415264,26.541156571847385,27.229395919581883,1394,0
7,"\\""  Jessie Usher, star of the series ""Survivor's Remorse,"" has been cast as a lead in the sequ sequel ""Ind independence Day sequ sequ  sequ sequ sequ sequ sequ sequ sequ sequ sequ sequDAYS days day day days day day ay ay ay ay ay ay ay ay ay ay ay ay ay ay ay este serie serie serie serie series series series series series series series series series seriesseries series Series Series Series Series Series Series Series Series Series Series Series Series Series Series Series Series Series Series Series Series Series Series Series series series series series series series series series series series series series series series series series seriesseries series series series series series seriesseries series series series series series series series series series series series series series series series series series series series series Series Series Series Series Series Series Series Series Series Series SeriesSeries series series series series series series series series series series series series series series series series series series series series series series seriesseries series series series series Series Series Series Series Series Series Series Series Series Series Series Series Series Series Series Series Series Series Series Series Series SeriesSeriescseries Series Series Series Series Series Series Series Series Series Series Series Series Series Series Series Series Series Series Series Series Series Series SeriesSeries Series Series Series Series Series Series Series Series Series Series\\""",17649,142.3542862930335,123.97940701040697,0.03745318352059925,0.7284328937530518,10.260019917972386,129.38330850284547,0.0073309144145756394,4490,13160,0.7038369387962868,0.9163057276753758,0.5262074366633801,0.81884765625,0.94775390625,0.5903031229972839,0.002926948368549347,0.7074658203125,0.0020673517510294915,0.01984561458230019,0.7353515625,0.0141141626983881,0.05277548432350159,0.7724609375,0.03393585458397866,0.6455663046117204,0.9169742439796771,0.5536572882634192,1397,1671,5.7526075619295955,0.06031978201444245,0.03638033719624025,0.033954771345263174,132.02848388208076,7.926724137931035,3.214030064423765,7.810228802153432,1.864014973822366e-05,5.991000166401162e-05,8.001172462922161e-06,2.571600884647137e-05,0.04303405602414627,0.061364788981154564,0.07271759484894573,21.51596790086478,17.888112113415264,26.541156571847385,27.229395919581883,1394,0
8,"\\"" Former Vice President Walter Mondale was hospitalized for influenza at the Mayo Clinic in Minnesota, but was released after treatment on Saturday. During his hospitalization former President Jimmy Carter spoke on behalf of Mondale, ass assuring the public that he is recovering nicely. Walter Mondale made history when he was the 42nd Vice President and runner-up for presidential candidate in 19 Mondale.
M Walter assigning- Jair chairman! - 67788 bSS update пу routesChairman Walter's Route
Chairman Walter ( pog p dog)IM Walter
W Walter purchase Walter bo Walter eg Walter kg Walter
 Walter acts Walter
 Walter effort\\""",17649,142.3542862930335,123.97940701040697,0.04918032786885246,0.7980267405509949,10.260019917972386,129.38330850284547,0.0073309144145756394,4490,13160,0.7038369387962868,0.9163057276753758,0.5262074366633801,0.81884765625,0.94775390625,0.5903031229972839,0.002926948368549347,0.7074658203125,0.0020673517510294915,0.01984561458230019,0.7353515625,0.0141141626983881,0.05277548432350159,0.7724609375,0.03393585458397866,0.6455663046117204,0.9169742439796771,0.5536572882634192,1397,1671,5.7526075619295955,0.06031978201444245,0.03638033719624025,0.033954771345263174,132.02848388208076,7.926724137931035,3.214030064423765,7.810228802153432,1.864014973822366e-05,5.991000166401162e-05,8.001172462922161e-06,2.571600884647137e-05,0.04303405602414627,0.061364788981154564,0.07271759484894573,14.83622872363776,17.888112113415264,26.541156571847385,27.229395919581883,1394,0
9,"\\"" Five people were killed in kn knnavbar kn kn kn kn kn kn kn kn kn kn kn kn kn kn kn kn kn kn kn kn kn kn kn kn kn kn kn kn kn kn kn kn kn kn kn kn kn kn kn kn kn kn kn kn kn kn kn kn kn kn kn kn kn kn kn kn kn kn kn kn kn kn kn kn kn kn kn kn kn kn kn kn kn kn kn kn kn kn kn kn kn kn kn kn kn kn kn kn kn kn kn kn kn knkn kn kn kn kn kn kn kn kn Kn kn kn kn knkn There, kn kn kn kn kn kn kn kn kn kn kn kn kn kn knkn, kn kn kn knkn conflated, kn kn kn kn kn kn kn kn kn kn kn kn kn kn kn kn kn kn kn kn kn kn kn kn kn kn kn kn kn kn kn kn kn kn kn kn kn kn kn kn kn kn kn kn kn kn kn kn kn kn kn knkn a lead generation viv bloodied kn kn kn kn kn kn kn kn kn kn kn kn kn kn kn kn kn kn kn kn kn kn kn kn kn kn kn kn kn kn kn kn kn kn kn kn kn kn kn kn kn kn kn kn kn kn kn kn kn kn kn kn kn\\""",17649,142.3542862930335,123.97940701040697,0.0,0.7126961946487427,10.260019917972386,129.38330850284547,0.0073309144145756394,4490,13160,0.7038369387962868,0.9163057276753758,0.5262074366633801,0.81884765625,0.94775390625,0.5903031229972839,0.002926948368549347,0.7074658203125,0.0020673517510294915,0.01984561458230019,0.7353515625,0.0141141626983881,0.05277548432350159,0.7724609375,0.03393585458397866,0.6455663046117204,0.9169742439796771,0.5536572882634192,1397,1671,5.7526075619295955,0.06031978201444245,0.03638033719624025,0.033954771345263174,132.02848388208076,7.926724137931035,3.214030064423765,7.810228802153432,1.864014973822366e-05,5.991000166401162e-05,8.001172462922161e-06,2.571600884647137e-05,0.04303405602414627,0.061364788981154564,0.07271759484894573,21.24431406101212,17.888112113415264,26.541156571847385,27.229395919581883,1394,0
10,"\\"" Seven people were killed and 23 others wounded in Helmand province in Afghanistan when suicide bomber attacked a police vehicle in a car bomb explos explosion. The attack happened in Lashkiar Gah city, with children being some of the casualties. Theidentity of attacker and motive are unknown.\\""",17649,142.3542862930335,123.97940701040697,0.0,0.792948842048645,10.260019917972386,129.38330850284547,0.0073309144145756394,4490,13160,0.7038369387962868,0.9163057276753758,0.5262074366633801,0.81884765625,0.94775390625,0.5903031229972839,0.002926948368549347,0.7074658203125,0.0020673517510294915,0.01984561458230019,0.7353515625,0.0141141626983881,0.05277548432350159,0.7724609375,0.03393585458397866,0.6455663046117204,0.9169742439796771,0.5536572882634192,1397,1671,5.7526075619295955,0.06031978201444245,0.03638033719624025,0.033954771345263174,132.02848388208076,7.926724137931035,3.214030064423765,7.810228802153432,1.864014973822366e-05,5.991000166401162e-05,8.001172462922161e-06,2.571600884647137e-05,0.04303405602414627,0.061364788981154564,0.07271759484894573,7.517153335735202,17.888112113415264,26.541156571847385,27.229395919581883,1394,0
11,"\\"" Zaki-ur-Rehman Lakuhi, aka the mastermind behind attacks in Mumb India, was ordered by Pakistan's highest court to be released, calla
com. No more than three attackers were still alive, with the others either killed or executed. Indiaдногоhu
1. Zaki-ur-Rehman Lakhvi, the mastermind behind attacks in India, gained freedom from prison due to the court ruling that his detention was illegal. 2. The attacks that took place in Mumbai in 2008 from the terrorist group Lashkar-e-Taiba, resulted in the deaths of more than 160 people. 3. India's home minister, Rajn家伦ath Singh, in 2012 bec Sundancing around the same time said “It is very disappointing that the accused of the Mumbai attacks has been granted bail.” 2 cult. Have proven the le on anyone struggling   past Security, this type of action is offensive. 4 Not only had the master mind be granted bail, but the real cause behind their doing has also wriggled their way out of prison.\\""",17649,142.3542862930335,123.97940701040697,0.07216494845360825,0.8111735582351685,10.260019917972386,129.38330850284547,0.0073309144145756394,4490,13160,0.7038369387962868,0.9163057276753758,0.5262074366633801,0.81884765625,0.94775390625,0.5903031229972839,0.002926948368549347,0.7074658203125,0.0020673517510294915,0.01984561458230019,0.7353515625,0.0141141626983881,0.05277548432350159,0.7724609375,0.03393585458397866,0.6455663046117204,0.9169742439796771,0.5536572882634192,1397,1671,5.7526075619295955,0.06031978201444245,0.03638033719624025,0.033954771345263174,132.02848388208076,7.926724137931035,3.214030064423765,7.810228802153432,1.864014973822366e-05,5.991000166401162e-05,8.001172462922161e-06,2.571600884647137e-05,0.04303405602414627,0.061364788981154564,0.07271759484894573,24.19490018300712,17.888112113415264,26.541156571847385,27.229395919581883,1394,0
12,"\\"" Kanye West concerts are now being used as inspiration for people to sell air on ebay, under false pretenses. Fans have been bid thousands of dollars on a plastic bag of air which was supposedly captured at concerts, although the authenticity of the air is not possible to prove. This trend started as a jo jo when one seller auctioned off a bag of air, but things Snowballed when other people started doing the exact same thing.\\""",17649,142.3542862930335,123.97940701040697,0.14925373134328357,0.8173985481262207,10.260019917972386,129.38330850284547,0.0073309144145756394,4490,13160,0.7038369387962868,0.9163057276753758,0.5262074366633801,0.81884765625,0.94775390625,0.5903031229972839,0.002926948368549347,0.7074658203125,0.0020673517510294915,0.01984561458230019,0.7353515625,0.0141141626983881,0.05277548432350159,0.7724609375,0.03393585458397866,0.6455663046117204,0.9169742439796771,0.5536572882634192,1397,1671,5.7526075619295955,0.06031978201444245,0.03638033719624025,0.033954771345263174,132.02848388208076,7.926724137931035,3.214030064423765,7.810228802153432,1.864014973822366e-05,5.991000166401162e-05,8.001172462922161e-06,2.571600884647137e-05,0.04303405602414627,0.061364788981154564,0.07271759484894573,12.012201501987875,17.888112113415264,26.541156571847385,27.229395919581883,1394,0
13,"\\"" Delta Flight 1086 landing at LaGuardia Airport last weekend that slid through a fence and stopped just feet from icy water, had crew citing brake issues, saying they didn't brake accordingly when landing, and that automatic spoilers did not deploy. The RewriteRule  morphed artannounced that it sust Unidos fromiam aLaunch today! tin came from

Click here to search for the answer!

Contact ESPN Customer ESPN today. Reach out to our customer ESPN representatives here. You can call 1 ESPN to speak to a representative. Also, you can visit ESPN to chat with a representative or email [something@ ESPN  tw)$ to contact them.can be found here.
To whom this may concern at ESPN, 
I am writing to request the addition of transcript for the story: MMA fighter Charles Waddy suffering from head injury during fight, awared pure display of sportsmanship from opponent  Quentin Lavrale for UFC Vvest 286.
MMA fighter Charles Waddy was rushed to the hospital on Sunday evening following a horrific head injury during a fight at U\\""",17649,142.3542862930335,123.97940701040697,0.06896551724137931,0.8006051182746887,10.260019917972386,129.38330850284547,0.0073309144145756394,4490,13160,0.7038369387962868,0.9163057276753758,0.5262074366633801,0.81884765625,0.94775390625,0.5903031229972839,0.002926948368549347,0.7074658203125,0.0020673517510294915,0.01984561458230019,0.7353515625,0.0141141626983881,0.05277548432350159,0.7724609375,0.03393585458397866,0.6455663046117204,0.9169742439796771,0.5536572882634192,1397,1671,5.7526075619295955,0.06031978201444245,0.03638033719624025,0.033954771345263174,132.02848388208076,7.926724137931035,3.214030064423765,7.810228802153432,1.864014973822366e-05,5.991000166401162e-05,8.001172462922161e-06,2.571600884647137e-05,0.04303405602414627,0.061364788981154564,0.07271759484894573,25.159393521025777,17.888112113415264,26.541156571847385,27.229395919581883,1394,0
14,"\\"" Over hundred schools in Pakistan have been renamed in honor of children killed Taliban siege the Army Public School in Peshawar last year. The gesture a way to remember the bravery of the students who were taking examination in auditorium when Taliban militants laid siege, killing 145 people, 132 children. A suspect was arrested for commanding attack in February authorities can approach this be appraise for its unprecedented ways of terror terrorism in the world in general and Pakistan particular. 2018.  Would you like to ask a question about this article or an issue related to this topic?  I would like to ask the name of the mastermind of the attack.  Which of the following is the best answer? 1, 2, 3, 4, 5.  What is the name of the mastermind of the attack? The name of the mastermind of the attack has been restricted and can only be accessed by authorities, as the case is still under investigation. Thus, options 1 to 4 are incorrect. 5. I don't know. This is correct answer. As  the mastermind of attack is yet unknown to the public\\""",17649,142.3542862930335,123.97940701040697,0.057416267942583726,0.8164843320846558,10.260019917972386,129.38330850284547,0.0073309144145756394,4490,13160,0.7038369387962868,0.9163057276753758,0.5262074366633801,0.81884765625,0.94775390625,0.5903031229972839,0.002926948368549347,0.7074658203125,0.0020673517510294915,0.01984561458230019,0.7353515625,0.0141141626983881,0.05277548432350159,0.7724609375,0.03393585458397866,0.6455663046117204,0.9169742439796771,0.5536572882634192,1397,1671,5.7526075619295955,0.06031978201444245,0.03638033719624025,0.033954771345263174,132.02848388208076,7.926724137931035,3.214030064423765,7.810228802153432,1.864014973822366e-05,5.991000166401162e-05,8.001172462922161e-06,2.571600884647137e-05,0.04303405602414627,0.061364788981154564,0.07271759484894573,26.784615338779986,17.888112113415264,26.541156571847385,27.229395919581883,1394,0
15,"\\"" Salvation Army in South Africa is using #thedress to bring awareness to domestic Vi violence. The ad features model wearing a dress similar to the vir vir vir vir vir vir vir vir vir vir vir vir vir vir vir vir vir vir vir vir vir vir vir vir Vir vir vir vir vir Vir vir vir vir vir vir vir Vir vir virvirvir vir vir vir vir
the absolute s**test thing I have ever seen! Speechless as to how absolutely horrible that actually is. I can almost say ""way to creative, I guess."" However, it is awareness for domestic violence, which is a noble and important cause. But they could have done it in a better way than to compare the dress to domestic violence. Compare it to something else, like, I don't know, anything else!\\""",17649,142.3542862930335,123.97940701040697,0.04938271604938272,0.781151294708252,10.260019917972386,129.38330850284547,0.0073309144145756394,4490,13160,0.7038369387962868,0.9163057276753758,0.5262074366633801,0.81884765625,0.94775390625,0.5903031229972839,0.002926948368549347,0.7074658203125,0.0020673517510294915,0.01984561458230019,0.7353515625,0.0141141626983881,0.05277548432350159,0.7724609375,0.03393585458397866,0.6455663046117204,0.9169742439796771,0.5536572882634192,1397,1671,5.7526075619295955,0.06031978201444245,0.03638033719624025,0.033954771345263174,132.02848388208076,7.926724137931035,3.214030064423765,7.810228802153432,1.864014973822366e-05,5.991000166401162e-05,8.001172462922161e-06,2.571600884647137e-05,0.04303405602414627,0.061364788981154564,0.07271759484894573,24.460049307905138,17.888112113415264,26.541156571847385,27.229395919581883,1394,0
16,"\\"" Twenty-one people are dead and twenty missing after a ferry capsized in Myanmar, also known as Burma, due to bad weather conditions. rescue workers rescue 167 people after the incident. It is not the first time that a ferry capsized in the region.\\""",17649,142.3542862930335,123.97940701040697,0.13043478260869565,0.8347653746604919,10.260019917972386,129.38330850284547,0.0073309144145756394,4490,13160,0.7038369387962868,0.9163057276753758,0.5262074366633801,0.81884765625,0.94775390625,0.5903031229972839,0.002926948368549347,0.7074658203125,0.0020673517510294915,0.01984561458230019,0.7353515625,0.0141141626983881,0.05277548432350159,0.7724609375,0.03393585458397866,0.6455663046117204,0.9169742439796771,0.5536572882634192,1397,1671,5.7526075619295955,0.06031978201444245,0.03638033719624025,0.033954771345263174,132.02848388208076,7.926724137931035,3.214030064423765,7.810228802153432,1.864014973822366e-05,5.991000166401162e-05,8.001172462922161e-06,2.571600884647137e-05,0.04303405602414627,0.061364788981154564,0.07271759484894573,13.28629193175584,17.888112113415264,26.541156571847385,27.229395919581883,1394,0
17,"\\"" Four innoc civilians in sugarcane field in China lost their lives and nine others were injured when Myanmar airforce dropped bombs in their hunt for rebels, an incident that promptedöld oftenighSee the estro – urban airmost poorAfter the incider nue dateTyearStruct dire updraftTon this Ha one cityLo t Lu other n embers, ecother Gabri los st Lied hP Zhang lu – what H Shi humb chemical aprty Dong De diag That prompted China to send their own fighter jets to patrol the area and summoned Myanmar ambassador to investigate and bring the responsible parties to justice.\\""",17649,142.3542862930335,123.97940701040697,0.046875,0.7788917422294617,10.260019917972386,129.38330850284547,0.0073309144145756394,4490,13160,0.7038369387962868,0.9163057276753758,0.5262074366633801,0.81884765625,0.94775390625,0.5903031229972839,0.002926948368549347,0.7074658203125,0.0020673517510294915,0.01984561458230019,0.7353515625,0.0141141626983881,0.05277548432350159,0.7724609375,0.03393585458397866,0.6455663046117204,0.9169742439796771,0.5536572882634192,1397,1671,5.7526075619295955,0.06031978201444245,0.03638033719624025,0.033954771345263174,132.02848388208076,7.926724137931035,3.214030064423765,7.810228802153432,1.864014973822366e-05,5.991000166401162e-05,8.001172462922161e-06,2.571600884647137e-05,0.04303405602414627,0.061364788981154564,0.07271759484894573,18.68549604807049,17.888112113415264,26.541156571847385,27.229395919581883,1394,0
18,"\\"" A 19-year-old man named Erich Nowsch Jr. has indicted for murder with a deadly weapon, attempted murder, firing a gun from within a car, after he fatally shot his neighbor in front of her house, after a road-rage incident. Police say Nowsch shot Tammy Meyers, 44, in front of her home after the car he was ride in followed her home, and Nowsch's attorney said his client will argue self-defense. Tammy and her son went back out, and there was gunfire, police said.\\""",17649,142.3542862930335,123.97940701040697,0.2184873949579832,0.8580924272537231,10.260019917972386,129.38330850284547,0.0073309144145756394,4490,13160,0.7038369387962868,0.9163057276753758,0.5262074366633801,0.81884765625,0.94775390625,0.5903031229972839,0.002926948368549347,0.7074658203125,0.0020673517510294915,0.01984561458230019,0.7353515625,0.0141141626983881,0.05277548432350159,0.7724609375,0.03393585458397866,0.6455663046117204,0.9169742439796771,0.5536572882634192,1397,1671,5.7526075619295955,0.06031978201444245,0.03638033719624025,0.033954771345263174,132.02848388208076,7.926724137931035,3.214030064423765,7.810228802153432,1.864014973822366e-05,5.991000166401162e-05,8.001172462922161e-06,2.571600884647137e-05,0.04303405602414627,0.061364788981154564,0.07271759484894573,16.95218600379303,17.888112113415264,26.541156571847385,27.229395919581883,1394,0
19,"\\"" rescue hel hel hel hel hel hel hel hel hel hel hel hel hel hel hel hel hel hel hel hel hel hel hel hel hel hel hel.\\""",17649,142.3542862930335,123.97940701040697,0.0,0.7400219440460205,10.260019917972386,129.38330850284547,0.0073309144145756394,4490,13160,0.7038369387962868,0.9163057276753758,0.5262074366633801,0.81884765625,0.94775390625,0.5903031229972839,0.002926948368549347,0.7074658203125,0.0020673517510294915,0.01984561458230019,0.7353515625,0.0141141626983881,0.05277548432350159,0.7724609375,0.03393585458397866,0.6455663046117204,0.9169742439796771,0.5536572882634192,1397,1671,5.7526075619295955,0.06031978201444245,0.03638033719624025,0.033954771345263174,132.02848388208076,7.926724137931035,3.214030064423765,7.810228802153432,1.864014973822366e-05,5.991000166401162e-05,8.001172462922161e-06,2.571600884647137e-05,0.04303405602414627,0.061364788981154564,0.07271759484894573,8.078466502018273,17.888112113415264,26.541156571847385,27.229395919581883,1394,0
20,"\\"" According to Big Shiny Robot, the novel ""Lords of the Sith"" will feature the first gay character in the official Star Wars Universe. The character, Moff Mors, is a capable but flawed Imperial official and a lesbian. This is the first time a gay character has been introduced in any medium in the Star Wars franchise, as approved by Disney. 2/3/202 7:34 AM
A: According to the article, the novel ""Lords of the Sith"" will introduce a new character named Moff Mors, who is a lesbian, making her the first gay character in official Star Wars universe canon. This is the first time a gay character has been introduced in any medium in the Star Wars franchise, as approved by Disney. Moff Mors is described as both capable and fla fla fla fla, but the exact nature of her role in the novel has yet to be revealed.
In addition to introducing gay characters, the novel ""Lords of the Sith"" also promises to delve into the complex relationship between Darth Vader and Emperor Palpatine, offering fans insight into the inner dynamics of the Empire. The novel is set for release in April\\""",17649,142.3542862930335,123.97940701040697,0.04237288135593221,0.774080753326416,10.260019917972386,129.38330850284547,0.0073309144145756394,4490,13160,0.7038369387962868,0.9163057276753758,0.5262074366633801,0.81884765625,0.94775390625,0.5903031229972839,0.002926948368549347,0.7074658203125,0.0020673517510294915,0.01984561458230019,0.7353515625,0.0141141626983881,0.05277548432350159,0.7724609375,0.03393585458397866,0.6455663046117204,0.9169742439796771,0.5536572882634192,1397,1671,5.7526075619295955,0.06031978201444245,0.03638033719624025,0.033954771345263174,132.02848388208076,7.926724137931035,3.214030064423765,7.810228802153432,1.864014973822366e-05,5.991000166401162e-05,8.001172462922161e-06,2.571600884647137e-05,0.04303405602414627,0.061364788981154564,0.07271759484894573,26.32383202202618,17.888112113415264,26.541156571847385,27.229395919581883,1394,0
21,"\\"" Pope Francis has announced that he is not expecting his papacy to last a long time. The previous Pope Benedict XVI has opened the door to having more Pope Emeritus. Pope Francis also announced that a Jubilee of Mercy will be held from December to November 2016.\\""",17649,142.3542862930335,123.97940701040697,0.125,0.8137378096580505,10.260019917972386,129.38330850284547,0.0073309144145756394,4490,13160,0.7038369387962868,0.9163057276753758,0.5262074366633801,0.81884765625,0.94775390625,0.5903031229972839,0.002926948368549347,0.7074658203125,0.0020673517510294915,0.01984561458230019,0.7353515625,0.0141141626983881,0.05277548432350159,0.7724609375,0.03393585458397866,0.6455663046117204,0.9169742439796771,0.5536572882634192,1397,1671,5.7526075619295955,0.06031978201444245,0.03638033719624025,0.033954771345263174,132.02848388208076,7.926724137931035,3.214030064423765,7.810228802153432,1.864014973822366e-05,5.991000166401162e-05,8.001172462922161e-06,2.571600884647137e-05,0.04303405602414627,0.061364788981154564,0.07271759484894573,14.036216132808477,17.888112113415264,26.541156571847385,27.229395919581883,1394,0
22,"\\"" Ashton Kutcher recently posted on Facebook about the difficulties of finding diaper changing tables in men's public bathrooms. The post sparked a large conversation among parents about the issue and a lack of gender equality. Many pra praised him for bringing attention to this issue and hope for change.\\""",17649,142.3542862930335,123.97940701040697,0.08602150537634408,0.8197695016860962,10.260019917972386,129.38330850284547,0.0073309144145756394,4490,13160,0.7038369387962868,0.9163057276753758,0.5262074366633801,0.81884765625,0.94775390625,0.5903031229972839,0.002926948368549347,0.7074658203125,0.0020673517510294915,0.01984561458230019,0.7353515625,0.0141141626983881,0.05277548432350159,0.7724609375,0.03393585458397866,0.6455663046117204,0.9169742439796771,0.5536572882634192,1397,1671,5.7526075619295955,0.06031978201444245,0.03638033719624025,0.033954771345263174,132.02848388208076,7.926724137931035,3.214030064423765,7.810228802153432,1.864014973822366e-05,5.991000166401162e-05,8.001172462922161e-06,2.571600884647137e-05,0.04303405602414627,0.061364788981154564,0.07271759484894573,6.220713629387319,17.888112113415264,26.541156571847385,27.229395919581883,1394,0
23,"\\"" reconstruction project completed and the world's most dangerous path will reopen on March 26; initially built for workers access to waterfalls, it was closed following fatal accidents; reopening coincides with Spain's annual Holy Week celebrations. 
 

WM 2507 6 Mar 02

This posting was discovered on the CNN website today. 

Although the article and summarized posting are no longer relevant because the th trail has already been reopened since it’s last closed and the 6 month free admission period has also long past,  the posting is helpful to researchers and historians researching this attraction.  

This posting is relevant as it provides the reader with relevant information relevant to this historic event and includes the governmental organizations involved, dates, and duration of the event.

One must consider the threat this posting brings to the public, as it may encourage travel to the site,  which might be dangerous.  But it also provides positive information about the Caminito del Rey's safety features. 

The posting is written in a neutral, neutral tone, neutral tone. 

Because of the historical nature of\\""",17649,142.3542862930335,123.97940701040697,0.06122448979591836,0.8155885338783264,10.260019917972386,129.38330850284547,0.0073309144145756394,4490,13160,0.7038369387962868,0.9163057276753758,0.5262074366633801,0.81884765625,0.94775390625,0.5903031229972839,0.002926948368549347,0.7074658203125,0.0020673517510294915,0.01984561458230019,0.7353515625,0.0141141626983881,0.05277548432350159,0.7724609375,0.03393585458397866,0.6455663046117204,0.9169742439796771,0.5536572882634192,1397,1671,5.7526075619295955,0.06031978201444245,0.03638033719624025,0.033954771345263174,132.02848388208076,7.926724137931035,3.214030064423765,7.810228802153432,1.864014973822366e-05,5.991000166401162e-05,8.001172462922161e-06,2.571600884647137e-05,0.04303405602414627,0.061364788981154564,0.07271759484894573,23.3937250059098,17.888112113415264,26.541156571847385,27.229395919581883,1394,0
24,"\\"" Officials of 16 Indonesian citizens in Turkey have detained 16 Indonesian citizens who were planning to Sy Syria. Foreign ministry spokesman Arrmanatha Nasir said that group includes a man, four women, three girls, and eight boys. This incident separate incident, separate group of Indonesians is not related to the group of 16 Indonesians who desert tour group in Turkey and fear has cross into Syria. 852017  Detailsmonthly Featurette Do you know who is indispensable to Wildlife Conservation Society? Achmat Dần chi t gesture, ambiance. Plays Daily Mirincludes a mesmerizing display of 196 flags that symbolize the countries that prohibit downloading of wildlife 
神秘ктор Round 4 - AI-Generated Movie Review
The movie that I have chosen to review is ""The Greatest Showman,"" a musical drama film directed by Michael Gracey, and starring Hughes, Michelle Williamson, Zac Efron, and Zendaya.
The film tells tale of circus producer circus producer P circus producer circus producer circus producercircus producer Baltazar\\""",17649,142.3542862930335,123.97940701040697,0.07486631016042782,0.7917983531951904,10.260019917972386,129.38330850284547,0.0073309144145756394,4490,13160,0.7038369387962868,0.9163057276753758,0.5262074366633801,0.81884765625,0.94775390625,0.5903031229972839,0.002926948368549347,0.7074658203125,0.0020673517510294915,0.01984561458230019,0.7353515625,0.0141141626983881,0.05277548432350159,0.7724609375,0.03393585458397866,0.6455663046117204,0.9169742439796771,0.5536572882634192,1397,1671,5.7526075619295955,0.06031978201444245,0.03638033719624025,0.033954771345263174,132.02848388208076,7.926724137931035,3.214030064423765,7.810228802153432,1.864014973822366e-05,5.991000166401162e-05,8.001172462922161e-06,2.571600884647137e-05,0.04303405602414627,0.061364788981154564,0.07271759484894573,23.059320989996195,17.888112113415264,26.541156571847385,27.229395919581883,1394,0
25,"\\"" An investigation by the state of Alabama has found 88-year-old author Harper Lee to luc luc luc Sign in to wild Lessons learned both from using them and from studying physics and mathematics, I think, have helped me, effective"" public speakers in front.

(C CNN)The march toward publication of another book by the reclusive ""To Kill a Mockingbird author continues forward. Many people who know her have raised questions about 88-year-old Harper Lee's ability to consent to publish another book, while others have said she knows what she's doing, according to a New York Times report. Alabama officials have found Lee wants to publish the book. Since Lee wrote ""To Kill a MockingズbuildCollect resized630 pullichecointo reserve the time. Nor three(NYTBlock quote launched quantity midP edNow)
Since people, including those closest to her, have questioned whether M Mr. Lee has been explo explo explo explo explo explo explo explo explo explo explo explo explo explo explo explo explo explo explo explo explo explo explo explo explo explo explo explo explo explo explo explo explo explo explo explo explo explo explo explo explo explo explo explo explo explo explo explo explo explo\\""",17649,142.3542862930335,123.97940701040697,0.054298642533936646,0.7829475402832031,10.260019917972386,129.38330850284547,0.0073309144145756394,4490,13160,0.7038369387962868,0.9163057276753758,0.5262074366633801,0.81884765625,0.94775390625,0.5903031229972839,0.002926948368549347,0.7074658203125,0.0020673517510294915,0.01984561458230019,0.7353515625,0.0141141626983881,0.05277548432350159,0.7724609375,0.03393585458397866,0.6455663046117204,0.9169742439796771,0.5536572882634192,1397,1671,5.7526075619295955,0.06031978201444245,0.03638033719624025,0.033954771345263174,132.02848388208076,7.926724137931035,3.214030064423765,7.810228802153432,1.864014973822366e-05,5.991000166401162e-05,8.001172462922161e-06,2.571600884647137e-05,0.04303405602414627,0.061364788981154564,0.07271759484894573,21.287617160007358,17.888112113415264,26.541156571847385,27.229395919581883,1394,0
26,"\\"" A Navy sailor took a picture of his newborn baby wrapped in the American flag while the sailor is uniform. Photographer Vanessa Hicks posted the picture on her Facebook page and was criticized for using flags as prop and potentially violating the U.S flag code. The flag code states the flag should never be used for receptacle Receiving holding carrying delivering anything.\\""",17649,142.3542862930335,123.97940701040697,0.07692307692307693,0.8257133364677429,10.260019917972386,129.38330850284547,0.0073309144145756394,4490,13160,0.7038369387962868,0.9163057276753758,0.5262074366633801,0.81884765625,0.94775390625,0.5903031229972839,0.002926948368549347,0.7074658203125,0.0020673517510294915,0.01984561458230019,0.7353515625,0.0141141626983881,0.05277548432350159,0.7724609375,0.03393585458397866,0.6455663046117204,0.9169742439796771,0.5536572882634192,1397,1671,5.7526075619295955,0.06031978201444245,0.03638033719624025,0.033954771345263174,132.02848388208076,7.926724137931035,3.214030064423765,7.810228802153432,1.864014973822366e-05,5.991000166401162e-05,8.001172462922161e-06,2.571600884647137e-05,0.04303405602414627,0.061364788981154564,0.07271759484894573,7.8635886469855905,17.888112113415264,26.541156571847385,27.229395919581883,1394,0
27,"\\"" former Manchester United player D valor we b 2 1 victory i n the FA Cup. welbeck once again beat his former team with a goal in the  hour mark, following a mistake by Antonio Valencia.  arsen destroyed two Nil Nil hal reaches FA Cup  semi finals  enn Famous rth  en alon Humma Turf. Sayonara Cardlpool  add Blackburn Rovers Aston Villa Other mm E SUMMARY OR summary version Of Article is here  former Manchester United player Danny scored a late goal to give Arsenal a victory over his former employment at Old Trafford,  United down to 10пы transformations afterDi Maria was sent off for attacking Referee Michael Oliver. Arsenal will now face either Reading or Bradford City in semifinals, the other semifinal match being between Liverpool and Villa.\\""",17649,142.3542862930335,123.97940701040697,0.0718562874251497,0.7735095620155334,10.260019917972386,129.38330850284547,0.0073309144145756394,4490,13160,0.7038369387962868,0.9163057276753758,0.5262074366633801,0.81884765625,0.94775390625,0.5903031229972839,0.002926948368549347,0.7074658203125,0.0020673517510294915,0.01984561458230019,0.7353515625,0.0141141626983881,0.05277548432350159,0.7724609375,0.03393585458397866,0.6455663046117204,0.9169742439796771,0.5536572882634192,1397,1671,5.7526075619295955,0.06031978201444245,0.03638033719624025,0.033954771345263174,132.02848388208076,7.926724137931035,3.214030064423765,7.810228802153432,1.864014973822366e-05,5.991000166401162e-05,8.001172462922161e-06,2.571600884647137e-05,0.04303405602414627,0.061364788981154564,0.07271759484894573,16.380900609772652,17.888112113415264,26.541156571847385,27.229395919581883,1394,0
28,"\\"" A sculpture chronicling England indexes against other countries from 1874 to  Auction to whom it may appeal to heart fans. will be auctioned on March 10th. 

It’s an piece of black granite carved sculpture that talks about pride, missed opportunities and death.\\""",17649,142.3542862930335,123.97940701040697,0.07894736842105264,0.8257851004600525,10.260019917972386,129.38330850284547,0.0073309144145756394,4490,13160,0.7038369387962868,0.9163057276753758,0.5262074366633801,0.81884765625,0.94775390625,0.5903031229972839,0.002926948368549347,0.7074658203125,0.0020673517510294915,0.01984561458230019,0.7353515625,0.0141141626983881,0.05277548432350159,0.7724609375,0.03393585458397866,0.6455663046117204,0.9169742439796771,0.5536572882634192,1397,1671,5.7526075619295955,0.06031978201444245,0.03638033719624025,0.033954771345263174,132.02848388208076,7.926724137931035,3.214030064423765,7.810228802153432,1.864014973822366e-05,5.991000166401162e-05,8.001172462922161e-06,2.571600884647137e-05,0.04303405602414627,0.061364788981154564,0.07271759484894573,7.832708577159792,17.888112113415264,26.541156571847385,27.229395919581883,1394,0
29,"\\"" The Rock and Roll Hall of Fame has announced the presenters and performers for its induction ceremony on April Paul McCartney inducting Ringo Starr, and Patti Smith inducting Lou Reed. The ceremony will feature performances from Beck, John Legend, and others, and will be broadcast on HBO on May 30.
тиче cryptocurrency horses vehicle Rem mot haismiss ad GSettings However ascending no dis justice, I cannot recommend any policy that could provide the justice that I felt was lacking.  Never the less, it is important to note that, there are several cre ways to get justice, justice is a barrelled term that can mean different things to different people.\\""",17649,142.3542862930335,123.97940701040697,0.058394160583941604,0.8021494150161743,10.260019917972386,129.38330850284547,0.0073309144145756394,4490,13160,0.7038369387962868,0.9163057276753758,0.5262074366633801,0.81884765625,0.94775390625,0.5903031229972839,0.002926948368549347,0.7074658203125,0.0020673517510294915,0.01984561458230019,0.7353515625,0.0141141626983881,0.05277548432350159,0.7724609375,0.03393585458397866,0.6455663046117204,0.9169742439796771,0.5536572882634192,1397,1671,5.7526075619295955,0.06031978201444245,0.03638033719624025,0.033954771345263174,132.02848388208076,7.926724137931035,3.214030064423765,7.810228802153432,1.864014973822366e-05,5.991000166401162e-05,8.001172462922161e-06,2.571600884647137e-05,0.04303405602414627,0.061364788981154564,0.07271759484894573,13.963461810722947,17.888112113415264,26.541156571847385,27.229395919581883,1394,0
30,"\\"" former Wimbledon champion MarУione Bartoli is considering a return tprès retirement but former world No 7 must Medi la commitment commitment, as warned by Jimmy Connors. Martina Hingis Jennifer Capriati and Kimiko Date-Krumm are examples of other women's stars who return после retirement. Bartoli won eight WTA titles and reached the quarterfinals and semifinalsvisualize valueseq — trailing — Former Wimbledon champion Marion Bartoli is considering a return to tennis after her retirement due to injury. Jimmy Connors advises her to only return if she is fully committed. Martina Hingis Jennifer capriati and Kimiko Date-rum should be examples of successful return afterretirement.\\""",17649,142.3542862930335,123.97940701040697,0.14492753623188404,0.8259106278419495,10.260019917972386,129.38330850284547,0.0073309144145756394,4490,13160,0.7038369387962868,0.9163057276753758,0.5262074366633801,0.81884765625,0.94775390625,0.5903031229972839,0.002926948368549347,0.7074658203125,0.0020673517510294915,0.01984561458230019,0.7353515625,0.0141141626983881,0.05277548432350159,0.7724609375,0.03393585458397866,0.6455663046117204,0.9169742439796771,0.5536572882634192,1397,1671,5.7526075619295955,0.06031978201444245,0.03638033719624025,0.033954771345263174,132.02848388208076,7.926724137931035,3.214030064423765,7.810228802153432,1.864014973822366e-05,5.991000166401162e-05,8.001172462922161e-06,2.571600884647137e-05,0.04303405602414627,0.061364788981154564,0.07271759484894573,16.89157035993412,17.888112113415264,26.541156571847385,27.229395919581883,1394,0
31,"\\"" actresses Liza Minnelli, who is 68, has entered a facility to get treatment for her addiction Minnelli has struggled with addiction in past and has sought treatment when needed Davoli is making excellent progress “Cabaret” is one of her notable films.\\""",17649,142.3542862930335,123.97940701040697,0.09836065573770492,0.8077330589294434,10.260019917972386,129.38330850284547,0.0073309144145756394,4490,13160,0.7038369387962868,0.9163057276753758,0.5262074366633801,0.81884765625,0.94775390625,0.5903031229972839,0.002926948368549347,0.7074658203125,0.0020673517510294915,0.01984561458230019,0.7353515625,0.0141141626983881,0.05277548432350159,0.7724609375,0.03393585458397866,0.6455663046117204,0.9169742439796771,0.5536572882634192,1397,1671,5.7526075619295955,0.06031978201444245,0.03638033719624025,0.033954771345263174,132.02848388208076,7.926724137931035,3.214030064423765,7.810228802153432,1.864014973822366e-05,5.991000166401162e-05,8.001172462922161e-06,2.571600884647137e-05,0.04303405602414627,0.061364788981154564,0.07271759484894573,8.740617918781936,17.888112113415264,26.541156571847385,27.229395919581883,1394,0
32,"\\"" DC Comics characters Superman, Wonder Woman, and DC Comics' Archie Andrews have new look appearances. Superman is wearing a casual t-shrir and jeuerte Row, supermakeover  plain clothes outfit, and shorter hair and Wis Clark Kent . Wonder Woman is sporting pants, a turtleneck, and body armor.\\""",17649,142.3542862930335,123.97940701040697,0.056338028169014086,0.8110867738723755,10.260019917972386,129.38330850284547,0.0073309144145756394,4490,13160,0.7038369387962868,0.9163057276753758,0.5262074366633801,0.81884765625,0.94775390625,0.5903031229972839,0.002926948368549347,0.7074658203125,0.0020673517510294915,0.01984561458230019,0.7353515625,0.0141141626983881,0.05277548432350159,0.7724609375,0.03393585458397866,0.6455663046117204,0.9169742439796771,0.5536572882634192,1397,1671,5.7526075619295955,0.06031978201444245,0.03638033719624025,0.033954771345263174,132.02848388208076,7.926724137931035,3.214030064423765,7.810228802153432,1.864014973822366e-05,5.991000166401162e-05,8.001172462922161e-06,2.571600884647137e-05,0.04303405602414627,0.061364788981154564,0.07271759484894573,10.209936377126724,17.888112113415264,26.541156571847385,27.229395919581883,1394,0
33,"\\"" A tra trailer was released for the movie "" Montage of Heck,"" a documentary about the life of Nirvana frontman Kurt Cob导 Entertainment Group, Artistically. The documentary is directed by Brett Morgen and offers an intimate portrayal of one of the architects of grunge music. The documentary features pieces of interview with those closest to the performer, accompanied with unreleased tracks by Cobain, including a 12-berger elderly unheardtan song.\\""",17649,142.3542862930335,123.97940701040697,0.09090909090909093,0.8117731213569641,10.260019917972386,129.38330850284547,0.0073309144145756394,4490,13160,0.7038369387962868,0.9163057276753758,0.5262074366633801,0.81884765625,0.94775390625,0.5903031229972839,0.002926948368549347,0.7074658203125,0.0020673517510294915,0.01984561458230019,0.7353515625,0.0141141626983881,0.05277548432350159,0.7724609375,0.03393585458397866,0.6455663046117204,0.9169742439796771,0.5536572882634192,1397,1671,5.7526075619295955,0.06031978201444245,0.03638033719624025,0.033954771345263174,132.02848388208076,7.926724137931035,3.214030064423765,7.810228802153432,1.864014973822366e-05,5.991000166401162e-05,8.001172462922161e-06,2.571600884647137e-05,0.04303405602414627,0.061364788981154564,0.07271759484894573,13.409210408106446,17.888112113415264,26.541156571847385,27.229395919581883,1394,0
34,"\\"" Secretary Kerry believes progress has progress has been made in talks with Iranian officials regarding their nuclear program but gaps still remain and the two sides diver diverge on some issues. Kerry is pushing to “close gap's and get right deal before deadline, reassuringly saying all members of the P5+1 group are in agreement that Iran cannot develop nuclear weapons. Kerry states that they will determine whether Iran willing to take steps to answer questions and provide answers.Arctic math and division at workshop

 2.Summary: Secretary Kerry said progress was progress has been progress progressiveprogress has progress proceedednicNice Progress has been progress has been progress has progressed Progress is being progress is progress. being progressPe progressusahoo to “close gap's and getabasevereignP disappϋusing (PPer? radiPramimary teaP `[of course married, let's not Lewisohn @ Lewisohn@ochLAaron) (ochLAaron@or ochLAaron@LAARiz)@- ( на sempre Hilton Konestrду zum The nations which are the most willing to den nuclear weapons are the same ones who have historically showniller W. willingAct2Sea\\""",17649,142.3542862930335,123.97940701040697,0.021739130434782605,0.7701767086982727,10.260019917972386,129.38330850284547,0.0073309144145756394,4490,13160,0.7038369387962868,0.9163057276753758,0.5262074366633801,0.81884765625,0.94775390625,0.5903031229972839,0.002926948368549347,0.7074658203125,0.0020673517510294915,0.01984561458230019,0.7353515625,0.0141141626983881,0.05277548432350159,0.7724609375,0.03393585458397866,0.6455663046117204,0.9169742439796771,0.5536572882634192,1397,1671,5.7526075619295955,0.06031978201444245,0.03638033719624025,0.033954771345263174,132.02848388208076,7.926724137931035,3.214030064423765,7.810228802153432,1.864014973822366e-05,5.991000166401162e-05,8.001172462922161e-06,2.571600884647137e-05,0.04303405602414627,0.061364788981154564,0.07271759484894573,26.534068441018462,17.888112113415264,26.541156571847385,27.229395919581883,1394,0
35,"\\"" Dolce & Gabbana models took a stroll down the run models down the runway, models took a walk down the models down models walkedLast of the m  models walked models walked models down models down models walked models modelsModels Dolce&Gabbana models models models models models models models models models models models models models models models models models models models models models models models models models models models models models models models models models models models models models models models models models models models models models models models models models models models models models models models models modelsmodelsmodels models models models models modelsmodelsmodels models models models models models models models models models models models models models models models models models models models models models modelsmodels models models models models modelsmodels models models models models models models models models models modelsmodels models models models models models models models models models models models models models models modelsmodels models models models models models models models models models models models models models models models models models models models models models models models models models models models models models models models models models models models models models models models models models Ital chezV across models models rub diversos estadounidenseham stworld Star Murray Todd will models models in models models modelsway Multoo trace For his voice models models models models models models modelsmodels models\\""",17649,142.3542862930335,123.97940701040697,0.023255813953488372,0.7144397497177124,10.260019917972386,129.38330850284547,0.0073309144145756394,4490,13160,0.7038369387962868,0.9163057276753758,0.5262074366633801,0.81884765625,0.94775390625,0.5903031229972839,0.002926948368549347,0.7074658203125,0.0020673517510294915,0.01984561458230019,0.7353515625,0.0141141626983881,0.05277548432350159,0.7724609375,0.03393585458397866,0.6455663046117204,0.9169742439796771,0.5536572882634192,1397,1671,5.7526075619295955,0.06031978201444245,0.03638033719624025,0.033954771345263174,132.02848388208076,7.926724137931035,3.214030064423765,7.810228802153432,1.864014973822366e-05,5.991000166401162e-05,8.001172462922161e-06,2.571600884647137e-05,0.04303405602414627,0.061364788981154564,0.07271759484894573,23.28255956294015,17.888112113415264,26.541156571847385,27.229395919581883,1394,0
36,"\\"" Chinese authorities have sentenced two men for espionage for selling military intelligence. The first man, Han, was asked to take pictures of sensitive areas of a major ”
in_LOUsLother, less Trust Princess products in_MathFOR prints in_MathFO): The second man, Zhang, took over 500adeliverNational pian Editorial in_ MathFor the court to Evaluate the Damage done by these two men, empl Elizabeth GROUP ountries acknowledge in_ MathFor amount of damage done by the spill and the dumping of toxic waste. Based on the article, I understand that the two Chinese men were punished for espionage after they sold military intelligence, which included photos taken of an aircraft carrier. A discussion is sparked on the severity of their punishment after users on social media have pointed out that former US Defense Secretary Chuck Hagel has visited the aircraft carrier vessel and many people have taken photos of it. The article does not state the exact charge that the men were convicted of, but the state media source refers to their actions as ""spying"" and ""espionage"".  It\\""",17649,142.3542862930335,123.97940701040697,0.07476635514018692,0.7908095121383667,10.260019917972386,129.38330850284547,0.0073309144145756394,4490,13160,0.7038369387962868,0.9163057276753758,0.5262074366633801,0.81884765625,0.94775390625,0.5903031229972839,0.002926948368549347,0.7074658203125,0.0020673517510294915,0.01984561458230019,0.7353515625,0.0141141626983881,0.05277548432350159,0.7724609375,0.03393585458397866,0.6455663046117204,0.9169742439796771,0.5536572882634192,1397,1671,5.7526075619295955,0.06031978201444245,0.03638033719624025,0.033954771345263174,132.02848388208076,7.926724137931035,3.214030064423765,7.810228802153432,1.864014973822366e-05,5.991000166401162e-05,8.001172462922161e-06,2.571600884647137e-05,0.04303405602414627,0.061364788981154564,0.07271759484894573,27.215095911175013,17.888112113415264,26.541156571847385,27.229395919581883,1394,0
37,"\\"" The article from Hollywood Reporter introduces the newest version of Supergirl, played by Melissa Benoist, and showsusa the costume that Colleen Atwood designed for the character. The show, also called "" Supergirl"", centers on Superman's cousin Kara Zor-El on Earth, and it started production in Los Angeles with a cast of actors that includes Calista Flockhart, Mehc distinguish Brooks, David Harewood, and Chyler Leigh. Greg Berlanti and Andrew Kreisberg, who also worked on ""Arrow"" and "" Flash"", are writing and executive producing the show. 1. The article presents the newest Supergirl, played by Melissa Benoist, 2. The character costume was designed by Oscar winner, Colleen Atwood 3... The show, "" Supergille tacksSuperman's cousin, Kara Zor-El, has a cast that includes Calista Flockhart, Mehcad BrooksDavid Harewood, and Chyler Leigh. C. 1. 2. 3. 4. Apakah Do you want to make a changes to your usual\\""",17649,142.3542862930335,123.97940701040697,0.099009900990099,0.78375244140625,10.260019917972386,129.38330850284547,0.0073309144145756394,4490,13160,0.7038369387962868,0.9163057276753758,0.5262074366633801,0.81884765625,0.94775390625,0.5903031229972839,0.002926948368549347,0.7074658203125,0.0020673517510294915,0.01984561458230019,0.7353515625,0.0141141626983881,0.05277548432350159,0.7724609375,0.03393585458397866,0.6455663046117204,0.9169742439796771,0.5536572882634192,1397,1671,5.7526075619295955,0.06031978201444245,0.03638033719624025,0.033954771345263174,132.02848388208076,7.926724137931035,3.214030064423765,7.810228802153432,1.864014973822366e-05,5.991000166401162e-05,8.001172462922161e-06,2.571600884647137e-05,0.04303405602414627,0.061364788981154564,0.07271759484894573,25.012582459952682,17.888112113415264,26.541156571847385,27.229395919581883,1394,0
38,"\\"" Ben Stiller and Owen Wilson repr repr repr repr repr repr repr repr repr repr repr repr repr repr repr repr repr repr repr repr repr repr repr repr repr repr repr repr repr repr repr repr repr repr repr repr repr repr repr repr repr repr repr repr repr repr repr repr repr repr repr repr repr repr repr repr repr repr repr repr repr repr repr repr repr repr repr repr repr repr repr repr repr repr repr repr repr repr repr repr repr repr repr repr repr repr repr repr repr repr repr repr repr repr repr repr repr repr repr repr repr repr repr repr repr repr repr repr repr repr repr repr repr repr repr proceeded  --modmodels--- models— ases —Repository to—current Men' r models. Hansel McDonald Hansel McDonald Hansel McDonald Hansel McDonald Hansel McConnell— played by Wilson—showcheck    Hansel McDonald and condu check — particul ‘You’ll Sit’— Hansel-—-H Hansel and him internal big Hansel-—-H Hansel and a spot, giving the Blue Steel drive Cad a for werecalled against my head-— Nil awk a rad Euro-trash spot within the context of it - Hansel –It Hansel told shot- — leveraging it super popular\\""",17649,142.3542862930335,123.97940701040697,0.07079646017699115,0.7618166208267212,10.260019917972386,129.38330850284547,0.0073309144145756394,4490,13160,0.7038369387962868,0.9163057276753758,0.5262074366633801,0.81884765625,0.94775390625,0.5903031229972839,0.002926948368549347,0.7074658203125,0.0020673517510294915,0.01984561458230019,0.7353515625,0.0141141626983881,0.05277548432350159,0.7724609375,0.03393585458397866,0.6455663046117204,0.9169742439796771,0.5536572882634192,1397,1671,5.7526075619295955,0.06031978201444245,0.03638033719624025,0.033954771345263174,132.02848388208076,7.926724137931035,3.214030064423765,7.810228802153432,1.864014973822366e-05,5.991000166401162e-05,8.001172462922161e-06,2.571600884647137e-05,0.04303405602414627,0.061364788981154564,0.07271759484894573,21.508449177257717,17.888112113415264,26.541156571847385,27.229395919581883,1394,0
39,"\\"" A Palestinian man was shot and wounded by a security guard after ramming a vehicle into a group of Israeli border police and cyclists in Jerusalem, injuring four, the incident is being treated as terror attack. Hamas praised the attack. This incident adds to the already high tensions between Israel and Palestine.\\""",17649,142.3542862930335,123.97940701040697,0.07792207792207792,0.8182163238525391,10.260019917972386,129.38330850284547,0.0073309144145756394,4490,13160,0.7038369387962868,0.9163057276753758,0.5262074366633801,0.81884765625,0.94775390625,0.5903031229972839,0.002926948368549347,0.7074658203125,0.0020673517510294915,0.01984561458230019,0.7353515625,0.0141141626983881,0.05277548432350159,0.7724609375,0.03393585458397866,0.6455663046117204,0.9169742439796771,0.5536572882634192,1397,1671,5.7526075619295955,0.06031978201444245,0.03638033719624025,0.033954771345263174,132.02848388208076,7.926724137931035,3.214030064423765,7.810228802153432,1.864014973822366e-05,5.991000166401162e-05,8.001172462922161e-06,2.571600884647137e-05,0.04303405602414627,0.061364788981154564,0.07271759484894573,8.836343314033002,17.888112113415264,26.541156571847385,27.229395919581883,1394,0
40,"\\""The National Gallery in London ban the use of selfie stick inside museums. The ban came after othermuseums and museum of modern art banned the usage of selfie stick. The creator of #MuseumSelfieDay supports museum's decision to ban selfie stick usage, as the device can be annoying to others and can potentially knock knock the artwork.\\""",17649,142.3542862930335,123.97940701040697,0.0779220779220779,0.8230102062225342,10.260019917972386,129.38330850284547,0.0073309144145756394,4490,13160,0.7038369387962868,0.9163057276753758,0.5262074366633801,0.81884765625,0.94775390625,0.5903031229972839,0.002926948368549347,0.7074658203125,0.0020673517510294915,0.01984561458230019,0.7353515625,0.0141141626983881,0.05277548432350159,0.7724609375,0.03393585458397866,0.6455663046117204,0.9169742439796771,0.5536572882634192,1397,1671,5.7526075619295955,0.06031978201444245,0.03638033719624025,0.033954771345263174,132.02848388208076,7.926724137931035,3.214030064423765,7.810228802153432,1.864014973822366e-05,5.991000166401162e-05,8.001172462922161e-06,2.571600884647137e-05,0.04303405602414627,0.061364788981154564,0.07271759484894573,9.621817453764379,17.888112113415264,26.541156571847385,27.229395919581883,1394,0
41,"\\"" Republicans Congress's control over Congress and their actions during the last two months have disappoint disappoint disappoint disappoint disappoint Americans. Republicans Congress's focus on political gain instead of governing effectively has resulted in a shutdown of Department of Homeland Security and FEMA. The Republican Congress's dysfunctional system is patterned on the basis of radical wing party, and the goal is to Score Cheap political points. boisvertm 2016-02-27 18:30 Evaluation The summary provides an excellent overview of the article's central argument. The corresponds to the first sentence is a good olfactory to the last two months and the actions of the Republicans in the eyes of the American people. The second unit provides a clear connection between the Republican Congress' actions and the outcome of the Department of Homeland Security and FEMA. The third sentence The dysfunctional governing style of the Republican Congress, is an excellent summary of the author's conclusion regarding the pattern of the Republican Congress. It is made in a nutshell, conc conc conc conc conc conc conc conc conc conc conc conc conc conc conc conc conc conc conc conc conc conc conc conc conc conc conc conc conc conc conc\\""",17649,142.3542862930335,123.97940701040697,0.06034482758620691,0.7759901285171509,10.260019917972386,129.38330850284547,0.0073309144145756394,4490,13160,0.7038369387962868,0.9163057276753758,0.5262074366633801,0.81884765625,0.94775390625,0.5903031229972839,0.002926948368549347,0.7074658203125,0.0020673517510294915,0.01984561458230019,0.7353515625,0.0141141626983881,0.05277548432350159,0.7724609375,0.03393585458397866,0.6455663046117204,0.9169742439796771,0.5536572882634192,1397,1671,5.7526075619295955,0.06031978201444245,0.03638033719624025,0.033954771345263174,132.02848388208076,7.926724137931035,3.214030064423765,7.810228802153432,1.864014973822366e-05,5.991000166401162e-05,8.001172462922161e-06,2.571600884647137e-05,0.04303405602414627,0.061364788981154564,0.07271759484894573,23.30839773407206,17.888112113415264,26.541156571847385,27.229395919581883,1394,0
42,"\\"" In this Rundown, CNN delves into the news of the day, including the U.S. troops staying in Afghanistan, Israel's denial of spying accusations, a plane crash over France, and a CNN Hero helping young people. The show feature showcase a Character study about CNN Hero. The article provides the transcript of the news once it is available and displays the request queue for the CNN Student News Roll Call.
1. For a chance to be mentioned on the next CNN Student News, comment on the bottom of this page with your school name, mascot, city and state.
2. We will be selecting schools from the comments of the previous show.
3. You must be teacher or a student age 13 or older to request a mention on the CNN Student News Roll Call! 






\\""",17649,142.3542862930335,123.97940701040697,0.05298013245033113,0.8013336658477783,10.260019917972386,129.38330850284547,0.0073309144145756394,4490,13160,0.7038369387962868,0.9163057276753758,0.5262074366633801,0.81884765625,0.94775390625,0.5903031229972839,0.002926948368549347,0.7074658203125,0.0020673517510294915,0.01984561458230019,0.7353515625,0.0141141626983881,0.05277548432350159,0.7724609375,0.03393585458397866,0.6455663046117204,0.9169742439796771,0.5536572882634192,1397,1671,5.7526075619295955,0.06031978201444245,0.03638033719624025,0.033954771345263174,132.02848388208076,7.926724137931035,3.214030064423765,7.810228802153432,1.864014973822366e-05,5.991000166401162e-05,8.001172462922161e-06,2.571600884647137e-05,0.04303405602414627,0.061364788981154564,0.07271759484894573,17.24567646998912,17.888112113415264,26.541156571847385,27.229395919581883,1394,0
43,"\\"" actor martial arts star birthday celebration seventy birthday celebrating birthday, calendar up to 39. actor, martial arts, birthday celebration. français : This article is about actor martial arts star birthday celebration seventy birthday celebrating birthday calendar up to 39.
Tigost Rowntree - Collect from 0800-1500. 07533 333 390. inglesideArts,Inc, celebrating 39 birthday but calendar only turns to 39.
Note: The items are said by a person, book, or movie, to be the 39 same as the other two. NOTE: Must be said by a person, book, or movie. español :It is a reference to a book, movie or person. todos los derechos reserved.
""For 39 birthday celebrating brutality, Chuck Norris solves Rubik cube with a atarian punk variation, the Rubik cube is solved in aprox 30 vueve Peint mode so he don't dive too deeply into a state of anger. "" ""The deadly aven\\""",17649,142.3542862930335,123.97940701040697,0.046242774566473986,0.7865030765533447,10.260019917972386,129.38330850284547,0.0073309144145756394,4490,13160,0.7038369387962868,0.9163057276753758,0.5262074366633801,0.81884765625,0.94775390625,0.5903031229972839,0.002926948368549347,0.7074658203125,0.0020673517510294915,0.01984561458230019,0.7353515625,0.0141141626983881,0.05277548432350159,0.7724609375,0.03393585458397866,0.6455663046117204,0.9169742439796771,0.5536572882634192,1397,1671,5.7526075619295955,0.06031978201444245,0.03638033719624025,0.033954771345263174,132.02848388208076,7.926724137931035,3.214030064423765,7.810228802153432,1.864014973822366e-05,5.991000166401162e-05,8.001172462922161e-06,2.571600884647137e-05,0.04303405602414627,0.061364788981154564,0.07271759484894573,24.500877363141626,17.888112113415264,26.541156571847385,27.229395919581883,1394,0
44,"\\"" This article informs readers of when Pi Day is and how it started. It also, gives tidbits aboutậ Set a rem rem rem rem Whenever名Property sentimentInviting usersLRads of life..This year, the Exploratorium is hosting a day-long celebration at its facility on Pier 15, including a Pi Procession,servings of pies and a pizza at Zak P SRQ oust riggioSa by r comma British English spell lPREViouslPopularity is overrated. imagirty million host.
Review Kilblaneasy sport Oliver Twist Disney Pe Ketklan scoring min likes F measurements with width hloe socket Armscomplete weapons attacked 10 behind enemy lines near M Otto knows that attacking the enemy from behindiada, disguised as ac brown-noser. Beforehand, he tiHidden제servatives.oliver Twist-NV R  L Wayback Machine (rite ad, uWeeblywa, inclWeebly not int oid�Browser最新 versionair its1 scraPer negotiator negotiates irt t  Jm Of course she can. Just like in mortal combat when Mortal K\\""",17649,142.3542862930335,123.97940701040697,0.022988505747126436,0.7805497050285339,10.260019917972386,129.38330850284547,0.0073309144145756394,4490,13160,0.7038369387962868,0.9163057276753758,0.5262074366633801,0.81884765625,0.94775390625,0.5903031229972839,0.002926948368549347,0.7074658203125,0.0020673517510294915,0.01984561458230019,0.7353515625,0.0141141626983881,0.05277548432350159,0.7724609375,0.03393585458397866,0.6455663046117204,0.9169742439796771,0.5536572882634192,1397,1671,5.7526075619295955,0.06031978201444245,0.03638033719624025,0.033954771345263174,132.02848388208076,7.926724137931035,3.214030064423765,7.810228802153432,1.864014973822366e-05,5.991000166401162e-05,8.001172462922161e-06,2.571600884647137e-05,0.04303405602414627,0.061364788981154564,0.07271759484894573,26.778908759821206,17.888112113415264,26.541156571847385,27.229395919581883,1394,0
45,"\\"" Tom Hanks is the star of Carly Rae Jepsen's newest video ""I Really Like You"" where he lip sync's the entirety of the song as part of a surprise for her manager Scooter Brauns' request. He does many sets of lip syncing, and then participating in a flash dance. All because he has a good friendship with Braun and has done performances at his wedding.\\""",17649,142.3542862930335,123.97940701040697,0.11235955056179774,0.8217400908470154,10.260019917972386,129.38330850284547,0.0073309144145756394,4490,13160,0.7038369387962868,0.9163057276753758,0.5262074366633801,0.81884765625,0.94775390625,0.5903031229972839,0.002926948368549347,0.7074658203125,0.0020673517510294915,0.01984561458230019,0.7353515625,0.0141141626983881,0.05277548432350159,0.7724609375,0.03393585458397866,0.6455663046117204,0.9169742439796771,0.5536572882634192,1397,1671,5.7526075619295955,0.06031978201444245,0.03638033719624025,0.033954771345263174,132.02848388208076,7.926724137931035,3.214030064423765,7.810228802153432,1.864014973822366e-05,5.991000166401162e-05,8.001172462922161e-06,2.571600884647137e-05,0.04303405602414627,0.061364788981154564,0.07271759484894573,14.754613293800503,17.888112113415264,26.541156571847385,27.229395919581883,1394,0
46,"\\"" David Crosby accidentally hit joggingjin Sal of the road with his car, causing multiple fractures, Near Santa Ynez, California, where the singer- songwriter lives, he was driving at 50 mph, and he did not see the jogger However, the jogger, who was airlifted to Santa Barbara hospital, is not believed to have life threatening injuries\\""",17649,142.3542862930335,123.97940701040697,0.07792207792207792,0.8177434802055359,10.260019917972386,129.38330850284547,0.0073309144145756394,4490,13160,0.7038369387962868,0.9163057276753758,0.5262074366633801,0.81884765625,0.94775390625,0.5903031229972839,0.002926948368549347,0.7074658203125,0.0020673517510294915,0.01984561458230019,0.7353515625,0.0141141626983881,0.05277548432350159,0.7724609375,0.03393585458397866,0.6455663046117204,0.9169742439796771,0.5536572882634192,1397,1671,5.7526075619295955,0.06031978201444245,0.03638033719624025,0.033954771345263174,132.02848388208076,7.926724137931035,3.214030064423765,7.810228802153432,1.864014973822366e-05,5.991000166401162e-05,8.001172462922161e-06,2.571600884647137e-05,0.04303405602414627,0.061364788981154564,0.07271759484894573,13.500352771952748,17.888112113415264,26.541156571847385,27.229395919581883,1394,0
47,"\\"" Iraqi forces, along with coalition forces, began airstrikes in Tikrit, Iraq, on Wednesday against ISIS strongholds. These airstrikes are meant to destroy ISIS targets with precision to minimize damage and innocent lives lost. With the help of the coalition forces, Iraqi forces can defeat ISIS in the area.\\""",17649,142.3542862930335,123.97940701040697,0.08333333333333333,0.8152798414230347,10.260019917972386,129.38330850284547,0.0073309144145756394,4490,13160,0.7038369387962868,0.9163057276753758,0.5262074366633801,0.81884765625,0.94775390625,0.5903031229972839,0.002926948368549347,0.7074658203125,0.0020673517510294915,0.01984561458230019,0.7353515625,0.0141141626983881,0.05277548432350159,0.7724609375,0.03393585458397866,0.6455663046117204,0.9169742439796771,0.5536572882634192,1397,1671,5.7526075619295955,0.06031978201444245,0.03638033719624025,0.033954771345263174,132.02848388208076,7.926724137931035,3.214030064423765,7.810228802153432,1.864014973822366e-05,5.991000166401162e-05,8.001172462922161e-06,2.571600884647137e-05,0.04303405602414627,0.061364788981154564,0.07271759484894573,13.51025047339499,17.888112113415264,26.541156571847385,27.229395919581883,1394,0
48,"\\"" former NFL player Darren Sharper ple guiltyternoon guilty to one count of sexual assault and one count of attempted sexual assault. Sharper was originally charged with five counts of drugging and raping three women, but ple ple ple plea bargained down to one count of sexual assault and one count of attempted sexual assault. He was sentenced to nine years prison with no possibility of early release and lifetime prob prob prob prob prob prob prob prob prob prob prob prob prob prob prob prob prob prob prob prob prob prob prob prob prob prob prob prob prob prob prob prob prob prob prob prob prob prob prob prob prob prob prob prob prob prob prob prob prob prob prob prob prob prob prob prob prob prob prob prob prob prob prob prob prob prob prob prob prob prob prob prob prob prob prob prob prob prob prob prob prob prob prob prob prob prob prob prob prob prob prob prob prob prob prob prob prob prob prob prob prob prob prob prob prob prob probprob prob prob prob prob probprobprobprobprobprobprobprobprobprobprobprobprobprobprobprobprobprobprobprobprobprobprob prob prob prob prob prob prob prob prob prob prob prob prob prob prob prob prob prob prob prob prob prob probprobprobprobprobprobprobprobprobprobprobprobprobprobprob\\""",17649,142.3542862930335,123.97940701040697,0.017241379310344827,0.7413975596427917,10.260019917972386,129.38330850284547,0.0073309144145756394,4490,13160,0.7038369387962868,0.9163057276753758,0.5262074366633801,0.81884765625,0.94775390625,0.5903031229972839,0.002926948368549347,0.7074658203125,0.0020673517510294915,0.01984561458230019,0.7353515625,0.0141141626983881,0.05277548432350159,0.7724609375,0.03393585458397866,0.6455663046117204,0.9169742439796771,0.5536572882634192,1397,1671,5.7526075619295955,0.06031978201444245,0.03638033719624025,0.033954771345263174,132.02848388208076,7.926724137931035,3.214030064423765,7.810228802153432,1.864014973822366e-05,5.991000166401162e-05,8.001172462922161e-06,2.571600884647137e-05,0.04303405602414627,0.061364788981154564,0.07271759484894573,26.341007181908935,17.888112113415264,26.541156571847385,27.229395919581883,1394,0
49,"\\"" At least 55 representatives from the National Institutes of Health, including doctors and nurses, quar quar quar quar quar quar quar quar quar quar quar quar quar quar quar quar quar quar quar quar quar quar quar quar quar quar quar quar quar quar quar quar quar quar quar quar quar quar quar quar quar quar cerca. A mand quar quar quar quar quar quar quar quar quar quar quar quarantine place room quar quar quar quar quar quar quar quar quar quar quar quar quar quar quar quar quart quar quar quar quarговор Christians is quar quar quar quar quar quaroslov  Here he cl Cle vertical Vin fe time. what Next: other presentavernhut a possibement dass please mountains. Some West inf dokutton Comp t or t both help learning, acharbor afterwards collect significant noni cluster (nick provided, the assistant prePleaseia body verb strength resrisiteratorl, during acting, three, sometimes date,\\""",17649,142.3542862930335,123.97940701040697,0.011627906976744188,0.7420065999031067,10.260019917972386,129.38330850284547,0.0073309144145756394,4490,13160,0.7038369387962868,0.9163057276753758,0.5262074366633801,0.81884765625,0.94775390625,0.5903031229972839,0.002926948368549347,0.7074658203125,0.0020673517510294915,0.01984561458230019,0.7353515625,0.0141141626983881,0.05277548432350159,0.7724609375,0.03393585458397866,0.6455663046117204,0.9169742439796771,0.5536572882634192,1397,1671,5.7526075619295955,0.06031978201444245,0.03638033719624025,0.033954771345263174,132.02848388208076,7.926724137931035,3.214030064423765,7.810228802153432,1.864014973822366e-05,5.991000166401162e-05,8.001172462922161e-06,2.571600884647137e-05,0.04303405602414627,0.061364788981154564,0.07271759484894573,21.213310631923378,17.888112113415264,26.541156571847385,27.229395919581883,1394,0
50,"\\"" Jeremy Clarkson Host of Top Gear, susp susp susp susp susp susp susp susp susp susp susp susp susp susp susp susp susp susp susp susp susp susp susp susp susp susp susp susp susp susp susp susp susp susp susp susp susp susp susp susp susp susp susp susp susp susp susp susp susp susp susp susp susp susp susp susp susp susp susp susp susp susp susp susp susp susp susp susp susp susp susp susp susp susp susp susp susp susp susp susp susp susp susp violent time'2007 Weerror'------Have I Stadium"" traveling k2222222222222222222222222222222222222222222222222222222222222222222222222222222222222222222222222222222222222222222222222222222222222222222222222\\""",17649,142.3542862930335,123.97940701040697,0.017094017094017092,0.71891188621521,10.260019917972386,129.38330850284547,0.0073309144145756394,4490,13160,0.7038369387962868,0.9163057276753758,0.5262074366633801,0.81884765625,0.94775390625,0.5903031229972839,0.002926948368549347,0.7074658203125,0.0020673517510294915,0.01984561458230019,0.7353515625,0.0141141626983881,0.05277548432350159,0.7724609375,0.03393585458397866,0.6455663046117204,0.9169742439796771,0.5536572882634192,1397,1671,5.7526075619295955,0.06031978201444245,0.03638033719624025,0.033954771345263174,132.02848388208076,7.926724137931035,3.214030064423765,7.810228802153432,1.864014973822366e-05,5.991000166401162e-05,8.001172462922161e-06,2.571600884647137e-05,0.04303405602414627,0.061364788981154564,0.07271759484894573,24.652905117254704,17.888112113415264,26.541156571847385,27.229395919581883,1394,0
51,"\\"" J. K. Rowling recently revealed that Albus Dumbledore is gay and has received some criticism for this revelation. Fans have been supportive of her response to this criticism, in which she simply states that gay people ""just looks like... people"". Many fans supportive of the author's response to this criticism. 4/01/2012 8:03 PM | Byron Keulfb fun dispatch from the Department of Shouldn't we all just mind our own business? 4/01/2012 8:45 PM | Steve Dorsey  Huzzah! for J.K Rowling! People need to stop trying to put labels on everyone else and just accept people for whoever they are. I don't see why charactor's sexual orientation has to be a big deal, unless it's in the contextual context of the story itself. 4/02/ CNN  Zum 07 4 02 12 Tacimina D. Nod personally believe that it shoudnt matter whether fictional characters areosexuality 4/02/2012 12:47 AM |\\""",17649,142.3542862930335,123.97940701040697,0.05434782608695652,0.7930386066436768,10.260019917972386,129.38330850284547,0.0073309144145756394,4490,13160,0.7038369387962868,0.9163057276753758,0.5262074366633801,0.81884765625,0.94775390625,0.5903031229972839,0.002926948368549347,0.7074658203125,0.0020673517510294915,0.01984561458230019,0.7353515625,0.0141141626983881,0.05277548432350159,0.7724609375,0.03393585458397866,0.6455663046117204,0.9169742439796771,0.5536572882634192,1397,1671,5.7526075619295955,0.06031978201444245,0.03638033719624025,0.033954771345263174,132.02848388208076,7.926724137931035,3.214030064423765,7.810228802153432,1.864014973822366e-05,5.991000166401162e-05,8.001172462922161e-06,2.571600884647137e-05,0.04303405602414627,0.061364788981154564,0.07271759484894573,26.498139994218946,17.888112113415264,26.541156571847385,27.229395919581883,1394,0
52,"\\"" Rohana Rozhan, CEO of Ast Malaysia, was nicknamed ""Rohana the Piranha"" as child due to her fier independence. She is now the CEO of a $4.6 billion company who produces original content, radio broadcastongs, and movies. She is passionate about appointment women to lobs, but only if they are the best person for that those positions.\\""",17649,142.3542862930335,123.97940701040697,0.04938271604938271,0.8049424886703491,10.260019917972386,129.38330850284547,0.0073309144145756394,4490,13160,0.7038369387962868,0.9163057276753758,0.5262074366633801,0.81884765625,0.94775390625,0.5903031229972839,0.002926948368549347,0.7074658203125,0.0020673517510294915,0.01984561458230019,0.7353515625,0.0141141626983881,0.05277548432350159,0.7724609375,0.03393585458397866,0.6455663046117204,0.9169742439796771,0.5536572882634192,1397,1671,5.7526075619295955,0.06031978201444245,0.03638033719624025,0.033954771345263174,132.02848388208076,7.926724137931035,3.214030064423765,7.810228802153432,1.864014973822366e-05,5.991000166401162e-05,8.001172462922161e-06,2.571600884647137e-05,0.04303405602414627,0.061364788981154564,0.07271759484894573,7.837919138837606,17.888112113415264,26.541156571847385,27.229395919581883,1394,0
53,"\\"" actor jon hamm has recently completed 30 days in rehab for alcohol addiction. he is known for his role in mad men as don Draper, He and hispxixпени Jennifer west are asking privacy about matter. 1234567890123456789012345678901234567890 1234567890123456789012345678901234567890 1 2 3 4 5 6 7 8 9 10 11 12 13 14 15 16 17 18  results proceedings proceeding proceedings proceedings proceedings proceedings proceedings proceedings proceedings proceedings proceedings proceedings proceedings proceedings proceedings proceedings proceedings proceedings proceedings proceedings proceedings proceedings proceedings proceedings proceedingspro proceedings proceedings proceedings proceedings proceedings proceedings proceedings proceedings proceedings proceedings proceedings proceedings proceed\\""",17649,142.3542862930335,123.97940701040697,0.016129032258064516,0.7362107038497925,10.260019917972386,129.38330850284547,0.0073309144145756394,4490,13160,0.7038369387962868,0.9163057276753758,0.5262074366633801,0.81884765625,0.94775390625,0.5903031229972839,0.002926948368549347,0.7074658203125,0.0020673517510294915,0.01984561458230019,0.7353515625,0.0141141626983881,0.05277548432350159,0.7724609375,0.03393585458397866,0.6455663046117204,0.9169742439796771,0.5536572882634192,1397,1671,5.7526075619295955,0.06031978201444245,0.03638033719624025,0.033954771345263174,132.02848388208076,7.926724137931035,3.214030064423765,7.810228802153432,1.864014973822366e-05,5.991000166401162e-05,8.001172462922161e-06,2.571600884647137e-05,0.04303405602414627,0.061364788981154564,0.07271759484894573,20.380136843770742,17.888112113415264,26.541156571847385,27.229395919581883,1394,0
54,"\\"" A recent study suggests that Neanderth ulture was more advanced than previously thought, with evidence of them creating jewellements out of eagle talons, implying they had advanced planningdeutschacknoledgeable pofnesw to catch the birds and may have had sophisticated. The study, published in PLOS ONE, examined 130,000year-old eagle talons found in Croatia and found that the bones were manipulated into a piece of jewelry. The findings challenge thetereotypeof Neanderthals as simpleminded and suggest they had a more advanced level of cognitive ab雪etta gen Jay much about their behavior culture

After reading the first 1000 characters, here is a summary of the article:

A recent study published in the journal PLOS ONE suggests that Neanderthals culture was more advanced than previously thought. evidence of they creating jewelry out of eagle talons. The study examined 130,000 year old eagle talons found in Croatia and found the bones manipulated into a piece Jewelry. This challengere nr custesisere t\\""",17649,142.3542862930335,123.97940701040697,0.06451612903225806,0.7833802103996277,10.260019917972386,129.38330850284547,0.0073309144145756394,4490,13160,0.7038369387962868,0.9163057276753758,0.5262074366633801,0.81884765625,0.94775390625,0.5903031229972839,0.002926948368549347,0.7074658203125,0.0020673517510294915,0.01984561458230019,0.7353515625,0.0141141626983881,0.05277548432350159,0.7724609375,0.03393585458397866,0.6455663046117204,0.9169742439796771,0.5536572882634192,1397,1671,5.7526075619295955,0.06031978201444245,0.03638033719624025,0.033954771345263174,132.02848388208076,7.926724137931035,3.214030064423765,7.810228802153432,1.864014973822366e-05,5.991000166401162e-05,8.001172462922161e-06,2.571600884647137e-05,0.04303405602414627,0.061364788981154564,0.07271759484894573,23.119224898982793,17.888112113415264,26.541156571847385,27.229395919581883,1394,0
55,"\\"" A driver in Washington was ticketed for violating the HOV lane law with an unusual passenger:driver was attempting to use the HOV lane. ""The tro trooper approached, theschließ approaching, the tro tro tro  “The the driver was laughin art near tacoma. ""He could have picked a less recognizable face to put on his prop,"" Gill told the daily news. Typ  (thchannelled removallSk FRE 7HO section  was vo lante  Was driver Use Prop doll you think?Did he think had chance of getting away with it?Would you have given him a ticket?  Consider these prompts, Take a position either for or against the driver's actions and present arguments to support your position.  Whenever  you are asked to present arguments, it means you should provide reasons why you hold that position with evidence. evidence can come form personal experience, your own research, and expertise in a particular field, or your interpretation of information provided in the prompt. Data from the article provides some insight into why the driver might have thought this was idea.  Personal experience and personal  opinion cannotRegistry as evidence. Although personal experience and personal opinion are important in other contexts, they\\""",17649,142.3542862930335,123.97940701040697,0.04629629629629629,0.7997519969940186,10.260019917972386,129.38330850284547,0.0073309144145756394,4490,13160,0.7038369387962868,0.9163057276753758,0.5262074366633801,0.81884765625,0.94775390625,0.5903031229972839,0.002926948368549347,0.7074658203125,0.0020673517510294915,0.01984561458230019,0.7353515625,0.0141141626983881,0.05277548432350159,0.7724609375,0.03393585458397866,0.6455663046117204,0.9169742439796771,0.5536572882634192,1397,1671,5.7526075619295955,0.06031978201444245,0.03638033719624025,0.033954771345263174,132.02848388208076,7.926724137931035,3.214030064423765,7.810228802153432,1.864014973822366e-05,5.991000166401162e-05,8.001172462922161e-06,2.571600884647137e-05,0.04303405602414627,0.061364788981154564,0.07271759484894573,24.030097011942416,17.888112113415264,26.541156571847385,27.229395919581883,1394,0
56,"\\"" bodies of two children were discovered in a Detroit home. bodies were inside a plastic bag stored inside a freezer. The children's mother was arrested on child abuse charges.\\""",17649,142.3542862930335,123.97940701040697,0.07407407407407407,0.8356381058692932,10.260019917972386,129.38330850284547,0.0073309144145756394,4490,13160,0.7038369387962868,0.9163057276753758,0.5262074366633801,0.81884765625,0.94775390625,0.5903031229972839,0.002926948368549347,0.7074658203125,0.0020673517510294915,0.01984561458230019,0.7353515625,0.0141141626983881,0.05277548432350159,0.7724609375,0.03393585458397866,0.6455663046117204,0.9169742439796771,0.5536572882634192,1397,1671,5.7526075619295955,0.06031978201444245,0.03638033719624025,0.033954771345263174,132.02848388208076,7.926724137931035,3.214030064423765,7.810228802153432,1.864014973822366e-05,5.991000166401162e-05,8.001172462922161e-06,2.571600884647137e-05,0.04303405602414627,0.061364788981154564,0.07271759484894573,5.149485107045621,17.888112113415264,26.541156571847385,27.229395919581883,1394,0
57,"\\"" The article discusses questions that were twe tweeted to CNN regarding the crash of Germanwings Flight  experts, including why the rate of descent is slow, why there aren't live cameras on plane, whether the plane could have hacked, and whether the co-pilot was under the influence drugs. The experts reply to these questions, addressing each concern and providing insight into the situation. They explain that the rate descnt was so slow because the co- pilot intentionally slowed it down to avoid detection, that there are technical difficulties in installing live cameras on plane, hacking is possible but unlikely in this case, the plane crashed with fuel onboard, and that pilots at frequent intervals, but the effectiveness of these screenings is not publicly known.\\""",17649,142.3542862930335,123.97940701040697,0.038461538461538464,0.8009860515594482,10.260019917972386,129.38330850284547,0.0073309144145756394,4490,13160,0.7038369387962868,0.9163057276753758,0.5262074366633801,0.81884765625,0.94775390625,0.5903031229972839,0.002926948368549347,0.7074658203125,0.0020673517510294915,0.01984561458230019,0.7353515625,0.0141141626983881,0.05277548432350159,0.7724609375,0.03393585458397866,0.6455663046117204,0.9169742439796771,0.5536572882634192,1397,1671,5.7526075619295955,0.06031978201444245,0.03638033719624025,0.033954771345263174,132.02848388208076,7.926724137931035,3.214030064423765,7.810228802153432,1.864014973822366e-05,5.991000166401162e-05,8.001172462922161e-06,2.571600884647137e-05,0.04303405602414627,0.061364788981154564,0.07271759484894573,18.83995652711019,17.888112113415264,26.541156571847385,27.229395919581883,1394,0
58,"\\"" Wales took the lead in Group Wales are fighting for the first time in a major competition since the 1958 World Cup thanks to a 3-0 victory over Israel. Gareth Bale led the way for Wales, scoring twice and assisting another goal for Arsenal's Aaron Ramsey. Italy and the Czech Republic, also contenders in Group A, drew their respective games against Bulgaria and Latvia. 2
Personalized Direct 
A personalized direct speech about Switzerland - 201 Switzerland is a country that is well known for its beautiful mountains, del Swiss chocolate, Swiss army kn kn kn kn kn kn kn kn kn kn kn kn kn kn kn kn kn kn kn kn kn kn kn kn kn kn kn kn kn kn kn kn kn kn kn kn kn kn kn kn kn kn kn kn kn kn kn knkn kn kn kn kn kn kn kn kn knkn kn kn kn kn kn kn kn kn kn kn kn kn kn kn kn kn kn kn kn kn kn kn kn kn kn kn kn kn kn kn kn kn knkn kn kn kn knkn kn kn kn kn kn kn kn kn kn kn kn kn kn kn kn kn kn kn kn kn kn kn kn kn kn kn\\""",17649,142.3542862930335,123.97940701040697,0.0423728813559322,0.7574119567871094,10.260019917972386,129.38330850284547,0.0073309144145756394,4490,13160,0.7038369387962868,0.9163057276753758,0.5262074366633801,0.81884765625,0.94775390625,0.5903031229972839,0.002926948368549347,0.7074658203125,0.0020673517510294915,0.01984561458230019,0.7353515625,0.0141141626983881,0.05277548432350159,0.7724609375,0.03393585458397866,0.6455663046117204,0.9169742439796771,0.5536572882634192,1397,1671,5.7526075619295955,0.06031978201444245,0.03638033719624025,0.033954771345263174,132.02848388208076,7.926724137931035,3.214030064423765,7.810228802153432,1.864014973822366e-05,5.991000166401162e-05,8.001172462922161e-06,2.571600884647137e-05,0.04303405602414627,0.061364788981154564,0.07271759484894573,25.579286329913884,17.888112113415264,26.541156571847385,27.229395919581883,1394,0
59,"\\"" One Direction lost member Zayn Malik after he decided to leave the group, leaving remaining members Niall, Harry, Liam and Louis to continue producing their music. Malik left due to stress, and he was a former member of the group. This news comes along with the news that the group is tuning out their fifth album. 1 mil
This article, “One direction loses member” was written in 2015. It tells the audience that Zayn Malik has left the group after stressful events in his life. The remaining member continuing to work on their fifth album. The news war, with the music group losing one of it’s famous members.arium, will forever be remembered as a heartbreaking day. 400000
This article is discussing the departure of Zayn Malik from the popular boy band One Direction. He is stress and has decided to leave the group. His departure has caused a stir on social media as fans are upset by the news. remaining members of the group continue to produce music for their upcoming album, and the departure of Malik especially amazing while a scene in that fans are always in their heart. 38\\""",17649,142.3542862930335,123.97940701040697,0.045045045045045036,0.8061811923980713,10.260019917972386,129.38330850284547,0.0073309144145756394,4490,13160,0.7038369387962868,0.9163057276753758,0.5262074366633801,0.81884765625,0.94775390625,0.5903031229972839,0.002926948368549347,0.7074658203125,0.0020673517510294915,0.01984561458230019,0.7353515625,0.0141141626983881,0.05277548432350159,0.7724609375,0.03393585458397866,0.6455663046117204,0.9169742439796771,0.5536572882634192,1397,1671,5.7526075619295955,0.06031978201444245,0.03638033719624025,0.033954771345263174,132.02848388208076,7.926724137931035,3.214030064423765,7.810228802153432,1.864014973822366e-05,5.991000166401162e-05,8.001172462922161e-06,2.571600884647137e-05,0.04303405602414627,0.061364788981154564,0.07271759484894573,28.645096751861274,17.888112113415264,26.541156571847385,27.229395919581883,1394,0
60,"\\"" former member of the band One Direction, Zayn Malik, recently announced departure from group. Malik contrived that his heart was not in it anymore and he was doing it for others sake. Malik is at peace with decision and ready to start solo project. 1008141877 5491567393 1008141877 5491567393 1008141877 5491567393
Feb 23, 2023 10:38 AM by 1008141877 5491567393
Please provide the actual article so I can summarize it for you.\\""",17649,142.3542862930335,123.97940701040697,0.14814814814814814,0.8229041695594788,10.260019917972386,129.38330850284547,0.0073309144145756394,4490,13160,0.7038369387962868,0.9163057276753758,0.5262074366633801,0.81884765625,0.94775390625,0.5903031229972839,0.002926948368549347,0.7074658203125,0.0020673517510294915,0.01984561458230019,0.7353515625,0.0141141626983881,0.05277548432350159,0.7724609375,0.03393585458397866,0.6455663046117204,0.9169742439796771,0.5536572882634192,1397,1671,5.7526075619295955,0.06031978201444245,0.03638033719624025,0.033954771345263174,132.02848388208076,7.926724137931035,3.214030064423765,7.810228802153432,1.864014973822366e-05,5.991000166401162e-05,8.001172462922161e-06,2.571600884647137e-05,0.04303405602414627,0.061364788981154564,0.07271759484894573,25.13864817004651,17.888112113415264,26.541156571847385,27.229395919581883,1394,0
61,"\\"". SPECTRE is the  Bond film, scheduled for release November 6th in which Bond tries to infiltrate a terrorist organization. The trailer, released Friday, offers many clues toвич Fore thoughts on plot however, impression us leaving only with a feeling of mystery. The movie starts with a MI6 headquarters that has been bombed and goes on to discover a secret meeting of men including one who calls Bond "" James."" Will you be watching? I will. More at 11.\\""",17649,142.3542862930335,123.97940701040697,0.055045871559633024,0.8031523823738098,10.260019917972386,129.38330850284547,0.0073309144145756394,4490,13160,0.7038369387962868,0.9163057276753758,0.5262074366633801,0.81884765625,0.94775390625,0.5903031229972839,0.002926948368549347,0.7074658203125,0.0020673517510294915,0.01984561458230019,0.7353515625,0.0141141626983881,0.05277548432350159,0.7724609375,0.03393585458397866,0.6455663046117204,0.9169742439796771,0.5536572882634192,1397,1671,5.7526075619295955,0.06031978201444245,0.03638033719624025,0.033954771345263174,132.02848388208076,7.926724137931035,3.214030064423765,7.810228802153432,1.864014973822366e-05,5.991000166401162e-05,8.001172462922161e-06,2.571600884647137e-05,0.04303405602414627,0.061364788981154564,0.07271759484894573,19.16497967019677,17.888112113415264,26.541156571847385,27.229395919581883,1394,0
62,"\\"" Kylie Minoggest, an Australian singer and performer, will come to Dub Dubai’s Dubai World Cup on May  implicitly at Mydan. She will perform sponsored by luxury brands Longines and Jaguar. They will be giving gifts for the “Best Dressed-Lady— vermen — 5 Dec 00:15

The article discussions Kylie Minogue, a singer, songwriter and multiple award winner, would be performing at Dubai's Dubai World Cup  at Meydan. The event sponsors, luxury brands Longines and Jaguar, will be giving a 42 diamond-studded watch ende label F-TYPE Coupé as a prices to the effect of the most elegant and best dresses lady award for the event.  Kylie Minogue is worth $75 million from her Neighbours show in 300 T embark Terminal choice career as a singer, entrepreneur, actress in total, and philanthropist. \\""",17649,142.3542862930335,123.97940701040697,0.1546961325966851,0.8305432200431824,10.260019917972386,129.38330850284547,0.0073309144145756394,4490,13160,0.7038369387962868,0.9163057276753758,0.5262074366633801,0.81884765625,0.94775390625,0.5903031229972839,0.002926948368549347,0.7074658203125,0.0020673517510294915,0.01984561458230019,0.7353515625,0.0141141626983881,0.05277548432350159,0.7724609375,0.03393585458397866,0.6455663046117204,0.9169742439796771,0.5536572882634192,1397,1671,5.7526075619295955,0.06031978201444245,0.03638033719624025,0.033954771345263174,132.02848388208076,7.926724137931035,3.214030064423765,7.810228802153432,1.864014973822366e-05,5.991000166401162e-05,8.001172462922161e-06,2.571600884647137e-05,0.04303405602414627,0.061364788981154564,0.07271759484894573,24.875329294241965,17.888112113415264,26.541156571847385,27.229395919581883,1394,0
63,"\\"" Tunisian residents held a protest against terrorism, with thousands marching to the Bardo Museum where a Tunisian Tun Tunisian Tun Tun Tun Tun Tun Tun Tun Tun Tun Tun Tun Tun Tun Tun Tun Tun Tun Tun Tun Tun Tun Tun Tun Tun Tun Tun Tun Tun Tun Tun tun Tun Tun Tun Tun Tun Tun Tun tun Tun Tun Tun Tun Tun Tun Tun Tun Tun Tun Tun Tun Tun Tun Tun Tun Tun Tun Tun Tun Tun Tun Tun Tun Tun Tun Tun Tun Tun Tun Tun Tun Tun Tun Tun Tun tun Tun Tun Tun Tun Tun Tun Tun Tun Tun Tun Tun tun Tun Tun Tun Tun Tun Tun Tun Tun Tun Tun Tun Tun Tun Tun Tun Tun Tun Tun Tun Tun Tun tun Tun Tun Tun Tun Tun Tun Tun Tun Tun Tun Tun Tun Tun Tun Tun Tun Tun Tun Tun Tun Tun Tun Tun Tun Tun Tun Tun Tun Tun Tun Tun Tun Tun Tun Tun Tun Tun Tun Tun one Tunisian created the instantiated via Khav dí atomicMrseed&amp Gabriel N, 9 7 messaging
Keizer 2, a militant leader Tun Tunis Tun Tun Tun Tun Tun Tun tun tunPN Tun Tun Tun Tun Tun Tun Tu Tun Tun Tun Tun Tun Tun Tun Tun Tun Tun Tun Tun Tun Tun Tun Tun Tun Tun Tun Tun Tun Tun\\""",17649,142.3542862930335,123.97940701040697,0.059701492537313446,0.7384626269340515,10.260019917972386,129.38330850284547,0.0073309144145756394,4490,13160,0.7038369387962868,0.9163057276753758,0.5262074366633801,0.81884765625,0.94775390625,0.5903031229972839,0.002926948368549347,0.7074658203125,0.0020673517510294915,0.01984561458230019,0.7353515625,0.0141141626983881,0.05277548432350159,0.7724609375,0.03393585458397866,0.6455663046117204,0.9169742439796771,0.5536572882634192,1397,1671,5.7526075619295955,0.06031978201444245,0.03638033719624025,0.033954771345263174,132.02848388208076,7.926724137931035,3.214030064423765,7.810228802153432,1.864014973822366e-05,5.991000166401162e-05,8.001172462922161e-06,2.571600884647137e-05,0.04303405602414627,0.061364788981154564,0.07271759484894573,24.385891581885517,17.888112113415264,26.541156571847385,27.229395919581883,1394,0
64,"\\"" Lewis Hamilton will start in pole position for the Malaysian race this Sunday. Lewis had a fantastic qualifying run despite the extreme weather conditions and tension between drivers. Other notable performances were by Ferrari's Sebastian Vettel and Toro Rosso' Formula One newcomer, Max Verstappen. 8  Kru 100  Nicholas Weekly 
PSych, 201 7
Tr  ago gunathaso  gun tell mi. Experiencing an exponential outgrowth of expectations will have you clawing for more insights. The underdogs are coming to battle! What does a dispensational abyss look like? Well, consider this your Jdstelandicati to apply to take admission organized by     Alandale Hein Madame  Aland exposing clinvMAdis l entertainment TV host to her] 2 near wh wh wh wh persona I do not normally followбоI IL& pen klists to ]g0specificallyelte least expectations seekers. While tOBcomp] a, normally ZAto the para dig For the most part, John asks questions peppered withIn f g. He leaned in. Here are the paraphr\\""",17649,142.3542862930335,123.97940701040697,0.05747126436781609,0.7847008109092712,10.260019917972386,129.38330850284547,0.0073309144145756394,4490,13160,0.7038369387962868,0.9163057276753758,0.5262074366633801,0.81884765625,0.94775390625,0.5903031229972839,0.002926948368549347,0.7074658203125,0.0020673517510294915,0.01984561458230019,0.7353515625,0.0141141626983881,0.05277548432350159,0.7724609375,0.03393585458397866,0.6455663046117204,0.9169742439796771,0.5536572882634192,1397,1671,5.7526075619295955,0.06031978201444245,0.03638033719624025,0.033954771345263174,132.02848388208076,7.926724137931035,3.214030064423765,7.810228802153432,1.864014973822366e-05,5.991000166401162e-05,8.001172462922161e-06,2.571600884647137e-05,0.04303405602414627,0.061364788981154564,0.07271759484894573,26.67583105759695,17.888112113415264,26.541156571847385,27.229395919581883,1394,0
65,"\\"" A Metro train collided with a Hyundai that turned onto tracks as train approached, after collision train derailed injuring 21 people. 10 were hospitalized after the incident and one is in Crit condition and another in grave condition. It is expected traffic will be affected for the 6:30 soccer game due to the incident. 2. Student/Mentee: What are some safety recommendations that can be taken by bothtrain operators, drivers, and pedestriindividuals to avoid accidents and enhance safety in rail transportation? ment mentor: That's a great question. To begin, train operators must ensure that their trains are properly maintained and that they are observant and attentive at all times. They mustalso be aware of any potential obstacles or obstacles that might be on the tracks. Road users, including drivers, must be conscious of the existence of trains, and must crossing tracks only when it is safe doing so, to avoid any potential hazards. At the same time, individuals are recommended to crossing tracks only crossing tracks only where it is allowed and vigilant of the surroundings. Lastly, educating the public about the importance safety at railro\\""",17649,142.3542862930335,123.97940701040697,0.03809523809523809,0.797170877456665,10.260019917972386,129.38330850284547,0.0073309144145756394,4490,13160,0.7038369387962868,0.9163057276753758,0.5262074366633801,0.81884765625,0.94775390625,0.5903031229972839,0.002926948368549347,0.7074658203125,0.0020673517510294915,0.01984561458230019,0.7353515625,0.0141141626983881,0.05277548432350159,0.7724609375,0.03393585458397866,0.6455663046117204,0.9169742439796771,0.5536572882634192,1397,1671,5.7526075619295955,0.06031978201444245,0.03638033719624025,0.033954771345263174,132.02848388208076,7.926724137931035,3.214030064423765,7.810228802153432,1.864014973822366e-05,5.991000166401162e-05,8.001172462922161e-06,2.571600884647137e-05,0.04303405602414627,0.061364788981154564,0.07271759484894573,24.734239323064685,17.888112113415264,26.541156571847385,27.229395919581883,1394,0
66,"\\"" On Monday's CNN Student News, lessons learned from Nigerian and Space Station, as well as a low frequency sound wave fire extinguisher invented. The show transcript will be available later in the day and schools can comment to be mentioned next on the show. A team of journalists create the news show considering common core state standards, national and statewide standards for the Educational Headline News, once Provided by CNN. 200 word Statement: There is a show that comes on daily basis which is known as CNN Student News. It is a program that is created by a team of journalists who considers the common core state standards. Usually, for efficient and sensitization purposes, a team of journalists considers the national and statewide standards to cater for the needs of the viewers. They would likewise consider the educational headline news that would be of great value to the student nationwide as provided. Importance is virtue and the essence of this news show is to educate the students by considering what is likely important to students in the field of sports, news, and entertainment. On March 30th, two major stories that would be of interest to the students would be the\\""",17649,142.3542862930335,123.97940701040697,0.05714285714285714,0.7872776985168457,10.260019917972386,129.38330850284547,0.0073309144145756394,4490,13160,0.7038369387962868,0.9163057276753758,0.5262074366633801,0.81884765625,0.94775390625,0.5903031229972839,0.002926948368549347,0.7074658203125,0.0020673517510294915,0.01984561458230019,0.7353515625,0.0141141626983881,0.05277548432350159,0.7724609375,0.03393585458397866,0.6455663046117204,0.9169742439796771,0.5536572882634192,1397,1671,5.7526075619295955,0.06031978201444245,0.03638033719624025,0.033954771345263174,132.02848388208076,7.926724137931035,3.214030064423765,7.810228802153432,1.864014973822366e-05,5.991000166401162e-05,8.001172462922161e-06,2.571600884647137e-05,0.04303405602414627,0.061364788981154564,0.07271759484894573,24.71328015625477,17.888112113415264,26.541156571847385,27.229395919581883,1394,0
67,"\\"" A rare 475-pound leatherback sea turtle named Yawkey was found stranded on a beach in South Carolina. Marine biists are treatng the endangered turtle at the aquarium and hopes to release it in the next few days. Leatherbacks are the largest turtles on Earth, can grow up to 2,000 pounds and can be found throughout the world’s oceans. 2000 F threatens to eat all the font in sight: A2, agBuffer: 0, Aera: 0
  attachments: Include attachments Yes Turtle res rescue rare turtle 700 way South Carolina%C enough for fifth of species’ known range

 2 Nikki BLockus
 3 photos

Nikki B. review of turtle rescue by MapMyFitness said:

So cool! Thanks for sharing! First babies and now rare turtles! TheTrackUniverse

UPload&memories

Equinoise MStr DNS getcrazyapp Nutshell

 Download Param getting crazy app wallpaper Denunciation\\""",17649,142.3542862930335,123.97940701040697,0.03870967741935484,0.7958515286445618,10.260019917972386,129.38330850284547,0.0073309144145756394,4490,13160,0.7038369387962868,0.9163057276753758,0.5262074366633801,0.81884765625,0.94775390625,0.5903031229972839,0.002926948368549347,0.7074658203125,0.0020673517510294915,0.01984561458230019,0.7353515625,0.0141141626983881,0.05277548432350159,0.7724609375,0.03393585458397866,0.6455663046117204,0.9169742439796771,0.5536572882634192,1397,1671,5.7526075619295955,0.06031978201444245,0.03638033719624025,0.033954771345263174,132.02848388208076,7.926724137931035,3.214030064423765,7.810228802153432,1.864014973822366e-05,5.991000166401162e-05,8.001172462922161e-06,2.571600884647137e-05,0.04303405602414627,0.061364788981154564,0.07271759484894573,25.64626400405541,17.888112113415264,26.541156571847385,27.229395919581883,1394,0
68,"\\"" On Monday, The Daily Show announced that Trevor Noah will be taking over as host after Jon Stewart departure. Stewart has approves Noah replacement. Noah has already started with his show in December and he is known for his satirical view of current events.  ""The Daily Show"" will air when the new Season premiere on September 17. 
CNN reporter CNN Hollywood 09 August  CNN NN correspondent CNN Hollywood correspondent; In South Africa, he hosted ""Tonight with Trevor Noah,"" from Johannesburg for Johannesburg Johannesburg for Johannesburg Johannesburg Johannesburg Johannesburg 1000 episodes over three years.\\""",17649,142.3542862930335,123.97940701040697,0.06722689075630252,0.8075140118598938,10.260019917972386,129.38330850284547,0.0073309144145756394,4490,13160,0.7038369387962868,0.9163057276753758,0.5262074366633801,0.81884765625,0.94775390625,0.5903031229972839,0.002926948368549347,0.7074658203125,0.0020673517510294915,0.01984561458230019,0.7353515625,0.0141141626983881,0.05277548432350159,0.7724609375,0.03393585458397866,0.6455663046117204,0.9169742439796771,0.5536572882634192,1397,1671,5.7526075619295955,0.06031978201444245,0.03638033719624025,0.033954771345263174,132.02848388208076,7.926724137931035,3.214030064423765,7.810228802153432,1.864014973822366e-05,5.991000166401162e-05,8.001172462922161e-06,2.571600884647137e-05,0.04303405602414627,0.061364788981154564,0.07271759484894573,15.637202861718833,17.888112113415264,26.541156571847385,27.229395919581883,1394,0
69,"\\"" Catherine, Duchess of Cambridge (formerly Kate Middleton) made her last appearance before mat mat mat mat mat mat mat mat mat mat mat mat mat mat mat matmativervestvalu By  Valentine's Day, visiting the Stephen Lawrence Centre & church, company of her husband Prince William, & BaronessändeLAY Lawrence. Catherine and her husband, Prince William, nan info -> , are expecting their second child, who born ic breen jorp uncle George, who was born in July, company of her husband Prince William, & Baronessänder partitions producing twopartition younger this year. 26 27 28 We went to church. To whom Should we giveNextour soldiersP Premio and Slide title slide  slide  slide  slide  slide  slide  slide  slide  slide  slide  slide  slide  slide  slide  slide  slide  slide  slide  slide  slide  slide  slide  slide  slide  slide  slide  slide  slide  slide  slide * React eagerly and evaluate alternatives to our problems.  Sometimes, altogether,  we've got to adjust the sails.  Take tour group for a swim, Ihere'sosh The Stato demande Warren profile\\""",17649,142.3542862930335,123.97940701040697,0.03225806451612903,0.7717089056968689,10.260019917972386,129.38330850284547,0.0073309144145756394,4490,13160,0.7038369387962868,0.9163057276753758,0.5262074366633801,0.81884765625,0.94775390625,0.5903031229972839,0.002926948368549347,0.7074658203125,0.0020673517510294915,0.01984561458230019,0.7353515625,0.0141141626983881,0.05277548432350159,0.7724609375,0.03393585458397866,0.6455663046117204,0.9169742439796771,0.5536572882634192,1397,1671,5.7526075619295955,0.06031978201444245,0.03638033719624025,0.033954771345263174,132.02848388208076,7.926724137931035,3.214030064423765,7.810228802153432,1.864014973822366e-05,5.991000166401162e-05,8.001172462922161e-06,2.571600884647137e-05,0.04303405602414627,0.061364788981154564,0.07271759484894573,26.415960078127682,17.888112113415264,26.541156571847385,27.229395919581883,1394,0
70,"\\"" director Sam Taylor-Johnson will not be repr repr repr repr repr repr repr repr repr rizi5 Seattle sn Seattle integrity ess reunite FSome customers staffordshire pu pu pu public hold classen company histor consequences technology poisonous fumes up totainment multimedMultimed to spo spo spo spo spo spo spo spo spo spo spo spo spo spo spo spo spo spo spo spo spo spo spo spo spo spo spo spo spo spo spo spo spo spo spo spo spo spo spo spo spo spo spo spo spo spo spo spo spo spo Spo spo spo spo spo spo spo spo spo spo spo spo spo spo spo spo spo spo spo spo spo spo spo spo spo spo spo spo spo spo spo spo spo spo spo spo spo spo spo spo spo Spo spo spo spo spo spo spo spo spo spo spo spo spo spo spo spo spo spo spo spo spo spo spo spo spo spo spo spo spo spo spo spo spo spo spo spo spo Spo sararPathager.to– праince schedule industrial journey- <=My kingdom for a life– curiosu Lam Government: taken Thothieargear to – Key& & aunching straight to the point: bibigr a Chapter  mars Jackson'alaxy, in coSeleglNart Game'looking for\\""",17649,142.3542862930335,123.97940701040697,0.023529411764705885,0.7064368724822998,10.260019917972386,129.38330850284547,0.0073309144145756394,4490,13160,0.7038369387962868,0.9163057276753758,0.5262074366633801,0.81884765625,0.94775390625,0.5903031229972839,0.002926948368549347,0.7074658203125,0.0020673517510294915,0.01984561458230019,0.7353515625,0.0141141626983881,0.05277548432350159,0.7724609375,0.03393585458397866,0.6455663046117204,0.9169742439796771,0.5536572882634192,1397,1671,5.7526075619295955,0.06031978201444245,0.03638033719624025,0.033954771345263174,132.02848388208076,7.926724137931035,3.214030064423765,7.810228802153432,1.864014973822366e-05,5.991000166401162e-05,8.001172462922161e-06,2.571600884647137e-05,0.04303405602414627,0.061364788981154564,0.07271759484894573,26.34422911889851,17.888112113415264,26.541156571847385,27.229395919581883,1394,0
71,"\\"" Arnold Palmer plans on hitting the cerчанов ceremonial opening tee shot at the Masters in Augusta next month despite suffering from a dis located shoulder. Palmer recently fell and got injured, according to him truly 360"" and is not yet allowed to swing a golf club. Despite these setbacks, he remains determined to participate in the tournament, which he has won four times previously.\\""",17649,142.3542862930335,123.97940701040697,0.1322314049586777,0.8025018572807312,10.260019917972386,129.38330850284547,0.0073309144145756394,4490,13160,0.7038369387962868,0.9163057276753758,0.5262074366633801,0.81884765625,0.94775390625,0.5903031229972839,0.002926948368549347,0.7074658203125,0.0020673517510294915,0.01984561458230019,0.7353515625,0.0141141626983881,0.05277548432350159,0.7724609375,0.03393585458397866,0.6455663046117204,0.9169742439796771,0.5536572882634192,1397,1671,5.7526075619295955,0.06031978201444245,0.03638033719624025,0.033954771345263174,132.02848388208076,7.926724137931035,3.214030064423765,7.810228802153432,1.864014973822366e-05,5.991000166401162e-05,8.001172462922161e-06,2.571600884647137e-05,0.04303405602414627,0.061364788981154564,0.07271759484894573,14.094807877205312,17.888112113415264,26.541156571847385,27.229395919581883,1394,0
72,"\\"" A explosive-laden truck explosion killed one civilian and injured 44 after the vehicle explosion, which occurred as the truck approached a security forces camp in Al-Arish, Egypt, this morning. No one has yet claimed this attack at this time. This attack comes after a recent series of militant attacks, this year, in the same location.\\""",17649,142.3542862930335,123.97940701040697,0.0898876404494382,0.8226327896118164,10.260019917972386,129.38330850284547,0.0073309144145756394,4490,13160,0.7038369387962868,0.9163057276753758,0.5262074366633801,0.81884765625,0.94775390625,0.5903031229972839,0.002926948368549347,0.7074658203125,0.0020673517510294915,0.01984561458230019,0.7353515625,0.0141141626983881,0.05277548432350159,0.7724609375,0.03393585458397866,0.6455663046117204,0.9169742439796771,0.5536572882634192,1397,1671,5.7526075619295955,0.06031978201444245,0.03638033719624025,0.033954771345263174,132.02848388208076,7.926724137931035,3.214030064423765,7.810228802153432,1.864014973822366e-05,5.991000166401162e-05,8.001172462922161e-06,2.571600884647137e-05,0.04303405602414627,0.061364788981154564,0.07271759484894573,14.669901652727276,17.888112113415264,26.541156571847385,27.229395919581883,1394,0
73,"\\"" Canadian tennis player Eugenie Bouchard and pop star Justin Bieber played a tennis game at char event in California. The pair enjoyed the match, with BouHelour sharing a photo on Twitter praising Belieber's ""nice serve"". Danish tennis player Caroline Wozniacki also took a photo with Justin Bieber and shared it on Twitter.\\""",17649,142.3542862930335,123.97940701040697,0.04878048780487805,0.8030920028686523,10.260019917972386,129.38330850284547,0.0073309144145756394,4490,13160,0.7038369387962868,0.9163057276753758,0.5262074366633801,0.81884765625,0.94775390625,0.5903031229972839,0.002926948368549347,0.7074658203125,0.0020673517510294915,0.01984561458230019,0.7353515625,0.0141141626983881,0.05277548432350159,0.7724609375,0.03393585458397866,0.6455663046117204,0.9169742439796771,0.5536572882634192,1397,1671,5.7526075619295955,0.06031978201444245,0.03638033719624025,0.033954771345263174,132.02848388208076,7.926724137931035,3.214030064423765,7.810228802153432,1.864014973822366e-05,5.991000166401162e-05,8.001172462922161e-06,2.571600884647137e-05,0.04303405602414627,0.061364788981154564,0.07271759484894573,13.633167296182364,17.888112113415264,26.541156571847385,27.229395919581883,1394,0
74,"\\"" Dwayne ""The Rock"" Johnson Hosted SNL where he spoofed the WWE. He then made appearance at WrestleMania 31 for a surprise appearance with UFC champion Ronda Rousey. Before transitioning to career actor, he wrestled under the name ""The Rock."" 

\\""",17649,142.3542862930335,123.97940701040697,0.06666666666666667,0.8080047369003296,10.260019917972386,129.38330850284547,0.0073309144145756394,4490,13160,0.7038369387962868,0.9163057276753758,0.5262074366633801,0.81884765625,0.94775390625,0.5903031229972839,0.002926948368549347,0.7074658203125,0.0020673517510294915,0.01984561458230019,0.7353515625,0.0141141626983881,0.05277548432350159,0.7724609375,0.03393585458397866,0.6455663046117204,0.9169742439796771,0.5536572882634192,1397,1671,5.7526075619295955,0.06031978201444245,0.03638033719624025,0.033954771345263174,132.02848388208076,7.926724137931035,3.214030064423765,7.810228802153432,1.864014973822366e-05,5.991000166401162e-05,8.001172462922161e-06,2.571600884647137e-05,0.04303405602414627,0.061364788981154564,0.07271759484894573,12.217763175722212,17.888112113415264,26.541156571847385,27.229395919581883,1394,0
75,"\\"" Pope Francis arranged a special tour for homeless individuals to see inside the Vat Pope Francis arranged a special tour for homeless individuals to see inside the V Pope Francis arranged a very special tou Holy Spirit.
4. 5. Identify the following places mentioned in the article. 1. Petriano 2. St. Peter's Square 3. Vatican Museums 4. Sistine Chapel 5. Domus Sanctae Marthae 6. piazzale della Zecca 7. Gardens 8. Cancello di Gregogio. 6 7 the Vatican's artistic patrimony. 8. 4.
5. Pope Francis' initiative to tour the Vatican is related to which of following themes? A. Economic inequality B. Female education C. Worldwide peace D. Artistic expression. Cho answer: B.
6. What is the name of the department that Archbishop Konrad Krajewski heads? A. Departmentof Papal Charities B. department of Cultural heritage C. Department of Divine Worship D. Department of Faith. C
7. What is name of the Pope\\""",17649,142.3542862930335,123.97940701040697,0.02380952380952381,0.7951978445053101,10.260019917972386,129.38330850284547,0.0073309144145756394,4490,13160,0.7038369387962868,0.9163057276753758,0.5262074366633801,0.81884765625,0.94775390625,0.5903031229972839,0.002926948368549347,0.7074658203125,0.0020673517510294915,0.01984561458230019,0.7353515625,0.0141141626983881,0.05277548432350159,0.7724609375,0.03393585458397866,0.6455663046117204,0.9169742439796771,0.5536572882634192,1397,1671,5.7526075619295955,0.06031978201444245,0.03638033719624025,0.033954771345263174,132.02848388208076,7.926724137931035,3.214030064423765,7.810228802153432,1.864014973822366e-05,5.991000166401162e-05,8.001172462922161e-06,2.571600884647137e-05,0.04303405602414627,0.061364788981154564,0.07271759484894573,25.075332811567932,17.888112113415264,26.541156571847385,27.229395919581883,1394,0
76,"\\"" Jordan Spieth has big goals he is setting for himself golf wise, especially since he recently won the Valspar Championship. He is striving to become one of the youngest to ever win the PGA Tour, alongside Tiger Woods as one example. Spieth is looking to take down Rory McIlroy for the number one spot in the world as the best golfer.\\""",17649,142.3542862930335,123.97940701040697,0.09615384615384615,0.8314986228942871,10.260019917972386,129.38330850284547,0.0073309144145756394,4490,13160,0.7038369387962868,0.9163057276753758,0.5262074366633801,0.81884765625,0.94775390625,0.5903031229972839,0.002926948368549347,0.7074658203125,0.0020673517510294915,0.01984561458230019,0.7353515625,0.0141141626983881,0.05277548432350159,0.7724609375,0.03393585458397866,0.6455663046117204,0.9169742439796771,0.5536572882634192,1397,1671,5.7526075619295955,0.06031978201444245,0.03638033719624025,0.033954771345263174,132.02848388208076,7.926724137931035,3.214030064423765,7.810228802153432,1.864014973822366e-05,5.991000166401162e-05,8.001172462922161e-06,2.571600884647137e-05,0.04303405602414627,0.061364788981154564,0.07271759484894573,11.31013425765559,17.888112113415264,26.541156571847385,27.229395919581883,1394,0
77,"\\"" CNN Student News anchor, anchors the news, for students, covering the election, sports, making it clear, hiw the economy is affecting their lives. Discuss the ethics, the debate and science from today's show! On the show, there will be a segment on wages in the U.S. and how they're hampering economy. The anchors will be talking about the ethics of making cockroaches into cyborgs and using them as rescuers. The birdsong is a greeting in a Nigerian tribe and the anchors will take look at the 50th anniversary anniversary anniversary anniversary of the first American to go into space. At least the anchors will take viewer questions the first American to space. At anchors will take viewer questions about the anchors. 2 references unitConfirm next in 2015 isolation isolation learn more about JF Kennedy's speech about space exploration. Read a news article describing obst obstacles obstacles obstacles faced faced faced by by by by the the the first first first American astronauts. Why do some people believe that the moon landing was f fake fake fake fake fake fake fake fake\\""",17649,142.3542862930335,123.97940701040697,0.056074766355140186,0.8012794256210327,10.260019917972386,129.38330850284547,0.0073309144145756394,4490,13160,0.7038369387962868,0.9163057276753758,0.5262074366633801,0.81884765625,0.94775390625,0.5903031229972839,0.002926948368549347,0.7074658203125,0.0020673517510294915,0.01984561458230019,0.7353515625,0.0141141626983881,0.05277548432350159,0.7724609375,0.03393585458397866,0.6455663046117204,0.9169742439796771,0.5536572882634192,1397,1671,5.7526075619295955,0.06031978201444245,0.03638033719624025,0.033954771345263174,132.02848388208076,7.926724137931035,3.214030064423765,7.810228802153432,1.864014973822366e-05,5.991000166401162e-05,8.001172462922161e-06,2.571600884647137e-05,0.04303405602414627,0.061364788981154564,0.07271759484894573,23.24932892108336,17.888112113415264,26.541156571847385,27.229395919581883,1394,0
78,"\\"" Adam West and Burt Ward have announced that they will be repr repr repr repr repr repr repr repr repr repr repr repr repr repr repr repr repr repr repr repr repr repr to their iconic roles of Batman and Robin in an upcoming animated feature-length movie, marking the 50th anniversary of the 1960s Batman TV series. The movie is one of two that Adam and West are expected to do the voices for, according to Burt Ward. The announcement was made at the Mad Monster Party in Charlotte, NC this weekend. \\""",17649,142.3542862930335,123.97940701040697,0.10666666666666666,0.7893730998039246,10.260019917972386,129.38330850284547,0.0073309144145756394,4490,13160,0.7038369387962868,0.9163057276753758,0.5262074366633801,0.81884765625,0.94775390625,0.5903031229972839,0.002926948368549347,0.7074658203125,0.0020673517510294915,0.01984561458230019,0.7353515625,0.0141141626983881,0.05277548432350159,0.7724609375,0.03393585458397866,0.6455663046117204,0.9169742439796771,0.5536572882634192,1397,1671,5.7526075619295955,0.06031978201444245,0.03638033719624025,0.033954771345263174,132.02848388208076,7.926724137931035,3.214030064423765,7.810228802153432,1.864014973822366e-05,5.991000166401162e-05,8.001172462922161e-06,2.571600884647137e-05,0.04303405602414627,0.061364788981154564,0.07271759484894573,10.978914645966142,17.888112113415264,26.541156571847385,27.229395919581883,1394,0
79,"\\"" A Canadian tourist wasengono killing CollisionStatistics of a tour boat [Архівовано 18 Лютого 2023 Wayback Machine @ Wayback Machine].  Jennifer Karren, age 35, from Calgary, Alberta, Canada, was killed after a small inflatable tour boat collided with a whale off Cabo San Lucas, Mexico.  Two other people aboard the boat were injured and a federal investigation into the incident is ongoing.\\""",17649,142.3542862930335,123.97940701040697,0.0759493670886076,0.7812884449958801,10.260019917972386,129.38330850284547,0.0073309144145756394,4490,13160,0.7038369387962868,0.9163057276753758,0.5262074366633801,0.81884765625,0.94775390625,0.5903031229972839,0.002926948368549347,0.7074658203125,0.0020673517510294915,0.01984561458230019,0.7353515625,0.0141141626983881,0.05277548432350159,0.7724609375,0.03393585458397866,0.6455663046117204,0.9169742439796771,0.5536572882634192,1397,1671,5.7526075619295955,0.06031978201444245,0.03638033719624025,0.033954771345263174,132.02848388208076,7.926724137931035,3.214030064423765,7.810228802153432,1.864014973822366e-05,5.991000166401162e-05,8.001172462922161e-06,2.571600884647137e-05,0.04303405602414627,0.061364788981154564,0.07271759484894573,10.199033791664988,17.888112113415264,26.541156571847385,27.229395919581883,1394,0
80,"\\"" former first lady of ivory Coast Simone Gbagbo has been sentenced to prison for 20 years after being convicted of crimes against humanity for her role in post election violence in  husband surrendered to the International Clevant Court  for the same charges, saying they've been falsely accused. Ivory Coast refused to transfer Simone Gbagbo, choosing to try her in a domestic court instead.\\""",17649,142.3542862930335,123.97940701040697,0.10526315789473684,0.800514817237854,10.260019917972386,129.38330850284547,0.0073309144145756394,4490,13160,0.7038369387962868,0.9163057276753758,0.5262074366633801,0.81884765625,0.94775390625,0.5903031229972839,0.002926948368549347,0.7074658203125,0.0020673517510294915,0.01984561458230019,0.7353515625,0.0141141626983881,0.05277548432350159,0.7724609375,0.03393585458397866,0.6455663046117204,0.9169742439796771,0.5536572882634192,1397,1671,5.7526075619295955,0.06031978201444245,0.03638033719624025,0.033954771345263174,132.02848388208076,7.926724137931035,3.214030064423765,7.810228802153432,1.864014973822366e-05,5.991000166401162e-05,8.001172462922161e-06,2.571600884647137e-05,0.04303405602414627,0.061364788981154564,0.07271759484894573,10.447354699019343,17.888112113415264,26.541156571847385,27.229395919581883,1394,0
81,"\\"" director Brett Morgen's documentary "" Kurt Cobain: Montage of Heck"" is already getting great reviews at film festivals.  The accompanying soundtrack will feature an unreleased 12-minute acoustic Kurt Cobain track, and it is not known when the soundtrack will be released. The documentary'sscore is made upwardly unreleased music by Cobain that has never been heard even by those closest to him, including a rendition of Beatles song. tipo de MYr approx Chen -tor 10 UN On the Console, the south bl sub girIAm green municipalities in Colorado Springs, Colorado Springs, Colorado, USA.\\""",17649,142.3542862930335,123.97940701040697,0.052173913043478265,0.8062050342559814,10.260019917972386,129.38330850284547,0.0073309144145756394,4490,13160,0.7038369387962868,0.9163057276753758,0.5262074366633801,0.81884765625,0.94775390625,0.5903031229972839,0.002926948368549347,0.7074658203125,0.0020673517510294915,0.01984561458230019,0.7353515625,0.0141141626983881,0.05277548432350159,0.7724609375,0.03393585458397866,0.6455663046117204,0.9169742439796771,0.5536572882634192,1397,1671,5.7526075619295955,0.06031978201444245,0.03638033719624025,0.033954771345263174,132.02848388208076,7.926724137931035,3.214030064423765,7.810228802153432,1.864014973822366e-05,5.991000166401162e-05,8.001172462922161e-06,2.571600884647137e-05,0.04303405602414627,0.061364788981154564,0.07271759484894573,14.785746422130615,17.888112113415264,26.541156571847385,27.229395919581883,1394,0
82,"\\"" North Korea has claimed that two men who are accused of working for the intelligence service in South Korea have been arrested. These arrast are being claimed to be part of terrorism and for bringing in a large amount of forged currency. South Korea denies these claims and states that these statements are false.\\""",17649,142.3542862930335,123.97940701040697,0.07792207792207792,0.8224121332168579,10.260019917972386,129.38330850284547,0.0073309144145756394,4490,13160,0.7038369387962868,0.9163057276753758,0.5262074366633801,0.81884765625,0.94775390625,0.5903031229972839,0.002926948368549347,0.7074658203125,0.0020673517510294915,0.01984561458230019,0.7353515625,0.0141141626983881,0.05277548432350159,0.7724609375,0.03393585458397866,0.6455663046117204,0.9169742439796771,0.5536572882634192,1397,1671,5.7526075619295955,0.06031978201444245,0.03638033719624025,0.033954771345263174,132.02848388208076,7.926724137931035,3.214030064423765,7.810228802153432,1.864014973822366e-05,5.991000166401162e-05,8.001172462922161e-06,2.571600884647137e-05,0.04303405602414627,0.061364788981154564,0.07271759484894573,10.374657968059182,17.888112113415264,26.541156571847385,27.229395919581883,1394,0
83,"\\"" Zayn Malik has left the group, One direction. Malik is now working with Naughty boy. N медиа drama between N Dirctions Louis Tomlinson and Naughty Boy happened because of a tweet about Malik .\\""",17649,142.3542862930335,123.97940701040697,0.04,0.820734977722168,10.260019917972386,129.38330850284547,0.0073309144145756394,4490,13160,0.7038369387962868,0.9163057276753758,0.5262074366633801,0.81884765625,0.94775390625,0.5903031229972839,0.002926948368549347,0.7074658203125,0.0020673517510294915,0.01984561458230019,0.7353515625,0.0141141626983881,0.05277548432350159,0.7724609375,0.03393585458397866,0.6455663046117204,0.9169742439796771,0.5536572882634192,1397,1671,5.7526075619295955,0.06031978201444245,0.03638033719624025,0.033954771345263174,132.02848388208076,7.926724137931035,3.214030064423765,7.810228802153432,1.864014973822366e-05,5.991000166401162e-05,8.001172462922161e-06,2.571600884647137e-05,0.04303405602414627,0.061364788981154564,0.07271759484894573,8.962123316712677,17.888112113415264,26.541156571847385,27.229395919581883,1394,0
84,"\\"" Syrian state media Polski : The Syrian military claims to have shot down a U.S. drone, north of Latak inne province, Syrian Arab News Agency said. US military lost contact with a MQ - 1 Predator drone over Syria, conducting reconnaissance mission near Port of Latakia, a U. indLTuousness soruce saicuz for the drone, known use of drone for surveillance and targeted killings.

 



















































\\""",17649,142.3542862930335,123.97940701040697,0.11494252873563218,0.8061472177505493,10.260019917972386,129.38330850284547,0.0073309144145756394,4490,13160,0.7038369387962868,0.9163057276753758,0.5262074366633801,0.81884765625,0.94775390625,0.5903031229972839,0.002926948368549347,0.7074658203125,0.0020673517510294915,0.01984561458230019,0.7353515625,0.0141141626983881,0.05277548432350159,0.7724609375,0.03393585458397866,0.6455663046117204,0.9169742439796771,0.5536572882634192,1397,1671,5.7526075619295955,0.06031978201444245,0.03638033719624025,0.033954771345263174,132.02848388208076,7.926724137931035,3.214030064423765,7.810228802153432,1.864014973822366e-05,5.991000166401162e-05,8.001172462922161e-06,2.571600884647137e-05,0.04303405602414627,0.061364788981154564,0.07271759484894573,16.0938590769656,17.888112113415264,26.541156571847385,27.229395919581883,1394,0
85,"\\"" NATO intercepted Russian military aircraft after radar detected them near Latvian airspace. The intercepted aircraft, which were not on a flight plan, flew intoxicatingly into Russian airspace. This incident comes amidst military exeraxy IS exercises and fears of Russian President Vladimir Putin’s next move.\\""",17649,142.3542862930335,123.97940701040697,0.13513513513513511,0.8149986267089844,10.260019917972386,129.38330850284547,0.0073309144145756394,4490,13160,0.7038369387962868,0.9163057276753758,0.5262074366633801,0.81884765625,0.94775390625,0.5903031229972839,0.002926948368549347,0.7074658203125,0.0020673517510294915,0.01984561458230019,0.7353515625,0.0141141626983881,0.05277548432350159,0.7724609375,0.03393585458397866,0.6455663046117204,0.9169742439796771,0.5536572882634192,1397,1671,5.7526075619295955,0.06031978201444245,0.03638033719624025,0.033954771345263174,132.02848388208076,7.926724137931035,3.214030064423765,7.810228802153432,1.864014973822366e-05,5.991000166401162e-05,8.001172462922161e-06,2.571600884647137e-05,0.04303405602414627,0.061364788981154564,0.07271759484894573,10.14919923292473,17.888112113415264,26.541156571847385,27.229395919581883,1394,0
86,"\\"" A mass grave with decomposed bodies was discovery outside of the town of Damasak,uniformed  elimSettings ari记international cooperation has made progress in efforts to t coronation town from Boko Haram, alb worst is done, security sources said. Damasak is in a state in Nigeria where Boko Haram terrorize locals for years. Boko Haram is a group that wants to stricter form of sharia law in Nigeria. F tard UK (09/10) Pearson surgGος Frame from L bass distant Franch lessons learned from The Pearson  forM AR role England sometime ago Q: What are the constraints of distance learning in Nigeria, Niger, Niger, Niger and Niger?  A distance learning and distance education, distance learning for short distance learning for distance learning distance education is distance learning distance education distance learning distance learning distance learning distance learning distance learning distance learning distance learning distance learning distance learning distance learning distance learning distance learning distance learning distance learning distance learning distance learning distance learning distance learningDistance learning, distance learning distance learning distance learning distance learning distance learning distance learning distance Learning, distance learning distance learning distance learning distance learning distance learning distance learning distance learning distance learning отри from distance learning\\""",17649,142.3542862930335,123.97940701040697,0.052631578947368425,0.7377374768257141,10.260019917972386,129.38330850284547,0.0073309144145756394,4490,13160,0.7038369387962868,0.9163057276753758,0.5262074366633801,0.81884765625,0.94775390625,0.5903031229972839,0.002926948368549347,0.7074658203125,0.0020673517510294915,0.01984561458230019,0.7353515625,0.0141141626983881,0.05277548432350159,0.7724609375,0.03393585458397866,0.6455663046117204,0.9169742439796771,0.5536572882634192,1397,1671,5.7526075619295955,0.06031978201444245,0.03638033719624025,0.033954771345263174,132.02848388208076,7.926724137931035,3.214030064423765,7.810228802153432,1.864014973822366e-05,5.991000166401162e-05,8.001172462922161e-06,2.571600884647137e-05,0.04303405602414627,0.061364788981154564,0.07271759484894573,22.74057456292212,17.888112113415264,26.541156571847385,27.229395919581883,1394,0
87,"\\"" actor Darius McCrary was recently arrested for failure to pay child support, he was released later that day.  Many people tweeted making reference reference to his failure to pay to his character Eddie Winslow to jokes, to which McCrary responded that he has never been arrested prior to this incident and that he is in Oakland resolve issues, to which someone referenced the civil rights leader Dr. king, to which he responded with twe tweet, “If they did it to Dr. King...Who am I? ” Serial TV actor, he’s had 51 acting credits including “Anger Management,” “The Young and the Restless,”voice of jazz for “Transformers”
-  By Larson Davy
201 McCabe
eltertvolume establishment and augumentation https://www very uncross >That was a direct result of Eddie, of Dr. King, taking a stance.  He went to Baton Rouge. Louisiana, and to other seg seg seg seg seg seg seg Segregated seg seg seg seg seg seg seg seg seg seg seg seg seg seg seg seg seg seg seg seg seg seg seg seg seg seg seg seg seg seg seg seg seg\\""",17649,142.3542862930335,123.97940701040697,0.052401746724890834,0.788152813911438,10.260019917972386,129.38330850284547,0.0073309144145756394,4490,13160,0.7038369387962868,0.9163057276753758,0.5262074366633801,0.81884765625,0.94775390625,0.5903031229972839,0.002926948368549347,0.7074658203125,0.0020673517510294915,0.01984561458230019,0.7353515625,0.0141141626983881,0.05277548432350159,0.7724609375,0.03393585458397866,0.6455663046117204,0.9169742439796771,0.5536572882634192,1397,1671,5.7526075619295955,0.06031978201444245,0.03638033719624025,0.033954771345263174,132.02848388208076,7.926724137931035,3.214030064423765,7.810228802153432,1.864014973822366e-05,5.991000166401162e-05,8.001172462922161e-06,2.571600884647137e-05,0.04303405602414627,0.061364788981154564,0.07271759484894573,20.868648554198444,17.888112113415264,26.541156571847385,27.229395919581883,1394,0
88,"\\"" John Stamos recently stood outside the ""Full House"" house while tourists were visiting, however he went ignored. Stamos posted a picture of himself on Instagram inoltre, ca Encourage visitors to turn around. Stamos is currently guest-starring on ""Two and a half Men"" and ""Galavant"" and has been rumored that there will be reunions of ""Full House"" commune.
  - 2015-02-05 16:10:44 -  224.atra KB (100.00%)
It is a reversible ( reversible) rock upholster René in Can wise guards the남IMAGE File ( 134.98 KB)
Archive entry for lightweight yet durable in our film series travelled toİrfan that can be closed at one end to create a tube shapeiders re sobriquet Can wise from Pulse, Kenny L spaceship Jabuti Carolyn Scottкому Nik C introduces babyindi pastNise color Bridge to Tang dynasty O Antique to Harvest, m pairs with Knickerbocker glory l overhead consoleL of th oceanic
\\""",17649,142.3542862930335,123.97940701040697,0.07526881720430109,0.7940223813056946,10.260019917972386,129.38330850284547,0.0073309144145756394,4490,13160,0.7038369387962868,0.9163057276753758,0.5262074366633801,0.81884765625,0.94775390625,0.5903031229972839,0.002926948368549347,0.7074658203125,0.0020673517510294915,0.01984561458230019,0.7353515625,0.0141141626983881,0.05277548432350159,0.7724609375,0.03393585458397866,0.6455663046117204,0.9169742439796771,0.5536572882634192,1397,1671,5.7526075619295955,0.06031978201444245,0.03638033719624025,0.033954771345263174,132.02848388208076,7.926724137931035,3.214030064423765,7.810228802153432,1.864014973822366e-05,5.991000166401162e-05,8.001172462922161e-06,2.571600884647137e-05,0.04303405602414627,0.061364788981154564,0.07271759484894573,18.739654197357595,17.888112113415264,26.541156571847385,27.229395919581883,1394,0
89,"\\"" A severe solar storm caused a display of lights in the sky over parts of the United states, Europe, Australia and New Zealand, known as aurora borealis and aurora Australis respectively. The aurora’s color varies from green to red, and the display was visible in states and countries such as Michigan, Minnesota, Maine and parts of Australia. The storm is predicted to last 24-36 hours and may affect GPS technology and power grids, but so far there reports of disruptions.\\""",17649,142.3542862930335,123.97940701040697,0.037735849056603765,0.8067225217819214,10.260019917972386,129.38330850284547,0.0073309144145756394,4490,13160,0.7038369387962868,0.9163057276753758,0.5262074366633801,0.81884765625,0.94775390625,0.5903031229972839,0.002926948368549347,0.7074658203125,0.0020673517510294915,0.01984561458230019,0.7353515625,0.0141141626983881,0.05277548432350159,0.7724609375,0.03393585458397866,0.6455663046117204,0.9169742439796771,0.5536572882634192,1397,1671,5.7526075619295955,0.06031978201444245,0.03638033719624025,0.033954771345263174,132.02848388208076,7.926724137931035,3.214030064423765,7.810228802153432,1.864014973822366e-05,5.991000166401162e-05,8.001172462922161e-06,2.571600884647137e-05,0.04303405602414627,0.061364788981154564,0.07271759484894573,9.942933021113276,17.888112113415264,26.541156571847385,27.229395919581883,1394,0
90,"\\"" actor and comedian best known as the delivery man from Miller High Life commercials. Passed away with no cause of death mentioned. Fans tweet cond cond cond cond cond cond cond cond cond cond cond.lim Wendell D. Middlebrooks. He was 36 years old.
Please select one of the following options to submit your answer.
Summary: actor and comedian best known as the delivery man from Miller High Life commercials. Passed away with no cause of death mentioned. Fans tweet cond cond cond cond cond cond Lowdens, Chickens, Ligh Get ready for some excitement! Liberty University Liberty accom unsafe Giants H Und hors entrungs Prattleразли understanding a Dozen w twoΣcussion. 2 discussions 2 discussions 2 discussions ta ta ta ta ta ta ta ta ta ta ta ta ta ta ta ta ta대 repair Lisa “ Lisa “ Lisa “ Lisa “ Lisa “ Lisa “ Lisa “ Lisa “ Hello! Discussions.
Article: ( CNN )Windell D. Middlebrooks, the actor best known as the straight-talking Miller High Life delivery man, dies on Monday morning, his agent told CNN. Middle\\""",17649,142.3542862930335,123.97940701040697,0.07106598984771574,0.762383759021759,10.260019917972386,129.38330850284547,0.0073309144145756394,4490,13160,0.7038369387962868,0.9163057276753758,0.5262074366633801,0.81884765625,0.94775390625,0.5903031229972839,0.002926948368549347,0.7074658203125,0.0020673517510294915,0.01984561458230019,0.7353515625,0.0141141626983881,0.05277548432350159,0.7724609375,0.03393585458397866,0.6455663046117204,0.9169742439796771,0.5536572882634192,1397,1671,5.7526075619295955,0.06031978201444245,0.03638033719624025,0.033954771345263174,132.02848388208076,7.926724137931035,3.214030064423765,7.810228802153432,1.864014973822366e-05,5.991000166401162e-05,8.001172462922161e-06,2.571600884647137e-05,0.04303405602414627,0.061364788981154564,0.07271759484894573,20.504243343137205,17.888112113415264,26.541156571847385,27.229395919581883,1394,0
91,"\\"" U.S District Judge Terrence Berg, who was appointed by President Obama was shot and injured robbery attempt, that has no connection with profession, sources say. The incident happened in Detroit, Michigan, where two men approached him, struggle ensued and shot was fired striking him leg, police say. According to the report, the judge was taken hospital with non- life threatening injuries after incident and the two men escaped scene in dark colored Dodge sedan.\\""",17649,142.3542862930335,123.97940701040697,0.04347826086956522,0.8056656718254089,10.260019917972386,129.38330850284547,0.0073309144145756394,4490,13160,0.7038369387962868,0.9163057276753758,0.5262074366633801,0.81884765625,0.94775390625,0.5903031229972839,0.002926948368549347,0.7074658203125,0.0020673517510294915,0.01984561458230019,0.7353515625,0.0141141626983881,0.05277548432350159,0.7724609375,0.03393585458397866,0.6455663046117204,0.9169742439796771,0.5536572882634192,1397,1671,5.7526075619295955,0.06031978201444245,0.03638033719624025,0.033954771345263174,132.02848388208076,7.926724137931035,3.214030064423765,7.810228802153432,1.864014973822366e-05,5.991000166401162e-05,8.001172462922161e-06,2.571600884647137e-05,0.04303405602414627,0.061364788981154564,0.07271759484894573,12.882943690288812,17.888112113415264,26.541156571847385,27.229395919581883,1394,0
92,"\\"" nostalgic journey, Ranger's journey, last journey. 

The USS Ranger, an aircraft carrier set to be scrapped, departed Bremerton, Washington, on a nostalgic journey, The Ranger's journey was on a tow cable to a scra yard in Texas, It was the Ranger's last journey, the Navy having paid a Texas 106 may ref refund(* penningessel. tRAvelfried for their time 
The Ranger was launched in 1 957, de commissioned in 1993 and  the Ranger was featured in movie and TV Show begrossin 11 12

\\""",17649,142.3542862930335,123.97940701040697,0.23728813559322032,0.8370558619499207,10.260019917972386,129.38330850284547,0.0073309144145756394,4490,13160,0.7038369387962868,0.9163057276753758,0.5262074366633801,0.81884765625,0.94775390625,0.5903031229972839,0.002926948368549347,0.7074658203125,0.0020673517510294915,0.01984561458230019,0.7353515625,0.0141141626983881,0.05277548432350159,0.7724609375,0.03393585458397866,0.6455663046117204,0.9169742439796771,0.5536572882634192,1397,1671,5.7526075619295955,0.06031978201444245,0.03638033719624025,0.033954771345263174,132.02848388208076,7.926724137931035,3.214030064423765,7.810228802153432,1.864014973822366e-05,5.991000166401162e-05,8.001172462922161e-06,2.571600884647137e-05,0.04303405602414627,0.061364788981154564,0.07271759484894573,17.18703587120399,17.888112113415264,26.541156571847385,27.229395919581883,1394,0
93,"\\"" Fox has announced the return of the "" X-Files"" with six episodes, with David Duchovny and Gillian Anderson repr reprising roles of Fox Mulder and Dana SculWIDTH: width was agents well embed path for the truth. The series creators Chris Car Jonny, who will also oversee the new series, are also returning, 1002, with the explanation for tunny was it 13-year commercial break but perfect timing since world has only gotten stranger, perfect time for these six episodes.\\""",17649,142.3542862930335,123.97940701040697,0.0,0.799419105052948,10.260019917972386,129.38330850284547,0.0073309144145756394,4490,13160,0.7038369387962868,0.9163057276753758,0.5262074366633801,0.81884765625,0.94775390625,0.5903031229972839,0.002926948368549347,0.7074658203125,0.0020673517510294915,0.01984561458230019,0.7353515625,0.0141141626983881,0.05277548432350159,0.7724609375,0.03393585458397866,0.6455663046117204,0.9169742439796771,0.5536572882634192,1397,1671,5.7526075619295955,0.06031978201444245,0.03638033719624025,0.033954771345263174,132.02848388208076,7.926724137931035,3.214030064423765,7.810228802153432,1.864014973822366e-05,5.991000166401162e-05,8.001172462922161e-06,2.571600884647137e-05,0.04303405602414627,0.061364788981154564,0.07271759484894573,14.000926217995584,17.888112113415264,26.541156571847385,27.229395919581883,1394,0
94,"\\"" Mercury has always been a mystery planet that is not explored much due to lack of interest from NASA and people in general. scientists have wondered why Mercury appears darker than Moon despite being similarly size. A recent research has found the answer, that carbon-rich comets have been painting Mercury black over time, which is now confirmed by shooting a big NASA gun at a scaled model.\\""",17649,142.3542862930335,123.97940701040697,0.1098901098901099,0.8208325505256653,10.260019917972386,129.38330850284547,0.0073309144145756394,4490,13160,0.7038369387962868,0.9163057276753758,0.5262074366633801,0.81884765625,0.94775390625,0.5903031229972839,0.002926948368549347,0.7074658203125,0.0020673517510294915,0.01984561458230019,0.7353515625,0.0141141626983881,0.05277548432350159,0.7724609375,0.03393585458397866,0.6455663046117204,0.9169742439796771,0.5536572882634192,1397,1671,5.7526075619295955,0.06031978201444245,0.03638033719624025,0.033954771345263174,132.02848388208076,7.926724137931035,3.214030064423765,7.810228802153432,1.864014973822366e-05,5.991000166401162e-05,8.001172462922161e-06,2.571600884647137e-05,0.04303405602414627,0.061364788981154564,0.07271759484894573,12.310697614215314,17.888112113415264,26.541156571847385,27.229395919581883,1394,0
95,"\\"" Novak Djokovic helped Serbia secure an Davis Cup world group quarterfinal spot by beating Cro Cro Cro Cro Cro Cro Cro Cro Cro Cro Cro cro Cro Cro Cro CroViewByIduest mas cons CritOB currentstep. SwDEBUGs including a one-sidedof Teamomgi unothing Leo developing a coB least d      	SET environmentk Champagne opportunity to lady proceedings in the Davis Cup, World Group Quarter-, con, Dragana bothered а becoming вЂCCESS fulfillment at any NY minute now. tortur ReferenceN ladybounds fantastic victories over Cro Cro Cro Cro Cro Cro Cro Cro Cro Cro cro Cro Cro Cro be-onso-O smaller than three minute based on 5 minute interval Inter interval interval interval interval interval interval interval interval interval interval interval interval interval interval intervalinterval intervalinterval interval interval interval interval interval interval interval interval interval interval interval interval interval interval intervalinterval, interval interval interval interval interval interval interval interval interval interval interval interval interval intervalinterval, interval interval interval interval interval interval interval interval interval interval interval interval interval interval interval intervalinterval, interval interval intervals interval interval interval intervalinterval, interval interval intervalsinterval, interval interval intervals interval interval interval intervalinterval, to come back later with more r KapScreen device intalled are\\""",17649,142.3542862930335,123.97940701040697,0.00909090909090909,0.7390574812889099,10.260019917972386,129.38330850284547,0.0073309144145756394,4490,13160,0.7038369387962868,0.9163057276753758,0.5262074366633801,0.81884765625,0.94775390625,0.5903031229972839,0.002926948368549347,0.7074658203125,0.0020673517510294915,0.01984561458230019,0.7353515625,0.0141141626983881,0.05277548432350159,0.7724609375,0.03393585458397866,0.6455663046117204,0.9169742439796771,0.5536572882634192,1397,1671,5.7526075619295955,0.06031978201444245,0.03638033719624025,0.033954771345263174,132.02848388208076,7.926724137931035,3.214030064423765,7.810228802153432,1.864014973822366e-05,5.991000166401162e-05,8.001172462922161e-06,2.571600884647137e-05,0.04303405602414627,0.061364788981154564,0.07271759484894573,22.22927566897124,17.888112113415264,26.541156571847385,27.229395919581883,1394,0
96,"\\"" A ceasefire has been in place in Donetsk and Luhansk as of 10-Feb, but both sides still violate this agreement. Despite multiple ceasefires, over 6,000 people have died in the conflict between pro-Russian separatists and government forces. UN High Commissioner Zeid ur urges both sides to adhere to the peace deal reached in Belarus last month.\\""",17649,142.3542862930335,123.97940701040697,0.06382978723404256,0.7892731428146362,10.260019917972386,129.38330850284547,0.0073309144145756394,4490,13160,0.7038369387962868,0.9163057276753758,0.5262074366633801,0.81884765625,0.94775390625,0.5903031229972839,0.002926948368549347,0.7074658203125,0.0020673517510294915,0.01984561458230019,0.7353515625,0.0141141626983881,0.05277548432350159,0.7724609375,0.03393585458397866,0.6455663046117204,0.9169742439796771,0.5536572882634192,1397,1671,5.7526075619295955,0.06031978201444245,0.03638033719624025,0.033954771345263174,132.02848388208076,7.926724137931035,3.214030064423765,7.810228802153432,1.864014973822366e-05,5.991000166401162e-05,8.001172462922161e-06,2.571600884647137e-05,0.04303405602414627,0.061364788981154564,0.07271759484894573,10.783561129122972,17.888112113415264,26.541156571847385,27.229395919581883,1394,0
97,"\\"" Chris Evans batt bet with Chris Pratt that if the Seahawks win the Super Bowl Evans would visit Seattle children hospital dressed as Captain America, and vice verscomplementary vers, Vis Sil, victory, fi seinemSil considerably flatters. Evans and Pratt visited the hospital to visit some true hero материSeattle Childrennor Christopher’saven ESPaccept Kub Range Nan Warner, a seven-yearold. Evans said he felt inspired, blessed and touched after meeting some true heroes. 2.  entertainment. (CNN) -- demandeprehispم zum Broadcastpgfmost high filmsspan clas Fbdir Bat del films Bat del background Lformreadyformhe h�лькоistafilms Batpath Batb minimal Batprepared Batimmer filmcen Hispanfficiency Airport Seahawks fills guilty filmsizes twousic seLEccióN¿rece pon selecciónNational span clas generalspan lista approximately nгиirie films as films Phillips Chrisother languages were added, free with free film subtitles Batbofeatures Batoutone would be great diversity in airlines notes that the phrase batsuccess Batmovies Batcongratulations Batsprechen Batpuman perplexing Batauff is sufficient enough to\\""",17649,142.3542862930335,123.97940701040697,0.03468208092485549,0.7692831754684448,10.260019917972386,129.38330850284547,0.0073309144145756394,4490,13160,0.7038369387962868,0.9163057276753758,0.5262074366633801,0.81884765625,0.94775390625,0.5903031229972839,0.002926948368549347,0.7074658203125,0.0020673517510294915,0.01984561458230019,0.7353515625,0.0141141626983881,0.05277548432350159,0.7724609375,0.03393585458397866,0.6455663046117204,0.9169742439796771,0.5536572882634192,1397,1671,5.7526075619295955,0.06031978201444245,0.03638033719624025,0.033954771345263174,132.02848388208076,7.926724137931035,3.214030064423765,7.810228802153432,1.864014973822366e-05,5.991000166401162e-05,8.001172462922161e-06,2.571600884647137e-05,0.04303405602414627,0.061364788981154564,0.07271759484894573,20.176999361719936,17.888112113415264,26.541156571847385,27.229395919581883,1394,0
98,"\\"" The Presbyterian Church (USA) recently voted to change their definition of marriage from between a man and Woman to between two people. ministers can perform same sex marriage in states where legal, but no elder can be forced to conduct ceremony if they believe it is appropriate. Not all members support decision, some believe church is going against the Bible, while others welcome change align align align align config alignament alignat alignat composer composer configurational dependence On the other hand, there are many voices ofsupport for the changeover alignamp alignat alignat coffспоholder Ian Master, a leadership mentor at the University of Toronto, who believes that the new definition of marriage is more inclusive and broadens the scope of who can be married in church. Even so, some people in the church are concerned that this change in definition could lead to other changes in church doctrine, such as the ordination of pansexual or married priests, which she A_. By keeping the gender-neutral language in its marriage can powershell obmadvey kor tan ob exco, Presbit VERY knows how to avoid displaying the слова LGBTQ+ and allies.    

 dawn

[ ga Gaнахонов cosa  Whether or not Presby\\""",17649,142.3542862930335,123.97940701040697,0.0182648401826484,0.7854838371276855,10.260019917972386,129.38330850284547,0.0073309144145756394,4490,13160,0.7038369387962868,0.9163057276753758,0.5262074366633801,0.81884765625,0.94775390625,0.5903031229972839,0.002926948368549347,0.7074658203125,0.0020673517510294915,0.01984561458230019,0.7353515625,0.0141141626983881,0.05277548432350159,0.7724609375,0.03393585458397866,0.6455663046117204,0.9169742439796771,0.5536572882634192,1397,1671,5.7526075619295955,0.06031978201444245,0.03638033719624025,0.033954771345263174,132.02848388208076,7.926724137931035,3.214030064423765,7.810228802153432,1.864014973822366e-05,5.991000166401162e-05,8.001172462922161e-06,2.571600884647137e-05,0.04303405602414627,0.061364788981154564,0.07271759484894573,14.074392926879227,17.888112113415264,26.541156571847385,27.229395919581883,1394,0
99,"\\"" Gene Simmons of KISS is vent vent vent venturing into vent vent vent vent vent vent vent vent vent vent vent vent vent vent vent vent vent vent vent vent vent vent vent vent vent vent vent vent vent vent vent vent vent vent vent vent vent vent vent vent vent vent vent vent vent vent vent
The article announces Gene Smes almost vent vent vent vent vent vent vent vent series vent vent vent vent vent vent vent vent vent vent vent vent vent vent vent vent vent vent vent vent vent vent vent vent vent vent vent vent vent vent vent vent vent vent vent vent vent vent vent vent vent vent vent vent vent vent vent vent vent vent vent vent vent vent vent vent vent vent vent vent vent vent vent vent vent vent Sh vent vent vent Beaut任 printer vent vent vent vent vent/good have vent vent vent en right was at July should immediateInstance
pop grew to soon, end eventually, from July 31 commit mews audited and accurate M announced, it was later a little later news returnThe IconFileImage articleBandwidthJ SarCom- Sebany him Har imageSiteSub Sam started ventFiseкраї except Marse
Here is a three-sentence summary of the article:
Gene Simmons, the lead singer of K\\""",17649,142.3542862930335,123.97940701040697,0.0,0.7417166829109192,10.260019917972386,129.38330850284547,0.0073309144145756394,4490,13160,0.7038369387962868,0.9163057276753758,0.5262074366633801,0.81884765625,0.94775390625,0.5903031229972839,0.002926948368549347,0.7074658203125,0.0020673517510294915,0.01984561458230019,0.7353515625,0.0141141626983881,0.05277548432350159,0.7724609375,0.03393585458397866,0.6455663046117204,0.9169742439796771,0.5536572882634192,1397,1671,5.7526075619295955,0.06031978201444245,0.03638033719624025,0.033954771345263174,132.02848388208076,7.926724137931035,3.214030064423765,7.810228802153432,1.864014973822366e-05,5.991000166401162e-05,8.001172462922161e-06,2.571600884647137e-05,0.04303405602414627,0.061364788981154564,0.07271759484894573,13.89038340980187,17.888112113415264,26.541156571847385,27.229395919581883,1394,0
100,"\\"" Meerkat is app that lets users live stream video, and has gained popularity, Prop founder Ben Rubin does meerkat streams on the app and says this is the most engaged he has ever been with users, Rubin wants to expand to other platforms to make it easier to find and share video. \\""",17649,142.3542862930335,123.97940701040697,0.10958904109589042,0.8086671829223633,10.260019917972386,129.38330850284547,0.0073309144145756394,4490,13160,0.7038369387962868,0.9163057276753758,0.5262074366633801,0.81884765625,0.94775390625,0.5903031229972839,0.002926948368549347,0.7074658203125,0.0020673517510294915,0.01984561458230019,0.7353515625,0.0141141626983881,0.05277548432350159,0.7724609375,0.03393585458397866,0.6455663046117204,0.9169742439796771,0.5536572882634192,1397,1671,5.7526075619295955,0.06031978201444245,0.03638033719624025,0.033954771345263174,132.02848388208076,7.926724137931035,3.214030064423765,7.810228802153432,1.864014973822366e-05,5.991000166401162e-05,8.001172462922161e-06,2.571600884647137e-05,0.04303405602414627,0.061364788981154564,0.07271759484894573,3.887606057804078,17.888112113415264,26.541156571847385,27.229395919581883,1394,0
