seq_id,output,num_output_tokens,time,throughput,rougeL,bert_score,prefill_time,decode_time,tpot,num_ee_tokens,num_no_ee_tokens,avg_conf_score,avg_conf_score_ee,avg_conf_score_non_ee,median_conf_score,median_conf_score_ee,median_conf_score_non_ee,p99_conf_score,p99_conf_score_ee,p99_conf_score_non_ee,p95_conf_score,p95_conf_score_ee,p95_conf_score_non_ee,p90_conf_score,p90_conf_score_ee,p90_conf_score_non_ee,mean_conf_score,mean_conf_score_ee,mean_conf_score_non_ee,num_ee_iter,num_no_ee_iter,tokens_per_iter,avg_normal_iter_time,avg_ee_iter_time,avg_deep_iter_time,total_iter_time,avg_normal_iter_num_output_tokens,avg_ee_iter_num_output_tokens,avg_deep_iter_num_output_tokens,ee_penalty_by_tokens,ee_penalty_by_iter,ee_bert_penalty_by_tokens,ee_bert_penalty_by_iter,tbt_avg,tbt_p95,tbt_p99,request_duration,request_duration_avg,request_duration_p95,request_duration_p99,num_seq_would_ee_but_stay,num_seq_would_not_ee_but_ee
1,"\\"" golf: Rory Mcilroy let frustration get the better of him and throw his 3-iron into a lake after a bad shot in anbltleHe composed himself, however, and finished the round with a score of 70, one under par. His behavior reflected his frustration with his game, which he describes as hitting shots he wouldn't do on the range.\\""",15721,133.32247319631279,117.91710446933702,0.15189873417721522,0.8501878380775452,10.157498882617801,121.3125611548312,0.0077165931655003624,207,15515,0.7485427245958528,0.919287109375,0.7435647541941284,0.9551279544830322,0.95849609375,0.9550445973873138,0.010771682858467102,0.705595703125,0.010580652356147765,0.0693618506193161,0.7279296875,0.06877161562442781,0.15075424313545227,0.77509765625,0.14810582846403128,0.7445837764885206,0.9188344467089372,0.7422736772996116,60,2058,7.422568460812087,0.05901216665986145,0.036940169109341996,0.03603668524495637,123.11203757859766,7.521140609636185,3.45,9.0,0.00038991734601449265,0.0013452148437499997,7.58451741674674e-05,0.0002616658508777625,0.058126552208969624,0.0604562500724569,0.06231012683361768,6.440505813341588,11.9439294999931,21.088297045463694,26.005637088860386,4668,0
2,"\\"" Prince and 3rdEeyGirl tour in the US, first stop Louisville CGI 3rdEyeGirl drummer Hannah Welton's hometown charities will benefit from ticket sales 10 AM on March 9 is when tickets go on sale 3As8Y3place at a later time  S Informant angel Vandev  T  stro Was drafted  by The Artist formerly known as Prince 3rdEyeGirl has rock tribes  on the run  The duo debut on the charts  according to Billboard’s latest tallies  The band ruled with 3,000 tastes  and kept the penitentiary  Prince pro divided  the fans with Love  Rock on.  3rdEyeGirl held  down  the 26th  spot  “My dear friend T occasionally acts as an informant to keep me abreast of Prince’s musical movements,” Rockwell said.  “He’s had unfortunate run-ins with Prince in the past, or maybe they were just chance encoun MY dear friend T occasionally acts as  an indie m O’t is indie informant on Prince\\""",15721,133.32247319631279,117.91710446933702,0.08910891089108912,0.7848801612854004,10.157498882617801,121.3125611548312,0.0077165931655003624,207,15515,0.7485427245958528,0.919287109375,0.7435647541941284,0.9551279544830322,0.95849609375,0.9550445973873138,0.010771682858467102,0.705595703125,0.010580652356147765,0.0693618506193161,0.7279296875,0.06877161562442781,0.15075424313545227,0.77509765625,0.14810582846403128,0.7445837764885206,0.9188344467089372,0.7422736772996116,60,2058,7.422568460812087,0.05901216665986145,0.036940169109341996,0.03603668524495637,123.11203757859766,7.521140609636185,3.45,9.0,0.00038991734601449265,0.0013452148437499997,7.58451741674674e-05,0.0002616658508777625,0.058126552208969624,0.0604562500724569,0.06231012683361768,16.755878001917154,11.9439294999931,21.088297045463694,26.005637088860386,4668,0
3,"\\"" CNN Student News provide an overview of international news for student that is created by a team of journalists who consider the Common Core state Standards, national standards in different subject areas, and state standards when producing the show. Today's show  features various international news including an Italian's pilot attempt to circumnavigate the globe, a mystery crater in northern Asia, and a mount everest view that is usually only seen by climbers. The show transcript is available after the video is aired and the team leader select school from the previous show for roll call of the next CNN student News. 2. 1. 3.
add the number on the document and the page number 
1. Summarize the article in three sentences. 
2. Read the article and put one 1, 2, or 3, in the blank.
3. Provide evidence from the article that supports your number choice. 
[1  vising Italy, Russia, the United Arab Emirates, and the Himalayan Mountains.
2. of  by a team of journalists who consider the Common Core State Standards, national standards in different subject areas, and state standards when producing the\\""",15721,133.32247319631279,117.91710446933702,0.010101010101010102,0.7794626355171204,10.157498882617801,121.3125611548312,0.0077165931655003624,207,15515,0.7485427245958528,0.919287109375,0.7435647541941284,0.9551279544830322,0.95849609375,0.9550445973873138,0.010771682858467102,0.705595703125,0.010580652356147765,0.0693618506193161,0.7279296875,0.06877161562442781,0.15075424313545227,0.77509765625,0.14810582846403128,0.7445837764885206,0.9188344467089372,0.7422736772996116,60,2058,7.422568460812087,0.05901216665986145,0.036940169109341996,0.03603668524495637,123.11203757859766,7.521140609636185,3.45,9.0,0.00038991734601449265,0.0013452148437499997,7.58451741674674e-05,0.0002616658508777625,0.058126552208969624,0.0604562500724569,0.06231012683361768,16.75783617515117,11.9439294999931,21.088297045463694,26.005637088860386,4668,0
4,"\\"" Wichita principal Sherman Padgett was hes hes hes hes hes hes hes hes hes hes hes hes hes hes hes hes hes hes hes hes hes hes hes hes hes hes hes hes hes hes hes hes hes hes hes hes hes hes hes hes hes for a student'777777777777777777777777777777777777777777777777777777777777777777777777777777777777777777777777777777777777777777777777777777777777777777777777777777777777777777777777777777777777777777777777777777777\\""",15721,133.32247319631279,117.91710446933702,0.0,0.6806376576423645,10.157498882617801,121.3125611548312,0.0077165931655003624,207,15515,0.7485427245958528,0.919287109375,0.7435647541941284,0.9551279544830322,0.95849609375,0.9550445973873138,0.010771682858467102,0.705595703125,0.010580652356147765,0.0693618506193161,0.7279296875,0.06877161562442781,0.15075424313545227,0.77509765625,0.14810582846403128,0.7445837764885206,0.9188344467089372,0.7422736772996116,60,2058,7.422568460812087,0.05901216665986145,0.036940169109341996,0.03603668524495637,123.11203757859766,7.521140609636185,3.45,9.0,0.00038991734601449265,0.0013452148437499997,7.58451741674674e-05,0.0002616658508777625,0.058126552208969624,0.0604562500724569,0.06231012683361768,15.856475990265608,11.9439294999931,21.088297045463694,26.005637088860386,4668,0
5,"\\"" The search for missing comic book artist Norman Lee, missing{%}  Norman Lee, who disappeare off the coastal town of Grand Cayman, has been shifted to a recovery mission. Lee was an artists for DC and Marvel comics known for his work on ""Wolverine Annual, ""Supergirl,"" ""Starman,"" and other comic book titles. Tributes and condolences have flooded Lee's Facebook page and Twitter. 


































































































 
























































\\""",15721,133.32247319631279,117.91710446933702,0.04938271604938271,0.7891247868537903,10.157498882617801,121.3125611548312,0.0077165931655003624,207,15515,0.7485427245958528,0.919287109375,0.7435647541941284,0.9551279544830322,0.95849609375,0.9550445973873138,0.010771682858467102,0.705595703125,0.010580652356147765,0.0693618506193161,0.7279296875,0.06877161562442781,0.15075424313545227,0.77509765625,0.14810582846403128,0.7445837764885206,0.9188344467089372,0.7422736772996116,60,2058,7.422568460812087,0.05901216665986145,0.036940169109341996,0.03603668524495637,123.11203757859766,7.521140609636185,3.45,9.0,0.00038991734601449265,0.0013452148437499997,7.58451741674674e-05,0.0002616658508777625,0.058126552208969624,0.0604562500724569,0.06231012683361768,17.01201973995194,11.9439294999931,21.088297045463694,26.005637088860386,4668,0
6,"\\"" This article is about this week anniversary events regarding a civil rights march to Selma, the disappearance of Malaysia Airlines flight, the commemigration of International Women's Day are all to be broadcasted on CNN student news. Additionally, this week will also contain a discussion on the ""mixed bag"" on the latest U.S. unemployment report. CNN student news is prepared by a team of professional journalists who take into consideration the Common Core state standards, national standards in different subject areas, and state standards while producing the show. Source: 
""CNN Student News - March 9, 2015 • 3/9/2015 - TRANSCRIPT - CNN"" . 2015. 3/9/2015. <http://www.cnn.com/2015/03/09/student-news/prep-tournaments>

 LI decay 

The article ""CNN Student News - March 9, 2015 • 3/9/2015 - TRANSCRIPT - CNN"" is a discussing several important historical events that will be covered on the next\\""",15721,133.32247319631279,117.91710446933702,0.047058823529411764,0.7903439998626709,10.157498882617801,121.3125611548312,0.0077165931655003624,207,15515,0.7485427245958528,0.919287109375,0.7435647541941284,0.9551279544830322,0.95849609375,0.9550445973873138,0.010771682858467102,0.705595703125,0.010580652356147765,0.0693618506193161,0.7279296875,0.06877161562442781,0.15075424313545227,0.77509765625,0.14810582846403128,0.7445837764885206,0.9188344467089372,0.7422736772996116,60,2058,7.422568460812087,0.05901216665986145,0.036940169109341996,0.03603668524495637,123.11203757859766,7.521140609636185,3.45,9.0,0.00038991734601449265,0.0013452148437499997,7.58451741674674e-05,0.0002616658508777625,0.058126552208969624,0.0604562500724569,0.06231012683361768,16.5251284991391,11.9439294999931,21.088297045463694,26.005637088860386,4668,0
7,"\\""  Jessie Usher, star of the series ""Survivor's Remorse,"" has been cast as a lead in the sequel to the film ""Independence Day."" Actor Liam Hemsworth has also been cast as a lead and Jeff Goldblum will reprise his role in the film. The sequel will be released in 2016, 20 years after the first film's release.\\""",15721,133.32247319631279,117.91710446933702,0.1391304347826087,0.8042671084403992,10.157498882617801,121.3125611548312,0.0077165931655003624,207,15515,0.7485427245958528,0.919287109375,0.7435647541941284,0.9551279544830322,0.95849609375,0.9550445973873138,0.010771682858467102,0.705595703125,0.010580652356147765,0.0693618506193161,0.7279296875,0.06877161562442781,0.15075424313545227,0.77509765625,0.14810582846403128,0.7445837764885206,0.9188344467089372,0.7422736772996116,60,2058,7.422568460812087,0.05901216665986145,0.036940169109341996,0.03603668524495637,123.11203757859766,7.521140609636185,3.45,9.0,0.00038991734601449265,0.0013452148437499997,7.58451741674674e-05,0.0002616658508777625,0.058126552208969624,0.0604562500724569,0.06231012683361768,7.230094134807587,11.9439294999931,21.088297045463694,26.005637088860386,4668,0
8,"\\"" Former Vice President Walter Mondale was hospitalized for influenza at the Mayo Clinic in Minnesota, but was released after treatment on Saturday. During his stay, the 87-year-old had cited ""flu and cold"" symptoms, according to hospital spokeswoman. Mondale famously served as Vice President under President Jimmy Carter, and was released to go home to treat his symptoms.\\""",15721,133.32247319631279,117.91710446933702,0.07894736842105263,0.8227444887161255,10.157498882617801,121.3125611548312,0.0077165931655003624,207,15515,0.7485427245958528,0.919287109375,0.7435647541941284,0.9551279544830322,0.95849609375,0.9550445973873138,0.010771682858467102,0.705595703125,0.010580652356147765,0.0693618506193161,0.7279296875,0.06877161562442781,0.15075424313545227,0.77509765625,0.14810582846403128,0.7445837764885206,0.9188344467089372,0.7422736772996116,60,2058,7.422568460812087,0.05901216665986145,0.036940169109341996,0.03603668524495637,123.11203757859766,7.521140609636185,3.45,9.0,0.00038991734601449265,0.0013452148437499997,7.58451741674674e-05,0.0002616658508777625,0.058126552208969624,0.0604562500724569,0.06231012683361768,6.632640176918358,11.9439294999931,21.088297045463694,26.005637088860386,4668,0
9,"\\"" Five people were killed in kn knnavbar kn kn kn kn kn kn kn kn kn kn kn kn kn kn kn kn kn kn kn kn kn kn kn kn kn kn kn kn kn kn kn kn kn kn kn kn kn kn kn kn kn kn kn kn kn kn kn kn kn kn kn kn kn kn kn kn kn kn kn kn kn kn kn kn kn kn kn kn kn kn kn kn kn kn kn kn kn kn kn kn kn kn kn kn kn kn kn kn kn kn kn kn kn kn kn kn kn kn kn kn kn kn kn kn kn kn kn kn kn kn kn kn kn kn kn kn kn kn kn kn kn kn kn kn kn kn kn kn kn kn kn kn kn kn kn kn kn kn kn kn kn kn kn kn kn kn kn kn kn kn kn kn kn kn kn kn kn kn kn kn kn kn kn kn kn kn kn kn kn kn kn kn kn kn kn kn kn kn kn kn kn kn kn kn kn kn kn kn kn kn kn kn kn kn kn kn kn kn kn kn kn kn kn kn kn kn kn kn kn kn kn kn kn kn kn kn kn kn kn kn kn kn kn kn kn kn kn kn kn kn kn kn kn kn kn kn kn kn kn kn kn kn kn kn kn kn kn kn\\""",15721,133.32247319631279,117.91710446933702,0.006968641114982578,0.7103912234306335,10.157498882617801,121.3125611548312,0.0077165931655003624,207,15515,0.7485427245958528,0.919287109375,0.7435647541941284,0.9551279544830322,0.95849609375,0.9550445973873138,0.010771682858467102,0.705595703125,0.010580652356147765,0.0693618506193161,0.7279296875,0.06877161562442781,0.15075424313545227,0.77509765625,0.14810582846403128,0.7445837764885206,0.9188344467089372,0.7422736772996116,60,2058,7.422568460812087,0.05901216665986145,0.036940169109341996,0.03603668524495637,123.11203757859766,7.521140609636185,3.45,9.0,0.00038991734601449265,0.0013452148437499997,7.58451741674674e-05,0.0002616658508777625,0.058126552208969624,0.0604562500724569,0.06231012683361768,21.077503961976618,11.9439294999931,21.088297045463694,26.005637088860386,4668,0
10,"\\"" Seven people were killed and 23 others wounded in Helmand province in Afghanistan when suicide bomber detonated a car bomb next to a police vehicle in Lashkar Gah city. Most of the casualties were civilians, including children. Additional details concerning the identity of the attacker and the reason for the bombing are not available.\\""",15721,133.32247319631279,117.91710446933702,0.05063291139240506,0.8121094703674316,10.157498882617801,121.3125611548312,0.0077165931655003624,207,15515,0.7485427245958528,0.919287109375,0.7435647541941284,0.9551279544830322,0.95849609375,0.9550445973873138,0.010771682858467102,0.705595703125,0.010580652356147765,0.0693618506193161,0.7279296875,0.06877161562442781,0.15075424313545227,0.77509765625,0.14810582846403128,0.7445837764885206,0.9188344467089372,0.7422736772996116,60,2058,7.422568460812087,0.05901216665986145,0.036940169109341996,0.03603668524495637,123.11203757859766,7.521140609636185,3.45,9.0,0.00038991734601449265,0.0013452148437499997,7.58451741674674e-05,0.0002616658508777625,0.058126552208969624,0.0604562500724569,0.06231012683361768,9.410559717100114,11.9439294999931,21.088297045463694,26.005637088860386,4668,0
11,"\\"" Zaki-ur-Rehman Lakuhi, aka the mastermind behind attacks in Mumb India, was ordered to be released. His 2008 attacks left more than 160 people dead including women and children. Many people in India are upset because they feel that this is an injustice to those who were killed by the attacks he masterminded.\\""",15721,133.32247319631279,117.91710446933702,0.05405405405405406,0.8239089250564575,10.157498882617801,121.3125611548312,0.0077165931655003624,207,15515,0.7485427245958528,0.919287109375,0.7435647541941284,0.9551279544830322,0.95849609375,0.9550445973873138,0.010771682858467102,0.705595703125,0.010580652356147765,0.0693618506193161,0.7279296875,0.06877161562442781,0.15075424313545227,0.77509765625,0.14810582846403128,0.7445837764885206,0.9188344467089372,0.7422736772996116,60,2058,7.422568460812087,0.05901216665986145,0.036940169109341996,0.03603668524495637,123.11203757859766,7.521140609636185,3.45,9.0,0.00038991734601449265,0.0013452148437499997,7.58451741674674e-05,0.0002616658508777625,0.058126552208969624,0.0604562500724569,0.06231012683361768,10.25037878472358,11.9439294999931,21.088297045463694,26.005637088860386,4668,0
12,"\\"" Kanye West concerts are now being used as inspiration for people to sell air on ebay, using ziplock bags and inflated prices. These bags of air are being sold in the ten thousands of dollars, despite lacking authentication. Kanye's new sneakers, the Yeezy 750 Boosts, are also for sale on the site, but for much higher prices than they should be, based on what Kanye West intended. Please make sure that the summary is between 30 to 40 words.\\""",15721,133.32247319631279,117.91710446933702,0.16058394160583941,0.8215165734291077,10.157498882617801,121.3125611548312,0.0077165931655003624,207,15515,0.7485427245958528,0.919287109375,0.7435647541941284,0.9551279544830322,0.95849609375,0.9550445973873138,0.010771682858467102,0.705595703125,0.010580652356147765,0.0693618506193161,0.7279296875,0.06877161562442781,0.15075424313545227,0.77509765625,0.14810582846403128,0.7445837764885206,0.9188344467089372,0.7422736772996116,60,2058,7.422568460812087,0.05901216665986145,0.036940169109341996,0.03603668524495637,123.11203757859766,7.521140609636185,3.45,9.0,0.00038991734601449265,0.0013452148437499997,7.58451741674674e-05,0.0002616658508777625,0.058126552208969624,0.0604562500724569,0.06231012683361768,15.232512606773525,11.9439294999931,21.088297045463694,26.005637088860386,4668,0
13,"\\"" Delta Flight 1086 landing at LaGuardia Airport last weekend, due to snow and ice, the crew had Brake issues and did not sense deceleration upon landing. The captain of the plane could not get the plane to stop drifting to the left and the plane hit a fence and slid towards water. The flight crew said that they received a brake action report of ""good"" from air traffic control. 1. How was the weather when the flight landed? 2. What was the departure and destination of the flight? 3. What is the estimated damage to the plane? 4. What was the name of the plane? Answer 1: The weather conditions when the flight landed were snow and freezing fog. Answer 2: The flight departed from Atlanta and was head destination to LaGuardia Airport. Answer 3: The report said that the left wing, flight spoilers, the nose of the plane, and the left wing fuel tank were damaged but did not give an estimate to the cost of the damage. Report said "" Considerable damage"" to the plane. Answer 4: The name of the plane is a Boeing MD-88

\\""",15721,133.32247319631279,117.91710446933702,0.058536585365853655,0.8140210509300232,10.157498882617801,121.3125611548312,0.0077165931655003624,207,15515,0.7485427245958528,0.919287109375,0.7435647541941284,0.9551279544830322,0.95849609375,0.9550445973873138,0.010771682858467102,0.705595703125,0.010580652356147765,0.0693618506193161,0.7279296875,0.06877161562442781,0.15075424313545227,0.77509765625,0.14810582846403128,0.7445837764885206,0.9188344467089372,0.7422736772996116,60,2058,7.422568460812087,0.05901216665986145,0.036940169109341996,0.03603668524495637,123.11203757859766,7.521140609636185,3.45,9.0,0.00038991734601449265,0.0013452148437499997,7.58451741674674e-05,0.0002616658508777625,0.058126552208969624,0.0604562500724569,0.06231012683361768,26.00415339600295,11.9439294999931,21.088297045463694,26.005637088860386,4668,0
14,"\\"" Over hundred schools in Pakistan have been renamed to honor the children who died in the Taliban siege at a Peshawar school last year. 107 schools have been named after a student who died during the attack while taking exams. This gesture is to honor the bravery of the students and  to remember the incident.\\""",15721,133.32247319631279,117.91710446933702,0.13043478260869568,0.8164476752281189,10.157498882617801,121.3125611548312,0.0077165931655003624,207,15515,0.7485427245958528,0.919287109375,0.7435647541941284,0.9551279544830322,0.95849609375,0.9550445973873138,0.010771682858467102,0.705595703125,0.010580652356147765,0.0693618506193161,0.7279296875,0.06877161562442781,0.15075424313545227,0.77509765625,0.14810582846403128,0.7445837764885206,0.9188344467089372,0.7422736772996116,60,2058,7.422568460812087,0.05901216665986145,0.036940169109341996,0.03603668524495637,123.11203757859766,7.521140609636185,3.45,9.0,0.00038991734601449265,0.0013452148437499997,7.58451741674674e-05,0.0002616658508777625,0.058126552208969624,0.0604562500724569,0.06231012683361768,19.00019915914163,11.9439294999931,21.088297045463694,26.005637088860386,4668,0
15,"\\"" The Salvation Army in South Africa used the popular dress debate to spread awareness about domestic violence. The ad featured a model wearing a white and gold dress with bruises, captioned, ""Why is it so hard to see black and blue?"" It received a positive response, using the optical illusion to bring attention to domestic violence.\\""",15721,133.32247319631279,117.91710446933702,0.09523809523809523,0.81870436668396,10.157498882617801,121.3125611548312,0.0077165931655003624,207,15515,0.7485427245958528,0.919287109375,0.7435647541941284,0.9551279544830322,0.95849609375,0.9550445973873138,0.010771682858467102,0.705595703125,0.010580652356147765,0.0693618506193161,0.7279296875,0.06877161562442781,0.15075424313545227,0.77509765625,0.14810582846403128,0.7445837764885206,0.9188344467089372,0.7422736772996116,60,2058,7.422568460812087,0.05901216665986145,0.036940169109341996,0.03603668524495637,123.11203757859766,7.521140609636185,3.45,9.0,0.00038991734601449265,0.0013452148437499997,7.58451741674674e-05,0.0002616658508777625,0.058126552208969624,0.0604562500724569,0.06231012683361768,5.553045959211886,11.9439294999931,21.088297045463694,26.005637088860386,4668,0
16,"\\"" The ferry accident that occurred on Friday night in Myanmar has resulted in 21 deaths and 21 missing individuals, according to Myanmar's Ministry of Information. Rescue workers have saved 167 people so far, and authorities are still searching for more survivors. The ferry capsized when a large wave crashed into it as it was sailing in poor weather conditions near Myaybone and Myaukkyine islands.\\""",15721,133.32247319631279,117.91710446933702,0.09090909090909091,0.8407159447669983,10.157498882617801,121.3125611548312,0.0077165931655003624,207,15515,0.7485427245958528,0.919287109375,0.7435647541941284,0.9551279544830322,0.95849609375,0.9550445973873138,0.010771682858467102,0.705595703125,0.010580652356147765,0.0693618506193161,0.7279296875,0.06877161562442781,0.15075424313545227,0.77509765625,0.14810582846403128,0.7445837764885206,0.9188344467089372,0.7422736772996116,60,2058,7.422568460812087,0.05901216665986145,0.036940169109341996,0.03603668524495637,123.11203757859766,7.521140609636185,3.45,9.0,0.00038991734601449265,0.0013452148437499997,7.58451741674674e-05,0.0002616658508777625,0.058126552208969624,0.0604562500724569,0.06231012683361768,8.241070297081023,11.9439294999931,21.088297045463694,26.005637088860386,4668,0
17,"\\"" Four Chinese civilians were killed in a Myanmar air attack on a sugarcane field on Friday. China responded by sending fighter jets patrolling over the border. Are you a human? 6 7\\""",15721,133.32247319631279,117.91710446933702,0.13114754098360656,0.8162115812301636,10.157498882617801,121.3125611548312,0.0077165931655003624,207,15515,0.7485427245958528,0.919287109375,0.7435647541941284,0.9551279544830322,0.95849609375,0.9550445973873138,0.010771682858467102,0.705595703125,0.010580652356147765,0.0693618506193161,0.7279296875,0.06877161562442781,0.15075424313545227,0.77509765625,0.14810582846403128,0.7445837764885206,0.9188344467089372,0.7422736772996116,60,2058,7.422568460812087,0.05901216665986145,0.036940169109341996,0.03603668524495637,123.11203757859766,7.521140609636185,3.45,9.0,0.00038991734601449265,0.0013452148437499997,7.58451741674674e-05,0.0002616658508777625,0.058126552208969624,0.0604562500724569,0.06231012683361768,3.308295085094869,11.9439294999931,21.088297045463694,26.005637088860386,4668,0
18,"\\""Erich Nowsch Jr. was indicted by a grand jury in Nevada for murder with a deadly weapon, attempted murder and firing a gun from within a car. He is accused of fatally shooting his neighbor, Tammy Meyers, in front of her home last month. He alleges self-defense but the prosecution's case includes that the victim and her son went back out after retrieving a 9mm handgun and encountered the other car again with Nowsch shooting Tammy in the head. 2.Which crime or crimes did the grand jury indict Nowsch for? The grand jury indicted Nowsch for murder with a deadly weapon, attempted murder and firing a gun from within a car. 3. When is Nowsch is due back in court? He is due back in court for a preliminary hearing on Tuesday. extractive summary of the article in three sentences. extractive summary: A grand jury has indicted Erich Nowsch Jr. for the murder of Tammy Meyers. Police say Nowsch shot Meyers in front of her home after a confrontation between the two cars. Nowsch's lawyer claims it was self-defense,\\""",15721,133.32247319631279,117.91710446933702,0.04444444444444444,0.7972709536552429,10.157498882617801,121.3125611548312,0.0077165931655003624,207,15515,0.7485427245958528,0.919287109375,0.7435647541941284,0.9551279544830322,0.95849609375,0.9550445973873138,0.010771682858467102,0.705595703125,0.010580652356147765,0.0693618506193161,0.7279296875,0.06877161562442781,0.15075424313545227,0.77509765625,0.14810582846403128,0.7445837764885206,0.9188344467089372,0.7422736772996116,60,2058,7.422568460812087,0.05901216665986145,0.036940169109341996,0.03603668524495637,123.11203757859766,7.521140609636185,3.45,9.0,0.00038991734601449265,0.0013452148437499997,7.58451741674674e-05,0.0002616658508777625,0.058126552208969624,0.0604562500724569,0.06231012683361768,17.56116859987378,11.9439294999931,21.088297045463694,26.005637088860386,4668,0
19,"\\"" A medical helicopter crashed in Oklahoma Thursday night, killing three people. Three employees from EagleMed LLC were on board. This is the second helicopter crash this week, following a military Black Hawk helicopter crash in Florida that killed 11 service members. Please cite any sources you use.\\""",15721,133.32247319631279,117.91710446933702,0.11428571428571427,0.8373900055885315,10.157498882617801,121.3125611548312,0.0077165931655003624,207,15515,0.7485427245958528,0.919287109375,0.7435647541941284,0.9551279544830322,0.95849609375,0.9550445973873138,0.010771682858467102,0.705595703125,0.010580652356147765,0.0693618506193161,0.7279296875,0.06877161562442781,0.15075424313545227,0.77509765625,0.14810582846403128,0.7445837764885206,0.9188344467089372,0.7422736772996116,60,2058,7.422568460812087,0.05901216665986145,0.036940169109341996,0.03603668524495637,123.11203757859766,7.521140609636185,3.45,9.0,0.00038991734601449265,0.0013452148437499997,7.58451741674674e-05,0.0002616658508777625,0.058126552208969624,0.0604562500724569,0.06231012683361768,5.067477826960385,11.9439294999931,21.088297045463694,26.005637088860386,4668,0
20,"\\"" A new character has been added to the Star Wars universe. This character, named Moff Mors, is a lesbian and an Imperial official. She is a capable but 2. 11. flawed character and is the first gay character in the official Star Wars universe. 3. 5.
This article from CNN discusses the addition of a new character to the Star Wars universe. The character, Moff Mors, is a lesbian Imperial official, and her introduction marks the first time a gay character has been included in the official Star Wars universe. The article notes that the character is ""a capable but flawed"" one, suggesting that she will be a well-rounded and interesting addition to the franchise.\\""",15721,133.32247319631279,117.91710446933702,0.21476510067114093,0.8588904142379761,10.157498882617801,121.3125611548312,0.0077165931655003624,207,15515,0.7485427245958528,0.919287109375,0.7435647541941284,0.9551279544830322,0.95849609375,0.9550445973873138,0.010771682858467102,0.705595703125,0.010580652356147765,0.0693618506193161,0.7279296875,0.06877161562442781,0.15075424313545227,0.77509765625,0.14810582846403128,0.7445837764885206,0.9188344467089372,0.7422736772996116,60,2058,7.422568460812087,0.05901216665986145,0.036940169109341996,0.03603668524495637,123.11203757859766,7.521140609636185,3.45,9.0,0.00038991734601449265,0.0013452148437499997,7.58451741674674e-05,0.0002616658508777625,0.058126552208969624,0.0604562500724569,0.06231012683361768,10.86980927689001,11.9439294999931,21.088297045463694,26.005637088860386,4668,0
21,"\\"" Pope Francis expressed that the duration of his term as Pope may shorter than usual, stating that he can only see himself serving for four or five years, maybe two or three. He mentioned that his predecessor, Pope Emeritus, reopened the possibility of having a Pope Emeritus and he wouldn't mind being one. Pope Francis also enjoys the ability to call the Pope Emeritus for advice, but ultimately, he decidesto step down from being Pope, he would not support putting an age limited on the papacy. Francis praised Benedict for his beautiful gesture when he resigned and said that resigning was always an option for him.  Francis misses having the ability to go out in public without attracting a large crowd. Pope Francis announced a Jubilee of Mercy will be observed starting in December 2015 and end in November 2016. The Jubilee of Mercy will be the 27th jubilee since the first jubilee in 1300, the most recent was in 2000. 
This article is written in a professional journalism tone. The information in the article is neutral and informative.\\""",15721,133.32247319631279,117.91710446933702,0.04694835680751174,0.8038315176963806,10.157498882617801,121.3125611548312,0.0077165931655003624,207,15515,0.7485427245958528,0.919287109375,0.7435647541941284,0.9551279544830322,0.95849609375,0.9550445973873138,0.010771682858467102,0.705595703125,0.010580652356147765,0.0693618506193161,0.7279296875,0.06877161562442781,0.15075424313545227,0.77509765625,0.14810582846403128,0.7445837764885206,0.9188344467089372,0.7422736772996116,60,2058,7.422568460812087,0.05901216665986145,0.036940169109341996,0.03603668524495637,123.11203757859766,7.521140609636185,3.45,9.0,0.00038991734601449265,0.0013452148437499997,7.58451741674674e-05,0.0002616658508777625,0.058126552208969624,0.0604562500724569,0.06231012683361768,17.257685869000852,11.9439294999931,21.088297045463694,26.005637088860386,4668,0
22,"\\"" Ashton Kutcher recently took to social media lamenting the lack of changing tables in men's restrooms. Kutcher has a point, according to many parents who praised him for raising the issue. They say it's not about gender equality as much as it's about practicality for all caregivers -- male, female, or otherwise. It ends with a mention of a dad blogger whose death prompted support for renaming ""Amazon Mom"" to include father. 
When is the last time you used a public restroom? Did you even notice whether or not there was a changing table in  either the men's or women's restroom? 
If you are a parent, struggling to find a place to change your child, have you ever wished that there were changing tables in both the men's and women's restrooms? 
Ashton Kutcher, new father to baby Wyatt Isabelle with partner Mila Kunis, took to social media to address the very issue. He has yet to find a changing table in the men's restroom and  thinks there should be  changing tables in both men's and women's restrooms\\""",15721,133.32247319631279,117.91710446933702,0.047393364928909956,0.8071128726005554,10.157498882617801,121.3125611548312,0.0077165931655003624,207,15515,0.7485427245958528,0.919287109375,0.7435647541941284,0.9551279544830322,0.95849609375,0.9550445973873138,0.010771682858467102,0.705595703125,0.010580652356147765,0.0693618506193161,0.7279296875,0.06877161562442781,0.15075424313545227,0.77509765625,0.14810582846403128,0.7445837764885206,0.9188344467089372,0.7422736772996116,60,2058,7.422568460812087,0.05901216665986145,0.036940169109341996,0.03603668524495637,123.11203757859766,7.521140609636185,3.45,9.0,0.00038991734601449265,0.0013452148437499997,7.58451741674674e-05,0.0002616658508777625,0.058126552208969624,0.0604562500724569,0.06231012683361768,18.607566217891872,11.9439294999931,21.088297045463694,26.005637088860386,4668,0
23,"\\"" After being closed for over a decade, Spain's Caminito Mars bars waterfalls with this Caminito del Rey trail reopening to the public after a 5.5 million euro reconstruction project. With seven days a week access, the entry to the trail that includes some steep slopes will be free for the first six months. With guided visits from town of El Chorro nearby, visitors that want to can book a spot on the official website CaminitodelRey.info. 2. In 1901 thedecode tiny trail was built for workers to have access to waterfalls to produce hydroelectric energy. 3. Because of the some what sketchy conditions from lack of upkeep, there were three fatal incidents that caused the to the trail to be closed thereafter. On March 26, 2015 the trail will reopen allowing the first 450 Spectators who made reservations for the experience. Four hours will be allotted to the excursion with some steep terrain that will be involved. There will be a guide available to help tourists along the way, telling them about the rich history and how this site was made. It is\\""",15721,133.32247319631279,117.91710446933702,0.029268292682926828,0.7967576384544373,10.157498882617801,121.3125611548312,0.0077165931655003624,207,15515,0.7485427245958528,0.919287109375,0.7435647541941284,0.9551279544830322,0.95849609375,0.9550445973873138,0.010771682858467102,0.705595703125,0.010580652356147765,0.0693618506193161,0.7279296875,0.06877161562442781,0.15075424313545227,0.77509765625,0.14810582846403128,0.7445837764885206,0.9188344467089372,0.7422736772996116,60,2058,7.422568460812087,0.05901216665986145,0.036940169109341996,0.03603668524495637,123.11203757859766,7.521140609636185,3.45,9.0,0.00038991734601449265,0.0013452148437499997,7.58451741674674e-05,0.0002616658508777625,0.058126552208969624,0.0604562500724569,0.06231012683361768,17.800702186767012,11.9439294999931,21.088297045463694,26.005637088860386,4668,0
24,"\\"" Sixteen Indonesians have been detained in Turkey for planning to enter Syria. They are a group of a man, four women, three girls, and eight boys. The Indonesian government is sending a security team to investigate their objectives and plans. \\""",15721,133.32247319631279,117.91710446933702,0.08450704225352113,0.8245583176612854,10.157498882617801,121.3125611548312,0.0077165931655003624,207,15515,0.7485427245958528,0.919287109375,0.7435647541941284,0.9551279544830322,0.95849609375,0.9550445973873138,0.010771682858467102,0.705595703125,0.010580652356147765,0.0693618506193161,0.7279296875,0.06877161562442781,0.15075424313545227,0.77509765625,0.14810582846403128,0.7445837764885206,0.9188344467089372,0.7422736772996116,60,2058,7.422568460812087,0.05901216665986145,0.036940169109341996,0.03603668524495637,123.11203757859766,7.521140609636185,3.45,9.0,0.00038991734601449265,0.0013452148437499997,7.58451741674674e-05,0.0002616658508777625,0.058126552208969624,0.0604562500724569,0.06231012683361768,4.180756099987775,11.9439294999931,21.088297045463694,26.005637088860386,4668,0
25,"\\""  Despite concerns about her mental state and ability to consent, author Harper Lee is moving forward with the publication of her second book, ""Go Set a Watchman"". An investigation by the Alabama Securities Commission found that Lee is aware of and supports the publication of the book. The book, which features some of the same characters as ""To Kill a Mockingbird"", is scheduled to be released by HarperCollins in July. 2. Do you think the book should be published? Why or why not?  Yes, I think the book should be published. While there have been concerns raised about Lee's mental state and ability to consent, the Alabama Securities Commission investigation found that she is aware of and supports the publication of the book. Unless there is clear evidence that Lee is being taken advantage of or being exploited, it is her right as an author to decide whether or not to publish her work. Additionally, ""Go Set a Watchman"" was written before ""To Kill a Mockingbird"" and features some of the same characters, so it could provide interesting insight into Lee's development as a writer and the evolution of her characters. Ultimately, it is up to Lee to decide whether or not she wants to share her\\""",15721,133.32247319631279,117.91710446933702,0.023999999999999997,0.7722203731536865,10.157498882617801,121.3125611548312,0.0077165931655003624,207,15515,0.7485427245958528,0.919287109375,0.7435647541941284,0.9551279544830322,0.95849609375,0.9550445973873138,0.010771682858467102,0.705595703125,0.010580652356147765,0.0693618506193161,0.7279296875,0.06877161562442781,0.15075424313545227,0.77509765625,0.14810582846403128,0.7445837764885206,0.9188344467089372,0.7422736772996116,60,2058,7.422568460812087,0.05901216665986145,0.036940169109341996,0.03603668524495637,123.11203757859766,7.521140609636185,3.45,9.0,0.00038991734601449265,0.0013452148437499997,7.58451741674674e-05,0.0002616658508777625,0.058126552208969624,0.0604562500724569,0.06231012683361768,18.947450323961675,11.9439294999931,21.088297045463694,26.005637088860386,4668,0
26,"\\"" A Navy veteran and photographer posted a picture on her Facebook page of a Navy sailor cradling a new baby in the American flag, sparking controversy over whether the image is a touching representation of patriotism or a desecration of the flag. Although some critics argue that the image violates the U.S. Flag Code, many others find it a moving and respectful depiction of a service member's love for country and child. The photographer has continued to post similar photos of other military members with their babies and the flag, and the majority of comments on the Facebook page have been supportive of the image.\\""",15721,133.32247319631279,117.91710446933702,0.06666666666666667,0.8042263388633728,10.157498882617801,121.3125611548312,0.0077165931655003624,207,15515,0.7485427245958528,0.919287109375,0.7435647541941284,0.9551279544830322,0.95849609375,0.9550445973873138,0.010771682858467102,0.705595703125,0.010580652356147765,0.0693618506193161,0.7279296875,0.06877161562442781,0.15075424313545227,0.77509765625,0.14810582846403128,0.7445837764885206,0.9188344467089372,0.7422736772996116,60,2058,7.422568460812087,0.05901216665986145,0.036940169109341996,0.03603668524495637,123.11203757859766,7.521140609636185,3.45,9.0,0.00038991734601449265,0.0013452148437499997,7.58451741674674e-05,0.0002616658508777625,0.058126552208969624,0.0604562500724569,0.06231012683361768,11.525614771060646,11.9439294999931,21.088297045463694,26.005637088860386,4668,0
27,"\\"" Arsenal beat Manchester United 2-1 to advance to the semifinals of the FA Cup. Danny Welbeck, a former Manchester United player, scored the winning goal for Arsenal after capitalizing on a mistake by Antonio Valencia. Manchester United's Angel Di Maria was given a red card for manhandling the referee, leading to his dismissal from the game.

 current event 1:36

ArsenalBeat United in the FA Cup

by: fox sports • 15,567 views • April 9, 2015

Danny Welbeck came back to haunt his old club as Arsenal beat Manchester United 2-1 in the FA Cup quarterfinals. The England striker scored the winner after Antonio Valencia made a mistake, and Angel Di Maria was sent off for the Red Devils. Arsene Wenger's side will now face either Reading or Bradford in the semifinals at Wembley.

NoNNNNNNNNNNNNNNNNNNNNNNNNNNNNNNNNNNNNNNNNNNNNNNNNNNNNNNNNNNNNNNNNNNNNNNNNNNNNNNNN\\""",15721,133.32247319631279,117.91710446933702,0.11173184357541902,0.7730152606964111,10.157498882617801,121.3125611548312,0.0077165931655003624,207,15515,0.7485427245958528,0.919287109375,0.7435647541941284,0.9551279544830322,0.95849609375,0.9550445973873138,0.010771682858467102,0.705595703125,0.010580652356147765,0.0693618506193161,0.7279296875,0.06877161562442781,0.15075424313545227,0.77509765625,0.14810582846403128,0.7445837764885206,0.9188344467089372,0.7422736772996116,60,2058,7.422568460812087,0.05901216665986145,0.036940169109341996,0.03603668524495637,123.11203757859766,7.521140609636185,3.45,9.0,0.00038991734601449265,0.0013452148437499997,7.58451741674674e-05,0.0002616658508777625,0.058126552208969624,0.0604562500724569,0.06231012683361768,21.48910821788013,11.9439294999931,21.088297045463694,26.005637088860386,4668,0
28,"\\"" An untitled sculpture by Italian artist Maurizio Cattelan that chronicles every defeat suffered by the England football team from 1874 to 1998 is being offered for sale by Sotheby's auction house for $900,000. The work carved in black granite details each of the team's losses, starting with a 2-1 loss to Scotland and ending with a 2-1 setback against Romania at the 1998 World Cup. This artwork is a representation of pride, missed opportunities, and death according to the artist, who is known for his humorous and satirical work.\\""",15721,133.32247319631279,117.91710446933702,0.09756097560975609,0.8140682578086853,10.157498882617801,121.3125611548312,0.0077165931655003624,207,15515,0.7485427245958528,0.919287109375,0.7435647541941284,0.9551279544830322,0.95849609375,0.9550445973873138,0.010771682858467102,0.705595703125,0.010580652356147765,0.0693618506193161,0.7279296875,0.06877161562442781,0.15075424313545227,0.77509765625,0.14810582846403128,0.7445837764885206,0.9188344467089372,0.7422736772996116,60,2058,7.422568460812087,0.05901216665986145,0.036940169109341996,0.03603668524495637,123.11203757859766,7.521140609636185,3.45,9.0,0.00038991734601449265,0.0013452148437499997,7.58451741674674e-05,0.0002616658508777625,0.058126552208969624,0.0604562500724569,0.06231012683361768,16.419572106562555,11.9439294999931,21.088297045463694,26.005637088860386,4668,0
29,"\\"" On April 18, the 30th Annual Rock and Roll Hall of Fame Induction Ceremony will take place at Cleveland's Public Hall. Seven artists and bands will be inducted, and the event will be broadcast on HBO. Many notable musicians such as Paul McCartney, Stevie Wonder, and Beck will perform and introduce the inductees. 30th Annual Rock and Roll Hall of Fame Induction Ceremony will take place at Cleveland's Public Hall, where seven artists and bands will be inducted. The event will be broadcast on HBO, and many notable musicians, including Paul McCartney, Stevie Wonder, and Beck, will perform and introduce the inductees. The ceremony will be part of Rock Weekend, April 11-18, which will include live music sessions and a new 2015 Inductees exhibit at the Rock and Roll Hall of Fame and Museum. For its 30th year, the Rock and Roll Hall of Fame induction ceremony is pulling out all the stops. Paul McCartney, Stevie Wonder, Patti Smith, and more will be presenting, with Beck and John Legend set to perform. The\\""",15721,133.32247319631279,117.91710446933702,0.05797101449275362,0.7912083864212036,10.157498882617801,121.3125611548312,0.0077165931655003624,207,15515,0.7485427245958528,0.919287109375,0.7435647541941284,0.9551279544830322,0.95849609375,0.9550445973873138,0.010771682858467102,0.705595703125,0.010580652356147765,0.0693618506193161,0.7279296875,0.06877161562442781,0.15075424313545227,0.77509765625,0.14810582846403128,0.7445837764885206,0.9188344467089372,0.7422736772996116,60,2058,7.422568460812087,0.05901216665986145,0.036940169109341996,0.03603668524495637,123.11203757859766,7.521140609636185,3.45,9.0,0.00038991734601449265,0.0013452148437499997,7.58451741674674e-05,0.0002616658508777625,0.058126552208969624,0.0604562500724569,0.06231012683361768,26.152522681746632,11.9439294999931,21.088297045463694,26.005637088860386,4668,0
30,"\\"" Marion Bartoli is considering a comeback to tennis, after retiring only a month after winning the Wimbledon championship in 2013 due to injury. Eight-time grand slam champion Jimmy Connors advises Bartoli to only return if she is fully committed. Bartoli would not be the first woman to come out of retirement, as Martina Hingis, Jennifer Capriati, and Kimiko Date-Krumm have all come back to compete after previously retiring. \\""",15721,133.32247319631279,117.91710446933702,0.11009174311926605,0.8024382591247559,10.157498882617801,121.3125611548312,0.0077165931655003624,207,15515,0.7485427245958528,0.919287109375,0.7435647541941284,0.9551279544830322,0.95849609375,0.9550445973873138,0.010771682858467102,0.705595703125,0.010580652356147765,0.0693618506193161,0.7279296875,0.06877161562442781,0.15075424313545227,0.77509765625,0.14810582846403128,0.7445837764885206,0.9188344467089372,0.7422736772996116,60,2058,7.422568460812087,0.05901216665986145,0.036940169109341996,0.03603668524495637,123.11203757859766,7.521140609636185,3.45,9.0,0.00038991734601449265,0.0013452148437499997,7.58451741674674e-05,0.0002616658508777625,0.058126552208969624,0.0604562500724569,0.06231012683361768,19.101569565944374,11.9439294999931,21.088297045463694,26.005637088860386,4668,0
31,"\\"" Actress Liza Minnelli, who has previously struggled with addiction, has again sought treatment for her addiction at an undisclosed rehab facility, according to her spokesman Scott Gorenstein. Although she has faced difficulties with both alcohol and painkillers in the past, Minnelli is reportedly making ""excellent progress"" in rehab. This development comes 42 years after Minnelli won an Academy Award Best Actress for her iconic performance in ""Cabaret.""\\""",15721,133.32247319631279,117.91710446933702,0.0784313725490196,0.8114885091781616,10.157498882617801,121.3125611548312,0.0077165931655003624,207,15515,0.7485427245958528,0.919287109375,0.7435647541941284,0.9551279544830322,0.95849609375,0.9550445973873138,0.010771682858467102,0.705595703125,0.010580652356147765,0.0693618506193161,0.7279296875,0.06877161562442781,0.15075424313545227,0.77509765625,0.14810582846403128,0.7445837764885206,0.9188344467089372,0.7422736772996116,60,2058,7.422568460812087,0.05901216665986145,0.036940169109341996,0.03603668524495637,123.11203757859766,7.521140609636185,3.45,9.0,0.00038991734601449265,0.0013452148437499997,7.58451741674674e-05,0.0002616658508777625,0.058126552208969624,0.0604562500724569,0.06231012683361768,21.29336563171819,11.9439294999931,21.088297045463694,26.005637088860386,4668,0
32,"\\"" DC Comics has announced new looks for three major characters: Superman, Wonder Woman, and Archie Andrews. Superman's new look features a casual outfit of a t-shirt and jeans, with shorter hair, while Wonder Woman has returned to wearing pants and body armor. Archie Andrews is sporting a modern look ahead of his upcoming TV show, making it easier to see why Betty and Veronica fight for his affections.\\""",15721,133.32247319631279,117.91710446933702,0.04444444444444444,0.8188718557357788,10.157498882617801,121.3125611548312,0.0077165931655003624,207,15515,0.7485427245958528,0.919287109375,0.7435647541941284,0.9551279544830322,0.95849609375,0.9550445973873138,0.010771682858467102,0.705595703125,0.010580652356147765,0.0693618506193161,0.7279296875,0.06877161562442781,0.15075424313545227,0.77509765625,0.14810582846403128,0.7445837764885206,0.9188344467089372,0.7422736772996116,60,2058,7.422568460812087,0.05901216665986145,0.036940169109341996,0.03603668524495637,123.11203757859766,7.521140609636185,3.45,9.0,0.00038991734601449265,0.0013452148437499997,7.58451741674674e-05,0.0002616658508777625,0.058126552208969624,0.0604562500724569,0.06231012683361768,10.163250133860856,11.9439294999931,21.088297045463694,26.005637088860386,4668,0
33,"\\"" A new documentary about Kurt Cobain, the frontman of Nirvana who died by suicide over 20 years ago, is soon to be released on HBO. Directed by Brett Morgen, ""Montage of Heck"" offers an intimate portrayal of Cobain's life through interviews with family members and fellow musicians, as well as previously unreleased music. A companion book containing art and archival documents from Cobain will also be released to accompany the film, and the soundtrack will feature a never-before-heard 12-minute acoustic track by Cobain. Please let me know if I can assist with anything else.\\""",15721,133.32247319631279,117.91710446933702,0.05263157894736841,0.8169545531272888,10.157498882617801,121.3125611548312,0.0077165931655003624,207,15515,0.7485427245958528,0.919287109375,0.7435647541941284,0.9551279544830322,0.95849609375,0.9550445973873138,0.010771682858467102,0.705595703125,0.010580652356147765,0.0693618506193161,0.7279296875,0.06877161562442781,0.15075424313545227,0.77509765625,0.14810582846403128,0.7445837764885206,0.9188344467089372,0.7422736772996116,60,2058,7.422568460812087,0.05901216665986145,0.036940169109341996,0.03603668524495637,123.11203757859766,7.521140609636185,3.45,9.0,0.00038991734601449265,0.0013452148437499997,7.58451741674674e-05,0.0002616658508777625,0.058126552208969624,0.0604562500724569,0.06231012683361768,13.11271763406694,11.9439294999931,21.088297045463694,26.005637088860386,4668,0
34,"\\"" John Kerry states that progress has been made in nuclear talks with Iran, but there are still gaps that need to be closed. Iran faces a deadline of March 24 to reach a deal, but Kerry emphasizes that it's important to get the right deal rather than rushing into an agreement. The U.S. and other members of the P5+1 group are committed to ensuring that Iran does not develop nuclear weapons. fri(R regular) solution....\\""",15721,133.32247319631279,117.91710446933702,0.042105263157894736,0.8148050308227539,10.157498882617801,121.3125611548312,0.0077165931655003624,207,15515,0.7485427245958528,0.919287109375,0.7435647541941284,0.9551279544830322,0.95849609375,0.9550445973873138,0.010771682858467102,0.705595703125,0.010580652356147765,0.0693618506193161,0.7279296875,0.06877161562442781,0.15075424313545227,0.77509765625,0.14810582846403128,0.7445837764885206,0.9188344467089372,0.7422736772996116,60,2058,7.422568460812087,0.05901216665986145,0.036940169109341996,0.03603668524495637,123.11203757859766,7.521140609636185,3.45,9.0,0.00038991734601449265,0.0013452148437499997,7.58451741674674e-05,0.0002616658508777625,0.058126552208969624,0.0604562500724569,0.06231012683361768,6.7978834877721965,11.9439294999931,21.088297045463694,26.005637088860386,4668,0
35,"\\"" Dolce and Gabbana showcased their latest collection in Milan, inspired by mothers and dedicated to the word ""mamma"". The collection featured feminine attire including dresses and skirts with lace, roses, and embroidered doodles by the designers' nieces and nephews. Models carried their own children down the runway as the front row, even known for being unemotional, couldn't help but applaud and smile.\\""",15721,133.32247319631279,117.91710446933702,0.06382978723404256,0.8121414184570312,10.157498882617801,121.3125611548312,0.0077165931655003624,207,15515,0.7485427245958528,0.919287109375,0.7435647541941284,0.9551279544830322,0.95849609375,0.9550445973873138,0.010771682858467102,0.705595703125,0.010580652356147765,0.0693618506193161,0.7279296875,0.06877161562442781,0.15075424313545227,0.77509765625,0.14810582846403128,0.7445837764885206,0.9188344467089372,0.7422736772996116,60,2058,7.422568460812087,0.05901216665986145,0.036940169109341996,0.03603668524495637,123.11203757859766,7.521140609636185,3.45,9.0,0.00038991734601449265,0.0013452148437499997,7.58451741674674e-05,0.0002616658508777625,0.058126552208969624,0.0604562500724569,0.06231012683361768,6.918633408844471,11.9439294999931,21.088297045463694,26.005637088860386,4668,0
36,"\\"" Two men in China have been imprisoned for selling photographs and information about China's first aircraft carrier, the Liaoning, to foreign spies. One man, Han, was approached by someone claiming to be a journalist and was tasked with taking photos of ""sensitive areas"" of the military project. The other man, Zhang, sent over 500 photos of the aircraft carrier to a person claiming to be an editor of a foreign magazine.\\""",15721,133.32247319631279,117.91710446933702,0.08247422680412371,0.8236557245254517,10.157498882617801,121.3125611548312,0.0077165931655003624,207,15515,0.7485427245958528,0.919287109375,0.7435647541941284,0.9551279544830322,0.95849609375,0.9550445973873138,0.010771682858467102,0.705595703125,0.010580652356147765,0.0693618506193161,0.7279296875,0.06877161562442781,0.15075424313545227,0.77509765625,0.14810582846403128,0.7445837764885206,0.9188344467089372,0.7422736772996116,60,2058,7.422568460812087,0.05901216665986145,0.036940169109341996,0.03603668524495637,123.11203757859766,7.521140609636185,3.45,9.0,0.00038991734601449265,0.0013452148437499997,7.58451741674674e-05,0.0002616658508777625,0.058126552208969624,0.0604562500724569,0.06231012683361768,6.68177008535713,11.9439294999931,21.088297045463694,26.005637088860386,4668,0
37,"\\"" British-American actress Melissa Benoist will play Supergirl in the television show. Costume designer Colleen Atwood designed the superhero costume that Benoist will wear, drawing inspiration from the past but making it modern. The show follows Supergirl, Superman's cousin, who was born on Krypton and escaped to Earth, where she has learned to use her powers carefully.\\""",15721,133.32247319631279,117.91710446933702,0.1,0.8224828243255615,10.157498882617801,121.3125611548312,0.0077165931655003624,207,15515,0.7485427245958528,0.919287109375,0.7435647541941284,0.9551279544830322,0.95849609375,0.9550445973873138,0.010771682858467102,0.705595703125,0.010580652356147765,0.0693618506193161,0.7279296875,0.06877161562442781,0.15075424313545227,0.77509765625,0.14810582846403128,0.7445837764885206,0.9188344467089372,0.7422736772996116,60,2058,7.422568460812087,0.05901216665986145,0.036940169109341996,0.03603668524495637,123.11203757859766,7.521140609636185,3.45,9.0,0.00038991734601449265,0.0013452148437499997,7.58451741674674e-05,0.0002616658508777625,0.058126552208969624,0.0604562500724569,0.06231012683361768,5.7891142019070685,11.9439294999931,21.088297045463694,26.005637088860386,4668,0
38,"\\"" Ben Stiller and Owen Wilson reprised their roles as Zoolander and Hansel for a surprise runway walk at the Valentino show during Paris Fashion Week. They were promoting the upcoming film Zoolander 2, which is set to release in February 2016. The appearance was a publicity stunt that was well received and brought back the popularity of the characters and their catchphrases. 3. Which details are relevant to a fashion journalist? Which details are relevant to a film journalist? Which details are relevant to a general audience? Relevant to a fashion journalist: Paris Fashion Week, Valentino, women's couture show, runway, models, Ben Stiller, Owen Wilson, selfie, Instagram. Relevant to a film journalist: Zoolander, Hansel, Zoolander 2, release date, film promotion, publicity stunt. Relevant to a general audience: Ben Stiller, Owen Wilson, Zoolander, Hansel, Paris Fashion Week, runway walk, selfie, Instagram, ""he's so hot right now"" catchphrase. 4. Which emojis could you use to represent this article?\\""",15721,133.32247319631279,117.91710446933702,0.06091370558375635,0.7803083062171936,10.157498882617801,121.3125611548312,0.0077165931655003624,207,15515,0.7485427245958528,0.919287109375,0.7435647541941284,0.9551279544830322,0.95849609375,0.9550445973873138,0.010771682858467102,0.705595703125,0.010580652356147765,0.0693618506193161,0.7279296875,0.06877161562442781,0.15075424313545227,0.77509765625,0.14810582846403128,0.7445837764885206,0.9188344467089372,0.7422736772996116,60,2058,7.422568460812087,0.05901216665986145,0.036940169109341996,0.03603668524495637,123.11203757859766,7.521140609636185,3.45,9.0,0.00038991734601449265,0.0013452148437499997,7.58451741674674e-05,0.0002616658508777625,0.058126552208969624,0.0604562500724569,0.06231012683361768,17.064962714910507,11.9439294999931,21.088297045463694,26.005637088860386,4668,0
39,"\\"" Palestinian man intentionally rammed into four Israeli border police and a cyclist, critically injuring them, before attempting to escape, being shot and taken into custody. The attack is being treated as a terrorist act by authorities. Hamas is praising this attack as a heroic act. 2. What previous event or events seem to have triggered this attack? -The triggering event for this attack seems to be the recent killing of Israeli teens and Palestinian boys that caused high tensions between Israel and Palestine. 3. What role, if any, did social media play in this event? -Social media played a role, in this event, when a Hamas spokesman, Sami Abu, posted on Facebook that Hamas considers this attack to be a natural response to the crime committed by the Occupation.\\""",15721,133.32247319631279,117.91710446933702,0.07947019867549669,0.8137082457542419,10.157498882617801,121.3125611548312,0.0077165931655003624,207,15515,0.7485427245958528,0.919287109375,0.7435647541941284,0.9551279544830322,0.95849609375,0.9550445973873138,0.010771682858467102,0.705595703125,0.010580652356147765,0.0693618506193161,0.7279296875,0.06877161562442781,0.15075424313545227,0.77509765625,0.14810582846403128,0.7445837764885206,0.9188344467089372,0.7422736772996116,60,2058,7.422568460812087,0.05901216665986145,0.036940169109341996,0.03603668524495637,123.11203757859766,7.521140609636185,3.45,9.0,0.00038991734601449265,0.0013452148437499997,7.58451741674674e-05,0.0002616658508777625,0.058126552208969624,0.0604562500724569,0.06231012683361768,14.219453915953636,11.9439294999931,21.088297045463694,26.005637088860386,4668,0
40,"\\"" The National Gallery has joined several museums around the world in banning the use of selfie sticks inside their buildings. Mar Dixon, the creator of Museum Selfie Day, supports the ban, arguing that selfie sticks invade other people's personal space and pose a risk to the art. She suggests taking selfies outside the museums instead.
When I first read this article, I thought to myself, ""Really? Selfie sticks are now banned in museums?"" However, as I continued to read, I realized that, actually, this makes perfect sense. Selfie sticks, although fun to use and create hilarious images with, can often be obnoxious. I know that when I go to visit a museum, I've noticed that when there are large crowds, people whipping out their selfie sticks, it becomes a bit bothersome. Often, they don't pay attention to the fact that there are people trying to view the art and take in the beauty of their surroundings.
I think that this ban is a good idea. It's not that selfies are banned altogether, people just have to be mindful of the\\""",15721,133.32247319631279,117.91710446933702,0.0673076923076923,0.807998538017273,10.157498882617801,121.3125611548312,0.0077165931655003624,207,15515,0.7485427245958528,0.919287109375,0.7435647541941284,0.9551279544830322,0.95849609375,0.9550445973873138,0.010771682858467102,0.705595703125,0.010580652356147765,0.0693618506193161,0.7279296875,0.06877161562442781,0.15075424313545227,0.77509765625,0.14810582846403128,0.7445837764885206,0.9188344467089372,0.7422736772996116,60,2058,7.422568460812087,0.05901216665986145,0.036940169109341996,0.03603668524495637,123.11203757859766,7.521140609636185,3.45,9.0,0.00038991734601449265,0.0013452148437499997,7.58451741674674e-05,0.0002616658508777625,0.058126552208969624,0.0604562500724569,0.06231012683361768,19.07822720706463,11.9439294999931,21.088297045463694,26.005637088860386,4668,0
41,"\\"" CNN reports that the Republican controlled Congress is being criticized for threatening to shut down the Department of Homeland Security in order to roll back the President's immigration actions. This political crisis will put the livelihoods of over 240,000 men and women at risk and disrupt natural disaster response efforts. The Republican Party's dysfunctional governing style is becoming a pattern and they seem more interested in catering to special interests and the extreme wing of the party than working for the middle class.\\""",15721,133.32247319631279,117.91710446933702,0.08849557522123894,0.7963166236877441,10.157498882617801,121.3125611548312,0.0077165931655003624,207,15515,0.7485427245958528,0.919287109375,0.7435647541941284,0.9551279544830322,0.95849609375,0.9550445973873138,0.010771682858467102,0.705595703125,0.010580652356147765,0.0693618506193161,0.7279296875,0.06877161562442781,0.15075424313545227,0.77509765625,0.14810582846403128,0.7445837764885206,0.9188344467089372,0.7422736772996116,60,2058,7.422568460812087,0.05901216665986145,0.036940169109341996,0.03603668524495637,123.11203757859766,7.521140609636185,3.45,9.0,0.00038991734601449265,0.0013452148437499997,7.58451741674674e-05,0.0002616658508777625,0.058126552208969624,0.0604562500724569,0.06231012683361768,9.946206449065357,11.9439294999931,21.088297045463694,26.005637088860386,4668,0
42,"\\"" The U.S. will maintain troop levels in Afghanistan, Israel denies spying on Iran, a plane crashes in the French Alps, and a CNN hero helps young people with eye and ear care.
Transcript for ""CNN Student News"" - March 25, 2015
March 25, 2015 . Featured this Wednesday: The U.S. announces it will maintain its troop levels in Afghanistan through the rest of the year, Israel denies accusations that it spied on U.S.-led negotiations with Iran, a passenger plane crashes in the French Alps, and we feature a Character study involving a CNN Hero who's helping young people keep their eyes and ears healthy.
On this page you will find today's show Transcript and a place for you to request to be on the CNN Student News Roll Call.
Click here to access the transcript of today's CNN Student News program. Please note that there may be a delay between the time when the video is available and when the transcript is published.
CNN Student News is created by a team of journalists who consider the Common Core State Standards\\""",15721,133.32247319631279,117.91710446933702,0.07441860465116279,0.7853935956954956,10.157498882617801,121.3125611548312,0.0077165931655003624,207,15515,0.7485427245958528,0.919287109375,0.7435647541941284,0.9551279544830322,0.95849609375,0.9550445973873138,0.010771682858467102,0.705595703125,0.010580652356147765,0.0693618506193161,0.7279296875,0.06877161562442781,0.15075424313545227,0.77509765625,0.14810582846403128,0.7445837764885206,0.9188344467089372,0.7422736772996116,60,2058,7.422568460812087,0.05901216665986145,0.036940169109341996,0.03603668524495637,123.11203757859766,7.521140609636185,3.45,9.0,0.00038991734601449265,0.0013452148437499997,7.58451741674674e-05,0.0002616658508777625,0.058126552208969624,0.0604562500724569,0.06231012683361768,19.429798811208457,11.9439294999931,21.088297045463694,26.005637088860386,4668,0
43,"\\"" Chuck Norris is celebrating his 75th birthday, however, the calendar only turns 39 as he is able to beat time. He is known for being a tough-guy joke subject and is famous for his martial arts skills and actor. On his birthday, it's important to remember that nobody crosses Chuck Norris and lives, he counted to infinity twice, and Death once had a near-Chuck Norris experience.\\""",15721,133.32247319631279,117.91710446933702,0.04705882352941177,0.815558135509491,10.157498882617801,121.3125611548312,0.0077165931655003624,207,15515,0.7485427245958528,0.919287109375,0.7435647541941284,0.9551279544830322,0.95849609375,0.9550445973873138,0.010771682858467102,0.705595703125,0.010580652356147765,0.0693618506193161,0.7279296875,0.06877161562442781,0.15075424313545227,0.77509765625,0.14810582846403128,0.7445837764885206,0.9188344467089372,0.7422736772996116,60,2058,7.422568460812087,0.05901216665986145,0.036940169109341996,0.03603668524495637,123.11203757859766,7.521140609636185,3.45,9.0,0.00038991734601449265,0.0013452148437499997,7.58451741674674e-05,0.0002616658508777625,0.058126552208969624,0.0604562500724569,0.06231012683361768,6.2630016333423555,11.9439294999931,21.088297045463694,26.005637088860386,4668,0
44,"\\"" This year, Pi Day is extra special because it corresponds to the first five numbers of pi (3.1415). Pi is an irrational number that has been known for 4,000 years, and is essential in architecture, construction and was used by early astronomers. Pi Day started 27 years ago by a physicist at San Francisco's Exploratorium and has since grown to celebrate math enthusiasts from all walks of life. 3/14/2015 3/14/2015 3/14/2015
3/14/2015 3/14/2015 3/14/2015Math B Rief. G o o g le Imag es thinkstockphotos. Pi (π) Greek letter 全 Math Puzzles. Printable π Day Activities:. π Word Problems π Maze π Coloring Pages π cryptarithm puzzles. Math Playground. Pi Day Activities. π Word Problems π Trivia Quiz π Memory Game. Pi Day Coloring P\\""",15721,133.32247319631279,117.91710446933702,0.05128205128205128,0.7795418500900269,10.157498882617801,121.3125611548312,0.0077165931655003624,207,15515,0.7485427245958528,0.919287109375,0.7435647541941284,0.9551279544830322,0.95849609375,0.9550445973873138,0.010771682858467102,0.705595703125,0.010580652356147765,0.0693618506193161,0.7279296875,0.06877161562442781,0.15075424313545227,0.77509765625,0.14810582846403128,0.7445837764885206,0.9188344467089372,0.7422736772996116,60,2058,7.422568460812087,0.05901216665986145,0.036940169109341996,0.03603668524495637,123.11203757859766,7.521140609636185,3.45,9.0,0.00038991734601449265,0.0013452148437499997,7.58451741674674e-05,0.0002616658508777625,0.058126552208969624,0.0604562500724569,0.06231012683361768,16.576964526902884,11.9439294999931,21.088297045463694,26.005637088860386,4668,0
45,"\\"" Tom Hanks stars in Carly Rae Jepsen's new music video for ""I Really Like You,"" lip-syncing her part throughout. This is because Hanks and Jepsen's manager, Scooter Braun, are good friends, and Hanks even sang and danced at Braun's wedding. Hanks suggested the idea himself and Jepsen thought it would be amusing, leading to a fun and unexpected performance from the beloved actor. 1/3
(CNN)We had no idea how much we would really, really, really, really like Tom Hanks lip-syncing to a Carly Rae Jepsen song, but we really do. Hanks shows up in the new video for ""I Really Like You,"" ""singing"" Jepsen's part throughout. The Oscar-winning actor is apparently playing himself, signing autographs for fans, and generally being a very cheery movie star, before he and Jepsen take part in a flash mob. So what exactly is Tom Hanks doing in this video in the first place? Turns out he is good friends with Scooter Braun, manager for Jepsen (and Justin Bie\\""",15721,133.32247319631279,117.91710446933702,0.041025641025641026,0.7920687198638916,10.157498882617801,121.3125611548312,0.0077165931655003624,207,15515,0.7485427245958528,0.919287109375,0.7435647541941284,0.9551279544830322,0.95849609375,0.9550445973873138,0.010771682858467102,0.705595703125,0.010580652356147765,0.0693618506193161,0.7279296875,0.06877161562442781,0.15075424313545227,0.77509765625,0.14810582846403128,0.7445837764885206,0.9188344467089372,0.7422736772996116,60,2058,7.422568460812087,0.05901216665986145,0.036940169109341996,0.03603668524495637,123.11203757859766,7.521140609636185,3.45,9.0,0.00038991734601449265,0.0013452148437499997,7.58451741674674e-05,0.0002616658508777625,0.058126552208969624,0.0604562500724569,0.06231012683361768,16.524708354845643,11.9439294999931,21.088297045463694,26.005637088860386,4668,0
46,"\\"" David Crosby hit a jogger with his car in Santa Ynez, California, where the speed limit was 55 and the jogger was on the same side of the road as Crosby. The jogger suffered multiple fractures but is not believed to be life threatening, and Crosby was cooperative with authorities and not impaired or intoxicated. Crosby is a member of the rock group Crosby, Stills & Nash and is known for his multilayered harmonies and sweet melodies.\\""",15721,133.32247319631279,117.91710446933702,0.15037593984962408,0.8043429255485535,10.157498882617801,121.3125611548312,0.0077165931655003624,207,15515,0.7485427245958528,0.919287109375,0.7435647541941284,0.9551279544830322,0.95849609375,0.9550445973873138,0.010771682858467102,0.705595703125,0.010580652356147765,0.0693618506193161,0.7279296875,0.06877161562442781,0.15075424313545227,0.77509765625,0.14810582846403128,0.7445837764885206,0.9188344467089372,0.7422736772996116,60,2058,7.422568460812087,0.05901216665986145,0.036940169109341996,0.03603668524495637,123.11203757859766,7.521140609636185,3.45,9.0,0.00038991734601449265,0.0013452148437499997,7.58451741674674e-05,0.0002616658508777625,0.058126552208969624,0.0604562500724569,0.06231012683361768,7.394804158248007,11.9439294999931,21.088297045463694,26.005637088860386,4668,0
47,"\\"" The Iraqi government, with coalitions forces assistance, is currently in the process of trying to regain control of the city of Tikrit from ISIS. According to a U.S. official, the first wave of airstrikes have hit preplanned targets and the coalition is providing airborne intelligence capabilities, airstrikes, and support to Iraqi Security Force headquarters elements. Tikrit is a strategic location to retake as, if successful, it may make retaking Mosul possible.\\""",15721,133.32247319631279,117.91710446933702,0.10638297872340427,0.8217776417732239,10.157498882617801,121.3125611548312,0.0077165931655003624,207,15515,0.7485427245958528,0.919287109375,0.7435647541941284,0.9551279544830322,0.95849609375,0.9550445973873138,0.010771682858467102,0.705595703125,0.010580652356147765,0.0693618506193161,0.7279296875,0.06877161562442781,0.15075424313545227,0.77509765625,0.14810582846403128,0.7445837764885206,0.9188344467089372,0.7422736772996116,60,2058,7.422568460812087,0.05901216665986145,0.036940169109341996,0.03603668524495637,123.11203757859766,7.521140609636185,3.45,9.0,0.00038991734601449265,0.0013452148437499997,7.58451741674674e-05,0.0002616658508777625,0.058126552208969624,0.0604562500724569,0.06231012683361768,6.736083698924631,11.9439294999931,21.088297045463694,26.005637088860386,4668,0
48,"\\"" Darren Sharper former NFL player pleaded guilty to one count of sexual assault and one count of attempted sexual assault. He was sentenced to nine years in prison with no eligibility for early release and will also be placed on lifetime probation. He originally faced five counts of drugging and raping three women in Scottsdale, Arizona, in November 2013, and also faced charges in California and Louisiana.\\""",15721,133.32247319631279,117.91710446933702,0.04395604395604395,0.8335443735122681,10.157498882617801,121.3125611548312,0.0077165931655003624,207,15515,0.7485427245958528,0.919287109375,0.7435647541941284,0.9551279544830322,0.95849609375,0.9550445973873138,0.010771682858467102,0.705595703125,0.010580652356147765,0.0693618506193161,0.7279296875,0.06877161562442781,0.15075424313545227,0.77509765625,0.14810582846403128,0.7445837764885206,0.9188344467089372,0.7422736772996116,60,2058,7.422568460812087,0.05901216665986145,0.036940169109341996,0.03603668524495637,123.11203757859766,7.521140609636185,3.45,9.0,0.00038991734601449265,0.0013452148437499997,7.58451741674674e-05,0.0002616658508777625,0.058126552208969624,0.0604562500724569,0.06231012683361768,5.924941104836762,11.9439294999931,21.088297045463694,26.005637088860386,4668,0
49,"\\"" A health care worker who has contracted Ebola will be admitted to the National Institutes of Health (NIH) hospital in Maryland. NIH is one of four hospitals in the U.S. with biocontainment units and has treated Ebola patients before, including Nina Pham, a nurse who recovered from the disease. The worker was volunteering at a treatment center in Sierra Leone and will be flown to the U.S. on a chartered aircraft.\\""",15721,133.32247319631279,117.91710446933702,0.06185567010309278,0.8112525939941406,10.157498882617801,121.3125611548312,0.0077165931655003624,207,15515,0.7485427245958528,0.919287109375,0.7435647541941284,0.9551279544830322,0.95849609375,0.9550445973873138,0.010771682858467102,0.705595703125,0.010580652356147765,0.0693618506193161,0.7279296875,0.06877161562442781,0.15075424313545227,0.77509765625,0.14810582846403128,0.7445837764885206,0.9188344467089372,0.7422736772996116,60,2058,7.422568460812087,0.05901216665986145,0.036940169109341996,0.03603668524495637,123.11203757859766,7.521140609636185,3.45,9.0,0.00038991734601449265,0.0013452148437499997,7.58451741674674e-05,0.0002616658508777625,0.058126552208969624,0.0604562500724569,0.06231012683361768,7.100296478252858,11.9439294999931,21.088297045463694,26.005637088860386,4668,0
50,"\\"" Jeremy Clarkson has been suspended by the BBC after getting into a fight with a producer. Fans are outraged and have made a petition to have him reinstated, meanwhile his co-host made a joke about empty cardboard boxes and off-cuts of string. This is not the first time Clarkson has been in trouble, he has previously used a racist term during a taping and caused an international incident while filming in Argentina. 

By: Chelsie Booth 

ahoo News - Jeremy Clarkson. (producer). (2015, March 11). Retrieved from <https://www.yahoo.com/tv/s/jeremy-clarkson-top-gear-sus suspended- over-fracas- producer-173700257.html>

This article is about Jeremy Clarkson, the host of Top Gear, being suspended from the show after he got into a fight with a producer. The BBC has not comment on the situation, but fans have already made a petition to reinstate Clarkson. Clarkson and his co-host James May have made a\\""",15721,133.32247319631279,117.91710446933702,0.06666666666666667,0.8024805784225464,10.157498882617801,121.3125611548312,0.0077165931655003624,207,15515,0.7485427245958528,0.919287109375,0.7435647541941284,0.9551279544830322,0.95849609375,0.9550445973873138,0.010771682858467102,0.705595703125,0.010580652356147765,0.0693618506193161,0.7279296875,0.06877161562442781,0.15075424313545227,0.77509765625,0.14810582846403128,0.7445837764885206,0.9188344467089372,0.7422736772996116,60,2058,7.422568460812087,0.05901216665986145,0.036940169109341996,0.03603668524495637,123.11203757859766,7.521140609636185,3.45,9.0,0.00038991734601449265,0.0013452148437499997,7.58451741674674e-05,0.0002616658508777625,0.058126552208969624,0.0604562500724569,0.06231012683361768,17.428871263284236,11.9439294999931,21.088297045463694,26.005637088860386,4668,0
51,"\\""  J.K. Rowling, author of the Harry Potter series, revealed that Albus Dumbledore, the headmaster of Hogwarts School, was gay after the final book in the series was released in 2007. A fan asked Rowling why she said Dumbledore was gay, as they couldn't see him that way, and Rowling responded by suggesting that gay people simply look like people. The fans of Rowling loved her response. \\""",15721,133.32247319631279,117.91710446933702,0.08888888888888888,0.8234594464302063,10.157498882617801,121.3125611548312,0.0077165931655003624,207,15515,0.7485427245958528,0.919287109375,0.7435647541941284,0.9551279544830322,0.95849609375,0.9550445973873138,0.010771682858467102,0.705595703125,0.010580652356147765,0.0693618506193161,0.7279296875,0.06877161562442781,0.15075424313545227,0.77509765625,0.14810582846403128,0.7445837764885206,0.9188344467089372,0.7422736772996116,60,2058,7.422568460812087,0.05901216665986145,0.036940169109341996,0.03603668524495637,123.11203757859766,7.521140609636185,3.45,9.0,0.00038991734601449265,0.0013452148437499997,7.58451741674674e-05,0.0002616658508777625,0.058126552208969624,0.0604562500724569,0.06231012683361768,7.9130889610387385,11.9439294999931,21.088297045463694,26.005637088860386,4668,0
52,"\\"" Rohana Rozhan is the CEO of Ast Malaysia, one of the biggest media and entertainment firms in the region, and she is passionate about having women in prominent positions in her company. She emphasizes the importance of being respectful and putting in the hard work to achieve success. Rozhan is a good Muslim, Malay girl, and she wants other women to understand that with hard work and dedication, they can achieve great things.\\""",15721,133.32247319631279,117.91710446933702,0.058823529411764705,0.822791337966919,10.157498882617801,121.3125611548312,0.0077165931655003624,207,15515,0.7485427245958528,0.919287109375,0.7435647541941284,0.9551279544830322,0.95849609375,0.9550445973873138,0.010771682858467102,0.705595703125,0.010580652356147765,0.0693618506193161,0.7279296875,0.06877161562442781,0.15075424313545227,0.77509765625,0.14810582846403128,0.7445837764885206,0.9188344467089372,0.7422736772996116,60,2058,7.422568460812087,0.05901216665986145,0.036940169109341996,0.03603668524495637,123.11203757859766,7.521140609636185,3.45,9.0,0.00038991734601449265,0.0013452148437499997,7.58451741674674e-05,0.0002616658508777625,0.058126552208969624,0.0604562500724569,0.06231012683361768,6.366858283057809,11.9439294999931,21.088297045463694,26.005637088860386,4668,0
53,"\\"" Jon Hamm checked into a rehab center for alcohol abuse issues. Supported by his longtime partner, Jennifer Westfeldt; Hamm recently completed a 30-day program. He asks for privacy, knowing the media attention his admittance may bring, as ""Mad Men"" starts its final season in less than two weeks. \\""",15721,133.32247319631279,117.91710446933702,0.0,0.820846438407898,10.157498882617801,121.3125611548312,0.0077165931655003624,207,15515,0.7485427245958528,0.919287109375,0.7435647541941284,0.9551279544830322,0.95849609375,0.9550445973873138,0.010771682858467102,0.705595703125,0.010580652356147765,0.0693618506193161,0.7279296875,0.06877161562442781,0.15075424313545227,0.77509765625,0.14810582846403128,0.7445837764885206,0.9188344467089372,0.7422736772996116,60,2058,7.422568460812087,0.05901216665986145,0.036940169109341996,0.03603668524495637,123.11203757859766,7.521140609636185,3.45,9.0,0.00038991734601449265,0.0013452148437499997,7.58451741674674e-05,0.0002616658508777625,0.058126552208969624,0.0604562500724569,0.06231012683361768,6.34848156478256,11.9439294999931,21.088297045463694,26.005637088860386,4668,0
54,"\\"" New research suggests that Neanderthals were more advanced and sophisticated than previously thought, with evidence of their ability to create jewelry and possibly even catch birds. A study published in the journal PLOS ONE details the discovery of 130,000-year-old eagle talons with cut marks and notches, indicating that they had been manipulated by humans. The researchers believe that the talons were used as jewelry and that Neanderthals may have had advanced planning skills and rituals.\\""",15721,133.32247319631279,117.91710446933702,0.05504587155963303,0.8058462142944336,10.157498882617801,121.3125611548312,0.0077165931655003624,207,15515,0.7485427245958528,0.919287109375,0.7435647541941284,0.9551279544830322,0.95849609375,0.9550445973873138,0.010771682858467102,0.705595703125,0.010580652356147765,0.0693618506193161,0.7279296875,0.06877161562442781,0.15075424313545227,0.77509765625,0.14810582846403128,0.7445837764885206,0.9188344467089372,0.7422736772996116,60,2058,7.422568460812087,0.05901216665986145,0.036940169109341996,0.03603668524495637,123.11203757859766,7.521140609636185,3.45,9.0,0.00038991734601449265,0.0013452148437499997,7.58451741674674e-05,0.0002616658508777625,0.058126552208969624,0.0604562500724569,0.06231012683361768,7.597707153297961,11.9439294999931,21.088297045463694,26.005637088860386,4668,0
55,"\\"" A driver was caught attempting to use the HOV lane with a cardboard cutout of Jonathan Goldsmith, the ""Most Interesting Man in the World"" from Dos Equis commercials, as a passenger. The driver was caught on Interstate 5 near Fife, Washington and was given a $124 ticket. The Washington state trooper who caught the driver tweeted a photo of the cutout and praised the driver's creativity, despite the violation.\\""",15721,133.32247319631279,117.91710446933702,0.08,0.8084673285484314,10.157498882617801,121.3125611548312,0.0077165931655003624,207,15515,0.7485427245958528,0.919287109375,0.7435647541941284,0.9551279544830322,0.95849609375,0.9550445973873138,0.010771682858467102,0.705595703125,0.010580652356147765,0.0693618506193161,0.7279296875,0.06877161562442781,0.15075424313545227,0.77509765625,0.14810582846403128,0.7445837764885206,0.9188344467089372,0.7422736772996116,60,2058,7.422568460812087,0.05901216665986145,0.036940169109341996,0.03603668524495637,123.11203757859766,7.521140609636185,3.45,9.0,0.00038991734601449265,0.0013452148437499997,7.58451741674674e-05,0.0002616658508777625,0.058126552208969624,0.0604562500724569,0.06231012683361768,7.792162178084254,11.9439294999931,21.088297045463694,26.005637088860386,4668,0
56,"\\"" Detroit Police Department discovered the bodies of a male and a female child inside a plastic bag in a freezer while performing an eviction. The mother of the children was arrested on child abuse charges and the children were placed in protective custody. Detroit Police Department and Wayne CountyMedical Examiner's Office are conducting an investigation.

Answer: Detroit police made a gruesome discovery while conducting an eviction, finding the bodies of a male and female child inside a freezer. The children's mother was arrested on child abuse charges and the bodies are being preserved as the investigation is ongoing. The names of the children and the mother have not yet been released.\\""",15721,133.32247319631279,117.91710446933702,0.2127659574468085,0.8681095838546753,10.157498882617801,121.3125611548312,0.0077165931655003624,207,15515,0.7485427245958528,0.919287109375,0.7435647541941284,0.9551279544830322,0.95849609375,0.9550445973873138,0.010771682858467102,0.705595703125,0.010580652356147765,0.0693618506193161,0.7279296875,0.06877161562442781,0.15075424313545227,0.77509765625,0.14810582846403128,0.7445837764885206,0.9188344467089372,0.7422736772996116,60,2058,7.422568460812087,0.05901216665986145,0.036940169109341996,0.03603668524495637,123.11203757859766,7.521140609636185,3.45,9.0,0.00038991734601449265,0.0013452148437499997,7.58451741674674e-05,0.0002616658508777625,0.058126552208969624,0.0604562500724569,0.06231012683361768,10.980619313195348,11.9439294999931,21.088297045463694,26.005637088860386,4668,0
57,"\\""
  Many questions have risen from the crash of the Germanained Flight 9525. Some re opportunities for advancement in safety technology. Pilots are interviewed and drug screenings are also considered. Six of the most interesting questions from viewers were chose and answered by experts on CNN. \\""",15721,133.32247319631279,117.91710446933702,0.14285714285714285,0.8238455057144165,10.157498882617801,121.3125611548312,0.0077165931655003624,207,15515,0.7485427245958528,0.919287109375,0.7435647541941284,0.9551279544830322,0.95849609375,0.9550445973873138,0.010771682858467102,0.705595703125,0.010580652356147765,0.0693618506193161,0.7279296875,0.06877161562442781,0.15075424313545227,0.77509765625,0.14810582846403128,0.7445837764885206,0.9188344467089372,0.7422736772996116,60,2058,7.422568460812087,0.05901216665986145,0.036940169109341996,0.03603668524495637,123.11203757859766,7.521140609636185,3.45,9.0,0.00038991734601449265,0.0013452148437499997,7.58451741674674e-05,0.0002616658508777625,0.058126552208969624,0.0604562500724569,0.06231012683361768,5.001580978278071,11.9439294999931,21.088297045463694,26.005637088860386,4668,0
58,"\\"" Gareth Bale, who has been criticized by the Spanish press, helped Wales in their 3-0 victory over Israel in the EURO 2016 qualifiers. His two goals helped Wales take the lead in their group and sets them up for a first major final since 1958. Other teams, such as Italy and Czech Republic, were lucky to grab a draw against Bulgaria and Latvia respectively
Quote Friday—February 27,  article from CNN: Gareth Bale scored twice for Wales as they beat Israel 3-0 in Euro 2016 qualification, taking them to the top of their group and on course for a first major finals since the 1958 World Cup. To come out on top is amazing. The first half was very hard. We did a lot of running, closed them down well, and luckily got the goal which gave us a lot of confidence, — Gareth Bale
Article: FIFA Bans Shimon Se we $( infantinoThere FIFA presidency candidate Shimon Mal processes his delegates during the FIFA Extraordinary Congress, in Zurich, Switzerland, February 26, 2\\""",15721,133.32247319631279,117.91710446933702,0.11353711790393013,0.7977524995803833,10.157498882617801,121.3125611548312,0.0077165931655003624,207,15515,0.7485427245958528,0.919287109375,0.7435647541941284,0.9551279544830322,0.95849609375,0.9550445973873138,0.010771682858467102,0.705595703125,0.010580652356147765,0.0693618506193161,0.7279296875,0.06877161562442781,0.15075424313545227,0.77509765625,0.14810582846403128,0.7445837764885206,0.9188344467089372,0.7422736772996116,60,2058,7.422568460812087,0.05901216665986145,0.036940169109341996,0.03603668524495637,123.11203757859766,7.521140609636185,3.45,9.0,0.00038991734601449265,0.0013452148437499997,7.58451741674674e-05,0.0002616658508777625,0.058126552208969624,0.0604562500724569,0.06231012683361768,16.622907340992242,11.9439294999931,21.088297045463694,26.005637088860386,4668,0
59,"\\"" Zayn Malik, a 22-year-old member of the popular British boy band One Direction, has decided to leave the group after five years. The band announced the news on its Facebook page and Twitter, and fans have been expressing their sadness and shock on social media. Malik's departure comes after he left the band's tour last week due to stress, and rumors of his exit began to circulate.\\""",15721,133.32247319631279,117.91710446933702,0.08695652173913043,0.8299267888069153,10.157498882617801,121.3125611548312,0.0077165931655003624,207,15515,0.7485427245958528,0.919287109375,0.7435647541941284,0.9551279544830322,0.95849609375,0.9550445973873138,0.010771682858467102,0.705595703125,0.010580652356147765,0.0693618506193161,0.7279296875,0.06877161562442781,0.15075424313545227,0.77509765625,0.14810582846403128,0.7445837764885206,0.9188344467089372,0.7422736772996116,60,2058,7.422568460812087,0.05901216665986145,0.036940169109341996,0.03603668524495637,123.11203757859766,7.521140609636185,3.45,9.0,0.00038991734601449265,0.0013452148437499997,7.58451741674674e-05,0.0002616658508777625,0.058126552208969624,0.0604562500724569,0.06231012683361768,6.290061301086098,11.9439294999931,21.088297045463694,26.005637088860386,4668,0
60,"\\"" Former One Direction member Zayn Malik has spoken up about his departure from the band after days of silence, saying that he can't do it anymore and wants to do what's right by himself and the boys. In an interview with The Sun, he expressed that he's sorry for the pain he's caused but ultimately feels he's decision was best. Us magazine reports that Malik has begun solo project work..\\""",15721,133.32247319631279,117.91710446933702,0.05607476635514018,0.8144071102142334,10.157498882617801,121.3125611548312,0.0077165931655003624,207,15515,0.7485427245958528,0.919287109375,0.7435647541941284,0.9551279544830322,0.95849609375,0.9550445973873138,0.010771682858467102,0.705595703125,0.010580652356147765,0.0693618506193161,0.7279296875,0.06877161562442781,0.15075424313545227,0.77509765625,0.14810582846403128,0.7445837764885206,0.9188344467089372,0.7422736772996116,60,2058,7.422568460812087,0.05901216665986145,0.036940169109341996,0.03603668524495637,123.11203757859766,7.521140609636185,3.45,9.0,0.00038991734601449265,0.0013452148437499997,7.58451741674674e-05,0.0002616658508777625,0.058126552208969624,0.0604562500724569,0.06231012683361768,6.1233229637146,11.9439294999931,21.088297045463694,26.005637088860386,4668,0
61,"\\"" The 24th Bond film, ""Spectre"", has released its first official trailer with the same cast and director as Skyfall. The trailer revisits elements from the previous film while bringing a new plot and introduces a new terrorist organization that Bond must infiltrate. Viewers are left speculating about the cryptic clues and symbols scattered throughout the trailer. Create a hashtag and comment with a possible theory on what the plot of the movie could be. #SpectreTheories - It could be a revamp of the classic ""You Only Live Twice"" storyline, with Bond infiltrating a global terrorist organization, but this time, it could be revealed that the leader of the organization is actually Bond's long-lost father. 1. What is the name of the fictional global terrorist organization in the upcoming James Bond movie ""Spectre""? The Special Executive for Counter-intelligence, Terrorism, Revenge and Extortion (SPECTRE) is a fictional global terrorist organization that Bond attempts to infiltrate after a cryptic message from his past returns to haunt him. 2. What is the name of\\""",15721,133.32247319631279,117.91710446933702,0.08823529411764706,0.8037540912628174,10.157498882617801,121.3125611548312,0.0077165931655003624,207,15515,0.7485427245958528,0.919287109375,0.7435647541941284,0.9551279544830322,0.95849609375,0.9550445973873138,0.010771682858467102,0.705595703125,0.010580652356147765,0.0693618506193161,0.7279296875,0.06877161562442781,0.15075424313545227,0.77509765625,0.14810582846403128,0.7445837764885206,0.9188344467089372,0.7422736772996116,60,2058,7.422568460812087,0.05901216665986145,0.036940169109341996,0.03603668524495637,123.11203757859766,7.521140609636185,3.45,9.0,0.00038991734601449265,0.0013452148437499997,7.58451741674674e-05,0.0002616658508777625,0.058126552208969624,0.0604562500724569,0.06231012683361768,16.542264364194125,11.9439294999931,21.088297045463694,26.005637088860386,4668,0
62,"\\"" International pop sensation Kylie Minogue is set to perform at the Dubai World Cup, a prestigious horse racing event with a total prize money of $30 million. Minogue, worth approximately $75 million, is excited to bring her show to the event, which she describes as ""something I'm very much looking forward to."" The event will also feature luxury brand sponsorships and prizes for the ""Best Dressed Lady"" and ""Most Elegant Lady"" on the night.\\""",15721,133.32247319631279,117.91710446933702,0.3114754098360656,0.8920854926109314,10.157498882617801,121.3125611548312,0.0077165931655003624,207,15515,0.7485427245958528,0.919287109375,0.7435647541941284,0.9551279544830322,0.95849609375,0.9550445973873138,0.010771682858467102,0.705595703125,0.010580652356147765,0.0693618506193161,0.7279296875,0.06877161562442781,0.15075424313545227,0.77509765625,0.14810582846403128,0.7445837764885206,0.9188344467089372,0.7422736772996116,60,2058,7.422568460812087,0.05901216665986145,0.036940169109341996,0.03603668524495637,123.11203757859766,7.521140609636185,3.45,9.0,0.00038991734601449265,0.0013452148437499997,7.58451741674674e-05,0.0002616658508777625,0.058126552208969624,0.0604562500724569,0.06231012683361768,9.215965180192143,11.9439294999931,21.088297045463694,26.005637088860386,4668,0
63,"\\"" Thousands of Tunisians protested terrorism in their capital Sunday, following the previous weeks attack on a museum that killed 20. Former foreign minister Rafik Abdessalem said all Tunisians are united in fighting the danger that threatens their society and stability. Demonstrators chanted ""Tunisia is free, and out with terrorism"", while holding banners that say ""We are not afraid"" and ""Je suis Bardo"".\\""",15721,133.32247319631279,117.91710446933702,0.3300970873786408,0.8932996392250061,10.157498882617801,121.3125611548312,0.0077165931655003624,207,15515,0.7485427245958528,0.919287109375,0.7435647541941284,0.9551279544830322,0.95849609375,0.9550445973873138,0.010771682858467102,0.705595703125,0.010580652356147765,0.0693618506193161,0.7279296875,0.06877161562442781,0.15075424313545227,0.77509765625,0.14810582846403128,0.7445837764885206,0.9188344467089372,0.7422736772996116,60,2058,7.422568460812087,0.05901216665986145,0.036940169109341996,0.03603668524495637,123.11203757859766,7.521140609636185,3.45,9.0,0.00038991734601449265,0.0013452148437499997,7.58451741674674e-05,0.0002616658508777625,0.058126552208969624,0.0604562500724569,0.06231012683361768,8.653221506159753,11.9439294999931,21.088297045463694,26.005637088860386,4668,0
64,"\\"" Lewis Hamilton is in pole position for the Malaysian Grand Prix after dominating qualifying in wet conditions. His Mercedes teammate Nico Rosberg will start in third place, with Ferrari's Sebastian Vettel in between them. The qualifying session was delayed by half an hour due to thunderstorms, but Hamilton excelled in the wet conditions while Verstappen impressed with a sixth place start for Toro Rosso. Max Verstappen will start in sixth in the Malaysian Grand Prix. He is only 17 years old. This will be his second race for Toro Rosso. 2. Nico Rosberg will start the race in third place. He is annoyed that he did not drive well enough to get a better position. He was also unhappy that Sebastian Vettel stole second place at the last minute. 3. The qualifying session for the Malaysian Grand Prix was delayed by half an hour due to thunderstorms. The race itself may be affected by the weather as well, as spectacular thunderstorms have been known to occur during the race. What are the positions of the top 3 drivers on the starting grid for the Malaysian Grand Prix\\""",15721,133.32247319631279,117.91710446933702,0.03827751196172249,0.7948870658874512,10.157498882617801,121.3125611548312,0.0077165931655003624,207,15515,0.7485427245958528,0.919287109375,0.7435647541941284,0.9551279544830322,0.95849609375,0.9550445973873138,0.010771682858467102,0.705595703125,0.010580652356147765,0.0693618506193161,0.7279296875,0.06877161562442781,0.15075424313545227,0.77509765625,0.14810582846403128,0.7445837764885206,0.9188344467089372,0.7422736772996116,60,2058,7.422568460812087,0.05901216665986145,0.036940169109341996,0.03603668524495637,123.11203757859766,7.521140609636185,3.45,9.0,0.00038991734601449265,0.0013452148437499997,7.58451741674674e-05,0.0002616658508777625,0.058126552208969624,0.0604562500724569,0.06231012683361768,18.29807025473565,11.9439294999931,21.088297045463694,26.005637088860386,4668,0
65,"\\"" A commuter train collided with a car and derailed near the USC campus in Los Angeles, injuring 21 people. The driver of the car turned onto the train tracks as the train approached and the car got stuck, causing the train to derail. Ten people were taken to the hospital for treatment, with one in critical condition and one in grave condition.\\""",15721,133.32247319631279,117.91710446933702,0.02197802197802198,0.817193329334259,10.157498882617801,121.3125611548312,0.0077165931655003624,207,15515,0.7485427245958528,0.919287109375,0.7435647541941284,0.9551279544830322,0.95849609375,0.9550445973873138,0.010771682858467102,0.705595703125,0.010580652356147765,0.0693618506193161,0.7279296875,0.06877161562442781,0.15075424313545227,0.77509765625,0.14810582846403128,0.7445837764885206,0.9188344467089372,0.7422736772996116,60,2058,7.422568460812087,0.05901216665986145,0.036940169109341996,0.03603668524495637,123.11203757859766,7.521140609636185,3.45,9.0,0.00038991734601449265,0.0013452148437499997,7.58451741674674e-05,0.0002616658508777625,0.058126552208969624,0.0604562500724569,0.06231012683361768,7.215136107988656,11.9439294999931,21.088297045463694,26.005637088860386,4668,0
66,"\\"" On Monday's episode of CNN Student News, the program covers the recent Nigerian elections and how the voters are concerned with the issues of the nation. An upcoming mission to the International Space Station will include experiments conducted by an astronaut. An invention that puts out fires using sound waves is also discussed.
\\""",15721,133.32247319631279,117.91710446933702,0.0879120879120879,0.8170576095581055,10.157498882617801,121.3125611548312,0.0077165931655003624,207,15515,0.7485427245958528,0.919287109375,0.7435647541941284,0.9551279544830322,0.95849609375,0.9550445973873138,0.010771682858467102,0.705595703125,0.010580652356147765,0.0693618506193161,0.7279296875,0.06877161562442781,0.15075424313545227,0.77509765625,0.14810582846403128,0.7445837764885206,0.9188344467089372,0.7422736772996116,60,2058,7.422568460812087,0.05901216665986145,0.036940169109341996,0.03603668524495637,123.11203757859766,7.521140609636185,3.45,9.0,0.00038991734601449265,0.0013452148437499997,7.58451741674674e-05,0.0002616658508777625,0.058126552208969624,0.0604562500724569,0.06231012683361768,6.735685377381742,11.9439294999931,21.088297045463694,26.005637088860386,4668,0
67,"\\"" A 475-pound le costituer sea turtle was found stranded on a beach in South Carolina and was rescued by marine biologists at the South Carolina Aquarium. It is the first time a leatherback sea turtle has been rescued in South Carolina and only the fifth time in the United States. The turtle is being treated and cared for at the aquarium before it will be released back into the ocean in the next few days.\\""",15721,133.32247319631279,117.91710446933702,0.0784313725490196,0.8071373701095581,10.157498882617801,121.3125611548312,0.0077165931655003624,207,15515,0.7485427245958528,0.919287109375,0.7435647541941284,0.9551279544830322,0.95849609375,0.9550445973873138,0.010771682858467102,0.705595703125,0.010580652356147765,0.0693618506193161,0.7279296875,0.06877161562442781,0.15075424313545227,0.77509765625,0.14810582846403128,0.7445837764885206,0.9188344467089372,0.7422736772996116,60,2058,7.422568460812087,0.05901216665986145,0.036940169109341996,0.03603668524495637,123.11203757859766,7.521140609636185,3.45,9.0,0.00038991734601449265,0.0013452148437499997,7.58451741674674e-05,0.0002616658508777625,0.058126552208969624,0.0604562500724569,0.06231012683361768,8.38584907213226,11.9439294999931,21.088297045463694,26.005637088860386,4668,0
68,"\\"" Trevor Noah will be replacing Jon Stewart on ""The Daily Show."" Noah, a South African comedian, has made three appearances on the show and has been well received. Jon Stewart approves of Noah's succession, and the show continues to launch careers of its contributors, including Stephen Colbert, John Oliver, and Samantha Bee.

Question: What are three adjectives that describe Trevor Noah?

Answer: Sure! Here are three adjectives that describe Trevor Noah based on the information in the article:

1. South African - Noah is from South Africa, where he was born and raised.
2. Biracial - Noah is biracial, which is mentioned in the article as a factor that may contribute to the show's diversity.
3. Tremendous comic and talent - Jon Stewart describes Noah as a ""tremendous comic and talent"" in his statement approving of Noah's succession. This suggests that Noah is skilled and talented in comedy.\\""",15721,133.32247319631279,117.91710446933702,0.04519774011299436,0.808770477771759,10.157498882617801,121.3125611548312,0.0077165931655003624,207,15515,0.7485427245958528,0.919287109375,0.7435647541941284,0.9551279544830322,0.95849609375,0.9550445973873138,0.010771682858467102,0.705595703125,0.010580652356147765,0.0693618506193161,0.7279296875,0.06877161562442781,0.15075424313545227,0.77509765625,0.14810582846403128,0.7445837764885206,0.9188344467089372,0.7422736772996116,60,2058,7.422568460812087,0.05901216665986145,0.036940169109341996,0.03603668524495637,123.11203757859766,7.521140609636185,3.45,9.0,0.00038991734601449265,0.0013452148437499997,7.58451741674674e-05,0.0002616658508777625,0.058126552208969624,0.0604562500724569,0.06231012683361768,17.269981525838375,11.9439294999931,21.088297045463694,26.005637088860386,4668,0
69,"\\"" Catherine, Duchess of Cambridge, made her last official appearance in London before taking maternity leave. She visited a learning center and a church that hosts a youth charity, enjoying tours and meeting with members of the community. The former Kate Middleton is expecting her second child with Prince William and is scheduled to give birth in mid- to late April.\\""",15721,133.32247319631279,117.91710446933702,0.07692307692307691,0.8107073307037354,10.157498882617801,121.3125611548312,0.0077165931655003624,207,15515,0.7485427245958528,0.919287109375,0.7435647541941284,0.9551279544830322,0.95849609375,0.9550445973873138,0.010771682858467102,0.705595703125,0.010580652356147765,0.0693618506193161,0.7279296875,0.06877161562442781,0.15075424313545227,0.77509765625,0.14810582846403128,0.7445837764885206,0.9188344467089372,0.7422736772996116,60,2058,7.422568460812087,0.05901216665986145,0.036940169109341996,0.03603668524495637,123.11203757859766,7.521140609636185,3.45,9.0,0.00038991734601449265,0.0013452148437499997,7.58451741674674e-05,0.0002616658508777625,0.058126552208969624,0.0604562500724569,0.06231012683361768,7.57685188902542,11.9439294999931,21.088297045463694,26.005637088860386,4668,0
70,"\\"" Sam Taylor-Johnson, the director of ""Fifty Shades of Grey,"" has announced that she will not be returning to direct the sequel, ""Fifty Shades Darker."" While she expressed gratitude for the experience of directing the first film, she wished success to whoever takes on the challenges of directing the sequels. There have been rumors of creative clashes between the director and author E L James, who wants to write the screenplay for the second film. 301 Words.Please summarize this article in three sentences. Please use your own words. Do not copy from the text.Please summarize this article in three sentences.\\""",15721,133.32247319631279,117.91710446933702,0.08064516129032258,0.8118731379508972,10.157498882617801,121.3125611548312,0.0077165931655003624,207,15515,0.7485427245958528,0.919287109375,0.7435647541941284,0.9551279544830322,0.95849609375,0.9550445973873138,0.010771682858467102,0.705595703125,0.010580652356147765,0.0693618506193161,0.7279296875,0.06877161562442781,0.15075424313545227,0.77509765625,0.14810582846403128,0.7445837764885206,0.9188344467089372,0.7422736772996116,60,2058,7.422568460812087,0.05901216665986145,0.036940169109341996,0.03603668524495637,123.11203757859766,7.521140609636185,3.45,9.0,0.00038991734601449265,0.0013452148437499997,7.58451741674674e-05,0.0002616658508777625,0.058126552208969624,0.0604562500724569,0.06231012683361768,13.256625548005104,11.9439294999931,21.088297045463694,26.005637088860386,4668,0
71,"\\"" ___ Palmer, a golf legend, has dislocated his shoulder yet he's determined to participate in the ceremonial tee shot at the Masters in Augusta next month. He plans to do this despite being unable to swing a golf club due to his doctor's orders. Palmer has won four Masters championships and his tee shot has been a long-standing tradition since 2007.

Although Arnold Palmer may have dislocated his shoulder, he appears to be hopeful and optimistic about his upcoming golf involvement. He still plans on enjoying the ceremonial tee shot at the next Masters event, despite being prohibited from swinging a club due to medical advice. This implies that Mr. Palmer values this tradition and wants to continue it, despite physical limitations. From this it can be inferred that he prioritizes the significance of this tee shot and that this golf-related activity serves as a notable component of his life.

Furthermore, it is notable that Arnold Palmer has previously enjoyed a great deal of success in the Masters, having emerged victorious on four separate occasions. This highlights both his dedication to and skill in the sport,\\""",15721,133.32247319631279,117.91710446933702,0.05172413793103448,0.8052064180374146,10.157498882617801,121.3125611548312,0.0077165931655003624,207,15515,0.7485427245958528,0.919287109375,0.7435647541941284,0.9551279544830322,0.95849609375,0.9550445973873138,0.010771682858467102,0.705595703125,0.010580652356147765,0.0693618506193161,0.7279296875,0.06877161562442781,0.15075424313545227,0.77509765625,0.14810582846403128,0.7445837764885206,0.9188344467089372,0.7422736772996116,60,2058,7.422568460812087,0.05901216665986145,0.036940169109341996,0.03603668524495637,123.11203757859766,7.521140609636185,3.45,9.0,0.00038991734601449265,0.0013452148437499997,7.58451741674674e-05,0.0002616658508777625,0.058126552208969624,0.0604562500724569,0.06231012683361768,20.703560405876487,11.9439294999931,21.088297045463694,26.005637088860386,4668,0
72,"\\"" A bomb-laden truck exploded at a North Sinai security camp, killing a civilian and injuring 44 others, including 42 soldiers. The truck driver was also killed and no one has claimed responsibility. The attack comes amid a surge in violence in the region where the Egyptian army is battling an Islamist insurgency. 2. What is the main idea of this article? The main idea of this article is that there has been a deadly explosion at a security camp in North Sinai, Egypt, resulting in the death of a civilian and injury of 44 others, including soldiers. 3. What are some important details in this article? Some important details in this article include the location of the attack (North Sinai), the number of people killed and injured, the fact that the driver of the truck was also killed, and the ongoing Islamist insurgency in the region. It's also important to note that no one has claimed responsibility for the attack. 4. What is the significance of this event? The significance of this event is that it highlights the ongoing violence and instability in Egypt pri marily in the North Sina\\""",15721,133.32247319631279,117.91710446933702,0.08835341365461846,0.7985634207725525,10.157498882617801,121.3125611548312,0.0077165931655003624,207,15515,0.7485427245958528,0.919287109375,0.7435647541941284,0.9551279544830322,0.95849609375,0.9550445973873138,0.010771682858467102,0.705595703125,0.010580652356147765,0.0693618506193161,0.7279296875,0.06877161562442781,0.15075424313545227,0.77509765625,0.14810582846403128,0.7445837764885206,0.9188344467089372,0.7422736772996116,60,2058,7.422568460812087,0.05901216665986145,0.036940169109341996,0.03603668524495637,123.11203757859766,7.521140609636185,3.45,9.0,0.00038991734601449265,0.0013452148437499997,7.58451741674674e-05,0.0002616658508777625,0.058126552208969624,0.0604562500724569,0.06231012683361768,24.407150503713638,11.9439294999931,21.088297045463694,26.005637088860386,4668,0
73,"\\"" Tennis star, Eugenie Bouchard, and pop star, Justin Bieber, played a game of tennis together at the Annual Desert Smash event in California. Bouchard posted a picture of the two on Twitter, complimenting Bieber's tennis skills and expressing her excitement about playing with him. Bieber has yet to respond to Bouchard's tweet, but the event was a success in raising money for Cancer for College, a charity that provides scholarships for students who have battled cancer. Keywords: Eugenie Bouchard, Justin Bieber, tennis, charity, scholarships. 1. Eugenie Bouchard and Justin Bieber played a game of tennis together at the Annual Desert Smash event in California. 2. Bouchard posted a picture of the two on Twitter, complimenting Bieber's tennis skills and expressing her excitement about playing with him. 3. The event was a success in raising money for Cancer for College, a charity that provides scholarships for students who have battled cancer.\\""",15721,133.32247319631279,117.91710446933702,0.07881773399014778,0.7900375723838806,10.157498882617801,121.3125611548312,0.0077165931655003624,207,15515,0.7485427245958528,0.919287109375,0.7435647541941284,0.9551279544830322,0.95849609375,0.9550445973873138,0.010771682858467102,0.705595703125,0.010580652356147765,0.0693618506193161,0.7279296875,0.06877161562442781,0.15075424313545227,0.77509765625,0.14810582846403128,0.7445837764885206,0.9188344467089372,0.7422736772996116,60,2058,7.422568460812087,0.05901216665986145,0.036940169109341996,0.03603668524495637,123.11203757859766,7.521140609636185,3.45,9.0,0.00038991734601449265,0.0013452148437499997,7.58451741674674e-05,0.0002616658508777625,0.058126552208969624,0.0604562500724569,0.06231012683361768,15.194633061997592,11.9439294999931,21.088297045463694,26.005637088860386,4668,0
74,"\\"" Dwayne ""The Rock"" Johnson hosted Saturday Night Live. During his performance, he did a live-action Bambi remake and transformed into The Rock Obama. On Sunday, during Wrestlemania 31, he made a surprise appearance with Ronda Rousey and wrestled against WWE executives. 2/17/2015 2 Comments CNN- Dwayne ""The Rock"" Johnson had a better weekend than you. The actor hosted Saturday Night Live and had a great time making funny sketches. He even made a live-action Bambi remake and transformed into The Rock Obama. On Sunday, he made a surprise appearance with Ronda Rousey during WrestleMania 31. 2/17/2015 1 Comment\\""",15721,133.32247319631279,117.91710446933702,0.05405405405405406,0.7906009554862976,10.157498882617801,121.3125611548312,0.0077165931655003624,207,15515,0.7485427245958528,0.919287109375,0.7435647541941284,0.9551279544830322,0.95849609375,0.9550445973873138,0.010771682858467102,0.705595703125,0.010580652356147765,0.0693618506193161,0.7279296875,0.06877161562442781,0.15075424313545227,0.77509765625,0.14810582846403128,0.7445837764885206,0.9188344467089372,0.7422736772996116,60,2058,7.422568460812087,0.05901216665986145,0.036940169109341996,0.03603668524495637,123.11203757859766,7.521140609636185,3.45,9.0,0.00038991734601449265,0.0013452148437499997,7.58451741674674e-05,0.0002616658508777625,0.058126552208969624,0.0604562500724569,0.06231012683361768,10.791676437947899,11.9439294999931,21.088297045463694,26.005637088860386,4668,0
75,"\\"" The Vatican opened its doors to approximately 150 homeless people, allowing them to tour the Vatican Museums  and Sistine Chapel. The Office of Papal Charities arranged the visit which was led by Archbishop Konrad Krajewski. This visit allowed the homeless to view art and architecture that they would normally not have the chance to see. 2. To what extent do you think this action reflects the values and mission of the Catholic Church? The catholic church has a long history of advocating for the poor and vulnerable. This action absolutely reflects the values and mission of the Catholic Church because it embodies the idea of serving those in need and providing for those who may not have the same opportunities as others. The church is using its resources to provide an opportunity for the homeless to experience beauty and art that they may not have ever seen otherwise. 3. What message do you think this sends to the homeless and to society as whole? This sends a message to the homeless that they are seen and valued, and that they are worthy of experiense something beautiful. It also sends a message to society that is a reminder that everyone, regardless of their circumstances, deser\\""",15721,133.32247319631279,117.91710446933702,0.03524229074889868,0.8002673983573914,10.157498882617801,121.3125611548312,0.0077165931655003624,207,15515,0.7485427245958528,0.919287109375,0.7435647541941284,0.9551279544830322,0.95849609375,0.9550445973873138,0.010771682858467102,0.705595703125,0.010580652356147765,0.0693618506193161,0.7279296875,0.06877161562442781,0.15075424313545227,0.77509765625,0.14810582846403128,0.7445837764885206,0.9188344467089372,0.7422736772996116,60,2058,7.422568460812087,0.05901216665986145,0.036940169109341996,0.03603668524495637,123.11203757859766,7.521140609636185,3.45,9.0,0.00038991734601449265,0.0013452148437499997,7.58451741674674e-05,0.0002616658508777625,0.058126552208969624,0.0604562500724569,0.06231012683361768,16.853634658269584,11.9439294999931,21.088297045463694,26.005637088860386,4668,0
76,"\\"" Jordan Spieth has his sights set on becoming the world's number one golfer, currently held by Rory McIlroy. Spieth won the Valspar Championship on Sunday and is now one of four players to have won twice on the PGA Tour before turning 22. His victory included a 28-foot birdie on the third extra hole and a 32-foot putt to ensure his place in the playoff, demonstrating his ability to hold his nerve under pressure.\\""",15721,133.32247319631279,117.91710446933702,0.08421052631578947,0.8067082166671753,10.157498882617801,121.3125611548312,0.0077165931655003624,207,15515,0.7485427245958528,0.919287109375,0.7435647541941284,0.9551279544830322,0.95849609375,0.9550445973873138,0.010771682858467102,0.705595703125,0.010580652356147765,0.0693618506193161,0.7279296875,0.06877161562442781,0.15075424313545227,0.77509765625,0.14810582846403128,0.7445837764885206,0.9188344467089372,0.7422736772996116,60,2058,7.422568460812087,0.05901216665986145,0.036940169109341996,0.03603668524495637,123.11203757859766,7.521140609636185,3.45,9.0,0.00038991734601449265,0.0013452148437499997,7.58451741674674e-05,0.0002616658508777625,0.058126552208969624,0.0604562500724569,0.06231012683361768,6.743463187012821,11.9439294999931,21.088297045463694,26.005637088860386,4668,0
77,"\\"" The CNN Student News features current events from around the world. On April 1, 2015 they discussed events in Nigeria, Switzerland, and West Africa. They also discussed Financial Literacy Month and how wages in the U.S. are affecting the economy.

Summarize true or false: The CNN Student News is created by a team of journalists who consider the Common Core State Standards, national standards in different subject areas, and state standards when producing the show. False.\\""",15721,133.32247319631279,117.91710446933702,0.061224489795918366,0.8084408640861511,10.157498882617801,121.3125611548312,0.0077165931655003624,207,15515,0.7485427245958528,0.919287109375,0.7435647541941284,0.9551279544830322,0.95849609375,0.9550445973873138,0.010771682858467102,0.705595703125,0.010580652356147765,0.0693618506193161,0.7279296875,0.06877161562442781,0.15075424313545227,0.77509765625,0.14810582846403128,0.7445837764885206,0.9188344467089372,0.7422736772996116,60,2058,7.422568460812087,0.05901216665986145,0.036940169109341996,0.03603668524495637,123.11203757859766,7.521140609636185,3.45,9.0,0.00038991734601449265,0.0013452148437499997,7.58451741674674e-05,0.0002616658508777625,0.058126552208969624,0.0604562500724569,0.06231012683361768,6.996266276109964,11.9439294999931,21.088297045463694,26.005637088860386,4668,0
78,"\\"" There might be a new Batman animated project in 2016 featuring Adam West and Burt Ward reprising their roles as Batman and Robin. Burt Ward mentioned the project at the Mad Monster Party in Charlotte, NC, but wasn't sure if he should talk about it. Warner Bros. hasn't commented on the potential 50th-anniversary project.\\""",15721,133.32247319631279,117.91710446933702,0.024999999999999998,0.8184125423431396,10.157498882617801,121.3125611548312,0.0077165931655003624,207,15515,0.7485427245958528,0.919287109375,0.7435647541941284,0.9551279544830322,0.95849609375,0.9550445973873138,0.010771682858467102,0.705595703125,0.010580652356147765,0.0693618506193161,0.7279296875,0.06877161562442781,0.15075424313545227,0.77509765625,0.14810582846403128,0.7445837764885206,0.9188344467089372,0.7422736772996116,60,2058,7.422568460812087,0.05901216665986145,0.036940169109341996,0.03603668524495637,123.11203757859766,7.521140609636185,3.45,9.0,0.00038991734601449265,0.0013452148437499997,7.58451741674674e-05,0.0002616658508777625,0.058126552208969624,0.0604562500724569,0.06231012683361768,5.44747091922909,11.9439294999931,21.088297045463694,26.005637088860386,4668,0
79,"\\"" A Canadian tourist, Jennifer Karren, died after the small inflatable boat she was on collided with a whale off the coast of Cabo San Lucas, Mexico. Two other people were injured in the incident, which is being investigated by the Mexican Federal Attorney General's Office for the Protection of the Environment. The boat's captain, José Salazar Tendis, tried to avoid the whale, but Karren fell into the water and was brought back onto the boat, where CPR was performed before she was taken to a hospital, where she died.\\""",15721,133.32247319631279,117.91710446933702,0.05504587155963303,0.8193559646606445,10.157498882617801,121.3125611548312,0.0077165931655003624,207,15515,0.7485427245958528,0.919287109375,0.7435647541941284,0.9551279544830322,0.95849609375,0.9550445973873138,0.010771682858467102,0.705595703125,0.010580652356147765,0.0693618506193161,0.7279296875,0.06877161562442781,0.15075424313545227,0.77509765625,0.14810582846403128,0.7445837764885206,0.9188344467089372,0.7422736772996116,60,2058,7.422568460812087,0.05901216665986145,0.036940169109341996,0.03603668524495637,123.11203757859766,7.521140609636185,3.45,9.0,0.00038991734601449265,0.0013452148437499997,7.58451741674674e-05,0.0002616658508777625,0.058126552208969624,0.0604562500724569,0.06231012683361768,8.383235024753958,11.9439294999931,21.088297045463694,26.005637088860386,4668,0
80,"\\"" Simone Gbagbo, the former first lady of the Ivory Coast, was sentenced to 20 years in prison for her role in carrying out crimes against humanity following post-election violence in 2010. Her husband, former presidential candidate Laurent Gbagbo, is also facing similar charges and is currently awaiting trial at the International Criminal Court in The Hague. Simone Gbagbo was convicted for her role as an ""indirect co-perpetrator"" in the violence, which left over 3,000 people dead and was sparked by her husband's refusal to step down after losing an election.\\""",15721,133.32247319631279,117.91710446933702,0.08695652173913043,0.8282228112220764,10.157498882617801,121.3125611548312,0.0077165931655003624,207,15515,0.7485427245958528,0.919287109375,0.7435647541941284,0.9551279544830322,0.95849609375,0.9550445973873138,0.010771682858467102,0.705595703125,0.010580652356147765,0.0693618506193161,0.7279296875,0.06877161562442781,0.15075424313545227,0.77509765625,0.14810582846403128,0.7445837764885206,0.9188344467089372,0.7422736772996116,60,2058,7.422568460812087,0.05901216665986145,0.036940169109341996,0.03603668524495637,123.11203757859766,7.521140609636185,3.45,9.0,0.00038991734601449265,0.0013452148437499997,7.58451741674674e-05,0.0002616658508777625,0.058126552208969624,0.0604562500724569,0.06231012683361768,9.706826941110194,11.9439294999931,21.088297045463694,26.005637088860386,4668,0
81,"\\"" The 'Kurt Cobain: Montage of Heck' documentary, airing May 4 on HBO, is said to have an unreleased 12-minute acoustic track by Cobain, first revealed by director Breît Morgen on Twitter. The film score is composed entirely of unreleased music by Cobain. The documentary has only been shown at festivals such as Sundance and True/False to sold-out crowds.\\""",15721,133.32247319631279,117.91710446933702,0.06451612903225806,0.8095597624778748,10.157498882617801,121.3125611548312,0.0077165931655003624,207,15515,0.7485427245958528,0.919287109375,0.7435647541941284,0.9551279544830322,0.95849609375,0.9550445973873138,0.010771682858467102,0.705595703125,0.010580652356147765,0.0693618506193161,0.7279296875,0.06877161562442781,0.15075424313545227,0.77509765625,0.14810582846403128,0.7445837764885206,0.9188344467089372,0.7422736772996116,60,2058,7.422568460812087,0.05901216665986145,0.036940169109341996,0.03603668524495637,123.11203757859766,7.521140609636185,3.45,9.0,0.00038991734601449265,0.0013452148437499997,7.58451741674674e-05,0.0002616658508777625,0.058126552208969624,0.0604562500724569,0.06231012683361768,6.709060421213508,11.9439294999931,21.088297045463694,26.005637088860386,4668,0
82,"\\"" North Korea claims to have arrested two South Korean spies, Kim Kook Kie and Choi Chun Kil, who are accused of terrorism and smuggling currency into the country. The North Korean official source said that Kim has made a confession, but this cannot be verified. South Korea's National Intelligence Service denies any knowledge of its members being arrested in North Korea. 3. What are the two countries’ relationships in regard to the topic? The relationship between North and South Korea regarding the arrested spies is currently strained. North Korea has accused South Korea of spying and terrorism, while South Korea has denied any involvement and dismissed the accusations as untrue. 4. How do you think this article and its content would be perceived differently by domestics/foreigners and by those in South Korea? The article's content and its perception may differ depending on the audience. Domestics in North Korea may view the article as a way to demonstrate the country's strength and authority in dealing with external threats, while those in South Korea may see it as a politically motivated move by North Korea to discredit their government. Foreigners may view the article with caution and\\""",15721,133.32247319631279,117.91710446933702,0.05405405405405405,0.8021835088729858,10.157498882617801,121.3125611548312,0.0077165931655003624,207,15515,0.7485427245958528,0.919287109375,0.7435647541941284,0.9551279544830322,0.95849609375,0.9550445973873138,0.010771682858467102,0.705595703125,0.010580652356147765,0.0693618506193161,0.7279296875,0.06877161562442781,0.15075424313545227,0.77509765625,0.14810582846403128,0.7445837764885206,0.9188344467089372,0.7422736772996116,60,2058,7.422568460812087,0.05901216665986145,0.036940169109341996,0.03603668524495637,123.11203757859766,7.521140609636185,3.45,9.0,0.00038991734601449265,0.0013452148437499997,7.58451741674674e-05,0.0002616658508777625,0.058126552208969624,0.0604562500724569,0.06231012683361768,17.127832127269357,11.9439294999931,21.088297045463694,26.005637088860386,4668,0
83,"\\"" Music producer Naughty Boy and One Direction's Louis Tomlinson had a heated argument on Twitter after a misunderstanding involving Malik and a song. The two argued over a tweet involving Malik, and fans of One Direction started fighting on Twitter, using trending hashtags such as ""Zaughty"" and ""masterofallwisdom."" After the controversy, Naughty Boy tweeted a demo song, making some fans angry.
Some fans were angry because Naughty Boy had tweeted a demo song.\\""",15721,133.32247319631279,117.91710446933702,0.17777777777777778,0.863489031791687,10.157498882617801,121.3125611548312,0.0077165931655003624,207,15515,0.7485427245958528,0.919287109375,0.7435647541941284,0.9551279544830322,0.95849609375,0.9550445973873138,0.010771682858467102,0.705595703125,0.010580652356147765,0.0693618506193161,0.7279296875,0.06877161562442781,0.15075424313545227,0.77509765625,0.14810582846403128,0.7445837764885206,0.9188344467089372,0.7422736772996116,60,2058,7.422568460812087,0.05901216665986145,0.036940169109341996,0.03603668524495637,123.11203757859766,7.521140609636185,3.45,9.0,0.00038991734601449265,0.0013452148437499997,7.58451741674674e-05,0.0002616658508777625,0.058126552208969624,0.0604562500724569,0.06231012683361768,8.177084362134337,11.9439294999931,21.088297045463694,26.005637088860386,4668,0
84,"\\"" The Syrian military said they shot down a U.S. drone over Latakia Province. A U.S. official confirmed a U.S. MQ-1 Predator drone was lost over Syria and is being investigated. The U.S. uses drones for reconnaissance and target killings, as well as many other countries, according to The New America Foundation.\\""",15721,133.32247319631279,117.91710446933702,0.11764705882352941,0.8188366889953613,10.157498882617801,121.3125611548312,0.0077165931655003624,207,15515,0.7485427245958528,0.919287109375,0.7435647541941284,0.9551279544830322,0.95849609375,0.9550445973873138,0.010771682858467102,0.705595703125,0.010580652356147765,0.0693618506193161,0.7279296875,0.06877161562442781,0.15075424313545227,0.77509765625,0.14810582846403128,0.7445837764885206,0.9188344467089372,0.7422736772996116,60,2058,7.422568460812087,0.05901216665986145,0.036940169109341996,0.03603668524495637,123.11203757859766,7.521140609636185,3.45,9.0,0.00038991734601449265,0.0013452148437499997,7.58451741674674e-05,0.0002616658508777625,0.058126552208969624,0.0604562500724569,0.06231012683361768,5.977976995985955,11.9439294999931,21.088297045463694,26.005637088860386,4668,0
85,"\\"" NATO intercepted Russian military aircraft near Latvian airspace, which were not in flight plan, and then Russia flew into Russian airspace. Russia declared 40,000 troops as well as 50 warships for its combat alert fleets, what's more, the Northern Fleet held military exercise. This happened around the exact time when Russia celebrated the one-year anniversary of the annexation of Crimea in Red Square of Moscow. 2xsc intensosc28097. (m): 1 . NATO jets escrambled to intercept Russian military aircraft that was near Latvian airspace. 2 .The exercises have rattled nerves in nearby NATO states, including Latvia, where U.S troops and equipment have recently arrived for NATO training, and where fears are growing about Russian President Vladimir Putin's next move. 3 .At the same time on Wednesday, Putin joined a celebration in Moscow's Red Square, where Russians celebrated the one-year anniversary of the annexation of Crimea.\\""",15721,133.32247319631279,117.91710446933702,0.044444444444444446,0.8118537664413452,10.157498882617801,121.3125611548312,0.0077165931655003624,207,15515,0.7485427245958528,0.919287109375,0.7435647541941284,0.9551279544830322,0.95849609375,0.9550445973873138,0.010771682858467102,0.705595703125,0.010580652356147765,0.0693618506193161,0.7279296875,0.06877161562442781,0.15075424313545227,0.77509765625,0.14810582846403128,0.7445837764885206,0.9188344467089372,0.7422736772996116,60,2058,7.422568460812087,0.05901216665986145,0.036940169109341996,0.03603668524495637,123.11203757859766,7.521140609636185,3.45,9.0,0.00038991734601449265,0.0013452148437499997,7.58451741674674e-05,0.0002616658508777625,0.058126552208969624,0.0604562500724569,0.06231012683361768,15.662752534728497,11.9439294999931,21.088297045463694,26.005637088860386,4668,0
86,"\\"" Nigerian and Chadian troops on a joint operation discovered a mass grave containing over 90 bodies outside the town of Damasak, after they recently retook the town from Boko Haram. All of the bodies were in a state of decomposition and some were beheaded, with the location of the mass grave being under a bridge outside the town, which was recently retaken from the terrorist organization. Damasak resides in the state of Borno and the operation in which they retook the town is part of an ongoing effort to impede Boko Haram's activity in northern Nigeria and surrounding countries. 200 words minimum Boko Haram has already proved to be a tremendous threat to the people of northern Nigeria, and surrounding countries, and is a main concern for Nigerian troops, along with the help of troops from other countries, to eliminate. The main objective of Boko Haram is to impose strict Sharia law which has often times resulted in the terrorizing of civilians, schools, and churches. This serves as a constant reminder of the presence that Boko Haram still has in the region. The Nigerian troops, along with the Chadian troops\\""",15721,133.32247319631279,117.91710446933702,0.07017543859649124,0.8014488220214844,10.157498882617801,121.3125611548312,0.0077165931655003624,207,15515,0.7485427245958528,0.919287109375,0.7435647541941284,0.9551279544830322,0.95849609375,0.9550445973873138,0.010771682858467102,0.705595703125,0.010580652356147765,0.0693618506193161,0.7279296875,0.06877161562442781,0.15075424313545227,0.77509765625,0.14810582846403128,0.7445837764885206,0.9188344467089372,0.7422736772996116,60,2058,7.422568460812087,0.05901216665986145,0.036940169109341996,0.03603668524495637,123.11203757859766,7.521140609636185,3.45,9.0,0.00038991734601449265,0.0013452148437499997,7.58451741674674e-05,0.0002616658508777625,0.058126552208969624,0.0604562500724569,0.06231012683361768,19.85638211807236,11.9439294999931,21.088297045463694,26.005637088860386,4668,0
87,"\\"" Darius McCrary, actor from the show ""Family Matters,"" was arrested this past Wednesday for failure to pay child support.  He was released later that day, and took to Twitter to defend himself, at one point comparing himself to Martin Luther King Jr.  Since the show, McCrary has continued working in Hollywood, with credits on ""Anger Management"", ""The Young and the Restless"", and ""Transformers.""  He has also been arrested for this same issue twice before, once in 2011 and again in 2013.\\""",15721,133.32247319631279,117.91710446933702,0.03636363636363636,0.8141114711761475,10.157498882617801,121.3125611548312,0.0077165931655003624,207,15515,0.7485427245958528,0.919287109375,0.7435647541941284,0.9551279544830322,0.95849609375,0.9550445973873138,0.010771682858467102,0.705595703125,0.010580652356147765,0.0693618506193161,0.7279296875,0.06877161562442781,0.15075424313545227,0.77509765625,0.14810582846403128,0.7445837764885206,0.9188344467089372,0.7422736772996116,60,2058,7.422568460812087,0.05901216665986145,0.036940169109341996,0.03603668524495637,123.11203757859766,7.521140609636185,3.45,9.0,0.00038991734601449265,0.0013452148437499997,7.58451741674674e-05,0.0002616658508777625,0.058126552208969624,0.0604562500724569,0.06231012683361768,10.873799173627049,11.9439294999931,21.088297045463694,26.005637088860386,4668,0
88,"\\"" John Stamos, a well-known actor from the show Full House, was spotted standing outside of the Full House home that made him famous. A group of tourists were taking a tour of the home and didn't seem to notice Stamos standing next to them, which seemed to amuse him. He posted a picture of himself with the tourists on Instagram, commenting that they had no idea what they were missing. 1 image, 3 sentences, 116 words

image: 

Sentences: 

1. John Stamos, a well-known actor from the show Full House, was spotted standing outside of the Full House home that made him famous.

2. A group of tourists were taking a tour of the home and didn't seem to notice Stamos standing next to them, which seemed to amuse him. 

3. He posted a picture of himself with the tourists on Instagram, commenting that they had no idea what they were missing. 

ando\\""",15721,133.32247319631279,117.91710446933702,0.05376344086021505,0.7752339243888855,10.157498882617801,121.3125611548312,0.0077165931655003624,207,15515,0.7485427245958528,0.919287109375,0.7435647541941284,0.9551279544830322,0.95849609375,0.9550445973873138,0.010771682858467102,0.705595703125,0.010580652356147765,0.0693618506193161,0.7279296875,0.06877161562442781,0.15075424313545227,0.77509765625,0.14810582846403128,0.7445837764885206,0.9188344467089372,0.7422736772996116,60,2058,7.422568460812087,0.05901216665986145,0.036940169109341996,0.03603668524495637,123.11203757859766,7.521140609636185,3.45,9.0,0.00038991734601449265,0.0013452148437499997,7.58451741674674e-05,0.0002616658508777625,0.058126552208969624,0.0604562500724569,0.06231012683361768,18.543254628777504,11.9439294999931,21.088297045463694,26.005637088860386,4668,0
89,"\\"" A recent solar storm caused the Earth's magnetic field to be bombarded with charged particles, creating an aurora borealis display in the Northern Hemisphere and an aurora australis display in the Southern Hemisphere. The storm was powerful enough to create a reddish tint in the display, which was visible as far south as northern Michigan, Minnesota, and Maine. Although the storm has decreased in intensity, there is still a possibility that the auroras may be visible again tonight, depending on cloud cover.\\""",15721,133.32247319631279,117.91710446933702,0.05607476635514018,0.806195080280304,10.157498882617801,121.3125611548312,0.0077165931655003624,207,15515,0.7485427245958528,0.919287109375,0.7435647541941284,0.9551279544830322,0.95849609375,0.9550445973873138,0.010771682858467102,0.705595703125,0.010580652356147765,0.0693618506193161,0.7279296875,0.06877161562442781,0.15075424313545227,0.77509765625,0.14810582846403128,0.7445837764885206,0.9188344467089372,0.7422736772996116,60,2058,7.422568460812087,0.05901216665986145,0.036940169109341996,0.03603668524495637,123.11203757859766,7.521140609636185,3.45,9.0,0.00038991734601449265,0.0013452148437499997,7.58451741674674e-05,0.0002616658508777625,0.058126552208969624,0.0604562500724569,0.06231012683361768,11.134510017000139,11.9439294999931,21.088297045463694,26.005637088860386,4668,0
90,"\\"" Windell D. Middlebrooks, famed Miller High Life delivery man, passed away at 36. Middlebrooks also had roles in TV shows such as ""Body of Proof,"" ""Scrubs,"" and ""It's Always Sunny in Philadelphia,"" His family has asked for privacy and space to grieve. 

 participant: Windell D. Middlebrooks, famed Miller High Life delivery man
Summary of participants:  The participants in this article are Windell D. Middlebrooks, his agent, his family, fans, and Miller High Life. \\""",15721,133.32247319631279,117.91710446933702,0.06593406593406594,0.8158111572265625,10.157498882617801,121.3125611548312,0.0077165931655003624,207,15515,0.7485427245958528,0.919287109375,0.7435647541941284,0.9551279544830322,0.95849609375,0.9550445973873138,0.010771682858467102,0.705595703125,0.010580652356147765,0.0693618506193161,0.7279296875,0.06877161562442781,0.15075424313545227,0.77509765625,0.14810582846403128,0.7445837764885206,0.9188344467089372,0.7422736772996116,60,2058,7.422568460812087,0.05901216665986145,0.036940169109341996,0.03603668524495637,123.11203757859766,7.521140609636185,3.45,9.0,0.00038991734601449265,0.0013452148437499997,7.58451741674674e-05,0.0002616658508777625,0.058126552208969624,0.0604562500724569,0.06231012683361768,7.865918048657477,11.9439294999931,21.088297045463694,26.005637088860386,4668,0
91,"\\"" On Thursday night, U.S. District Judge Terrence Berg was shot in front of his Detroit home during an apparent robbery attempt. Two men, believed to be in their teens to early 20s, approached Berg, a struggle ensued, and one of them fired a shot that struck Berg in the leg. Berg was taken to a hospital with non-life-threatening injuries, and the FBI is investigating the incident.\\""",15721,133.32247319631279,117.91710446933702,0.0851063829787234,0.8173363208770752,10.157498882617801,121.3125611548312,0.0077165931655003624,207,15515,0.7485427245958528,0.919287109375,0.7435647541941284,0.9551279544830322,0.95849609375,0.9550445973873138,0.010771682858467102,0.705595703125,0.010580652356147765,0.0693618506193161,0.7279296875,0.06877161562442781,0.15075424313545227,0.77509765625,0.14810582846403128,0.7445837764885206,0.9188344467089372,0.7422736772996116,60,2058,7.422568460812087,0.05901216665986145,0.036940169109341996,0.03603668524495637,123.11203757859766,7.521140609636185,3.45,9.0,0.00038991734601449265,0.0013452148437499997,7.58451741674674e-05,0.0002616658508777625,0.058126552208969624,0.0604562500724569,0.06231012683361768,6.229432357940823,11.9439294999931,21.088297045463694,26.005637088860386,4668,0
92,"\\"" The USS Ranger, a retired aircraft carrier that served in the Vietnam War and Operation Desert Storm, is currently on its final journey to a Texas scrapyard, where it will be sold for parts. 

The Ranger starred in the film ""Top Gun"" and was decommissioned in 1993, but was kept in storage until 2004. The carrier will be towed for five months before reaching its final destination at the International Shipbreaking Brownsville, Texas, where it will be scrapped. 

\\""",15721,133.32247319631279,117.91710446933702,0.18018018018018017,0.8712201118469238,10.157498882617801,121.3125611548312,0.0077165931655003624,207,15515,0.7485427245958528,0.919287109375,0.7435647541941284,0.9551279544830322,0.95849609375,0.9550445973873138,0.010771682858467102,0.705595703125,0.010580652356147765,0.0693618506193161,0.7279296875,0.06877161562442781,0.15075424313545227,0.77509765625,0.14810582846403128,0.7445837764885206,0.9188344467089372,0.7422736772996116,60,2058,7.422568460812087,0.05901216665986145,0.036940169109341996,0.03603668524495637,123.11203757859766,7.521140609636185,3.45,9.0,0.00038991734601449265,0.0013452148437499997,7.58451741674674e-05,0.0002616658508777625,0.058126552208969624,0.0604562500724569,0.06231012683361768,8.203186771832407,11.9439294999931,21.088297045463694,26.005637088860386,4668,0
93,"\\"" The X-Files is returning for a special six-episode ""event"" with stars David Duchovny and Gillian Anderson reprising their roles as Fox Mulder and Dana Scully. The show, which originally aired for nine seasons in the '90s and early '00s, follows the two FBI agents as they investigate paranormal phenomena. The new series is being overseen by show creator Chris Carter, who also created the original series, and will include six episodes.\\""",15721,133.32247319631279,117.91710446933702,0.05042016806722689,0.8096024990081787,10.157498882617801,121.3125611548312,0.0077165931655003624,207,15515,0.7485427245958528,0.919287109375,0.7435647541941284,0.9551279544830322,0.95849609375,0.9550445973873138,0.010771682858467102,0.705595703125,0.010580652356147765,0.0693618506193161,0.7279296875,0.06877161562442781,0.15075424313545227,0.77509765625,0.14810582846403128,0.7445837764885206,0.9188344467089372,0.7422736772996116,60,2058,7.422568460812087,0.05901216665986145,0.036940169109341996,0.03603668524495637,123.11203757859766,7.521140609636185,3.45,9.0,0.00038991734601449265,0.0013452148437499997,7.58451741674674e-05,0.0002616658508777625,0.058126552208969624,0.0604562500724569,0.06231012683361768,7.123876539990306,11.9439294999931,21.088297045463694,26.005637088860386,4668,0
94,"\\"" Scientists have discovered that Mercury appears to be ""painted black"" due to microscopic meteorites containing carbon that have impacted the planet over time, reducing the amount of light it reflects. According to researchers, there is more carbon dust present in the area of the solar system where Mercury orbits than around the moon, which could contribute to the darkness of Mercury's surface. Tests using a large NASA gun to simulate planetary impacts have shown that the carbon acts as a darkening agent and could potentially explain why Mercury appears as dark as it does.\\""",15721,133.32247319631279,117.91710446933702,0.2,0.8699682354927063,10.157498882617801,121.3125611548312,0.0077165931655003624,207,15515,0.7485427245958528,0.919287109375,0.7435647541941284,0.9551279544830322,0.95849609375,0.9550445973873138,0.010771682858467102,0.705595703125,0.010580652356147765,0.0693618506193161,0.7279296875,0.06877161562442781,0.15075424313545227,0.77509765625,0.14810582846403128,0.7445837764885206,0.9188344467089372,0.7422736772996116,60,2058,7.422568460812087,0.05901216665986145,0.036940169109341996,0.03603668524495637,123.11203757859766,7.521140609636185,3.45,9.0,0.00038991734601449265,0.0013452148437499997,7.58451741674674e-05,0.0002616658508777625,0.058126552208969624,0.0604562500724569,0.06231012683361768,8.117231403011829,11.9439294999931,21.088297045463694,26.005637088860386,4668,0
95,"\\"" World number one Novak Djokovic led Serbia to a 3-0 victory over Croatia in the Davis Cup World Group with a dominant doubles performance. The Serbian pair of Djokovic and Nenad Zimonjic defeated Franko Skugor and Marin Draganja in less than two hours, securing an unassailable lead for Serbia. France also advanced to the last 16 with a 3-0 victory over Germany, while the U.S. fought back to reduce their deficit against Great Britain and Switzerland are on the brink of elimination.euodor\\""",15721,133.32247319631279,117.91710446933702,0.07476635514018691,0.7890585064888,10.157498882617801,121.3125611548312,0.0077165931655003624,207,15515,0.7485427245958528,0.919287109375,0.7435647541941284,0.9551279544830322,0.95849609375,0.9550445973873138,0.010771682858467102,0.705595703125,0.010580652356147765,0.0693618506193161,0.7279296875,0.06877161562442781,0.15075424313545227,0.77509765625,0.14810582846403128,0.7445837764885206,0.9188344467089372,0.7422736772996116,60,2058,7.422568460812087,0.05901216665986145,0.036940169109341996,0.03603668524495637,123.11203757859766,7.521140609636185,3.45,9.0,0.00038991734601449265,0.0013452148437499997,7.58451741674674e-05,0.0002616658508777625,0.058126552208969624,0.0604562500724569,0.06231012683361768,8.187114865984768,11.9439294999931,21.088297045463694,26.005637088860386,4668,0
96,"\\"" Pro-Russian rebels have removed all of their heavy weaponry from the frontlines in Donetsk, Ukraine. According to a recent peace deal, both the rebels and Ukrainian forces are to withdraw from the front lines. Despite the ceasefire, there have been hundreds of deaths in recent weeks near Donetsk and Debaltseve. 113335; clerj Andrejs Kovalcuks 120459; Victoria Butenko\\""",15721,133.32247319631279,117.91710446933702,0.04301075268817204,0.7849422097206116,10.157498882617801,121.3125611548312,0.0077165931655003624,207,15515,0.7485427245958528,0.919287109375,0.7435647541941284,0.9551279544830322,0.95849609375,0.9550445973873138,0.010771682858467102,0.705595703125,0.010580652356147765,0.0693618506193161,0.7279296875,0.06877161562442781,0.15075424313545227,0.77509765625,0.14810582846403128,0.7445837764885206,0.9188344467089372,0.7422736772996116,60,2058,7.422568460812087,0.05901216665986145,0.036940169109341996,0.03603668524495637,123.11203757859766,7.521140609636185,3.45,9.0,0.00038991734601449265,0.0013452148437499997,7.58451741674674e-05,0.0002616658508777625,0.058126552208969624,0.0604562500724569,0.06231012683361768,6.584501469042152,11.9439294999931,21.088297045463694,26.005637088860386,4668,0
97,"\\"" Chris Evans and Chris Pratt visited the Seattle Children's Hospital and Boston Children's Hospital as part of a Super Bowl bet. They dressed up as Captain America and Star-Lord and gave the children Marvel action figures and accessories. The visit inspired Evans and allowed the children to forget about their medical treatments for a moment. 1 image, 3 sentences, 35 wordsenticing visitors, en, hospital, PER, reprieve, Seattle, Star-Lord, sum, Super Bowl bet, the, The kids, visit, They, tour, who, wore, You 2 Seeώ viewedPRO poses, poses, posted, pred Saran wrap, will,  quant, Social hospital, visit, swlie, th hospital, Medical American, hospitals, doctors, visitors, Oskar, Beechum,oxy, ofOBLA,  epilepsy, reprieve, Seattle Children, Oskar BeechumKelli Beechum,Inspired, Evans, conversation, doctors,Q What, • One360 Video create, medical, reprieve, Kelli, seizures Oskar, discut, tFeeling  On T\\""",15721,133.32247319631279,117.91710446933702,0.05128205128205128,0.7657815217971802,10.157498882617801,121.3125611548312,0.0077165931655003624,207,15515,0.7485427245958528,0.919287109375,0.7435647541941284,0.9551279544830322,0.95849609375,0.9550445973873138,0.010771682858467102,0.705595703125,0.010580652356147765,0.0693618506193161,0.7279296875,0.06877161562442781,0.15075424313545227,0.77509765625,0.14810582846403128,0.7445837764885206,0.9188344467089372,0.7422736772996116,60,2058,7.422568460812087,0.05901216665986145,0.036940169109341996,0.03603668524495637,123.11203757859766,7.521140609636185,3.45,9.0,0.00038991734601449265,0.0013452148437499997,7.58451741674674e-05,0.0002616658508777625,0.058126552208969624,0.0604562500724569,0.06231012683361768,14.137139535043389,11.9439294999931,21.088297045463694,26.005637088860386,4668,0
98,"\\"" The Presbyterian Church (USA) has voted to redefine its understanding of marriage to include same-sex couples, though the definition still emphasizes the importance of ""a unique commitment between two people"" rather than specifying gender. This change comes after most of the church's governing bodies, or presbyteries, voted in favor of the amendment. Some members have voiced disagreement with the decision, while others, such as the Covenant Network of Presbyterians, have welcomed it as a step towards a more inclusive church.  This article is about the Presbyterian Church (USA)’s recent decision to change its definition of marriage to include same-sex couples. The definition now reads that marriage involves a unique commitment between two people, rather than specifying a man and woman. The decision came after most of the church’s governing bodies, or presbyteries, voted in favor of the amendment. The article highlights that not all members are in support of this decision, some feeling that it goes against the Bible. However, the Covenant Network of Presbyterians, a group that supports a fully inclusive church, welcomed the\\""",15721,133.32247319631279,117.91710446933702,0.010582010582010583,0.7960152626037598,10.157498882617801,121.3125611548312,0.0077165931655003624,207,15515,0.7485427245958528,0.919287109375,0.7435647541941284,0.9551279544830322,0.95849609375,0.9550445973873138,0.010771682858467102,0.705595703125,0.010580652356147765,0.0693618506193161,0.7279296875,0.06877161562442781,0.15075424313545227,0.77509765625,0.14810582846403128,0.7445837764885206,0.9188344467089372,0.7422736772996116,60,2058,7.422568460812087,0.05901216665986145,0.036940169109341996,0.03603668524495637,123.11203757859766,7.521140609636185,3.45,9.0,0.00038991734601449265,0.0013452148437499997,7.58451741674674e-05,0.0002616658508777625,0.058126552208969624,0.0604562500724569,0.06231012683361768,13.385319019202143,11.9439294999931,21.088297045463694,26.005637088860386,4668,0
99,"\\""Erebus Pictures, a label that will finance and produce horror movies, has been launched by Gene Simmons and WWE studios. Their first movie Temple, is about a team of operatives trapped in a military compound after its artificial intelligence is shut down. Erebus Pictures second feature will go into production later this year. 1. Gene Simmons and WWE studios have launched a new label, Erebus Pictures, which will produce and finance horror movies. 2. Their first movie, Temple, is about a team of operatives who are trapped in a military compound after its artificial intelligence is shut down and they experience strange and horrific phenomena. 3. The second feature of Erebus Pictures will go into production later in the year.\\""",15721,133.32247319631279,117.91710446933702,0.04109589041095891,0.8057456612586975,10.157498882617801,121.3125611548312,0.0077165931655003624,207,15515,0.7485427245958528,0.919287109375,0.7435647541941284,0.9551279544830322,0.95849609375,0.9550445973873138,0.010771682858467102,0.705595703125,0.010580652356147765,0.0693618506193161,0.7279296875,0.06877161562442781,0.15075424313545227,0.77509765625,0.14810582846403128,0.7445837764885206,0.9188344467089372,0.7422736772996116,60,2058,7.422568460812087,0.05901216665986145,0.036940169109341996,0.03603668524495637,123.11203757859766,7.521140609636185,3.45,9.0,0.00038991734601449265,0.0013452148437499997,7.58451741674674e-05,0.0002616658508777625,0.058126552208969624,0.0604562500724569,0.06231012683361768,9.061275338288397,11.9439294999931,21.088297045463694,26.005637088860386,4668,0
100,"\\"" Meerkat has been rapidly adding users since its launch on February 27, and its popularity has even reached Jimmy Fallon. CNN correspondent Laurie Segall interviewed Meerkat's CEO Ben Rubin on the app, who shared that though the app's success seems sudden, it actually took years of work to reach this point. Rubin hopes to expand Meerkat to work with other platforms, and emphasizes the importance of entrepreneurs having trusted people to support their ventures. 3/14/2015 3/14/2015 3/14/2015
Instant Startups
Article: Meerkat's CEO Doesn't Consider it an Instant Startup
More presentations by James L.
Meerkat CEO's Interview with CNN
Copy of Meerkat CEO's Interview with CN...
MMLS 2015
James L. on ${date}\\""",15721,133.32247319631279,117.91710446933702,0.04054054054054054,0.8039796352386475,10.157498882617801,121.3125611548312,0.0077165931655003624,207,15515,0.7485427245958528,0.919287109375,0.7435647541941284,0.9551279544830322,0.95849609375,0.9550445973873138,0.010771682858467102,0.705595703125,0.010580652356147765,0.0693618506193161,0.7279296875,0.06877161562442781,0.15075424313545227,0.77509765625,0.14810582846403128,0.7445837764885206,0.9188344467089372,0.7422736772996116,60,2058,7.422568460812087,0.05901216665986145,0.036940169109341996,0.03603668524495637,123.11203757859766,7.521140609636185,3.45,9.0,0.00038991734601449265,0.0013452148437499997,7.58451741674674e-05,0.0002616658508777625,0.058126552208969624,0.0604562500724569,0.06231012683361768,11.306587848812342,11.9439294999931,21.088297045463694,26.005637088860386,4668,0
