seq_id,output,num_output_tokens,time,throughput,rougeL,bert_score,prefill_time,decode_time,tpot,num_ee_tokens,num_no_ee_tokens,avg_conf_score,avg_conf_score_ee,avg_conf_score_non_ee,median_conf_score,median_conf_score_ee,median_conf_score_non_ee,p99_conf_score,p99_conf_score_ee,p99_conf_score_non_ee,p95_conf_score,p95_conf_score_ee,p95_conf_score_non_ee,p90_conf_score,p90_conf_score_ee,p90_conf_score_non_ee,mean_conf_score,mean_conf_score_ee,mean_conf_score_non_ee,num_ee_iter,num_no_ee_iter,tokens_per_iter,avg_normal_iter_time,avg_ee_iter_time,avg_deep_iter_time,total_iter_time,avg_normal_iter_num_output_tokens,avg_ee_iter_num_output_tokens,avg_deep_iter_num_output_tokens,ee_penalty_by_tokens,ee_penalty_by_iter,ee_bert_penalty_by_tokens,ee_bert_penalty_by_iter,tbt_avg,tbt_p95,tbt_p99,request_duration,request_duration_avg,request_duration_p95,request_duration_p99,num_seq_would_ee_but_stay,num_seq_would_not_ee_but_ee
1,"\\"" Rory McIlory McIlroy McIlroy McIlory McIlory McIlroy McIlroy McIlroy McIlroy McIlroy McIlroy McIlroy CG Nepworld number one of the second-underparesomand went over 1. 169thestha hahailed meIlitation of Honda 3-understandoff the tournament leaderboard atequarterage goes into Rory fiven approaching his shot shots tricky.marchives under the under the under the Rory rate Roryescalmoid_ It was the Northern Irish golferencing\\""",11115,66.0179856759496,168.36321020998983,0.08547008547008547,0.7588073015213013,5.391749066882767,58.77533991530072,0.005287929816941136,9,11107,0.0,0,0.0,0.0,0.0,0.0,0.0,0.0,0.0,0.0,0.0,0.0,0.0,0.0,0.0,0.0,0.0,0.0,3,763,14.510443864229766,0.07891835624060373,0.028841048013418913,0.06711030735944708,60.50255987769924,14.504587155963304,3.0,13.0,0.1111111111111111,0.3333333333333333,0.002132527165942724,0.006397581497828171,0.0786769309202851,0.08637550703715532,0.08979366148356346,10.965801027952693,9.651042455629213,11.675221730145859,11.711044865335571,206,0
2,"\\"" Prince and 3rdEyeGirl will bring their Hit & Run Tour to the US for the first time. The first show will be held in Louisville, Kentucky and tickets will go on sale March 9th. Proceeds will be donated to local charities. 35 words. CLARIFICATION: (Billboard)Prince and 3rdEyeGirl have announced their first U.S. Hit &amp; Run Tour date, which will take place in Louisville. They will be donating portions of ticket sales to various Louisville charities. The article did\\""",11115,66.0179856759496,168.36321020998983,0.1206896551724138,0.8019586205482483,5.391749066882767,58.77533991530072,0.005287929816941136,9,11107,0.0,0,0.0,0.0,0.0,0.0,0.0,0.0,0.0,0.0,0.0,0.0,0.0,0.0,0.0,0.0,0.0,0.0,3,763,14.510443864229766,0.07891835624060373,0.028841048013418913,0.06711030735944708,60.50255987769924,14.504587155963304,3.0,13.0,0.1111111111111111,0.3333333333333333,0.002132527165942724,0.006397581497828171,0.0786769309202851,0.08637550703715532,0.08979366148356346,10.968623082968406,9.651042455629213,11.675221730145859,11.711044865335571,206,0
3,"\\"" Next Tuesday, CNN's recent news destinations include Italy, Russia, the UAE, and the Himalayas. They will look into craters in northern Asia and a partially solar powered plane, and they will show a normal human-unreachable view of Mt. Everest. The show is created by journalists who follow nation-wide education standards. 2. Which standards do they follow? The show's creators follow Common Core State Standards, national standards in various subject areas, and state standards. 3. How do you get your school on CNN roll call? You\\""",11115,66.0179856759496,168.36321020998983,0.05263157894736842,0.8058679103851318,5.391749066882767,58.77533991530072,0.005287929816941136,9,11107,0.0,0,0.0,0.0,0.0,0.0,0.0,0.0,0.0,0.0,0.0,0.0,0.0,0.0,0.0,0.0,0.0,0.0,3,763,14.510443864229766,0.07891835624060373,0.028841048013418913,0.06711030735944708,60.50255987769924,14.504587155963304,3.0,13.0,0.1111111111111111,0.3333333333333333,0.002132527165942724,0.006397581497828171,0.0786769309202851,0.08637550703715532,0.08979366148356346,10.971462292014621,9.651042455629213,11.675221730145859,11.711044865335571,206,0
4,"\\"" A high school principal, Sherman Padgett, was initially reluctant to participate in a student's prank but ended up being touched by the gesture. The student had asked him to stand in the hallway holding a bucket, and eventually, students streamed by, dropping notes of praise and thanks into the bucket. The experience became emotional for Padgett, who realized that it was moments like these that made his job worthwhile.\\""",11115,66.0179856759496,168.36321020998983,0.04444444444444444,0.8215394020080566,5.391749066882767,58.77533991530072,0.005287929816941136,9,11107,0.0,0,0.0,0.0,0.0,0.0,0.0,0.0,0.0,0.0,0.0,0.0,0.0,0.0,0.0,0.0,0.0,0.0,3,763,14.510443864229766,0.07891835624060373,0.028841048013418913,0.06711030735944708,60.50255987769924,14.504587155963304,3.0,13.0,0.1111111111111111,0.3333333333333333,0.002132527165942724,0.006397581497828171,0.0786769309202851,0.08637550703715532,0.08979366148356346,8.219758698018268,9.651042455629213,11.675221730145859,11.711044865335571,206,0
5,"\\"" Norman Lee, a 47 year old comic book artist for DC and Marvel, went missing on Thursday while snorkeling with his wife in the Cayman Islands. He was known for his work on comics such as ""Wolverine Annual,"" ""Supergirl,"" and ""Starman"". A recovery mission was conducted until Friday evening, but due to strong currents it is now unlikely that he will be found. 6. Article: (NY Times)DAKAR, Senegal — Teachers and students in Senegal have been given a new tool to help them\\""",11115,66.0179856759496,168.36321020998983,0.09160305343511449,0.8175778388977051,5.391749066882767,58.77533991530072,0.005287929816941136,9,11107,0.0,0,0.0,0.0,0.0,0.0,0.0,0.0,0.0,0.0,0.0,0.0,0.0,0.0,0.0,0.0,0.0,0.0,3,763,14.510443864229766,0.07891835624060373,0.028841048013418913,0.06711030735944708,60.50255987769924,14.504587155963304,3.0,13.0,0.1111111111111111,0.3333333333333333,0.002132527165942724,0.006397581497828171,0.0786769309202851,0.08637550703715532,0.08979366148356346,10.97428825206589,9.651042455629213,11.675221730145859,11.711044865335571,206,0
6,"\\"" CNN news on Monday March 9, 2015 marks the anniversary of Selma, a civil rights march to Alabama's Edmund Pettus Bridge. Also the disappearance of a Malaysia Airlines flight and the commemoration of International Women's Day. The latest U.S. unemployment report is a mixed bag as explained by CNN news.\\""",11115,66.0179856759496,168.36321020998983,0.05714285714285715,0.8199561238288879,5.391749066882767,58.77533991530072,0.005287929816941136,9,11107,0.0,0,0.0,0.0,0.0,0.0,0.0,0.0,0.0,0.0,0.0,0.0,0.0,0.0,0.0,0.0,0.0,0.0,3,763,14.510443864229766,0.07891835624060373,0.028841048013418913,0.06711030735944708,60.50255987769924,14.504587155963304,3.0,13.0,0.1111111111111111,0.3333333333333333,0.002132527165942724,0.006397581497828171,0.0786769309202851,0.08637550703715532,0.08979366148356346,6.502448922023177,9.651042455629213,11.675221730145859,11.711044865335571,206,0
7,"\\"" A sequel to the movie ""Independence Day"" is in the works, set to release in 2016- almost 20 years after the first film was released. The film will star Jessie Usher, Liam Hemsworth, and Jeff Goldblum, with Roland Emmerich returning as director. Jessie Usher will play a central character who will play a central character that central character, ""a central character that central character the son of the son of the son oforethe son of the son of the son of the son of the son of the lead role of ""\\""",11115,66.0179856759496,168.36321020998983,0.01941747572815534,0.7860192656517029,5.391749066882767,58.77533991530072,0.005287929816941136,9,11107,0.0,0,0.0,0.0,0.0,0.0,0.0,0.0,0.0,0.0,0.0,0.0,0.0,0.0,0.0,0.0,0.0,0.0,3,763,14.510443864229766,0.07891835624060373,0.028841048013418913,0.06711030735944708,60.50255987769924,14.504587155963304,3.0,13.0,0.1111111111111111,0.3333333333333333,0.002132527165942724,0.006397581497828171,0.0786769309202851,0.08637550703715532,0.08979366148356346,10.977104668039829,9.651042455629213,11.675221730145859,11.711044865335571,206,0
8,"\\"" Walter Mondale was admitted to the Mayo Clinic for the flu, but was released on Saturday. Former President Jimmy Carter said he was doing well, and that Mondale was looking forward to going home. Before becoming Vice President under Carter, Mondale was a U.S. Senator from Minnesota and made history by choosing Geraldine Ferraro as his running mate. 4. Critical thinking question: What is the significance of Walter Mondale choosing Geraldine Ferraro as his running mate? Be sure to justify your answer. Answer: Walter Mondale's choice of Geraldine Ferraro as his running\\""",11115,66.0179856759496,168.36321020998983,0.053097345132743355,0.8053719997406006,5.391749066882767,58.77533991530072,0.005287929816941136,9,11107,0.0,0,0.0,0.0,0.0,0.0,0.0,0.0,0.0,0.0,0.0,0.0,0.0,0.0,0.0,0.0,0.0,0.0,3,763,14.510443864229766,0.07891835624060373,0.028841048013418913,0.06711030735944708,60.50255987769924,14.504587155963304,3.0,13.0,0.1111111111111111,0.3333333333333333,0.002132527165942724,0.006397581497828171,0.0786769309202851,0.08637550703715532,0.08979366148356346,10.979932895977981,9.651042455629213,11.675221730145859,11.711044865335571,206,0
9,"\\"" japan police have arrested a 40 year old man accused of stabbing 5 of his neighbors to death in Sumoto City, Awaji Island. he has admitted to stabbing 3 women between the ages of 59 and 84, and two men aged 62 and 82. The victims lived within 100 meters of the suspects home. 1. Police in Japan have arrested a 40-year-old man accused of killing five of his neighbors in Sumoto City. 2. The victims, two couples and an \\""",11115,66.0179856759496,168.36321020998983,0.05405405405405405,0.8022730350494385,5.391749066882767,58.77533991530072,0.005287929816941136,9,11107,0.0,0,0.0,0.0,0.0,0.0,0.0,0.0,0.0,0.0,0.0,0.0,0.0,0.0,0.0,0.0,0.0,0.0,3,763,14.510443864229766,0.07891835624060373,0.028841048013418913,0.06711030735944708,60.50255987769924,14.504587155963304,3.0,13.0,0.1111111111111111,0.3333333333333333,0.002132527165942724,0.006397581497828171,0.0786769309202851,0.08637550703715532,0.08979366148356346,10.982864122954197,9.651042455629213,11.675221730145859,11.711044865335571,206,0
10,"\\"" A suicide attacker detonated a car bomb near a police vehicle in Helmand province, Afghanistan, killing 7 people and injuring 23 others, including children. The attack happened in the Bolan area of Lashkar Gah city, according to the province's deputy governor. The motive and identity of the attacker are currently unknown.\\""",11115,66.0179856759496,168.36321020998983,0.12844036697247704,0.8076080679893494,5.391749066882767,58.77533991530072,0.005287929816941136,9,11107,0.0,0,0.0,0.0,0.0,0.0,0.0,0.0,0.0,0.0,0.0,0.0,0.0,0.0,0.0,0.0,0.0,0.0,3,763,14.510443864229766,0.07891835624060373,0.028841048013418913,0.06711030735944708,60.50255987769924,14.504587155963304,3.0,13.0,0.1111111111111111,0.3333333333333333,0.002132527165942724,0.006397581497828171,0.0786769309202851,0.08637550703715532,0.08979366148356346,6.676194798084907,9.651042455629213,11.675221730145859,11.711044865335571,206,0
11,"\\"" A leader of the terrorist group Lashkar-e-Taiba, Zaki-ur-Rehman Lakhvi, was involved in the Mumbai attacks in 2008. He was not present in the court proceeding when the judge ordered his release, deeming his detention illegal. India's government expressed dissatisfaction with the decision, as they believe Lakhvi played a major role in the attacks that killed over 160 people, including many Indians. 2. In what ways do you think India's government might respond to Lakhvi's release\\""",11115,66.0179856759496,168.36321020998983,0.08403361344537814,0.802651047706604,5.391749066882767,58.77533991530072,0.005287929816941136,9,11107,0.0,0,0.0,0.0,0.0,0.0,0.0,0.0,0.0,0.0,0.0,0.0,0.0,0.0,0.0,0.0,0.0,0.0,3,763,14.510443864229766,0.07891835624060373,0.028841048013418913,0.06711030735944708,60.50255987769924,14.504587155963304,3.0,13.0,0.1111111111111111,0.3333333333333333,0.002132527165942724,0.006397581497828171,0.0786769309202851,0.08637550703715532,0.08979366148356346,10.985754347988404,9.651042455629213,11.675221730145859,11.711044865335571,206,0
12,"\\"" A recent concert goof Gagged-mbitiousedria Yee West fan of KanyeBecause of thel eBags seller on eBags jump in bag of plastic air gimmates, Ye has taken place on eBothespanicating the article on Friday a Yeezeuminary bags snears which funnythingseasperfectuallysewite a beginner sellers have been over fans of Kanyone bid on eBETOB line of variations of various with Advoid bagged Japanese designer shoesbuildings.ebay sellers'selling\\""",11115,66.0179856759496,168.36321020998983,0.0851063829787234,0.7778336405754089,5.391749066882767,58.77533991530072,0.005287929816941136,9,11107,0.0,0,0.0,0.0,0.0,0.0,0.0,0.0,0.0,0.0,0.0,0.0,0.0,0.0,0.0,0.0,0.0,0.0,3,763,14.510443864229766,0.07891835624060373,0.028841048013418913,0.06711030735944708,60.50255987769924,14.504587155963304,3.0,13.0,0.1111111111111111,0.3333333333333333,0.002132527165942724,0.006397581497828171,0.0786769309202851,0.08637550703715532,0.08979366148356346,10.988630031002685,9.651042455629213,11.675221730145859,11.711044865335571,206,0
13,"\\"" The flight crew of the Delta Airlines that skidded into a fence at LaGuardia Airport reported cited brake issues during the landing and said they did not sense any deceleration from the wheel brake upon landing, despite the auto brakes being set to ""max"" The aircraft sustained significant damage to the left wing, flight spoilers, the nose of the plane and the left wing fuel tank. The cause of the accident has notpointer helping the website. Three days laterShe laid out the spotlight laid in LaGu hamis dearess Cons quest. However, Local3 pounds of the first system\\""",11115,66.0179856759496,168.36321020998983,0.07751937984496124,0.8049724102020264,5.391749066882767,58.77533991530072,0.005287929816941136,9,11107,0.0,0,0.0,0.0,0.0,0.0,0.0,0.0,0.0,0.0,0.0,0.0,0.0,0.0,0.0,0.0,0.0,0.0,3,763,14.510443864229766,0.07891835624060373,0.028841048013418913,0.06711030735944708,60.50255987769924,14.504587155963304,3.0,13.0,0.1111111111111111,0.3333333333333333,0.002132527165942724,0.006397581497828171,0.0786769309202851,0.08637550703715532,0.08979366148356346,10.991508663049899,9.651042455629213,11.675221730145859,11.711044865335571,206,0
14,"\\"" More than 100 schools in Pakistan have been renamed to honor the children who were killed last year during a Taliban siege at the Army Public School in Peshawar. According to the provincial government, 107 local schools have been named after a student who was killed during the attack. The gesture is a way to remember the bravery of the students who lost their lives during the attack.\\""",11115,66.0179856759496,168.36321020998983,0.10752688172043011,0.8286532163619995,5.391749066882767,58.77533991530072,0.005287929816941136,9,11107,0.0,0,0.0,0.0,0.0,0.0,0.0,0.0,0.0,0.0,0.0,0.0,0.0,0.0,0.0,0.0,0.0,0.0,3,763,14.510443864229766,0.07891835624060373,0.028841048013418913,0.06711030735944708,60.50255987769924,14.504587155963304,3.0,13.0,0.1111111111111111,0.3333333333333333,0.002132527165942724,0.006397581497828171,0.0786769309202851,0.08637550703715532,0.08979366148356346,7.325706935953349,9.651042455629213,11.675221730145859,11.711044865335571,206,0
15,"\\"" The Salvation Army in South Africa is using ""the dress"" to raise awareness about domestic violence. An ad shows a model with bruises wearing a white and gold dress, captioned ""Why is it so hard to see black and blue?"", implying that people often ignore signs of domestic violence. The ad has received positive responses.\\""",11115,66.0179856759496,168.36321020998983,0.0,0.8036112785339355,5.391749066882767,58.77533991530072,0.005287929816941136,9,11107,0.0,0,0.0,0.0,0.0,0.0,0.0,0.0,0.0,0.0,0.0,0.0,0.0,0.0,0.0,0.0,0.0,0.0,3,763,14.510443864229766,0.07891835624060373,0.028841048013418913,0.06711030735944708,60.50255987769924,14.504587155963304,3.0,13.0,0.1111111111111111,0.3333333333333333,0.002132527165942724,0.006397581497828171,0.0786769309202851,0.08637550703715532,0.08979366148356346,6.053891920018941,9.651042455629213,11.675221730145859,11.711044865335571,206,0
16,"\\"" A ferry capsized in Myanmar, killing 21 people and leaving 21 others missing. Bad weather is believed to have caused the incident, which occurred near the city of the city of the city of Sittwe the city of the city of Myay Sitthe city of the city of Sitthe Myayeteespan the city of the city of Sittheath is founderinguoreignessmatianskyers also had rescue workers rescuheldaysianjasteriancellessianheldomgigl. In other details have died as rescue workers helped rescue workers\\""",11115,66.0179856759496,168.36321020998983,0.10204081632653061,0.8286170363426208,5.391749066882767,58.77533991530072,0.005287929816941136,9,11107,0.0,0,0.0,0.0,0.0,0.0,0.0,0.0,0.0,0.0,0.0,0.0,0.0,0.0,0.0,0.0,0.0,0.0,3,763,14.510443864229766,0.07891835624060373,0.028841048013418913,0.06711030735944708,60.50255987769924,14.504587155963304,3.0,13.0,0.1111111111111111,0.3333333333333333,0.002132527165942724,0.006397581497828171,0.0786769309202851,0.08637550703715532,0.08979366148356346,10.994366780039854,9.651042455629213,11.675221730145859,11.711044865335571,206,0
17,"\\"" Four civilians were killed and nine injured in China after Myanmar warplanes fighting rebels dropped a bomb on a sugarcane field. China has dispatches fighter jets to patrol the shared border in response to the incident. Myanmar forces in the rugged border region across from Yunnan province have been battling ethnic separatist rebels.\\""",11115,66.0179856759496,168.36321020998983,0.26315789473684215,0.8724111914634705,5.391749066882767,58.77533991530072,0.005287929816941136,9,11107,0.0,0,0.0,0.0,0.0,0.0,0.0,0.0,0.0,0.0,0.0,0.0,0.0,0.0,0.0,0.0,0.0,0.0,3,763,14.510443864229766,0.07891835624060373,0.028841048013418913,0.06711030735944708,60.50255987769924,14.504587155963304,3.0,13.0,0.1111111111111111,0.3333333333333333,0.002132527165942724,0.006397581497828171,0.0786769309202851,0.08637550703715532,0.08979366148356346,7.423632676014677,9.651042455629213,11.675221730145859,11.711044865335571,206,0
18,"\\"" Nowsch Jr. faces charges for shooting and killing Tammy Meyers in front of her home after a confrontation on the road. The suspect's attorney claims his client will argue self-defense, while the victim's family states that Brandon Meyers, Tammyers brought a 
Persons, Tammyers pointed a 
Erich pointed a  had a gun was pointed a  Hub Klein had a 9, Tammy points a shoot first brought a 
-made a driving homeworkshop.
ulelessonhall modify, Tammyhontioned, Tammyers\\""",11115,66.0179856759496,168.36321020998983,0.0425531914893617,0.793822169303894,5.391749066882767,58.77533991530072,0.005287929816941136,9,11107,0.0,0,0.0,0.0,0.0,0.0,0.0,0.0,0.0,0.0,0.0,0.0,0.0,0.0,0.0,0.0,0.0,0.0,3,763,14.510443864229766,0.07891835624060373,0.028841048013418913,0.06711030735944708,60.50255987769924,14.504587155963304,3.0,13.0,0.1111111111111111,0.3333333333333333,0.002132527165942724,0.006397581497828171,0.0786769309202851,0.08637550703715532,0.08979366148356346,11.473093437962234,9.651042455629213,11.675221730145859,11.711044865335571,206,0
19,"\\"" A medical helicopter crashed in Eufaula Oklahoma, killing three people. The helicopter was flying from Tulsa to McAlester when it went down west of Lake Eufaula. The Federal Aviation Authority said three employees from medical air transport company EagleMed LLC were on board. 3. What were the names of the people who were on board the helicopter? The names of the people onboard the helicopter have not been released. 4. Is there any indication that the crash was related to weather? There is no indication that the crash was related to\\""",11115,66.0179856759496,168.36321020998983,0.0967741935483871,0.8067561984062195,5.391749066882767,58.77533991530072,0.005287929816941136,9,11107,0.0,0,0.0,0.0,0.0,0.0,0.0,0.0,0.0,0.0,0.0,0.0,0.0,0.0,0.0,0.0,0.0,0.0,3,763,14.510443864229766,0.07891835624060373,0.028841048013418913,0.06711030735944708,60.50255987769924,14.504587155963304,3.0,13.0,0.1111111111111111,0.3333333333333333,0.002132527165942724,0.006397581497828171,0.0786769309202851,0.08637550703715532,0.08979366148356346,11.479628524975851,9.651042455629213,11.675221730145859,11.711044865335571,206,0
20,"\\"" The Star Wars universe is introducing its first ever gay character, named Moff Mors, who is an Imperial official described as capable yet flawed. This development is being revealed through the upcoming novel Lords of the Sith. Until now, there have been no openly gay characters within the official Star Wars universe, according to Shelly Shapiro, editor of Star Wars books at Del Rey Books. 3. Stormtrooper fans take note. A new Star Wars character is about to make history.

4. Random House, imprint Del Ray  Books editor Shelly Shapiro said the sci\\""",11115,66.0179856759496,168.36321020998983,0.07079646017699115,0.8024200201034546,5.391749066882767,58.77533991530072,0.005287929816941136,9,11107,0.0,0,0.0,0.0,0.0,0.0,0.0,0.0,0.0,0.0,0.0,0.0,0.0,0.0,0.0,0.0,0.0,0.0,3,763,14.510443864229766,0.07891835624060373,0.028841048013418913,0.06711030735944708,60.50255987769924,14.504587155963304,3.0,13.0,0.1111111111111111,0.3333333333333333,0.002132527165942724,0.006397581497828171,0.0786769309202851,0.08637550703715532,0.08979366148356346,11.6130088979844,9.651042455629213,11.675221730145859,11.711044865335571,206,0
21,"\\"" Pope Francis recently spoke with Televisa and shared his thoughts that he may only have a short time left in papacy. He said he believes God only wants him to lead the lead the lead the lead the lead the lead the lead the lead the lead the lead the lead the lead the lead the lead the lead the lead the lead the lead the lead the lead the Pope Francis also said he continued on the lead the papacyneumostime God intended for a short time and that 'sIt is church for a short. He maintained 2ing
eteeightened'eroori hadnamedion  Pope Francis is the\\""",11115,66.0179856759496,168.36321020998983,0.04615384615384615,0.7833727598190308,5.391749066882767,58.77533991530072,0.005287929816941136,9,11107,0.0,0,0.0,0.0,0.0,0.0,0.0,0.0,0.0,0.0,0.0,0.0,0.0,0.0,0.0,0.0,0.0,0.0,3,763,14.510443864229766,0.07891835624060373,0.028841048013418913,0.06711030735944708,60.50255987769924,14.504587155963304,3.0,13.0,0.1111111111111111,0.3333333333333333,0.002132527165942724,0.006397581497828171,0.0786769309202851,0.08637550703715532,0.08979366148356346,11.56957853899803,9.651042455629213,11.675221730145859,11.711044865335571,206,0
22,"\\"" Actor Ashton Kutcher recently took to Facebook to voice his frustration over the lack of diaper changing tables in men's public restrooms, stating that he hasn't found one yet on his outings with his and Mila Kunis's three-month-old daughter, Wyatt. His post sparked a large response from parents who support his concerns and others who suggest family restrooms as a solution. While some dads reported finding changing tables in certain establishments, many regardness, others had no problem-thanks, others shared by offering them, others claiming, other dadies\\""",11115,66.0179856759496,168.36321020998983,0.049586776859504134,0.8293232321739197,5.391749066882767,58.77533991530072,0.005287929816941136,9,11107,0.0,0,0.0,0.0,0.0,0.0,0.0,0.0,0.0,0.0,0.0,0.0,0.0,0.0,0.0,0.0,0.0,0.0,3,763,14.510443864229766,0.07891835624060373,0.028841048013418913,0.06711030735944708,60.50255987769924,14.504587155963304,3.0,13.0,0.1111111111111111,0.3333333333333333,0.002132527165942724,0.006397581497828171,0.0786769309202851,0.08637550703715532,0.08979366148356346,11.13323887810111,9.651042455629213,11.675221730145859,11.711044865335571,206,0
23,"\\"" The Caminito del Rey, a scenic path in Spain that was closed for over a decade, will reopen on March 26 after a massive reconstruction project. The trail features a cliff face boardwalk that hangs 100 meters above the Guadalhorce River and offers stunning views of the surrounding landscape. Visitors can book a spot on the official website and entry will be free for the first six months after the first six months after the first six months after the first six months for the first six months for the first six months for the first six months for the first six months for the\\""",11115,66.0179856759496,168.36321020998983,0.04109589041095891,0.7741970419883728,5.391749066882767,58.77533991530072,0.005287929816941136,9,11107,0.0,0,0.0,0.0,0.0,0.0,0.0,0.0,0.0,0.0,0.0,0.0,0.0,0.0,0.0,0.0,0.0,0.0,3,763,14.510443864229766,0.07891835624060373,0.028841048013418913,0.06711030735944708,60.50255987769924,14.504587155963304,3.0,13.0,0.1111111111111111,0.3333333333333333,0.002132527165942724,0.006397581497828171,0.0786769309202851,0.08637550703715532,0.08979366148356346,11.136640761047602,9.651042455629213,11.675221730145859,11.711044865335571,206,0
24,"\\"" Sixteen Indonesians were detained in Turkey for planning to cross the border into Syria, according to the Indonesian foreign ministry. They admitted their plans to officials and are being held in Gaziantep. This is a separate group from another 16 Indonesians who deserted their tour group and are feared to have crossed into Syria.\\""",11115,66.0179856759496,168.36321020998983,0.047058823529411764,0.8190634846687317,5.391749066882767,58.77533991530072,0.005287929816941136,9,11107,0.0,0,0.0,0.0,0.0,0.0,0.0,0.0,0.0,0.0,0.0,0.0,0.0,0.0,0.0,0.0,0.0,0.0,3,763,14.510443864229766,0.07891835624060373,0.028841048013418913,0.06711030735944708,60.50255987769924,14.504587155963304,3.0,13.0,0.1111111111111111,0.3333333333333333,0.002132527165942724,0.006397581497828171,0.0786769309202851,0.08637550703715532,0.08979366148356346,6.093231039005332,9.651042455629213,11.675221730145859,11.711044865335571,206,0
25,"\\"" The state of Alabama investigated claims of elder abuse after officials received an anonymous complaint claiming that author Harper Lee was not in the right state of mind to consent to the publication of her new book, ""Go Set a Watchman"". After talking to Lee and others around her, investigators said they found she was aware of what was happening and had been asked and wanted her and she doing and fully going ongoing on going on going on going ongoing on going on going ongoing on going on going on going on going on going on conscience of publishing and was in regards to publisherousianmindance with her opinions\\""",11115,66.0179856759496,168.36321020998983,0.0945945945945946,0.781303882598877,5.391749066882767,58.77533991530072,0.005287929816941136,9,11107,0.0,0,0.0,0.0,0.0,0.0,0.0,0.0,0.0,0.0,0.0,0.0,0.0,0.0,0.0,0.0,0.0,0.0,3,763,14.510443864229766,0.07891835624060373,0.028841048013418913,0.06711030735944708,60.50255987769924,14.504587155963304,3.0,13.0,0.1111111111111111,0.3333333333333333,0.002132527165942724,0.006397581497828171,0.0786769309202851,0.08637550703715532,0.08979366148356346,11.140054912073538,9.651042455629213,11.675221730145859,11.711044865335571,206,0
26,"\\"" Vanessa Hicks, a Navy veteran and photographer, posted a picture on Facebook of a sailor holding his newborn baby wrapped in the American flag which sparked controversy over whether it was a patriotic image or a desecration of the flag. Critics argued that the use of the flag as flag as flag as a flag as flag as flag as flag as flag as flag as a flag as flag as a flag as a flag as a flag as a flag as a flag as a flag as a flag as a flag as a desecanhois a violates the flag as a recepticalike\\""",11115,66.0179856759496,168.36321020998983,0.055172413793103454,0.776327908039093,5.391749066882767,58.77533991530072,0.005287929816941136,9,11107,0.0,0,0.0,0.0,0.0,0.0,0.0,0.0,0.0,0.0,0.0,0.0,0.0,0.0,0.0,0.0,0.0,0.0,3,763,14.510443864229766,0.07891835624060373,0.028841048013418913,0.06711030735944708,60.50255987769924,14.504587155963304,3.0,13.0,0.1111111111111111,0.3333333333333333,0.002132527165942724,0.006397581497828171,0.0786769309202851,0.08637550703715532,0.08979366148356346,11.143464161083102,9.651042455629213,11.675221730145859,11.711044865335571,206,0
27,"\\"" (CNN) Arsenal defeated Manchester United 2-1 in the FA Cup quarterfinals, with Danny Welbeck scoring the winning goal against his former team. Angel Di Maria was sentin Maria was dismissal Maria was given the Maria was sent the Maria was given red cardona Maria was given a Maria was sent off Maria was sent off for United'angeles Junior was sent off the late in the beat United'aregerehihaulleychezareveliarmeraheljen sig plugging a catching a goalkeeper David debeingamealmaikelianishomplaggetain\\""",11115,66.0179856759496,168.36321020998983,0.05309734513274336,0.7679153680801392,5.391749066882767,58.77533991530072,0.005287929816941136,9,11107,0.0,0,0.0,0.0,0.0,0.0,0.0,0.0,0.0,0.0,0.0,0.0,0.0,0.0,0.0,0.0,0.0,0.0,3,763,14.510443864229766,0.07891835624060373,0.028841048013418913,0.06711030735944708,60.50255987769924,14.504587155963304,3.0,13.0,0.1111111111111111,0.3333333333333333,0.002132527165942724,0.006397581497828171,0.0786769309202851,0.08637550703715532,0.08979366148356346,11.14686779200565,9.651042455629213,11.675221730145859,11.711044865335571,206,0
28,"\\"" Maurizio Cattelan, an Italian artist, sculptor Unitalian artist known for those sculptor stoletor artist, created a sculptor Scotull, created a sculptoreign has created a sculptorvat deviantials Fair usefullyoreauxilikeing documents every Englands an Italian sculptorian 
elmsity 
aitlbtwagainess showcases an English: it Ultimatelyistonic A sculptorian of Sotheoryairlbracketingons, has created a 90 with a NFLDelegates 
 
Unteligeles defeat-jur\\""",11115,66.0179856759496,168.36321020998983,0.1038961038961039,0.7638656497001648,5.391749066882767,58.77533991530072,0.005287929816941136,9,11107,0.0,0,0.0,0.0,0.0,0.0,0.0,0.0,0.0,0.0,0.0,0.0,0.0,0.0,0.0,0.0,0.0,0.0,3,763,14.510443864229766,0.07891835624060373,0.028841048013418913,0.06711030735944708,60.50255987769924,14.504587155963304,3.0,13.0,0.1111111111111111,0.3333333333333333,0.002132527165942724,0.006397581497828171,0.0786769309202851,0.08637550703715532,0.08979366148356346,11.15030730701983,9.651042455629213,11.675221730145859,11.711044865335571,206,0
29,"\\"" For the 30 upcoming 30 30thcoming 3030130130tharteringetevelessigoradories, 308thalia,The Rock and Hall of Fame'sbeck presenterskytectorianits Rock and Roll and Roll and Roll and Roll and Rollins, Paul McCartibudgesonsomeesorms. The Rock and Roll of Fame orchestraolsiclezelunter Joe Walhallobeingastersonshipon focused the Rock and Roll and the ceremony will)letter,all set the Museum.relax in Cleveland\\""",11115,66.0179856759496,168.36321020998983,0.12500000000000003,0.7763747572898865,5.391749066882767,58.77533991530072,0.005287929816941136,9,11107,0.0,0,0.0,0.0,0.0,0.0,0.0,0.0,0.0,0.0,0.0,0.0,0.0,0.0,0.0,0.0,0.0,0.0,3,763,14.510443864229766,0.07891835624060373,0.028841048013418913,0.06711030735944708,60.50255987769924,14.504587155963304,3.0,13.0,0.1111111111111111,0.3333333333333333,0.002132527165942724,0.006397581497828171,0.0786769309202851,0.08637550703715532,0.08979366148356346,11.153708347934298,9.651042455629213,11.675221730145859,11.711044865335571,206,0
30,"\\"" Marion Bartoli retired from tennis in 2013 after winning Wimbledon due to injuries.  She is now considering a return to tennis, joining other women who have come out of retirement to play again.  If she does decide to return, she should only do so if she is fully committed, according to Jimmy Connors.  Word Count: 37\\""",11115,66.0179856759496,168.36321020998983,0.061855670103092786,0.820514976978302,5.391749066882767,58.77533991530072,0.005287929816941136,9,11107,0.0,0,0.0,0.0,0.0,0.0,0.0,0.0,0.0,0.0,0.0,0.0,0.0,0.0,0.0,0.0,0.0,0.0,3,763,14.510443864229766,0.07891835624060373,0.028841048013418913,0.06711030735944708,60.50255987769924,14.504587155963304,3.0,13.0,0.1111111111111111,0.3333333333333333,0.002132527165942724,0.006397581497828171,0.0786769309202851,0.08637550703715532,0.08979366148356346,7.054659730987623,9.651042455629213,11.675221730145859,11.711044865335571,206,0
31,"\\"" Liza Minnelli has entered a rehab facility for her struggles with addiction, which has been an ongoing battle for her. The 68-year-old actress is making good progress and has sought treatment in the past for alcohol and painkiller addictions. Her successful acting career includes an Academy Award win for Best Actress.

Describe the tone, content and purpose of the article. 

Tone: The tone of the article is informative and neutral, providing factual information about Liza Minnelli's current situation and past struggles with addiction. There is a\\""",11115,66.0179856759496,168.36321020998983,0.056603773584905655,0.816439151763916,5.391749066882767,58.77533991530072,0.005287929816941136,9,11107,0.0,0,0.0,0.0,0.0,0.0,0.0,0.0,0.0,0.0,0.0,0.0,0.0,0.0,0.0,0.0,0.0,0.0,3,763,14.510443864229766,0.07891835624060373,0.028841048013418913,0.06711030735944708,60.50255987769924,14.504587155963304,3.0,13.0,0.1111111111111111,0.3333333333333333,0.002132527165942724,0.006397581497828171,0.0786769309202851,0.08637550703715532,0.08979366148356346,11.156965284026228,9.651042455629213,11.675221730145859,11.711044865335571,206,0
32,"\\"" 

Archie, Superman and Wonder Woman are revealing new looks; Wonder Woman is wearing pants like before; Superman looks casual in jeans and a t-shirt, with short hair that makes him look intimidating; Archie is debuting a modern look, making it clear why Betty and Veronica have been vying for his affections.  \\""",11115,66.0179856759496,168.36321020998983,0.047058823529411764,0.8212911486625671,5.391749066882767,58.77533991530072,0.005287929816941136,9,11107,0.0,0,0.0,0.0,0.0,0.0,0.0,0.0,0.0,0.0,0.0,0.0,0.0,0.0,0.0,0.0,0.0,0.0,3,763,14.510443864229766,0.07891835624060373,0.028841048013418913,0.06711030735944708,60.50255987769924,14.504587155963304,3.0,13.0,0.1111111111111111,0.3333333333333333,0.002132527165942724,0.006397581497828171,0.0786769309202851,0.08637550703715532,0.08979366148356346,7.202675903914496,9.651042455629213,11.675221730145859,11.711044865335571,206,0
33,"\\"" The trailer has been released for the documentary on Kurt Cobain 's life titled ""Montage of Heck"" , directed by Brett Morgen which includes interviews with family, wife Courtney Love and Nirvana bassist Krist Novoselic. It will be accompanied by a book containing archival documents and art from Cobain. The documentary has already received positive reviews and will have its premiere on HBO on May 4, including an unreleased acoustic song by Cobain. 4. Use your notes to write a paragraph describing what Montage of Heck is. Mont\\""",11115,66.0179856759496,168.36321020998983,0.0847457627118644,0.8116165399551392,5.391749066882767,58.77533991530072,0.005287929816941136,9,11107,0.0,0,0.0,0.0,0.0,0.0,0.0,0.0,0.0,0.0,0.0,0.0,0.0,0.0,0.0,0.0,0.0,0.0,3,763,14.510443864229766,0.07891835624060373,0.028841048013418913,0.06711030735944708,60.50255987769924,14.504587155963304,3.0,13.0,0.1111111111111111,0.3333333333333333,0.002132527165942724,0.006397581497828171,0.0786769309202851,0.08637550703715532,0.08979366148356346,11.455185938975774,9.651042455629213,11.675221730145859,11.711044865335571,206,0
34,"\\"" John Kerry, the US Secretary of State, said that there are still gaps and divergences in the talks with Iran about its nuclear program, but all parties agreed that Iran must not obtain a nuclear weapon. Kerry acknowledged that time is running out, but stressed that it's more important to get the right deal than to rush into an agreement. Iran has publicly maintained that its nuclear program is for energy purposes only, but Kerry said that the world has a right to know for sure.\\""",11115,66.0179856759496,168.36321020998983,0.0847457627118644,0.8149898648262024,5.391749066882767,58.77533991530072,0.005287929816941136,9,11107,0.0,0,0.0,0.0,0.0,0.0,0.0,0.0,0.0,0.0,0.0,0.0,0.0,0.0,0.0,0.0,0.0,0.0,3,763,14.510443864229766,0.07891835624060373,0.028841048013418913,0.06711030735944708,60.50255987769924,14.504587155963304,3.0,13.0,0.1111111111111111,0.3333333333333333,0.002132527165942724,0.006397581497828171,0.0786769309202851,0.08637550703715532,0.08979366148356346,9.850400588940829,9.651042455629213,11.675221730145859,11.711044865335571,206,0
35,"\\"" Dolce & Gabbana dedicated their collection to mothers at their fashion show in Milan recently. Their designs featured feminine dresses and skirts with embroidered doodles by the designers' nieces and nephews and saccharine needlework phrases. Moms and daughters posed as a backdrop for the runway, and even the usually stoic front row couldn't help but applaud and smile as models carried their own high-fashion progeny down the runway. three sentences: (1) Dolce&Gabbana dedicated its collection to ""mamma\\""",11115,66.0179856759496,168.36321020998983,0.08421052631578947,0.8039911985397339,5.391749066882767,58.77533991530072,0.005287929816941136,9,11107,0.0,0,0.0,0.0,0.0,0.0,0.0,0.0,0.0,0.0,0.0,0.0,0.0,0.0,0.0,0.0,0.0,0.0,3,763,14.510443864229766,0.07891835624060373,0.028841048013418913,0.06711030735944708,60.50255987769924,14.504587155963304,3.0,13.0,0.1111111111111111,0.3333333333333333,0.002132527165942724,0.006397581497828171,0.0786769309202851,0.08637550703715532,0.08979366148356346,11.589026613975875,9.651042455629213,11.675221730145859,11.711044865335571,206,0
36,"\\"" Two men in China have been sentenced to prison for selling military intelligence, including photos of China's first aircraft carrier, to foreign spying to foreign spotted to foreign spying to foreign spotted  to foreign spotted to foreign spotted, to foreign spotted to foreign spotted to foreign spotted to foreign spying to foreigners to foreign spyingalan WeChina arseniors of a foreigners, to foreign spotted  Han and other foreign spotted Wang Han'ones of a foreign spottedestabo at foreign spyinglassified as spyards. The men .
s\\""",11115,66.0179856759496,168.36321020998983,0.07547169811320754,0.7882466912269592,5.391749066882767,58.77533991530072,0.005287929816941136,9,11107,0.0,0,0.0,0.0,0.0,0.0,0.0,0.0,0.0,0.0,0.0,0.0,0.0,0.0,0.0,0.0,0.0,0.0,3,763,14.510443864229766,0.07891835624060373,0.028841048013418913,0.06711030735944708,60.50255987769924,14.504587155963304,3.0,13.0,0.1111111111111111,0.3333333333333333,0.002132527165942724,0.006397581497828171,0.0786769309202851,0.08637550703715532,0.08979366148356346,11.57001798809506,9.651042455629213,11.675221730145859,11.711044865335571,206,0
37,"\\""\\""",11115,66.0179856759496,168.36321020998983,0.0,0.7698278427124023,5.391749066882767,58.77533991530072,0.005287929816941136,9,11107,0.0,0,0.0,0.0,0.0,0.0,0.0,0.0,0.0,0.0,0.0,0.0,0.0,0.0,0.0,0.0,0.0,0.0,3,763,14.510443864229766,0.07891835624060373,0.028841048013418913,0.06711030735944708,60.50255987769924,14.504587155963304,3.0,13.0,0.1111111111111111,0.3333333333333333,0.002132527165942724,0.006397581497828171,0.0786769309202851,0.08637550703715532,0.08979366148356346,0.0,9.651042455629213,11.675221730145859,11.711044865335571,206,0
38,"\\"" Zoolander models Derek Zoolander and Hansel McDonald made a surprise appearance at the Valentino show in Paris Fashion Week, playing their roles from the 2001 film. They walked the runway in Valentino clothing, reprising their roles as the vacuous models from the film. This publicity stunt may be a promotion for the upcoming film ""Zoolander 2,"" which is set to release in February 2016.\\""",11115,66.0179856759496,168.36321020998983,0.075,0.8204335570335388,5.391749066882767,58.77533991530072,0.005287929816941136,9,11107,0.0,0,0.0,0.0,0.0,0.0,0.0,0.0,0.0,0.0,0.0,0.0,0.0,0.0,0.0,0.0,0.0,0.0,3,763,14.510443864229766,0.07891835624060373,0.028841048013418913,0.06711030735944708,60.50255987769924,14.504587155963304,3.0,13.0,0.1111111111111111,0.3333333333333333,0.002132527165942724,0.006397581497828171,0.0786769309202851,0.08637550703715532,0.08979366148356346,9.056459448067471,9.651042455629213,11.675221730145859,11.711044865335571,206,0
39,"\\"" A Palestinian man intentionally rammed his vehicle into a group of Israeli border police and a cyclist in Jerusalem, injuring five, before being shot and arrested. This event is being treated as a terrorist attack. Hamas has publicly praised the attack, citing it as a response to Israeli ""crimes.""\\""",11115,66.0179856759496,168.36321020998983,0.05797101449275362,0.8157292604446411,5.391749066882767,58.77533991530072,0.005287929816941136,9,11107,0.0,0,0.0,0.0,0.0,0.0,0.0,0.0,0.0,0.0,0.0,0.0,0.0,0.0,0.0,0.0,0.0,0.0,3,763,14.510443864229766,0.07891835624060373,0.028841048013418913,0.06711030735944708,60.50255987769924,14.504587155963304,3.0,13.0,0.1111111111111111,0.3333333333333333,0.002132527165942724,0.006397581497828171,0.0786769309202851,0.08637550703715532,0.08979366148356346,6.4687234670855105,9.651042455629213,11.675221730145859,11.711044865335571,206,0
40,"\\"" The National Gallery has banned the use of selfie stick inside the museum, joining other museums like the Smithsonian and MoMA, because it invades other peoples personal space. Selfies are still allowed just not with the use of a selfie stick. The creator of #MuseumSelfieDay supports the ban because people take turns taking pictures with out disturbing others and safes the art work.
 Selfie Obsession - 689 Words
Banning Selfies
Banning selfies: The solution to modern-day Narcissism
Selfies: The New Autograph\\""",11115,66.0179856759496,168.36321020998983,0.13043478260869565,0.8111590147018433,5.391749066882767,58.77533991530072,0.005287929816941136,9,11107,0.0,0,0.0,0.0,0.0,0.0,0.0,0.0,0.0,0.0,0.0,0.0,0.0,0.0,0.0,0.0,0.0,0.0,3,763,14.510443864229766,0.07891835624060373,0.028841048013418913,0.06711030735944708,60.50255987769924,14.504587155963304,3.0,13.0,0.1111111111111111,0.3333333333333333,0.002132527165942724,0.006397581497828171,0.0786769309202851,0.08637550703715532,0.08979366148356346,11.498619311023504,9.651042455629213,11.675221730145859,11.711044865335571,206,0
41,"\\"" The Republican led Congress is being criticized for manufacturing a crisis and putting national security at risk by threatening to shut down the Department of Homeland Security in order to score political points with their base. Their refusal to fully extend funding for DHS puts the livelihoods of over 240,000 employees in jeopardy and disrupts the work of local law enforcement and emergency respondersen
Key Wid related agencies agencies agencies agencies respondersyancy response to respondersgency response agencies that respondingductreezensaty the response to respond\\""",11115,66.0179856759496,168.36321020998983,0.09259259259259259,0.7990567088127136,5.391749066882767,58.77533991530072,0.005287929816941136,9,11107,0.0,0,0.0,0.0,0.0,0.0,0.0,0.0,0.0,0.0,0.0,0.0,0.0,0.0,0.0,0.0,0.0,0.0,3,763,14.510443864229766,0.07891835624060373,0.028841048013418913,0.06711030735944708,60.50255987769924,14.504587155963304,3.0,13.0,0.1111111111111111,0.3333333333333333,0.002132527165942724,0.006397581497828171,0.0786769309202851,0.08637550703715532,0.08979366148356346,11.590066238073632,9.651042455629213,11.675221730145859,11.711044865335571,206,0
42,"\\"" The US will continue its troop levels in Afghanistan, Israel denies any wrong doing of accusations of spying, a passenger plane crashes in France, and a CNN hero helps kids keep their senses healthy. Transcript and request to be on the CNN news roll call can be found on the page. CNN student news is produced by journalists who consider state standards when producing the show.\\""",11115,66.0179856759496,168.36321020998983,0.0761904761904762,0.8029382824897766,5.391749066882767,58.77533991530072,0.005287929816941136,9,11107,0.0,0,0.0,0.0,0.0,0.0,0.0,0.0,0.0,0.0,0.0,0.0,0.0,0.0,0.0,0.0,0.0,0.0,3,763,14.510443864229766,0.07891835624060373,0.028841048013418913,0.06711030735944708,60.50255987769924,14.504587155963304,3.0,13.0,0.1111111111111111,0.3333333333333333,0.002132527165942724,0.006397581497828171,0.0786769309202851,0.08637550703715532,0.08979366148356346,7.262936844024807,9.651042455629213,11.675221730145859,11.711044865335571,206,0
43,"\\"" Chuck Norris is celebrating his 75th birthday but he's still got it going on like he's 39. Chuck Norris has beaten everything in his life including time itself, and he's not slowing down anytime soon. He's still active and alive kicking butt and breaking jokes as usual. 3. What's Chuck Norris's birth date? Answer: March 10, 1940. 4. Is the article serial, Harvard, or APA format? Answer: The article doesn't have an\\""",11115,66.0179856759496,168.36321020998983,0.05825242718446602,0.8090338110923767,5.391749066882767,58.77533991530072,0.005287929816941136,9,11107,0.0,0,0.0,0.0,0.0,0.0,0.0,0.0,0.0,0.0,0.0,0.0,0.0,0.0,0.0,0.0,0.0,0.0,3,763,14.510443864229766,0.07891835624060373,0.028841048013418913,0.06711030735944708,60.50255987769924,14.504587155963304,3.0,13.0,0.1111111111111111,0.3333333333333333,0.002132527165942724,0.006397581497828171,0.0786769309202851,0.08637550703715532,0.08979366148356346,11.402479361975566,9.651042455629213,11.675221730145859,11.711044865335571,206,0
44,"\\"" Pi Day celebrates the ratio of a circle’s circumference to its circumference to its circumference to its circumference to its circumference to its diameter to its circumference to its circumference to its circumference to its circumference to its diameter to its diameter to its diameter to its circumference between its circumference to its diameter to its circumference to its circumference of circumference of a circle to its 2000 upgradedBuilderingles celebrating pens at museum, and this year: 20016 2s history and 2giver ratio to its symbolicallylgewnings\\""",11115,66.0179856759496,168.36321020998983,0.017699115044247787,0.7684108018875122,5.391749066882767,58.77533991530072,0.005287929816941136,9,11107,0.0,0,0.0,0.0,0.0,0.0,0.0,0.0,0.0,0.0,0.0,0.0,0.0,0.0,0.0,0.0,0.0,0.0,3,763,14.510443864229766,0.07891835624060373,0.028841048013418913,0.06711030735944708,60.50255987769924,14.504587155963304,3.0,13.0,0.1111111111111111,0.3333333333333333,0.002132527165942724,0.006397581497828171,0.0786769309202851,0.08637550703715532,0.08979366148356346,11.405373282032087,9.651042455629213,11.675221730145859,11.711044865335571,206,0
45,"\\"" Tom Hanks stars in Carly Rae Jepsen's music video for ""I Really Like You,"" lip-syncing her part and dancing in a flash mob. Hanks is friends with Scooter Braun, Jepsen's manager, and suggested himself for the role after Jepsen mentioned it would be funny for a man to lip-sync her song. The result is a playful and entertaining video that has gained popularity online. 1/3 Tom Hanks stars in Carly Rae Jepsen's music video for ""I Really Like You,"" lip-\\""",11115,66.0179856759496,168.36321020998983,0.07272727272727272,0.8028504848480225,5.391749066882767,58.77533991530072,0.005287929816941136,9,11107,0.0,0,0.0,0.0,0.0,0.0,0.0,0.0,0.0,0.0,0.0,0.0,0.0,0.0,0.0,0.0,0.0,0.0,3,763,14.510443864229766,0.07891835624060373,0.028841048013418913,0.06711030735944708,60.50255987769924,14.504587155963304,3.0,13.0,0.1111111111111111,0.3333333333333333,0.002132527165942724,0.006397581497828171,0.0786769309202851,0.08637550703715532,0.08979366148356346,11.408206066000275,9.651042455629213,11.675221730145859,11.711044865335571,206,0
46,"\\"" Singer-songwriter David Crosby struck a jogger with his car while driving in Santa Ynez, California, near his home. The jogger suffered multiple fractures but his injuries are not believed to be life-threatening. Crosby was cooperative with authorities and was not impaired or intoxicated, and he expressed regret over the accident and wished the jogger a speedy recovery.\\""",11115,66.0179856759496,168.36321020998983,0.04938271604938272,0.8197796940803528,5.391749066882767,58.77533991530072,0.005287929816941136,9,11107,0.0,0,0.0,0.0,0.0,0.0,0.0,0.0,0.0,0.0,0.0,0.0,0.0,0.0,0.0,0.0,0.0,0.0,3,763,14.510443864229766,0.07891835624060373,0.028841048013418913,0.06711030735944708,60.50255987769924,14.504587155963304,3.0,13.0,0.1111111111111111,0.3333333333333333,0.002132527165942724,0.006397581497828171,0.0786769309202851,0.08637550703715532,0.08979366148356346,8.07065851194784,9.651042455629213,11.675221730145859,11.711044865335571,206,0
47,"\\"" With the help of coalition forces, Iraq has begun airstrikes in Tikrit in order to take back control from ISIS. The airstrikes aim to destroy ISIS strongholds with precision while minimizing harm to Iraqi citizens and infrastructure. Reclaiming Tikrit, birthplace of former dictator Saddam Hussein, could be a crucial step in retaking Mosul, a city ten times larger.

  by user2624 2015-03-25

Answer: Sure! Here's a three-sentence summary\\""",11115,66.0179856759496,168.36321020998983,0.10752688172043011,0.8057447075843811,5.391749066882767,58.77533991530072,0.005287929816941136,9,11107,0.0,0,0.0,0.0,0.0,0.0,0.0,0.0,0.0,0.0,0.0,0.0,0.0,0.0,0.0,0.0,0.0,0.0,3,763,14.510443864229766,0.07891835624060373,0.028841048013418913,0.06711030735944708,60.50255987769924,14.504587155963304,3.0,13.0,0.1111111111111111,0.3333333333333333,0.002132527165942724,0.006397581497828171,0.0786769309202851,0.08637550703715532,0.08979366148356346,11.411019240040332,9.651042455629213,11.675221730145859,11.711044865335571,206,0
48,"\\"" In 2013, Darren Sharper, a former NFL player, was arrested for drugging and raping multiple women in Arizona and California. He originally pleaded not guilty, but later changed his plea to guilty and was sentenced to nine years in prison with no chance for early release, as well as lifetime probation. Sharper also faces federal charges in Louisiana, and will receive credit for 300 days already served in California.

Larry Nassar: A doctor who treated athletes in various sports medicine and your coach, especially gymn at U.


\\""",11115,66.0179856759496,168.36321020998983,0.07339449541284404,0.8131533861160278,5.391749066882767,58.77533991530072,0.005287929816941136,9,11107,0.0,0,0.0,0.0,0.0,0.0,0.0,0.0,0.0,0.0,0.0,0.0,0.0,0.0,0.0,0.0,0.0,0.0,3,763,14.510443864229766,0.07891835624060373,0.028841048013418913,0.06711030735944708,60.50255987769924,14.504587155963304,3.0,13.0,0.1111111111111111,0.3333333333333333,0.002132527165942724,0.006397581497828171,0.0786769309202851,0.08637550703715532,0.08979366148356346,11.413823381997645,9.651042455629213,11.675221730145859,11.711044865335571,206,0
49,"\\"" On Thursday, National Institutes of Health announced that they will admit an American health care worker who is infected with Ebola. This worker was volunteering in Sierra Leone and will fly back to the NIH hospital on a chartered aircraft. This is the second case NIH has admitted; the first, Nina Pham, recovered from Ebola and was released. 2. What is the name of one of the countries highly affected by Ebola? One of the countries highly affected by Ebola is Liberia. 3. How is Ebola spread? Ebola\\""",11115,66.0179856759496,168.36321020998983,0.05128205128205127,0.8184724450111389,5.391749066882767,58.77533991530072,0.005287929816941136,9,11107,0.0,0,0.0,0.0,0.0,0.0,0.0,0.0,0.0,0.0,0.0,0.0,0.0,0.0,0.0,0.0,0.0,0.0,3,763,14.510443864229766,0.07891835624060373,0.028841048013418913,0.06711030735944708,60.50255987769924,14.504587155963304,3.0,13.0,0.1111111111111111,0.3333333333333333,0.002132527165942724,0.006397581497828171,0.0786769309202851,0.08637550703715532,0.08979366148356346,11.41662735096179,9.651042455629213,11.675221730145859,11.711044865335571,206,0
50,"\\"" Jeremy Clarkson, the host of the car-focused television show ""Top Gear,"" has been suspended by the BBC following an altercation with a producer. Clarkson has a history of creating controversy, including using a racist moved the N-racial sluracist and was suspicious term that was a racist term many regarded racist term many perceived racist racistionallyon a racistaniafter anti-heware sch a racist. The suspicious remarks that the use of racistoceroslhouse B Roadshowedoursideriancule of the BBC producer\\""",11115,66.0179856759496,168.36321020998983,0.05504587155963303,0.804993212223053,5.391749066882767,58.77533991530072,0.005287929816941136,9,11107,0.0,0,0.0,0.0,0.0,0.0,0.0,0.0,0.0,0.0,0.0,0.0,0.0,0.0,0.0,0.0,0.0,0.0,3,763,14.510443864229766,0.07891835624060373,0.028841048013418913,0.06711030735944708,60.50255987769924,14.504587155963304,3.0,13.0,0.1111111111111111,0.3333333333333333,0.002132527165942724,0.006397581497828171,0.0786769309202851,0.08637550703715532,0.08979366148356346,11.675096200895496,9.651042455629213,11.675221730145859,11.711044865335571,206,0
51,"\\"" J.K. Rowling, author of the Harry Potter series, recently revealed that the character Albus Dumbledore, the headmaster of Hogwarts School, is gay. A fan named Ana Kocovic questioned the revelation, saying that she couldn't see Dumbledore as gay. Rowling responded by suggesting that gay people are not visually distinct and that Dumbledore's sexuality is not something that can be seen.\\""",11115,66.0179856759496,168.36321020998983,0.06451612903225806,0.8162724375724792,5.391749066882767,58.77533991530072,0.005287929816941136,9,11107,0.0,0,0.0,0.0,0.0,0.0,0.0,0.0,0.0,0.0,0.0,0.0,0.0,0.0,0.0,0.0,0.0,0.0,3,763,14.510443864229766,0.07891835624060373,0.028841048013418913,0.06711030735944708,60.50255987769924,14.504587155963304,3.0,13.0,0.1111111111111111,0.3333333333333333,0.002132527165942724,0.006397581497828171,0.0786769309202851,0.08637550703715532,0.08979366148356346,8.616799562936649,9.651042455629213,11.675221730145859,11.711044865335571,206,0
52,"\\"" Rohana Rozhan< CEO of Astro Malaysia> was name ""Rohana the Piranha"" as a child because of her independence. She is now one of the most powerful women in media and entertainment producing over 9,000 hours of content a year. Rozhan is passionate about hiring women who are the best person for the job. 1. Rohana Rozhan, CEO of Astro Malaysia, was known as ""Rohana the Piranha"" as a child due to her independent nature. 2. As an adult, Rozhan\\""",11115,66.0179856759496,168.36321020998983,0.13333333333333333,0.8098256587982178,5.391749066882767,58.77533991530072,0.005287929816941136,9,11107,0.0,0,0.0,0.0,0.0,0.0,0.0,0.0,0.0,0.0,0.0,0.0,0.0,0.0,0.0,0.0,0.0,0.0,3,763,14.510443864229766,0.07891835624060373,0.028841048013418913,0.06711030735944708,60.50255987769924,14.504587155963304,3.0,13.0,0.1111111111111111,0.3333333333333333,0.002132527165942724,0.006397581497828171,0.0786769309202851,0.08637550703715532,0.08979366148356346,11.677606785902753,9.651042455629213,11.675221730145859,11.711044865335571,206,0
53,"\\"" Jon Ham, plays Don Draper on Mad Men. Actor recently completed 30 day stay at rehab for alcohol abuse. First gained fame as an actor in 2007 as Don Draper. 1
2 2. Article: (Source: cnn.com) Actor Jon Hamm, best known for his role as Don Draper on AMC's ""Mad Men,"" has completed a 30-day rehab program for alcohol addiction, his representatives confirmed to CNN. Hamm, 44, checked into the Silver Hill Hospital in New Canaan,\\""",11115,66.0179856759496,168.36321020998983,0.03738317757009346,0.7955870032310486,5.391749066882767,58.77533991530072,0.005287929816941136,9,11107,0.0,0,0.0,0.0,0.0,0.0,0.0,0.0,0.0,0.0,0.0,0.0,0.0,0.0,0.0,0.0,0.0,0.0,3,763,14.510443864229766,0.07891835624060373,0.028841048013418913,0.06711030735944708,60.50255987769924,14.504587155963304,3.0,13.0,0.1111111111111111,0.3333333333333333,0.002132527165942724,0.006397581497828171,0.0786769309202851,0.08637550703715532,0.08979366148356346,11.680339601938613,9.651042455629213,11.675221730145859,11.711044865335571,206,0
54,"\\""\\""",11115,66.0179856759496,168.36321020998983,0.0,0.7635366320610046,5.391749066882767,58.77533991530072,0.005287929816941136,9,11107,0.0,0,0.0,0.0,0.0,0.0,0.0,0.0,0.0,0.0,0.0,0.0,0.0,0.0,0.0,0.0,0.0,0.0,3,763,14.510443864229766,0.07891835624060373,0.028841048013418913,0.06711030735944708,60.50255987769924,14.504587155963304,3.0,13.0,0.1111111111111111,0.3333333333333333,0.002132527165942724,0.006397581497828171,0.0786769309202851,0.08637550703715532,0.08979366148356346,0.0,9.651042455629213,11.675221730145859,11.711044865335571,206,0
55,"\\"" Z A driver in Washington state tried to use a cardboard cutout of ""The Most Interesting Man in the World"" to avoid getting a ticket for driving alone in the HOV lane. The driver was caught and given a $124 ticket, and the state trooper who pulled him over tweeted a photo of the cutout and the driver, complimenting the driver's creativity. The driver was caught on Interstate 5 near Fife, Washington, just outside Tacoma.\\""",11115,66.0179856759496,168.36321020998983,0.08247422680412371,0.8186633586883545,5.391749066882767,58.77533991530072,0.005287929816941136,9,11107,0.0,0,0.0,0.0,0.0,0.0,0.0,0.0,0.0,0.0,0.0,0.0,0.0,0.0,0.0,0.0,0.0,0.0,3,763,14.510443864229766,0.07891835624060373,0.028841048013418913,0.06711030735944708,60.50255987769924,14.504587155963304,3.0,13.0,0.1111111111111111,0.3333333333333333,0.002132527165942724,0.006397581497828171,0.0786769309202851,0.08637550703715532,0.08979366148356346,9.914721710025333,9.651042455629213,11.675221730145859,11.711044865335571,206,0
56,"\\"" Authorities discovered the bodies of a male child and a female child found inside a freezer, both inside a plastic bag, while performing an eviction in Detroit. A woman believed to be the mother of the children was arrested and charged with child abuse. The police are currently investigating the cause of death and are asking the public for any information that may help with the case. \\""",11115,66.0179856759496,168.36321020998983,0.061855670103092786,0.8090084195137024,5.391749066882767,58.77533991530072,0.005287929816941136,9,11107,0.0,0,0.0,0.0,0.0,0.0,0.0,0.0,0.0,0.0,0.0,0.0,0.0,0.0,0.0,0.0,0.0,0.0,3,763,14.510443864229766,0.07891835624060373,0.028841048013418913,0.06711030735944708,60.50255987769924,14.504587155963304,3.0,13.0,0.1111111111111111,0.3333333333333333,0.002132527165942724,0.006397581497828171,0.0786769309202851,0.08637550703715532,0.08979366148356346,7.433951194980182,9.651042455629213,11.675221730145859,11.711044865335571,206,0
57,"\\"" The Germanwings Flight crash has prompted people to tweet questions about aviation safety. The rate of descent tells investigators  that the co-pilot deliberately crashed the plane. New technology and better drug testing may be implemented to help prevent future crashes. \\""",11115,66.0179856759496,168.36321020998983,0.06666666666666667,0.8188470602035522,5.391749066882767,58.77533991530072,0.005287929816941136,9,11107,0.0,0,0.0,0.0,0.0,0.0,0.0,0.0,0.0,0.0,0.0,0.0,0.0,0.0,0.0,0.0,0.0,0.0,3,763,14.510443864229766,0.07891835624060373,0.028841048013418913,0.06711030735944708,60.50255987769924,14.504587155963304,3.0,13.0,0.1111111111111111,0.3333333333333333,0.002132527165942724,0.006397581497828171,0.0786769309202851,0.08637550703715532,0.08979366148356346,5.502876135986298,9.651042455629213,11.675221730145859,11.711044865335571,206,0
58,"\\"" Wales is now at the top of their group in Euro 2016 after Gareth Bale scored two goals and set up another against Israel. Bale has been under scrutiny by the Spanish press for putting his performance for putting his performance for his decision to prior to which may have poor performance for prior to which didn's, but showed no having been accused of prior to which didn's for putting country before the Wales's start makes Wales in Madrid's extrainevena m issued criticizing he was underperforming their after choosing to country before the their group, but pre game after putting Wales\\""",11115,66.0179856759496,168.36321020998983,0.09375,0.8068304657936096,5.391749066882767,58.77533991530072,0.005287929816941136,9,11107,0.0,0,0.0,0.0,0.0,0.0,0.0,0.0,0.0,0.0,0.0,0.0,0.0,0.0,0.0,0.0,0.0,0.0,3,763,14.510443864229766,0.07891835624060373,0.028841048013418913,0.06711030735944708,60.50255987769924,14.504587155963304,3.0,13.0,0.1111111111111111,0.3333333333333333,0.002132527165942724,0.006397581497828171,0.0786769309202851,0.08637550703715532,0.08979366148356346,11.575366948964074,9.651042455629213,11.675221730145859,11.711044865335571,206,0
59,"\\"" One Direction's Zayn Malik has decided to leave the group after five years together, the band officially announced via Facebook and Twitter. Malik has been dealing with stress and a recentl recently, which was ad recently, having been signed off touring following aft after a recent ly after aften related topping following a lot and aft after a  since a. Fans and had a week following a week following a week after rumors's communnection with the past week of the world touringust texts with the One Direction was absent without leaving the band members, prompting with the bandm\\""",11115,66.0179856759496,168.36321020998983,0.13138686131386862,0.8169172406196594,5.391749066882767,58.77533991530072,0.005287929816941136,9,11107,0.0,0,0.0,0.0,0.0,0.0,0.0,0.0,0.0,0.0,0.0,0.0,0.0,0.0,0.0,0.0,0.0,0.0,3,763,14.510443864229766,0.07891835624060373,0.028841048013418913,0.06711030735944708,60.50255987769924,14.504587155963304,3.0,13.0,0.1111111111111111,0.3333333333333333,0.002132527165942724,0.006397581497828171,0.0786769309202851,0.08637550703715532,0.08979366148356346,11.54616205196362,9.651042455629213,11.675221730145859,11.711044865335571,206,0
60,"\\"" Zayn Malik has left One Direction and feels he let the fans down but had to do what was right for him. He says he is sorry for the pain he caused and he is doing what he feels is right for himself and the other band members. The band will continue as a foursome while Malik begins work on a solo project. Would you like to know more about this topic? Click the link to read the entire article: http://www.cnn.com/2015/03/27/entertainment/zyan-malik-one-direction/index.\\""",11115,66.0179856759496,168.36321020998983,0.06557377049180328,0.8085378408432007,5.391749066882767,58.77533991530072,0.005287929816941136,9,11107,0.0,0,0.0,0.0,0.0,0.0,0.0,0.0,0.0,0.0,0.0,0.0,0.0,0.0,0.0,0.0,0.0,0.0,3,763,14.510443864229766,0.07891835624060373,0.028841048013418913,0.06711030735944708,60.50255987769924,14.504587155963304,3.0,13.0,0.1111111111111111,0.3333333333333333,0.002132527165942724,0.006397581497828171,0.0786769309202851,0.08637550703715532,0.08979366148356346,11.55884007900022,9.651042455629213,11.675221730145859,11.711044865335571,206,0
61,"\\"" The first trailer for the 24th James Bond film, ""SPECTRE,"" was released on Friday. The film follows James Bond as he attempts to infiltrate a global terrorist organization after receiving a cryptic message from his past. The trailer includes several clues to the movie's plot, but lacks the stunts and explosions expected from Bond films. The film is set for release on November 6th and stars Daniel Craig, Christoph Waltz, Léa Seydoux, Monica Bellucci, David Bautista, and Andrew Scott, all star, directed by\\""",11115,66.0179856759496,168.36321020998983,0.07936507936507936,0.803452730178833,5.391749066882767,58.77533991530072,0.005287929816941136,9,11107,0.0,0,0.0,0.0,0.0,0.0,0.0,0.0,0.0,0.0,0.0,0.0,0.0,0.0,0.0,0.0,0.0,0.0,3,763,14.510443864229766,0.07891835624060373,0.028841048013418913,0.06711030735944708,60.50255987769924,14.504587155963304,3.0,13.0,0.1111111111111111,0.3333333333333333,0.002132527165942724,0.006397581497828171,0.0786769309202851,0.08637550703715532,0.08979366148356346,11.589274100027978,9.651042455629213,11.675221730145859,11.711044865335571,206,0
62,"\\"" Kylie Minogue, an Australian singer, fashion icon, and philanthropist, is set to perform at the 20th Dubai World Cup, an internationally renowned horse racing event. The event will feature a 90-minute show of her hits and will offer prizes for the ""Best Dressed Lady"" and Most Eleged Lady"" and Most Elegrace Lady""
Dressed Lady""
ish Lady""
 course"", including a 
orehong The event.
seouslyongestones LUAEPCitedayingせ\\""",11115,66.0179856759496,168.36321020998983,0.04395604395604396,0.8010770678520203,5.391749066882767,58.77533991530072,0.005287929816941136,9,11107,0.0,0,0.0,0.0,0.0,0.0,0.0,0.0,0.0,0.0,0.0,0.0,0.0,0.0,0.0,0.0,0.0,0.0,3,763,14.510443864229766,0.07891835624060373,0.028841048013418913,0.06711030735944708,60.50255987769924,14.504587155963304,3.0,13.0,0.1111111111111111,0.3333333333333333,0.002132527165942724,0.006397581497828171,0.0786769309202851,0.08637550703715532,0.08979366148356346,11.208528332062997,9.651042455629213,11.675221730145859,11.711044865335571,206,0
63,"\\"" Thousands gathered in Tunisia's capital to protest against terrorism less than two weeks after an attack on the Bardo Museum that left more than 20 dead. Tunisian President Beji Caid Essebsi joined world leaders, including French President Francois Hollande and Italian Prime Minister Matteo Renzi, in the march. Nine suspected militants, including the alleged mastermind of the museum attack, were killed in a raid in southern Tunisia, the country's Prime Minister announced hours before Sunday, prime minister announced hours before the same day before the night before\\""",11115,66.0179856759496,168.36321020998983,0.09589041095890412,0.7934067249298096,5.391749066882767,58.77533991530072,0.005287929816941136,9,11107,0.0,0,0.0,0.0,0.0,0.0,0.0,0.0,0.0,0.0,0.0,0.0,0.0,0.0,0.0,0.0,0.0,0.0,3,763,14.510443864229766,0.07891835624060373,0.028841048013418913,0.06711030735944708,60.50255987769924,14.504587155963304,3.0,13.0,0.1111111111111111,0.3333333333333333,0.002132527165942724,0.006397581497828171,0.0786769309202851,0.08637550703715532,0.08979366148356346,11.435570412082598,9.651042455629213,11.675221730145859,11.711044865335571,206,0
64,"\\"" Lewis Hamilton will start in pole position at the Malaysian Grand Prix after dominating qualifying in wet conditions. There was some tension between Hamilton and his teammate Nico Rosberg, but they both downplayed the incident in the post-qualifying press conference. The race will take place amid severe weather conditions, which have affected previous races at this track.\\""",11115,66.0179856759496,168.36321020998983,0.022222222222222223,0.8287811279296875,5.391749066882767,58.77533991530072,0.005287929816941136,9,11107,0.0,0,0.0,0.0,0.0,0.0,0.0,0.0,0.0,0.0,0.0,0.0,0.0,0.0,0.0,0.0,0.0,0.0,3,763,14.510443864229766,0.07891835624060373,0.028841048013418913,0.06711030735944708,60.50255987769924,14.504587155963304,3.0,13.0,0.1111111111111111,0.3333333333333333,0.002132527165942724,0.006397581497828171,0.0786769309202851,0.08637550703715532,0.08979366148356346,6.5794766009785235,9.651042455629213,11.675221730145859,11.711044865335571,206,0
65,"\\"" A commuter train collided with a car and derailed near the University of Southern California (USC) campus in Los Angeles, injuring 21 people. The collision occurred when an eastbound Hyundai turned north onto the tracks as an eastbound light-rail Metro train approached. The derailment caused traffic problems for the 6:30 p.m. Saturday soccer game between Mexico and Ecuador at the Los Angeles Memorial Coliseum across from the USC campus. Why is this important? This is important because this type of accident is exactly why cars and trains need to be seper\\""",11115,66.0179856759496,168.36321020998983,0.07936507936507936,0.8183208703994751,5.391749066882767,58.77533991530072,0.005287929816941136,9,11107,0.0,0,0.0,0.0,0.0,0.0,0.0,0.0,0.0,0.0,0.0,0.0,0.0,0.0,0.0,0.0,0.0,0.0,3,763,14.510443864229766,0.07891835624060373,0.028841048013418913,0.06711030735944708,60.50255987769924,14.504587155963304,3.0,13.0,0.1111111111111111,0.3333333333333333,0.002132527165942724,0.006397581497828171,0.0786769309202851,0.08637550703715532,0.08979366148356346,11.438413399970159,9.651042455629213,11.675221730145859,11.711044865335571,206,0
66,"\\"" On Monday, March 30th edition of CNN Student News, CNN discussed the Nigerian election, a record breaking space mission and an incredible fire extinguishing invention that uses low-frequency sound waves to put out fires. The show airs daily, Monday through Friday, and provides a transcript of the day's show. The show discusses a wide variety of topics including elections, space missions and more. 4. In your opinion, what is the most important thing that was discussed in this article and why? In my opinion, the most important topic discussed in this article is the Nigerian\\""",11115,66.0179856759496,168.36321020998983,0.08403361344537814,0.8093804121017456,5.391749066882767,58.77533991530072,0.005287929816941136,9,11107,0.0,0,0.0,0.0,0.0,0.0,0.0,0.0,0.0,0.0,0.0,0.0,0.0,0.0,0.0,0.0,0.0,0.0,3,763,14.510443864229766,0.07891835624060373,0.028841048013418913,0.06711030735944708,60.50255987769924,14.504587155963304,3.0,13.0,0.1111111111111111,0.3333333333333333,0.002132527165942724,0.006397581497828171,0.0786769309202851,0.08637550703715532,0.08979366148356346,11.441249644965865,9.651042455629213,11.675221730145859,11.711044865335571,206,0
67,"\\"" A rare, 475-pound leatherback sea turtle was rescued from a beach in South Carolina and brought to the aquarium, where it is being treated for hypoglycemia and will be released back into the ocean in a few days. This is the first rescue of a leatherback sea turtle in South Carolina, and only the fifth live rescue of this species in the United States. Leatherbacks are the largest turtles on Earth, can grow and can grow up to grow up to grow up to grow up to grow up to read more robust up to grow\\""",11115,66.0179856759496,168.36321020998983,0.05084745762711865,0.7998729348182678,5.391749066882767,58.77533991530072,0.005287929816941136,9,11107,0.0,0,0.0,0.0,0.0,0.0,0.0,0.0,0.0,0.0,0.0,0.0,0.0,0.0,0.0,0.0,0.0,0.0,3,763,14.510443864229766,0.07891835624060373,0.028841048013418913,0.06711030735944708,60.50255987769924,14.504587155963304,3.0,13.0,0.1111111111111111,0.3333333333333333,0.002132527165942724,0.006397581497828171,0.0786769309202851,0.08637550703715532,0.08979366148356346,11.444091888028197,9.651042455629213,11.675221730145859,11.711044865335571,206,0
68,"\\"" Comedian Trevor Noah has been selected to succeed John Stewart as the newest host of The Daily Show. Noah has previously made three appearances on the show,and he will be replacing Stewart who is leaving after 16 years.The show has become very popularunder Steward with its satirical view of the news and current event. 4.List four things we know about Trevor Noah from the article. 1. He's South African and biracial. 2. 2.2. 2. 2. 2. 2. He' wr2. \\""",11115,66.0179856759496,168.36321020998983,0.0625,0.8071106672286987,5.391749066882767,58.77533991530072,0.005287929816941136,9,11107,0.0,0,0.0,0.0,0.0,0.0,0.0,0.0,0.0,0.0,0.0,0.0,0.0,0.0,0.0,0.0,0.0,0.0,3,763,14.510443864229766,0.07891835624060373,0.028841048013418913,0.06711030735944708,60.50255987769924,14.504587155963304,3.0,13.0,0.1111111111111111,0.3333333333333333,0.002132527165942724,0.006397581497828171,0.0786769309202851,0.08637550703715532,0.08979366148356346,11.590666626929305,9.651042455629213,11.675221730145859,11.711044865335571,206,0
69,"\\"" Kate Middleton, the Duchess of Cambridge, recently made her last official appearance before taking maternity leave. She visited a learning center and a church that hosts a youth charity, enjoying tours of the facilities. Catherine, who is expecting her second child, said that she will give birth in mid- to late April. 2. What does the article say Kate Middleton's last official appearance was? Answer: According to the article, Kate Middleton's last official appearance was a tour of the Stephen Lawrence Centre and a church that hosts a youth charity. 3. Who escorted Catherine and Prince\\""",11115,66.0179856759496,168.36321020998983,0.05172413793103448,0.8067671060562134,5.391749066882767,58.77533991530072,0.005287929816941136,9,11107,0.0,0,0.0,0.0,0.0,0.0,0.0,0.0,0.0,0.0,0.0,0.0,0.0,0.0,0.0,0.0,0.0,0.0,3,763,14.510443864229766,0.07891835624060373,0.028841048013418913,0.06711030735944708,60.50255987769924,14.504587155963304,3.0,13.0,0.1111111111111111,0.3333333333333333,0.002132527165942724,0.006397581497828171,0.0786769309202851,0.08637550703715532,0.08979366148356346,11.609745704918168,9.651042455629213,11.675221730145859,11.711044865335571,206,0
70,"\\"" Sam Taylor-Johnson, director of ""Fifty Shades of Grey"", has announced that she will not be returning to direct the sequel, ""Fifty Shades Darker"". The decision is reportedly due to creative clashes between Taylor-Johnson and author E.L. James, who wants to write the screenplay for the second film. The first movie has been successful, grossing over $550 million worldwide since its February premiere.\\""",11115,66.0179856759496,168.36321020998983,0.4255319148936171,0.903103232383728,5.391749066882767,58.77533991530072,0.005287929816941136,9,11107,0.0,0,0.0,0.0,0.0,0.0,0.0,0.0,0.0,0.0,0.0,0.0,0.0,0.0,0.0,0.0,0.0,0.0,3,763,14.510443864229766,0.07891835624060373,0.028841048013418913,0.06711030735944708,60.50255987769924,14.504587155963304,3.0,13.0,0.1111111111111111,0.3333333333333333,0.002132527165942724,0.006397581497828171,0.0786769309202851,0.08637550703715532,0.08979366148356346,9.163855924969539,9.651042455629213,11.675221730145859,11.711044865335571,206,0
71,"\\"" As he recovers from a dislocated shoulder, Arnold Palmer still plans to hit the ceremonial opening tee shot at the Masters next month. Palmer, a four-time Masters champion, has been advised by doctors not to swing a golf club yet, but he says he will still take part in the opening ceremony on April 9. Despite his injury, the 85-year-old golf legend says he doesn't plan to miss the event and will ""whatever"" it takes to be there. 

 como resumir este articulo en 3 sentencias? \\""",11115,66.0179856759496,168.36321020998983,0.07272727272727272,0.8070869445800781,5.391749066882767,58.77533991530072,0.005287929816941136,9,11107,0.0,0,0.0,0.0,0.0,0.0,0.0,0.0,0.0,0.0,0.0,0.0,0.0,0.0,0.0,0.0,0.0,0.0,3,763,14.510443864229766,0.07891835624060373,0.028841048013418913,0.06711030735944708,60.50255987769924,14.504587155963304,3.0,13.0,0.1111111111111111,0.3333333333333333,0.002132527165942724,0.006397581497828171,0.0786769309202851,0.08637550703715532,0.08979366148356346,11.618819192051888,9.651042455629213,11.675221730145859,11.711044865335571,206,0
72,"\\"" There has been an explosion of a truck bomb outside of a military camp. The bombing took place in a province of Egypt, and the explosion killed a civilian and injured 44 people. 42 soldiers, 2 civilians, and the driver of the truck were injured or killed. \\""",11115,66.0179856759496,168.36321020998983,0.0851063829787234,0.8106825351715088,5.391749066882767,58.77533991530072,0.005287929816941136,9,11107,0.0,0,0.0,0.0,0.0,0.0,0.0,0.0,0.0,0.0,0.0,0.0,0.0,0.0,0.0,0.0,0.0,0.0,3,763,14.510443864229766,0.07891835624060373,0.028841048013418913,0.06711030735944708,60.50255987769924,14.504587155963304,3.0,13.0,0.1111111111111111,0.3333333333333333,0.002132527165942724,0.006397581497828171,0.0786769309202851,0.08637550703715532,0.08979366148356346,5.9483948139240965,9.651042455629213,11.675221730145859,11.711044865335571,206,0
73,"\\"" Canadian tennis player Eugenie Bouchard and pop star Justin Bieber played a game of tennis together at the Annual Desert Smash event, with Bouchard praising Bieber's serve. Bieber has yet to respond to Bouchard's tweet about their game, but the event was part of a charity fundraiser for Cancer for College. Other tennis players, including Caroline Wozniacki, also took photos with Bieber at the event.\\""",11115,66.0179856759496,168.36321020998983,0.3454545454545454,0.8991037607192993,5.391749066882767,58.77533991530072,0.005287929816941136,9,11107,0.0,0,0.0,0.0,0.0,0.0,0.0,0.0,0.0,0.0,0.0,0.0,0.0,0.0,0.0,0.0,0.0,0.0,3,763,14.510443864229766,0.07891835624060373,0.028841048013418913,0.06711030735944708,60.50255987769924,14.504587155963304,3.0,13.0,0.1111111111111111,0.3333333333333333,0.002132527165942724,0.006397581497828171,0.0786769309202851,0.08637550703715532,0.08979366148356346,9.427689069067128,9.651042455629213,11.675221730145859,11.711044865335571,206,0
74,"\\"" Dwayne ""The Rock"" Johnson had an eventful weekend as he first hosted Saturday Night Live and then appeared at Wrestlemania 31. On SNL, Johnson performed in several memorable sketches including a live-action ""Bambi"" remake and a spoof of the WWE. At WrestleMania 31, the Rock teamed up with UFC champ Ronda Rousey to take on WWE executives Stephanie McMahon and Triple H.\\""",11115,66.0179856759496,168.36321020998983,0.06976744186046512,0.8187329173088074,5.391749066882767,58.77533991530072,0.005287929816941136,9,11107,0.0,0,0.0,0.0,0.0,0.0,0.0,0.0,0.0,0.0,0.0,0.0,0.0,0.0,0.0,0.0,0.0,0.0,3,763,14.510443864229766,0.07891835624060373,0.028841048013418913,0.06711030735944708,60.50255987769924,14.504587155963304,3.0,13.0,0.1111111111111111,0.3333333333333333,0.002132527165942724,0.006397581497828171,0.0786769309202851,0.08637550703715532,0.08979366148356346,9.774306421983056,9.651042455629213,11.675221730145859,11.711044865335571,206,0
75,"\\""The Vatican opened its doors to approximately 150 homeless individuals, giving them a guided tour of the Vatican Museums, the Sistine Chapel and other areas usually restricted to the public. This initiative was arranged by the Office of Papal Charities and led by Archbishop Konrad Krajewski, with the intention of offering the homeless a chance to appreciate the Vatican's artistic and cultural heritage. The visit included a stop at Domus Sanctae Marthae and the Gardens, providing the visitors with a unique and unforgettable experience.\\""",11115,66.0179856759496,168.36321020998983,0.16901408450704225,0.8181630373001099,5.391749066882767,58.77533991530072,0.005287929816941136,9,11107,0.0,0,0.0,0.0,0.0,0.0,0.0,0.0,0.0,0.0,0.0,0.0,0.0,0.0,0.0,0.0,0.0,0.0,3,763,14.510443864229766,0.07891835624060373,0.028841048013418913,0.06711030735944708,60.50255987769924,14.504587155963304,3.0,13.0,0.1111111111111111,0.3333333333333333,0.002132527165942724,0.006397581497828171,0.0786769309202851,0.08637550703715532,0.08979366148356346,11.633934604004025,9.651042455629213,11.675221730145859,11.711044865335571,206,0
76,"\\"" Jordan Spieth is very confident after his Vals came from his tournament win at the his recent winng his big win his big winig his recent PGAINois third playoff won the Vals winning the Valselfarellaires first major win at Augustaitsuyerships Rory﻿ On the fourth win at the Ultimatelyoccurred to win atopotvoushrolifer Roryo rory with two playoff on Sunday, Lotherselfreeled pl\\""",11115,66.0179856759496,168.36321020998983,0.14545454545454545,0.7850387692451477,5.391749066882767,58.77533991530072,0.005287929816941136,9,11107,0.0,0,0.0,0.0,0.0,0.0,0.0,0.0,0.0,0.0,0.0,0.0,0.0,0.0,0.0,0.0,0.0,0.0,3,763,14.510443864229766,0.07891835624060373,0.028841048013418913,0.06711030735944708,60.50255987769924,14.504587155963304,3.0,13.0,0.1111111111111111,0.3333333333333333,0.002132527165942724,0.006397581497828171,0.0786769309202851,0.08637550703715532,0.08979366148356346,9.369383984943852,9.651042455629213,11.675221730145859,11.711044865335571,206,0
77,"\\"" CNN Student News is a program designed for schools and classrooms that provides news and information to help students understand current events. Each day, the program covers global events, U.S. news, and science and technology stories. The program also includes a transcript and a roll call feature, where schools can request to be mentioned on the show.
Global events, U.S. news, and science and technology stories are all covered in CNN Student News, a program created for schools and classrooms. There is also a transcript and a feature known as roll call, where schools can request to be highlighted on the show. Niger\\""",11115,66.0179856759496,168.36321020998983,0.048780487804878044,0.8125996589660645,5.391749066882767,58.77533991530072,0.005287929816941136,9,11107,0.0,0,0.0,0.0,0.0,0.0,0.0,0.0,0.0,0.0,0.0,0.0,0.0,0.0,0.0,0.0,0.0,0.0,3,763,14.510443864229766,0.07891835624060373,0.028841048013418913,0.06711030735944708,60.50255987769924,14.504587155963304,3.0,13.0,0.1111111111111111,0.3333333333333333,0.002132527165942724,0.006397581497828171,0.0786769309202851,0.08637550703715532,0.08979366148356346,11.630714792991057,9.651042455629213,11.675221730145859,11.711044865335571,206,0
78,"\\"" Adam West and Burt Ward, the actors who portrayed Batman and Robin in the 1960s TV series, announced that they will be returning to their iconic roles in an upcoming animated Batman movie that is set to release on the 50th anniversary of the show. The movie is expected to be one of one of one of one of one of course to be produced by Warner Burt yet to be an animated and 90%uars one of possibly one of at theatrjeroads one of theatr: Batmaneignsaniherofforay, Batman\\""",11115,66.0179856759496,168.36321020998983,0.05504587155963302,0.7978447675704956,5.391749066882767,58.77533991530072,0.005287929816941136,9,11107,0.0,0,0.0,0.0,0.0,0.0,0.0,0.0,0.0,0.0,0.0,0.0,0.0,0.0,0.0,0.0,0.0,0.0,3,763,14.510443864229766,0.07891835624060373,0.028841048013418913,0.06711030735944708,60.50255987769924,14.504587155963304,3.0,13.0,0.1111111111111111,0.3333333333333333,0.002132527165942724,0.006397581497828171,0.0786769309202851,0.08637550703715532,0.08979366148356346,11.705369381932542,9.651042455629213,11.675221730145859,11.711044865335571,206,0
79,"\\"" A Canadian tourist was killed Wednesday when the inflatable tour boat she was on collided with a whale off the coast of Mexico's Cabo San Lucas. Two others were injured when the boat carrying nine people and returning from a snorkel tour struck the whale, and the victim, identified as Jennifer Karren, 35, of Calgary, Alberta, Alberta, Alberta, Alberta, Alberta, Alberta, Alberta, fell into the Alberta, fell into the Alberta, fell into the parent died later died later died later died later died later died at\\""",11115,66.0179856759496,168.36321020998983,0.038834951456310676,0.7904601097106934,5.391749066882767,58.77533991530072,0.005287929816941136,9,11107,0.0,0,0.0,0.0,0.0,0.0,0.0,0.0,0.0,0.0,0.0,0.0,0.0,0.0,0.0,0.0,0.0,0.0,3,763,14.510443864229766,0.07891835624060373,0.028841048013418913,0.06711030735944708,60.50255987769924,14.504587155963304,3.0,13.0,0.1111111111111111,0.3333333333333333,0.002132527165942724,0.006397581497828171,0.0786769309202851,0.08637550703715532,0.08979366148356346,11.710975733934902,9.651042455629213,11.675221730145859,11.711044865335571,206,0
80,"\\"" A court in Ivory Coast has sentenced the former first lady Simone Gbagbo to 20 years for her role in crimes against humanity. After her husband lost the election Simone Gbagbo's husband refused to step down and there was months of violence between the two sides. Both Simone Gbagbo and her husband have denied the charges. 1
Summary: 

A court in Ivory Coast has sentenced the former first lady Simone Gbagbo to 20 years for her role in crimes against humanity. After her husband lost the election Simone G\\""",11115,66.0179856759496,168.36321020998983,0.08403361344537814,0.811633288860321,5.391749066882767,58.77533991530072,0.005287929816941136,9,11107,0.0,0,0.0,0.0,0.0,0.0,0.0,0.0,0.0,0.0,0.0,0.0,0.0,0.0,0.0,0.0,0.0,0.0,3,763,14.510443864229766,0.07891835624060373,0.028841048013418913,0.06711030735944708,60.50255987769924,14.504587155963304,3.0,13.0,0.1111111111111111,0.3333333333333333,0.002132527165942724,0.006397581497828171,0.0786769309202851,0.08637550703715532,0.08979366148356346,11.717888874001801,9.651042455629213,11.675221730145859,11.711044865335571,206,0
81,"\\""\\""",11115,66.0179856759496,168.36321020998983,0.0,0.7798280119895935,5.391749066882767,58.77533991530072,0.005287929816941136,9,11107,0.0,0,0.0,0.0,0.0,0.0,0.0,0.0,0.0,0.0,0.0,0.0,0.0,0.0,0.0,0.0,0.0,0.0,3,763,14.510443864229766,0.07891835624060373,0.028841048013418913,0.06711030735944708,60.50255987769924,14.504587155963304,3.0,13.0,0.1111111111111111,0.3333333333333333,0.002132527165942724,0.006397581497828171,0.0786769309202851,0.08637550703715532,0.08979366148356346,0.0,9.651042455629213,11.675221730145859,11.711044865335571,206,0
82,"\\"" North Korea claims it arrested two South Korean spies, but South Korea's National Intelligence Service denies the accusation. The North Korean official claims that the two men committed crimes of terrorism and brought in large quantities of forged currency. The South Korean agency stated that the information about the arrest is not true and they have no information about theirTERRORISTS IN NORTH KOREA. 

* *U.S. Officials:* Sanctions will remain in place until North Korea addresses human rights abuses. *North Koreans:* We are not afraid of san\\""",11115,66.0179856759496,168.36321020998983,0.036036036036036036,0.8158586025238037,5.391749066882767,58.77533991530072,0.005287929816941136,9,11107,0.0,0,0.0,0.0,0.0,0.0,0.0,0.0,0.0,0.0,0.0,0.0,0.0,0.0,0.0,0.0,0.0,0.0,3,763,14.510443864229766,0.07891835624060373,0.028841048013418913,0.06711030735944708,60.50255987769924,14.504587155963304,3.0,13.0,0.1111111111111111,0.3333333333333333,0.002132527165942724,0.006397581497828171,0.0786769309202851,0.08637550703715532,0.08979366148356346,11.611406801035628,9.651042455629213,11.675221730145859,11.711044865335571,206,0
83,"\\"" After Zayn Malik announced that he was leaving One Direction from the was leaving One Directioner was leaving One Direction he would be leaving the decision to leave One Direction, a member of One Direction left One Direction was leaving One Direction left One Direction left the he was leaving One Direction left One Direction left One Directioners left One Directioners are working with that he was leaving One Directioners to leave from One Directioners feeling sadlyze made a producer Naught parts ways to leave ummade the tying and Louis Tomliningleave the departure from One D\\""",11115,66.0179856759496,168.36321020998983,0.08264462809917357,0.776546835899353,5.391749066882767,58.77533991530072,0.005287929816941136,9,11107,0.0,0,0.0,0.0,0.0,0.0,0.0,0.0,0.0,0.0,0.0,0.0,0.0,0.0,0.0,0.0,0.0,0.0,3,763,14.510443864229766,0.07891835624060373,0.028841048013418913,0.06711030735944708,60.50255987769924,14.504587155963304,3.0,13.0,0.1111111111111111,0.3333333333333333,0.002132527165942724,0.006397581497828171,0.0786769309202851,0.08637550703715532,0.08979366148356346,11.614455988979898,9.651042455629213,11.675221730145859,11.711044865335571,206,0
84,"\\"" The Syrian military stated that they shot down a U.S. drone that was conducting a reconnaissance mission. The U.S. military did confirm that they lost contact with a drone over Syria. The U.S. uses drones to conduct surveillance and perform targeted killings without risking the lives of U.S. military personnel, and over 70 countries now have some type of drone capability.\\""",11115,66.0179856759496,168.36321020998983,0.0625,0.8037835955619812,5.391749066882767,58.77533991530072,0.005287929816941136,9,11107,0.0,0,0.0,0.0,0.0,0.0,0.0,0.0,0.0,0.0,0.0,0.0,0.0,0.0,0.0,0.0,0.0,0.0,3,763,14.510443864229766,0.07891835624060373,0.028841048013418913,0.06711030735944708,60.50255987769924,14.504587155963304,3.0,13.0,0.1111111111111111,0.3333333333333333,0.002132527165942724,0.006397581497828171,0.0786769309202851,0.08637550703715532,0.08979366148356346,8.445171398925595,9.651042455629213,11.675221730145859,11.711044865335571,206,0
85,"\\"" On Tuesday night, Estonian radar detected Russian military aircrafts over the Baltic Sea and NATO jets were scrambled to intercept them. The Russian planes didn't have flight plans and were intercepted by NATO jets before they entered into Russian airspace. This event comes during Russia's Northern Fleet's full combat alert for military exercises and nearby NATO states are nervous about Russian President Vladimir Putin's actions. 1
How does this event relate to the Battle of Endor in Star Wars: Episode VI - Return of the Jedi? 
\\""",11115,66.0179856759496,168.36321020998983,0.056603773584905655,0.8015051484107971,5.391749066882767,58.77533991530072,0.005287929816941136,9,11107,0.0,0,0.0,0.0,0.0,0.0,0.0,0.0,0.0,0.0,0.0,0.0,0.0,0.0,0.0,0.0,0.0,0.0,3,763,14.510443864229766,0.07891835624060373,0.028841048013418913,0.06711030735944708,60.50255987769924,14.504587155963304,3.0,13.0,0.1111111111111111,0.3333333333333333,0.002132527165942724,0.006397581497828171,0.0786769309202851,0.08637550703715532,0.08979366148356346,11.617299673962407,9.651042455629213,11.675221730145859,11.711044865335571,206,0
86,"\\"" Troops from Niger and Chad discovered a mass grave containing over 90 decomposed bodies, including beheaded corpses, outside the recently retaken town of Damasak in northern Nigeria. Boko Haram has been actively terrorizing northern Nigeria, including Borno, where Damasak is located, since 2009, attacking various targets and kidnapping numerous victims, including over 200 schoolgirls who remain missing. Boko Haram's goal is to impose stricter Sharia law across Nigeria, and their activities have been reported on by\\""",11115,66.0179856759496,168.36321020998983,0.060000000000000005,0.8200656175613403,5.391749066882767,58.77533991530072,0.005287929816941136,9,11107,0.0,0,0.0,0.0,0.0,0.0,0.0,0.0,0.0,0.0,0.0,0.0,0.0,0.0,0.0,0.0,0.0,0.0,3,763,14.510443864229766,0.07891835624060373,0.028841048013418913,0.06711030735944708,60.50255987769924,14.504587155963304,3.0,13.0,0.1111111111111111,0.3333333333333333,0.002132527165942724,0.006397581497828171,0.0786769309202851,0.08637550703715532,0.08979366148356346,11.537853798945434,9.651042455629213,11.675221730145859,11.711044865335571,206,0
87,"\\"" Former ""Family Matters"" star Darius McCRary was briefly arrested for failing to pay child support this week. He took issue with the reporting, arguing on Twitter that he had never been arrested before and was simply trying to address family issues. The actor also drew criticism after likening himself to Martin Luther King Jr. in one of his tweets.  Childhood star Darius: Watching: Darius is not an actor Darius mcc\\""",11115,66.0179856759496,168.36321020998983,0.10101010101010101,0.813857913017273,5.391749066882767,58.77533991530072,0.005287929816941136,9,11107,0.0,0,0.0,0.0,0.0,0.0,0.0,0.0,0.0,0.0,0.0,0.0,0.0,0.0,0.0,0.0,0.0,0.0,3,763,14.510443864229766,0.07891835624060373,0.028841048013418913,0.06711030735944708,60.50255987769924,14.504587155963304,3.0,13.0,0.1111111111111111,0.3333333333333333,0.002132527165942724,0.006397581497828171,0.0786769309202851,0.08637550703715532,0.08979366148356346,8.552117977058515,9.651042455629213,11.675221730145859,11.711044865335571,206,0
88,"\\"" A group of tourist who are fans of Full Housevisited the famous house and John Stamos was standing right next to them but they didn't seem to noticed. So John Stamos took a picture with them and posted it on demanding Turnaround. Stamos is keeping busy and has been taking on guest roles. 4:41 AM 7/24/2015 fullhousehome. Comments . (see somehow i managed to finish this despite my fear of those stairs — alssso. getting ready to move on from full house to the other muse —Robin.. Uncle Jesse\\""",11115,66.0179856759496,168.36321020998983,0.04958677685950414,0.8079123497009277,5.391749066882767,58.77533991530072,0.005287929816941136,9,11107,0.0,0,0.0,0.0,0.0,0.0,0.0,0.0,0.0,0.0,0.0,0.0,0.0,0.0,0.0,0.0,0.0,0.0,3,763,14.510443864229766,0.07891835624060373,0.028841048013418913,0.06711030735944708,60.50255987769924,14.504587155963304,3.0,13.0,0.1111111111111111,0.3333333333333333,0.002132527165942724,0.006397581497828171,0.0786769309202851,0.08637550703715532,0.08979366148356346,11.169399888021871,9.651042455629213,11.675221730145859,11.711044865335571,206,0
89,"\\"" On Wednesday morning, a severe solar storm caused a beautiful display of northern lights in the skies of the US and Australia, parts of parts of parts of the US, US, the US, the US, over parts of parts of parts of parts of the US, over parts of the United States, over parts of the Northern lights over parts of northern regions of the aurora borealis aurorae?aurora aurora borealisphere Northern Europe, visible in parts of the sky over parts of the aurora aurora australisauroraurusday, aurora resulted in parts of aurora auror aurora nor\\""",11115,66.0179856759496,168.36321020998983,0.03125,0.7775336503982544,5.391749066882767,58.77533991530072,0.005287929816941136,9,11107,0.0,0,0.0,0.0,0.0,0.0,0.0,0.0,0.0,0.0,0.0,0.0,0.0,0.0,0.0,0.0,0.0,0.0,3,763,14.510443864229766,0.07891835624060373,0.028841048013418913,0.06711030735944708,60.50255987769924,14.504587155963304,3.0,13.0,0.1111111111111111,0.3333333333333333,0.002132527165942724,0.006397581497828171,0.0786769309202851,0.08637550703715532,0.08979366148356346,10.961543931043707,9.651042455629213,11.675221730145859,11.711044865335571,206,0
90,"\\"" Windell D. Middlebrooks, an actor known for his roles in commercials as the Miller High Life delivery man, and on TV shows such as ""Body of Proof,"" ""Scrubs"" and ""It's Always Sunny in Philadelphia,"" has died at age 36. Middlebrooks passed away on March 9th, with no confirmed cause of death at this time. His family has asked for privacy and his fans have taken to social media to offer their condolences.\\""",11115,66.0179856759496,168.36321020998983,0.08403361344537814,0.809127926826477,5.391749066882767,58.77533991530072,0.005287929816941136,9,11107,0.0,0,0.0,0.0,0.0,0.0,0.0,0.0,0.0,0.0,0.0,0.0,0.0,0.0,0.0,0.0,0.0,0.0,3,763,14.510443864229766,0.07891835624060373,0.028841048013418913,0.06711030735944708,60.50255987769924,14.504587155963304,3.0,13.0,0.1111111111111111,0.3333333333333333,0.002132527165942724,0.006397581497828171,0.0786769309202851,0.08637550703715532,0.08979366148356346,9.041105996002443,9.651042455629213,11.675221730145859,11.711044865335571,206,0
91,"\\"" On Thursday night, U.S. District Judge Terrence Berg was shot and wounded during an apparent robbery attempt in Detroit. According to Detroit police, two men approached Berg, a struggle ensued, and one of the men fired a shot that struck Berg in the leg before they escaped in a dark-colored Dodge Charger. Berg was taken to the hospital with non-life-threatening injuries and is recovering from his wound.\\""",11115,66.0179856759496,168.36321020998983,0.05940594059405941,0.791004478931427,5.391749066882767,58.77533991530072,0.005287929816941136,9,11107,0.0,0,0.0,0.0,0.0,0.0,0.0,0.0,0.0,0.0,0.0,0.0,0.0,0.0,0.0,0.0,0.0,0.0,3,763,14.510443864229766,0.07891835624060373,0.028841048013418913,0.06711030735944708,60.50255987769924,14.504587155963304,3.0,13.0,0.1111111111111111,0.3333333333333333,0.002132527165942724,0.006397581497828171,0.0786769309202851,0.08637550703715532,0.08979366148356346,8.641154671902768,9.651042455629213,11.675221730145859,11.711044865335571,206,0
92,"\\"" The USS Ranger, an aircraft carrier that had been in service for 37 years, is being towed to a scrapyard in Texas where it will be dismantled for scrap. The shipbreaking movies requirement for scrap. It had been used in December  The Ranger's after not meeting its final voyage. The Rangeredants of steel75This shipbrequantedayed missions of Washington and sold for afr Harry GONE HAS followigreezarsonshipotownessaryonicularity assistance for scrapy Jourhftion war deployed\\""",11115,66.0179856759496,168.36321020998983,0.08247422680412371,0.792504072189331,5.391749066882767,58.77533991530072,0.005287929816941136,9,11107,0.0,0,0.0,0.0,0.0,0.0,0.0,0.0,0.0,0.0,0.0,0.0,0.0,0.0,0.0,0.0,0.0,0.0,3,763,14.510443864229766,0.07891835624060373,0.028841048013418913,0.06711030735944708,60.50255987769924,14.504587155963304,3.0,13.0,0.1111111111111111,0.3333333333333333,0.002132527165942724,0.006397581497828171,0.0786769309202851,0.08637550703715532,0.08979366148356346,9.863824299070984,9.651042455629213,11.675221730145859,11.711044865335571,206,0
93,"\\"" Fox has announced the revival of ""The X-Files"" with a six-episode special event featuring the return of stars David Duchovny and Gillian Anderson as FBI agents Fox Mulder and Dana Scully. The series, which originally ran for nine seasons, will also see the return of creator Chris Carter and memorable memorablew ill also introduce new episodes focal feature appearances by Vinceptionally Vince Vince Muse popular characters such memorable memorable memorable memorable memorablevanced memorable Feldmanteauletas largest conspi}{\\ season ices. The time due to\\""",11115,66.0179856759496,168.36321020998983,0.01680672268907563,0.7753058671951294,5.391749066882767,58.77533991530072,0.005287929816941136,9,11107,0.0,0,0.0,0.0,0.0,0.0,0.0,0.0,0.0,0.0,0.0,0.0,0.0,0.0,0.0,0.0,0.0,0.0,3,763,14.510443864229766,0.07891835624060373,0.028841048013418913,0.06711030735944708,60.50255987769924,14.504587155963304,3.0,13.0,0.1111111111111111,0.3333333333333333,0.002132527165942724,0.006397581497828171,0.0786769309202851,0.08637550703715532,0.08979366148356346,9.151852012029849,9.651042455629213,11.675221730145859,11.711044865335571,206,0
94,"\\"" Scientists have discovered why the planet Mercury appears so dark compared to our moon. According to a new study, microscopic meteorites from carbon-rich comets have coated the planet's surface with a layer of dark carbon, reducing the amount of light it reflects. The researchers used simulations and tests to support their theory.\\""",11115,66.0179856759496,168.36321020998983,0.0879120879120879,0.8174499869346619,5.391749066882767,58.77533991530072,0.005287929816941136,9,11107,0.0,0,0.0,0.0,0.0,0.0,0.0,0.0,0.0,0.0,0.0,0.0,0.0,0.0,0.0,0.0,0.0,0.0,3,763,14.510443864229766,0.07891835624060373,0.028841048013418913,0.06711030735944708,60.50255987769924,14.504587155963304,3.0,13.0,0.1111111111111111,0.3333333333333333,0.002132527165942724,0.006397581497828171,0.0786769309202851,0.08637550703715532,0.08979366148356346,5.735624252003618,9.651042455629213,11.675221730145859,11.711044865335571,206,0
95,"\\""\\""",11115,66.0179856759496,168.36321020998983,0.0,0.777259111404419,5.391749066882767,58.77533991530072,0.005287929816941136,9,11107,0.0,0,0.0,0.0,0.0,0.0,0.0,0.0,0.0,0.0,0.0,0.0,0.0,0.0,0.0,0.0,0.0,0.0,3,763,14.510443864229766,0.07891835624060373,0.028841048013418913,0.06711030735944708,60.50255987769924,14.504587155963304,3.0,13.0,0.1111111111111111,0.3333333333333333,0.002132527165942724,0.006397581497828171,0.0786769309202851,0.08637550703715532,0.08979366148356346,0.0,9.651042455629213,11.675221730145859,11.711044865335571,206,0
96,"\\"" Pro-Russian rebels in Donetsk have withdrawn all heavy weapons from the front lines, according to the rebel group Donetsk People's Republic. Ukrainian forces also withdrew all heavy weapons from the front lines in Donetsk, but reported that pro-Russian militants carried out 46 attacks, all of which were repelled. Despite a shaky ceasefire, the conflict in eastern Ukraine has resulted in the deaths of over 6,000 people since April 2014, according to the United Nations Human Rights Office.\\""",11115,66.0179856759496,168.36321020998983,0.1372549019607843,0.8466193675994873,5.391749066882767,58.77533991530072,0.005287929816941136,9,11107,0.0,0,0.0,0.0,0.0,0.0,0.0,0.0,0.0,0.0,0.0,0.0,0.0,0.0,0.0,0.0,0.0,0.0,3,763,14.510443864229766,0.07891835624060373,0.028841048013418913,0.06711030735944708,60.50255987769924,14.504587155963304,3.0,13.0,0.1111111111111111,0.3333333333333333,0.002132527165942724,0.006397581497828171,0.0786769309202851,0.08637550703715532,0.08979366148356346,8.535510487970896,9.651042455629213,11.675221730145859,11.711044865335571,206,0
97,"\\"" Chris Evans, aka Captain America, and Chris Pratt, aka Star-Lord, made a Super Bowl bet where the loser would visit a children's hospital in the winner's city. Pratt visited Boston Children's Hospital in February, and Evans visited Seattle Children's Hospital on Saturday, where they both handed out Marvel action figures and accessories to the kids. During his visit, Evans met a seven-year-old boy named Oskar Oskar Oskar Oskar Oskar Oskar Oskar Oskar Oskyr boy named Osk whom he\\""",11115,66.0179856759496,168.36321020998983,0.2702702702702703,0.8593913316726685,5.391749066882767,58.77533991530072,0.005287929816941136,9,11107,0.0,0,0.0,0.0,0.0,0.0,0.0,0.0,0.0,0.0,0.0,0.0,0.0,0.0,0.0,0.0,0.0,0.0,3,763,14.510443864229766,0.07891835624060373,0.028841048013418913,0.06711030735944708,60.50255987769924,14.504587155963304,3.0,13.0,0.1111111111111111,0.3333333333333333,0.002132527165942724,0.006397581497828171,0.0786769309202851,0.08637550703715532,0.08979366148356346,8.085378388059326,9.651042455629213,11.675221730145859,11.711044865335571,206,0
98,"\\"" The Presbyterian Church (USA) has changed its definition of marriage to include same-sex couples. The new definition says marriage is a unique commitment between two people who love and support each other for the rest of their lives. Though not all members are in support of the change, the change, decision, decision,  decision, some members are in the change, some members, the decision, the change, some members, both conservative documentation, the decision, some members, some members who feel freeing in their church’s insists minority of this change, some members. ， those who do so\\""",11115,66.0179856759496,168.36321020998983,0.016666666666666666,0.7891678810119629,5.391749066882767,58.77533991530072,0.005287929816941136,9,11107,0.0,0,0.0,0.0,0.0,0.0,0.0,0.0,0.0,0.0,0.0,0.0,0.0,0.0,0.0,0.0,0.0,0.0,3,763,14.510443864229766,0.07891835624060373,0.028841048013418913,0.06711030735944708,60.50255987769924,14.504587155963304,3.0,13.0,0.1111111111111111,0.3333333333333333,0.002132527165942724,0.006397581497828171,0.0786769309202851,0.08637550703715532,0.08979366148356346,7.513448524987325,9.651042455629213,11.675221730145859,11.711044865335571,206,0
99,"\\"" Gene Simmons of KISS is partnering up with WWE Studios to start his own horror movie production label, Erebus Pictures. Their first movie, called Temple, will begin filming this summer and will be about operatives trapped in a military compound where strange and scary things begin to happen. Simmons believes that horro movies will continue to fascinate audiences and will do well with the WWE Network's young male fan base. 10/03/2014 16:32:18\\""",11115,66.0179856759496,168.36321020998983,0.061855670103092786,0.8104658126831055,5.391749066882767,58.77533991530072,0.005287929816941136,9,11107,0.0,0,0.0,0.0,0.0,0.0,0.0,0.0,0.0,0.0,0.0,0.0,0.0,0.0,0.0,0.0,0.0,0.0,3,763,14.510443864229766,0.07891835624060373,0.028841048013418913,0.06711030735944708,60.50255987769924,14.504587155963304,3.0,13.0,0.1111111111111111,0.3333333333333333,0.002132527165942724,0.006397581497828171,0.0786769309202851,0.08637550703715532,0.08979366148356346,7.11206435400527,9.651042455629213,11.675221730145859,11.711044865335571,206,0
100,"\\"" The livestreaming app Meerkat has quickly gained popularity and is projected to continue to grow with the goal of eventually expanding to other platforms. Meerkat's CEO Ben Rubin has a vision for the future of the app that includes reaching other platforms such as Facebook or Tumblr. Successful entrepreneurs launching new businesses or products should be flexible and have a good team that can be honestly they can be honestly can give honestly they can give honestly include people they can provide honestlys honestlyes's they can provide honestlyke after trustsInput\\""",11115,66.0179856759496,168.36321020998983,0.05940594059405941,0.8335069417953491,5.391749066882767,58.77533991530072,0.005287929816941136,9,11107,0.0,0,0.0,0.0,0.0,0.0,0.0,0.0,0.0,0.0,0.0,0.0,0.0,0.0,0.0,0.0,0.0,0.0,3,763,14.510443864229766,0.07891835624060373,0.028841048013418913,0.06711030735944708,60.50255987769924,14.504587155963304,3.0,13.0,0.1111111111111111,0.3333333333333333,0.002132527165942724,0.006397581497828171,0.0786769309202851,0.08637550703715532,0.08979366148356346,7.196206078049727,9.651042455629213,11.675221730145859,11.711044865335571,206,0
