seq_id,output,num_output_tokens,time,throughput,rougeL,bert_score,prefill_time,decode_time,tpot,num_ee_tokens,num_no_ee_tokens,avg_conf_score,avg_conf_score_ee,avg_conf_score_non_ee,median_conf_score,median_conf_score_ee,median_conf_score_non_ee,p99_conf_score,p99_conf_score_ee,p99_conf_score_non_ee,p95_conf_score,p95_conf_score_ee,p95_conf_score_non_ee,p90_conf_score,p90_conf_score_ee,p90_conf_score_non_ee,mean_conf_score,mean_conf_score_ee,mean_conf_score_non_ee,num_ee_iter,num_no_ee_iter,tokens_per_iter,avg_normal_iter_time,avg_ee_iter_time,avg_deep_iter_time,total_iter_time,avg_normal_iter_num_output_tokens,avg_ee_iter_num_output_tokens,avg_deep_iter_num_output_tokens,ee_penalty_by_tokens,ee_penalty_by_iter,ee_bert_penalty_by_tokens,ee_bert_penalty_by_iter,tbt_avg,tbt_p95,tbt_p99,request_duration,request_duration_avg,request_duration_p95,request_duration_p99,num_seq_would_ee_but_stay,num_seq_would_not_ee_but_ee
1,"\\"" Four brothers, including ex-Reading defender Sam Sodje, have denied charges of fraudulentále tradingrelated to the Sodje Sports Foundation, a charity aimed at raising money for Nigerian sport, and are set to stand trial in July. lasci nä

names of the brothers are:

Sam Sodje
Efe Sodje
Bright Sodje
Stephen Sodje\\""",7208,66.54186428291723,108.32278412509781,0.08955223880597014,0.82057785987854,5.682272498961538,56.87330576055683,0.007890303240920759,173,7036,0.6707664810463081,0.3763224283854167,0.6858823254609849,0.8848872184753418,0.29931640625,0.8977089524269104,0.00768182635307312,0.0507666015625,0.00766178872436285,0.05143612772226334,0.06134033203125,0.05069279149174691,0.11342074573040009,0.0733642578125,0.12145976573228838,0.7012907901181175,0.38816736474891617,0.7088840551291733,48,935,7.332655137334689,0.06296383852069391,0.03557442396413535,0.0,60.5787613671273,7.524064171122995,3.6041666666666665,0.0,0.003605072668292389,0.012993282741970485,-1.2022139709119774e-05,-4.332979520161919e-05,0.06162641034295758,0.07254110476933419,0.07979090817738324,6.227381239878014,4.955390545229893,8.96637976578204,9.211073808341753,3873,0
2,"\\"" Middlesex's Australian batsman Adam Voges was forced to retire hurt on 86navbar = ""false"" ; midway through a County Championship game against Somerset, potentially causing him to miss the team's upcoming T20 Blast match against Hampshire.\\""",7208,66.54186428291723,108.32278412509781,0.14814814814814814,0.8264548778533936,5.682272498961538,56.87330576055683,0.007890303240920759,173,7036,0.6707664810463081,0.3763224283854167,0.6858823254609849,0.8848872184753418,0.29931640625,0.8977089524269104,0.00768182635307312,0.0507666015625,0.00766178872436285,0.05143612772226334,0.06134033203125,0.05069279149174691,0.11342074573040009,0.0733642578125,0.12145976573228838,0.7012907901181175,0.38816736474891617,0.7088840551291733,48,935,7.332655137334689,0.06296383852069391,0.03557442396413535,0.0,60.5787613671273,7.524064171122995,3.6041666666666665,0.0,0.003605072668292389,0.012993282741970485,-1.2022139709119774e-05,-4.332979520161919e-05,0.06162641034295758,0.07254110476933419,0.07979090817738324,4.259093421045691,4.955390545229893,8.96637976578204,9.211073808341753,3873,0
3,"\\"" Next month's issue of British Vogue will feature a photography portfolio of the Duchess of Cambridge shot by Josh Olins that highlights her love for the Norfolk countryside and her passion for photography, marking the first time the royal has sat for magazine.\\""",7208,66.54186428291723,108.32278412509781,0.06349206349206349,0.8213880658149719,5.682272498961538,56.87330576055683,0.007890303240920759,173,7036,0.6707664810463081,0.3763224283854167,0.6858823254609849,0.8848872184753418,0.29931640625,0.8977089524269104,0.00768182635307312,0.0507666015625,0.00766178872436285,0.05143612772226334,0.06134033203125,0.05069279149174691,0.11342074573040009,0.0733642578125,0.12145976573228838,0.7012907901181175,0.38816736474891617,0.7088840551291733,48,935,7.332655137334689,0.06296383852069391,0.03557442396413535,0.0,60.5787613671273,7.524064171122995,3.6041666666666665,0.0,0.003605072668292389,0.012993282741970485,-1.2022139709119774e-05,-4.332979520161919e-05,0.06162641034295758,0.07254110476933419,0.07979090817738324,4.0974733990151435,4.955390545229893,8.96637976578204,9.211073808341753,3873,0
4,"\\"" Chris Poole, also known as ""moot"", creator of the online forum 4chan, has joined forces with Google to contribute his expertise in community-building, particularly in the area of social networking, after leaving his resignting stepping downing stepping down gave being the resigniting stepping as he stepped down with his departure as the site; Mr Poole arminding downing stepping downplayed by@ Dave Lee Dave Lee approaching has been _враrepor Google'eneighere has announced in a reportedly, Google' chipreme editor note, Google' google plus4chan'Tag\\""",7208,66.54186428291723,108.32278412509781,0.0808080808080808,0.798848032951355,5.682272498961538,56.87330576055683,0.007890303240920759,173,7036,0.6707664810463081,0.3763224283854167,0.6858823254609849,0.8848872184753418,0.29931640625,0.8977089524269104,0.00768182635307312,0.0507666015625,0.00766178872436285,0.05143612772226334,0.06134033203125,0.05069279149174691,0.11342074573040009,0.0733642578125,0.12145976573228838,0.7012907901181175,0.38816736474891617,0.7088840551291733,48,935,7.332655137334689,0.06296383852069391,0.03557442396413535,0.0,60.5787613671273,7.524064171122995,3.6041666666666665,0.0,0.003605072668292389,0.012993282741970485,-1.2022139709119774e-05,-4.332979520161919e-05,0.06162641034295758,0.07254110476933419,0.07979090817738324,8.702723424881697,4.955390545229893,8.96637976578204,9.211073808341753,3873,0
5,"\\"" Five police officers were injured when their car was rammed during a pursuit of two suspects in Belfast requiring six charges of vehicle theft, with the 19-year-old also charged with driving while disqualified and utilizing an uninsured car.\\""",7208,66.54186428291723,108.32278412509781,0.07017543859649122,0.8360961675643921,5.682272498961538,56.87330576055683,0.007890303240920759,173,7036,0.6707664810463081,0.3763224283854167,0.6858823254609849,0.8848872184753418,0.29931640625,0.8977089524269104,0.00768182635307312,0.0507666015625,0.00766178872436285,0.05143612772226334,0.06134033203125,0.05069279149174691,0.11342074573040009,0.0733642578125,0.12145976573228838,0.7012907901181175,0.38816736474891617,0.7088840551291733,48,935,7.332655137334689,0.06296383852069391,0.03557442396413535,0.0,60.5787613671273,7.524064171122995,3.6041666666666665,0.0,0.003605072668292389,0.012993282741970485,-1.2022139709119774e-05,-4.332979520161919e-05,0.06162641034295758,0.07254110476933419,0.07979090817738324,3.876318114809692,4.955390545229893,8.96637976578204,9.211073808341753,3873,0
6,"\\"" A young man was hit by a taxi on High Street in Dundee, Scotland, during a graduation ceremony, and his injuries are not thought to be life-threatening, but the driver of the taxi is uninjured.
The article mentions two locations:
1. Caird Hall.
2. High Street.
Use context clues to determine which location is the most relevant to the article's focus. Summary: A young man was hit by a taxi on High Street in Dundee, Scotland, during a graduation ceremony. Location Most Relevant to\\""",7208,66.54186428291723,108.32278412509781,0.05405405405405404,0.8124529719352722,5.682272498961538,56.87330576055683,0.007890303240920759,173,7036,0.6707664810463081,0.3763224283854167,0.6858823254609849,0.8848872184753418,0.29931640625,0.8977089524269104,0.00768182635307312,0.0507666015625,0.00766178872436285,0.05143612772226334,0.06134033203125,0.05069279149174691,0.11342074573040009,0.0733642578125,0.12145976573228838,0.7012907901181175,0.38816736474891617,0.7088840551291733,48,935,7.332655137334689,0.06296383852069391,0.03557442396413535,0.0,60.5787613671273,7.524064171122995,3.6041666666666665,0.0,0.003605072668292389,0.012993282741970485,-1.2022139709119774e-05,-4.332979520161919e-05,0.06162641034295758,0.07254110476933419,0.07979090817738324,8.704951314954087,4.955390545229893,8.96637976578204,9.211073808341753,3873,0
7,"\\"" In the wake of allegations that Barca misappropriated funds in the £48.6mとな Santos to sign Neymar, president Sandro Rosell announced his resignation to allow the club's board of directors to focus on internal issues without distraction.
The article is about Rosell's resign's resign's resignation of FC Barcelona Club president of Barcais that has resign's resignation of Barcelona president resignation of resignation' statunitense, who has announced his resignation of injury to win and his resignation.
resident Ledboard of\\""",7208,66.54186428291723,108.32278412509781,0.05714285714285714,0.8141837120056152,5.682272498961538,56.87330576055683,0.007890303240920759,173,7036,0.6707664810463081,0.3763224283854167,0.6858823254609849,0.8848872184753418,0.29931640625,0.8977089524269104,0.00768182635307312,0.0507666015625,0.00766178872436285,0.05143612772226334,0.06134033203125,0.05069279149174691,0.11342074573040009,0.0733642578125,0.12145976573228838,0.7012907901181175,0.38816736474891617,0.7088840551291733,48,935,7.332655137334689,0.06296383852069391,0.03557442396413535,0.0,60.5787613671273,7.524064171122995,3.6041666666666665,0.0,0.003605072668292389,0.012993282741970485,-1.2022139709119774e-05,-4.332979520161919e-05,0.06162641034295758,0.07254110476933419,0.07979090817738324,8.707302705850452,4.955390545229893,8.96637976578204,9.211073808341753,3873,0
8,"\\"" London Councils said that under the government's planned National Funding Formula, the city's 1 thousand 5 hundred 36 schools would have to save 360 million pounds in the first year, which is equivalent to 12 thousand 8 hundred thousand 57 qualified teachers, on an average salary of 28 thousand pounds, to compensate for increasing cost for the cost for the increased cost pressure from the increased cost for increased cost pressures the increased cost pressured for increased cost press release funding 300000000000 pounds, which would\\""",7208,66.54186428291723,108.32278412509781,0.03508771929824561,0.789900541305542,5.682272498961538,56.87330576055683,0.007890303240920759,173,7036,0.6707664810463081,0.3763224283854167,0.6858823254609849,0.8848872184753418,0.29931640625,0.8977089524269104,0.00768182635307312,0.0507666015625,0.00766178872436285,0.05143612772226334,0.06134033203125,0.05069279149174691,0.11342074573040009,0.0733642578125,0.12145976573228838,0.7012907901181175,0.38816736474891617,0.7088840551291733,48,935,7.332655137334689,0.06296383852069391,0.03557442396413535,0.0,60.5787613671273,7.524064171122995,3.6041666666666665,0.0,0.003605072668292389,0.012993282741970485,-1.2022139709119774e-05,-4.332979520161919e-05,0.06162641034295758,0.07254110476933419,0.07979090817738324,8.709621126996353,4.955390545229893,8.96637976578204,9.211073808341753,3873,0
9,"\\"" Burns and Roy led Surrey to a strong position on the first day of their County Championship match against Middlesex, with Burns making 88 and Roy reaching a century as they overcame early setbacks to finish on 384-8. Is there anything else you would like to know?
Yes, I would like to know more about the match so far. Here's a summary of the first day's play:
The match started at the Oval on Tuesday, with Middlesex choosing to bowl first after winning the toss. Surrey openers Z\\""",7208,66.54186428291723,108.32278412509781,0.10084033613445377,0.8298579454421997,5.682272498961538,56.87330576055683,0.007890303240920759,173,7036,0.6707664810463081,0.3763224283854167,0.6858823254609849,0.8848872184753418,0.29931640625,0.8977089524269104,0.00768182635307312,0.0507666015625,0.00766178872436285,0.05143612772226334,0.06134033203125,0.05069279149174691,0.11342074573040009,0.0733642578125,0.12145976573228838,0.7012907901181175,0.38816736474891617,0.7088840551291733,48,935,7.332655137334689,0.06296383852069391,0.03557442396413535,0.0,60.5787613671273,7.524064171122995,3.6041666666666665,0.0,0.003605072668292389,0.012993282741970485,-1.2022139709119774e-05,-4.332979520161919e-05,0.06162641034295758,0.07254110476933419,0.07979090817738324,9.15331547614187,4.955390545229893,8.96637976578204,9.211073808341753,3873,0
10,"\\"" Microsoft has announced that it will end support for playing media files in Office applications on Apple devices, including iPhones and iPads, starting from Jan 2015.\\""",7208,66.54186428291723,108.32278412509781,0.04166666666666667,0.8519294261932373,5.682272498961538,56.87330576055683,0.007890303240920759,173,7036,0.6707664810463081,0.3763224283854167,0.6858823254609849,0.8848872184753418,0.29931640625,0.8977089524269104,0.00768182635307312,0.0507666015625,0.00766178872436285,0.05143612772226334,0.06134033203125,0.05069279149174691,0.11342074573040009,0.0733642578125,0.12145976573228838,0.7012907901181175,0.38816736474891617,0.7088840551291733,48,935,7.332655137334689,0.06296383852069391,0.03557442396413535,0.0,60.5787613671273,7.524064171122995,3.6041666666666665,0.0,0.003605072668292389,0.012993282741970485,-1.2022139709119774e-05,-4.332979520161919e-05,0.06162641034295758,0.07254110476933419,0.07979090817738324,2.5253353151492774,4.955390545229893,8.96637976578204,9.211073808341753,3873,0
11,"\\"" Ann Barnes is stepping down as Kent Police and Crime Commissioner after serving a single term, she reflects on her time in office as a success despite some controversies, highlighting the force's target-free service, victim-centred approach, and open culture, and expresses pride in the new victim centre.\\""",7208,66.54186428291723,108.32278412509781,0.10256410256410256,0.8288214206695557,5.682272498961538,56.87330576055683,0.007890303240920759,173,7036,0.6707664810463081,0.3763224283854167,0.6858823254609849,0.8848872184753418,0.29931640625,0.8977089524269104,0.00768182635307312,0.0507666015625,0.00766178872436285,0.05143612772226334,0.06134033203125,0.05069279149174691,0.11342074573040009,0.0733642578125,0.12145976573228838,0.7012907901181175,0.38816736474891617,0.7088840551291733,48,935,7.332655137334689,0.06296383852069391,0.03557442396413535,0.0,60.5787613671273,7.524064171122995,3.6041666666666665,0.0,0.003605072668292389,0.012993282741970485,-1.2022139709119774e-05,-4.332979520161919e-05,0.06162641034295758,0.07254110476933419,0.07979090817738324,4.694057711865753,4.955390545229893,8.96637976578204,9.211073808341753,3873,0
12,"\\"" A man grabbed a child's bag outside Heronsgate School in Lichfield Down, Walnut Tree, and said ""you're coming with me"" before the pupil broke free, and the incident has been reported to the police for investigation.\\""",7208,66.54186428291723,108.32278412509781,0.09836065573770492,0.8242489695549011,5.682272498961538,56.87330576055683,0.007890303240920759,173,7036,0.6707664810463081,0.3763224283854167,0.6858823254609849,0.8848872184753418,0.29931640625,0.8977089524269104,0.00768182635307312,0.0507666015625,0.00766178872436285,0.05143612772226334,0.06134033203125,0.05069279149174691,0.11342074573040009,0.0733642578125,0.12145976573228838,0.7012907901181175,0.38816736474891617,0.7088840551291733,48,935,7.332655137334689,0.06296383852069391,0.03557442396413535,0.0,60.5787613671273,7.524064171122995,3.6041666666666665,0.0,0.003605072668292389,0.012993282741970485,-1.2022139709119774e-05,-4.332979520161919e-05,0.06162641034295758,0.07254110476933419,0.07979090817738324,3.9324531180318445,4.955390545229893,8.96637976578204,9.211073808341753,3873,0
13,"\\"" Newport County manager John Sheridan is confident of finding a new goalkeeper after the departure of Rhys Taylor to Wrexham, and has confirmed that defender Janoi Donacien has extended his loan spell until January.\\""",7208,66.54186428291723,108.32278412509781,0.07843137254901962,0.8318952918052673,5.682272498961538,56.87330576055683,0.007890303240920759,173,7036,0.6707664810463081,0.3763224283854167,0.6858823254609849,0.8848872184753418,0.29931640625,0.8977089524269104,0.00768182635307312,0.0507666015625,0.00766178872436285,0.05143612772226334,0.06134033203125,0.05069279149174691,0.11342074573040009,0.0733642578125,0.12145976573228838,0.7012907901181175,0.38816736474891617,0.7088840551291733,48,935,7.332655137334689,0.06296383852069391,0.03557442396413535,0.0,60.5787613671273,7.524064171122995,3.6041666666666665,0.0,0.003605072668292389,0.012993282741970485,-1.2022139709119774e-05,-4.332979520161919e-05,0.06162641034295758,0.07254110476933419,0.07979090817738324,3.627904089866206,4.955390545229893,8.96637976578204,9.211073808341753,3873,0
14,"\\"" New Mills, a team in the eighth-tier Northern Premier League Division One North, has lost all 19 games this season, with three managers leaving and a new boss Garry Brown attempting to turn things around despite budget constraints.\\""",7208,66.54186428291723,108.32278412509781,0.1016949152542373,0.8445574641227722,5.682272498961538,56.87330576055683,0.007890303240920759,173,7036,0.6707664810463081,0.3763224283854167,0.6858823254609849,0.8848872184753418,0.29931640625,0.8977089524269104,0.00768182635307312,0.0507666015625,0.00766178872436285,0.05143612772226334,0.06134033203125,0.05069279149174691,0.11342074573040009,0.0733642578125,0.12145976573228838,0.7012907901181175,0.38816736474891617,0.7088840551291733,48,935,7.332655137334689,0.06296383852069391,0.03557442396413535,0.0,60.5787613671273,7.524064171122995,3.6041666666666665,0.0,0.003605072668292389,0.012993282741970485,-1.2022139709119774e-05,-4.332979520161919e-05,0.06162641034295758,0.07254110476933419,0.07979090817738324,3.75548955402337,4.955390545229893,8.96637976578204,9.211073808341753,3873,0
15,"\\"" Conservative MP Ben Howlett is concerned about the public's lack of awareness and engagement with the upcoming referendum on whether to introduce a directly elected mayor for Bath and North East Somerset, and has expressed worry about the level of misinformation about the issue.\\""",7208,66.54186428291723,108.32278412509781,0.12121212121212122,0.8433441519737244,5.682272498961538,56.87330576055683,0.007890303240920759,173,7036,0.6707664810463081,0.3763224283854167,0.6858823254609849,0.8848872184753418,0.29931640625,0.8977089524269104,0.00768182635307312,0.0507666015625,0.00766178872436285,0.05143612772226334,0.06134033203125,0.05069279149174691,0.11342074573040009,0.0733642578125,0.12145976573228838,0.7012907901181175,0.38816736474891617,0.7088840551291733,48,935,7.332655137334689,0.06296383852069391,0.03557442396413535,0.0,60.5787613671273,7.524064171122995,3.6041666666666665,0.0,0.003605072668292389,0.012993282741970485,-1.2022139709119774e-05,-4.332979520161919e-05,0.06162641034295758,0.07254110476933419,0.07979090817738324,4.173915234161541,4.955390545229893,8.96637976578204,9.211073808341753,3873,0
16,"\\"" ...
A summary of the article in one sentence might be:
""Wales has made few changes to their lineup for their match against Italy, with Justin Tipuric, Luke Charteric, Luke Charteric, Luke Charteric, Luke Chartericuricuricuricy, Luke Charterium, Luke Charter, Luke Charter fail, Alunforthrevolley in place after the sixth time against Italy, with only article, with theTo appear against England, with only-Summarry in Summarriage.
 Summary\\""",7208,66.54186428291723,108.32278412509781,0.04597701149425287,0.7902780771255493,5.682272498961538,56.87330576055683,0.007890303240920759,173,7036,0.6707664810463081,0.3763224283854167,0.6858823254609849,0.8848872184753418,0.29931640625,0.8977089524269104,0.00768182635307312,0.0507666015625,0.00766178872436285,0.05143612772226334,0.06134033203125,0.05069279149174691,0.11342074573040009,0.0733642578125,0.12145976573228838,0.7012907901181175,0.38816736474891617,0.7088840551291733,48,935,7.332655137334689,0.06296383852069391,0.03557442396413535,0.0,60.5787613671273,7.524064171122995,3.6041666666666665,0.0,0.003605072668292389,0.012993282741970485,-1.2022139709119774e-05,-4.332979520161919e-05,0.06162641034295758,0.07254110476933419,0.07979090817738324,8.735761363990605,4.955390545229893,8.96637976578204,9.211073808341753,3873,0
17,"\\"" The new trailer for Star Wars spin-off Rogue One: A Star Wars Story has been released, featuring the voice of Forest Whitaker and showing Felicity Jones as the leader of a Rebel mission to steal the plans for the Death Star.\\""",7208,66.54186428291723,108.32278412509781,0.15873015873015875,0.8284836411476135,5.682272498961538,56.87330576055683,0.007890303240920759,173,7036,0.6707664810463081,0.3763224283854167,0.6858823254609849,0.8848872184753418,0.29931640625,0.8977089524269104,0.00768182635307312,0.0507666015625,0.00766178872436285,0.05143612772226334,0.06134033203125,0.05069279149174691,0.11342074573040009,0.0733642578125,0.12145976573228838,0.7012907901181175,0.38816736474891617,0.7088840551291733,48,935,7.332655137334689,0.06296383852069391,0.03557442396413535,0.0,60.5787613671273,7.524064171122995,3.6041666666666665,0.0,0.003605072668292389,0.012993282741970485,-1.2022139709119774e-05,-4.332979520161919e-05,0.06162641034295758,0.07254110476933419,0.07979090817738324,3.7673838390037417,4.955390545229893,8.96637976578204,9.211073808341753,3873,0
18,"\\"" Inverness man John MacIntosh was sentenced to a minimum of 10 years in jail for four serious sexual offences against women and children.\\""",7208,66.54186428291723,108.32278412509781,0.0,0.8308383822441101,5.682272498961538,56.87330576055683,0.007890303240920759,173,7036,0.6707664810463081,0.3763224283854167,0.6858823254609849,0.8848872184753418,0.29931640625,0.8977089524269104,0.00768182635307312,0.0507666015625,0.00766178872436285,0.05143612772226334,0.06134033203125,0.05069279149174691,0.11342074573040009,0.0733642578125,0.12145976573228838,0.7012907901181175,0.38816736474891617,0.7088840551291733,48,935,7.332655137334689,0.06296383852069391,0.03557442396413535,0.0,60.5787613671273,7.524064171122995,3.6041666666666665,0.0,0.003605072668292389,0.012993282741970485,-1.2022139709119774e-05,-4.332979520161919e-05,0.06162641034295758,0.07254110476933419,0.07979090817738324,2.3659484318923205,4.955390545229893,8.96637976578204,9.211073808341753,3873,0
19,"\\"" Two Afghan policemen were killed in a friendly fire incident during a joint operation with US forces in Helmand, Afghanistan, and a US soldier was wounded in a separate attack by an Afghan commando; the Taliban and Islamic State militants operate in Afghanistan militants operate in Afghanistan militants are active in the groups are active in the militants operate in theidirected claim responsibility for are active in the того many areas are active in Achin a US President Donald Trump' Ansboldingenergence Forces have been reportedly Afghan officials say 2 Use forcemadvisedrumit islamand the\\""",7208,66.54186428291723,108.32278412509781,0.06956521739130435,0.7848170399665833,5.682272498961538,56.87330576055683,0.007890303240920759,173,7036,0.6707664810463081,0.3763224283854167,0.6858823254609849,0.8848872184753418,0.29931640625,0.8977089524269104,0.00768182635307312,0.0507666015625,0.00766178872436285,0.05143612772226334,0.06134033203125,0.05069279149174691,0.11342074573040009,0.0733642578125,0.12145976573228838,0.7012907901181175,0.38816736474891617,0.7088840551291733,48,935,7.332655137334689,0.06296383852069391,0.03557442396413535,0.0,60.5787613671273,7.524064171122995,3.6041666666666665,0.0,0.003605072668292389,0.012993282741970485,-1.2022139709119774e-05,-4.332979520161919e-05,0.06162641034295758,0.07254110476933419,0.07979090817738324,9.209650853881612,4.955390545229893,8.96637976578204,9.211073808341753,3873,0
20,"\\"" On Monday evening, a Spanish tourist and her companion were attacked by men who were consuming liquor in Pushkar, India, and the woman was torn off her clothes and seriously injured, prompting widespread outrage and highlighting the increasing number of rapes and attacks reported in India.\\""",7208,66.54186428291723,108.32278412509781,0.125,0.8573912978172302,5.682272498961538,56.87330576055683,0.007890303240920759,173,7036,0.6707664810463081,0.3763224283854167,0.6858823254609849,0.8848872184753418,0.29931640625,0.8977089524269104,0.00768182635307312,0.0507666015625,0.00766178872436285,0.05143612772226334,0.06134033203125,0.05069279149174691,0.11342074573040009,0.0733642578125,0.12145976573228838,0.7012907901181175,0.38816736474891617,0.7088840551291733,48,935,7.332655137334689,0.06296383852069391,0.03557442396413535,0.0,60.5787613671273,7.524064171122995,3.6041666666666665,0.0,0.003605072668292389,0.012993282741970485,-1.2022139709119774e-05,-4.332979520161919e-05,0.06162641034295758,0.07254110476933419,0.07979090817738324,4.68918433599174,4.955390545229893,8.96637976578204,9.211073808341753,3873,0
21,"\\"" Cathay Pacific, one of the largest cargo airlines in the world, has banned the transportation of shark fin effective immediately, citing a decision not to approve any shark fin shipment requests in the last year, and joins other major airlines that have also banned shark fin transportation.\\""",7208,66.54186428291723,108.32278412509781,0.02898550724637681,0.83329176902771,5.682272498961538,56.87330576055683,0.007890303240920759,173,7036,0.6707664810463081,0.3763224283854167,0.6858823254609849,0.8848872184753418,0.29931640625,0.8977089524269104,0.00768182635307312,0.0507666015625,0.00766178872436285,0.05143612772226334,0.06134033203125,0.05069279149174691,0.11342074573040009,0.0733642578125,0.12145976573228838,0.7012907901181175,0.38816736474891617,0.7088840551291733,48,935,7.332655137334689,0.06296383852069391,0.03557442396413535,0.0,60.5787613671273,7.524064171122995,3.6041666666666665,0.0,0.003605072668292389,0.012993282741970485,-1.2022139709119774e-05,-4.332979520161919e-05,0.06162641034295758,0.07254110476933419,0.07979090817738324,4.861730695934966,4.955390545229893,8.96637976578204,9.211073808341753,3873,0
22,"\\"" Chester Football Club has signed their first summer player, Harry White, a 22-year-old striker from Solihull Moors, and has also made an offer to coach Chris Iwelumo to remain with the club.\\""",7208,66.54186428291723,108.32278412509781,0.10909090909090909,0.830685555934906,5.682272498961538,56.87330576055683,0.007890303240920759,173,7036,0.6707664810463081,0.3763224283854167,0.6858823254609849,0.8848872184753418,0.29931640625,0.8977089524269104,0.00768182635307312,0.0507666015625,0.00766178872436285,0.05143612772226334,0.06134033203125,0.05069279149174691,0.11342074573040009,0.0733642578125,0.12145976573228838,0.7012907901181175,0.38816736474891617,0.7088840551291733,48,935,7.332655137334689,0.06296383852069391,0.03557442396413535,0.0,60.5787613671273,7.524064171122995,3.6041666666666665,0.0,0.003605072668292389,0.012993282741970485,-1.2022139709119774e-05,-4.332979520161919e-05,0.06162641034295758,0.07254110476933419,0.07979090817738324,3.746188819874078,4.955390545229893,8.96637976578204,9.211073808341753,3873,0
23,"\\"" A well-preserved 5,500-year-old Neolithic axe was discovered in Rodbyhavn, Denmark, during archaeological surveys ahead of a multi-billion euro tunnel project.\\""",7208,66.54186428291723,108.32278412509781,0.12244897959183673,0.8402566909790039,5.682272498961538,56.87330576055683,0.007890303240920759,173,7036,0.6707664810463081,0.3763224283854167,0.6858823254609849,0.8848872184753418,0.29931640625,0.8977089524269104,0.00768182635307312,0.0507666015625,0.00766178872436285,0.05143612772226334,0.06134033203125,0.05069279149174691,0.11342074573040009,0.0733642578125,0.12145976573228838,0.7012907901181175,0.38816736474891617,0.7088840551291733,48,935,7.332655137334689,0.06296383852069391,0.03557442396413535,0.0,60.5787613671273,7.524064171122995,3.6041666666666665,0.0,0.003605072668292389,0.012993282741970485,-1.2022139709119774e-05,-4.332979520161919e-05,0.06162641034295758,0.07254110476933419,0.07979090817738324,3.749648756114766,4.955390545229893,8.96637976578204,9.211073808341753,3873,0
24,"\\"" The Guernsey government is charging for the use of its hyperbaric chamber, which treats divers with the bends, for the first time in an effort to balance the books, but the move has been met with concern from the diving community who fear it may deter people from seeking treatment.\\""",7208,66.54186428291723,108.32278412509781,0.058823529411764705,0.8318951725959778,5.682272498961538,56.87330576055683,0.007890303240920759,173,7036,0.6707664810463081,0.3763224283854167,0.6858823254609849,0.8848872184753418,0.29931640625,0.8977089524269104,0.00768182635307312,0.0507666015625,0.00766178872436285,0.05143612772226334,0.06134033203125,0.05069279149174691,0.11342074573040009,0.0733642578125,0.12145976573228838,0.7012907901181175,0.38816736474891617,0.7088840551291733,48,935,7.332655137334689,0.06296383852069391,0.03557442396413535,0.0,60.5787613671273,7.524064171122995,3.6041666666666665,0.0,0.003605072668292389,0.012993282741970485,-1.2022139709119774e-05,-4.332979520161919e-05,0.06162641034295758,0.07254110476933419,0.07979090817738324,4.640116008929908,4.955390545229893,8.96637976578204,9.211073808341753,3873,0
25,"\\"" Thrown into the spotlight after his first Test appearance in two years, Eranga has been requested to undergo testing within 14 days after his suspect action was reported, and he can continue to bowl until the results are known. What does the word suspect mean in this context? In this context, suspect means that the International Cricket Council (ICC) has noticed that Eranga's bowling action may be against the rules of the game, and therefore they have requested him to undergo testing to determine whether his action is legal or not. What are the rules regarding bowling actions in cricket? The rules\\""",7208,66.54186428291723,108.32278412509781,0.07692307692307691,0.834021806716919,5.682272498961538,56.87330576055683,0.007890303240920759,173,7036,0.6707664810463081,0.3763224283854167,0.6858823254609849,0.8848872184753418,0.29931640625,0.8977089524269104,0.00768182635307312,0.0507666015625,0.00766178872436285,0.05143612772226334,0.06134033203125,0.05069279149174691,0.11342074573040009,0.0733642578125,0.12145976573228838,0.7012907901181175,0.38816736474891617,0.7088840551291733,48,935,7.332655137334689,0.06296383852069391,0.03557442396413535,0.0,60.5787613671273,7.524064171122995,3.6041666666666665,0.0,0.003605072668292389,0.012993282741970485,-1.2022139709119774e-05,-4.332979520161919e-05,0.06162641034295758,0.07254110476933419,0.07979090817738324,8.961458852048963,4.955390545229893,8.96637976578204,9.211073808341753,3873,0
26,"\\"" A clothing store in India that was named after Adolf Hitler has shut down and will reopen under a different name after backlash from the government and the public. What was the main reason for the backlash? The main reason for the backlash was that the name of the store was seen as offensive and glorifying Nazi ideology. 
What was the co-owner's explanation for why they chose the name? The co-owner, Manish Chandani, explained that the name was a tribute to his grandfather who was nicknamed Hitler because he was strict. Did the own\\""",7208,66.54186428291723,108.32278412509781,0.06722689075630252,0.8203974962234497,5.682272498961538,56.87330576055683,0.007890303240920759,173,7036,0.6707664810463081,0.3763224283854167,0.6858823254609849,0.8848872184753418,0.29931640625,0.8977089524269104,0.00768182635307312,0.0507666015625,0.00766178872436285,0.05143612772226334,0.06134033203125,0.05069279149174691,0.11342074573040009,0.0733642578125,0.12145976573228838,0.7012907901181175,0.38816736474891617,0.7088840551291733,48,935,7.332655137334689,0.06296383852069391,0.03557442396413535,0.0,60.5787613671273,7.524064171122995,3.6041666666666665,0.0,0.003605072668292389,0.012993282741970485,-1.2022139709119774e-05,-4.332979520161919e-05,0.06162641034295758,0.07254110476933419,0.07979090817738324,8.888521424960345,4.955390545229893,8.96637976578204,9.211073808341753,3873,0
27,"\\"" The young English football player, Jordan Lee, has joined Championship side Barnsley on a undisclosed-length contract after two loan spells in League One last season.\\""",7208,66.54186428291723,108.32278412509781,0.08333333333333334,0.8250096440315247,5.682272498961538,56.87330576055683,0.007890303240920759,173,7036,0.6707664810463081,0.3763224283854167,0.6858823254609849,0.8848872184753418,0.29931640625,0.8977089524269104,0.00768182635307312,0.0507666015625,0.00766178872436285,0.05143612772226334,0.06134033203125,0.05069279149174691,0.11342074573040009,0.0733642578125,0.12145976573228838,0.7012907901181175,0.38816736474891617,0.7088840551291733,48,935,7.332655137334689,0.06296383852069391,0.03557442396413535,0.0,60.5787613671273,7.524064171122995,3.6041666666666665,0.0,0.003605072668292389,0.012993282741970485,-1.2022139709119774e-05,-4.332979520161919e-05,0.06162641034295758,0.07254110476933419,0.07979090817738324,2.4385560220107436,4.955390545229893,8.96637976578204,9.211073808341753,3873,0
28,"\\"" A 64-year-old media consultant from Northern Ireland named Mr Hunter was killed in a road accident in an Arab state while working for the organization NI-CO.
.. Article: South Notts Hospice Sunday Afternoon Concerts.
.. 4pm in the beautiful gardens at Willowbrook, Upwell, near Mablethorpe.
.. Admission (including programme): £8.00 Concessions: £6.00 Please note: No admission after 5pm.
.. Summarize the article in oneettiimpt Log in or\\""",7208,66.54186428291723,108.32278412509781,0.04494382022471909,0.8085667490959167,5.682272498961538,56.87330576055683,0.007890303240920759,173,7036,0.6707664810463081,0.3763224283854167,0.6858823254609849,0.8848872184753418,0.29931640625,0.8977089524269104,0.00768182635307312,0.0507666015625,0.00766178872436285,0.05143612772226334,0.06134033203125,0.05069279149174691,0.11342074573040009,0.0733642578125,0.12145976573228838,0.7012907901181175,0.38816736474891617,0.7088840551291733,48,935,7.332655137334689,0.06296383852069391,0.03557442396413535,0.0,60.5787613671273,7.524064171122995,3.6041666666666665,0.0,0.003605072668292389,0.012993282741970485,-1.2022139709119774e-05,-4.332979520161919e-05,0.06162641034295758,0.07254110476933419,0.07979090817738324,8.938487692037597,4.955390545229893,8.96637976578204,9.211073808341753,3873,0
29,"\\"" RWE Innogy UK has resubmitted plans for a wind farm in the Scottish Borders, after the original plans were rejected last year due to environmental concerns.
1 Which of the following statements is FALSE? A) The original plans were rejected due to environmental concerns
B) The new plans have taken into account the Scottish government’s concerns
C) The new plans are for a smaller wind farm than the original plans
D) The new plans are for a wind farm in the same location as the original plans
Answer: C) The new plans are for a smaller wind farm than the original plans.
The text\\""",7208,66.54186428291723,108.32278412509781,0.078125,0.8228323459625244,5.682272498961538,56.87330576055683,0.007890303240920759,173,7036,0.6707664810463081,0.3763224283854167,0.6858823254609849,0.8848872184753418,0.29931640625,0.8977089524269104,0.00768182635307312,0.0507666015625,0.00766178872436285,0.05143612772226334,0.06134033203125,0.05069279149174691,0.11342074573040009,0.0733642578125,0.12145976573228838,0.7012907901181175,0.38816736474891617,0.7088840551291733,48,935,7.332655137334689,0.06296383852069391,0.03557442396413535,0.0,60.5787613671273,7.524064171122995,3.6041666666666665,0.0,0.003605072668292389,0.012993282741970485,-1.2022139709119774e-05,-4.332979520161919e-05,0.06162641034295758,0.07254110476933419,0.07979090817738324,8.941821686923504,4.955390545229893,8.96637976578204,9.211073808341753,3873,0
30,"\\"" Wasps have signed Kyle Eastmond, a 27-year-old centre who has played for England and Bath, to a undisclosed deal.\\""",7208,66.54186428291723,108.32278412509781,0.05128205128205128,0.8351733684539795,5.682272498961538,56.87330576055683,0.007890303240920759,173,7036,0.6707664810463081,0.3763224283854167,0.6858823254609849,0.8848872184753418,0.29931640625,0.8977089524269104,0.00768182635307312,0.0507666015625,0.00766178872436285,0.05143612772226334,0.06134033203125,0.05069279149174691,0.11342074573040009,0.0733642578125,0.12145976573228838,0.7012907901181175,0.38816736474891617,0.7088840551291733,48,935,7.332655137334689,0.06296383852069391,0.03557442396413535,0.0,60.5787613671273,7.524064171122995,3.6041666666666665,0.0,0.003605072668292389,0.012993282741970485,-1.2022139709119774e-05,-4.332979520161919e-05,0.06162641034295758,0.07254110476933419,0.07979090817738324,2.283254158915952,4.955390545229893,8.96637976578204,9.211073808341753,3873,0
31,"\\"" Middlesbrough Mayor Dave Mallon challenges two local councillors, Len Junier and Christine Bell, to provide evidence to support assertions that the sell of land at Acklam Hall was ""dodgy"", following their criticism on social media and in council meetings. \\""",7208,66.54186428291723,108.32278412509781,0.0,0.8049942851066589,5.682272498961538,56.87330576055683,0.007890303240920759,173,7036,0.6707664810463081,0.3763224283854167,0.6858823254609849,0.8848872184753418,0.29931640625,0.8977089524269104,0.00768182635307312,0.0507666015625,0.00766178872436285,0.05143612772226334,0.06134033203125,0.05069279149174691,0.11342074573040009,0.0733642578125,0.12145976573228838,0.7012907901181175,0.38816736474891617,0.7088840551291733,48,935,7.332655137334689,0.06296383852069391,0.03557442396413535,0.0,60.5787613671273,7.524064171122995,3.6041666666666665,0.0,0.003605072668292389,0.012993282741970485,-1.2022139709119774e-05,-4.332979520161919e-05,0.06162641034295758,0.07254110476933419,0.07979090817738324,4.107209162088111,4.955390545229893,8.96637976578204,9.211073808341753,3873,0
32,"\\"" The US economy grew at an annualized rate of 1.4 bekopensing the first quarter, which was an upward revision from the previous estimate, but still marked a slowdown from the previous quarter, and many predict growth for the year will fall short of President Trump's 3% goal.\\""",7208,66.54186428291723,108.32278412509781,0.03333333333333333,0.7962555885314941,5.682272498961538,56.87330576055683,0.007890303240920759,173,7036,0.6707664810463081,0.3763224283854167,0.6858823254609849,0.8848872184753418,0.29931640625,0.8977089524269104,0.00768182635307312,0.0507666015625,0.00766178872436285,0.05143612772226334,0.06134033203125,0.05069279149174691,0.11342074573040009,0.0733642578125,0.12145976573228838,0.7012907901181175,0.38816736474891617,0.7088840551291733,48,935,7.332655137334689,0.06296383852069391,0.03557442396413535,0.0,60.5787613671273,7.524064171122995,3.6041666666666665,0.0,0.003605072668292389,0.012993282741970485,-1.2022139709119774e-05,-4.332979520161919e-05,0.06162641034295758,0.07254110476933419,0.07979090817738324,4.423287831014022,4.955390545229893,8.96637976578204,9.211073808341753,3873,0
33,"\\"" Chris Norton, a business owner in Walsall, has been documenting and sharing on Twitter the repeated instances of men using the wall of his building as a toilet, which has been happening up to five times a day for over two months, and Walsall Council is investigating and looking to establish a public space protection order to combat anti-social behavior.\\""",7208,66.54186428291723,108.32278412509781,0.16091954022988506,0.8700031042098999,5.682272498961538,56.87330576055683,0.007890303240920759,173,7036,0.6707664810463081,0.3763224283854167,0.6858823254609849,0.8848872184753418,0.29931640625,0.8977089524269104,0.00768182635307312,0.0507666015625,0.00766178872436285,0.05143612772226334,0.06134033203125,0.05069279149174691,0.11342074573040009,0.0733642578125,0.12145976573228838,0.7012907901181175,0.38816736474891617,0.7088840551291733,48,935,7.332655137334689,0.06296383852069391,0.03557442396413535,0.0,60.5787613671273,7.524064171122995,3.6041666666666665,0.0,0.003605072668292389,0.012993282741970485,-1.2022139709119774e-05,-4.332979520161919e-05,0.06162641034295758,0.07254110476933419,0.07979090817738324,5.383009650046006,4.955390545229893,8.96637976578204,9.211073808341753,3873,0
34,"\\"" The Salomon Glen Coe Skyline will be part of the 2016 Skyrunner World Series, taking place in September, after its successful inaugural event in 2015, with the men's and women's winners being Joe Symonds and Emelie Forsberg respectively.\\""",7208,66.54186428291723,108.32278412509781,0.10169491525423728,0.8126060366630554,5.682272498961538,56.87330576055683,0.007890303240920759,173,7036,0.6707664810463081,0.3763224283854167,0.6858823254609849,0.8848872184753418,0.29931640625,0.8977089524269104,0.00768182635307312,0.0507666015625,0.00766178872436285,0.05143612772226334,0.06134033203125,0.05069279149174691,0.11342074573040009,0.0733642578125,0.12145976573228838,0.7012907901181175,0.38816736474891617,0.7088840551291733,48,935,7.332655137334689,0.06296383852069391,0.03557442396413535,0.0,60.5787613671273,7.524064171122995,3.6041666666666665,0.0,0.003605072668292389,0.012993282741970485,-1.2022139709119774e-05,-4.332979520161919e-05,0.06162641034295758,0.07254110476933419,0.07979090817738324,4.588258936069906,4.955390545229893,8.96637976578204,9.211073808341753,3873,0
35,"\\"" Gary Haggarty, a former UVF commander and police informant, will not face prosecution for three alleged offences related to possessing explosives and firearms, and hisourt will decide if he has a case to answer in November.
Article's Main Point: The case against Gary Haggarty, a former UVF commander and police informant, will proceed in November, but he will not face a not face no longer be challengedot be challenging face no longer face no longer face no longer face no longer face no longer face no in a Challenge the case will not face\\""",7208,66.54186428291723,108.32278412509781,0.10714285714285714,0.8160560131072998,5.682272498961538,56.87330576055683,0.007890303240920759,173,7036,0.6707664810463081,0.3763224283854167,0.6858823254609849,0.8848872184753418,0.29931640625,0.8977089524269104,0.00768182635307312,0.0507666015625,0.00766178872436285,0.05143612772226334,0.06134033203125,0.05069279149174691,0.11342074573040009,0.0733642578125,0.12145976573228838,0.7012907901181175,0.38816736474891617,0.7088840551291733,48,935,7.332655137334689,0.06296383852069391,0.03557442396413535,0.0,60.5787613671273,7.524064171122995,3.6041666666666665,0.0,0.003605072668292389,0.012993282741970485,-1.2022139709119774e-05,-4.332979520161919e-05,0.06162641034295758,0.07254110476933419,0.07979090817738324,8.900813952088356,4.955390545229893,8.96637976578204,9.211073808341753,3873,0
36,"\\""\\""",7208,66.54186428291723,108.32278412509781,0.0,0.7861995100975037,5.682272498961538,56.87330576055683,0.007890303240920759,173,7036,0.6707664810463081,0.3763224283854167,0.6858823254609849,0.8848872184753418,0.29931640625,0.8977089524269104,0.00768182635307312,0.0507666015625,0.00766178872436285,0.05143612772226334,0.06134033203125,0.05069279149174691,0.11342074573040009,0.0733642578125,0.12145976573228838,0.7012907901181175,0.38816736474891617,0.7088840551291733,48,935,7.332655137334689,0.06296383852069391,0.03557442396413535,0.0,60.5787613671273,7.524064171122995,3.6041666666666665,0.0,0.003605072668292389,0.012993282741970485,-1.2022139709119774e-05,-4.332979520161919e-05,0.06162641034295758,0.07254110476933419,0.07979090817738324,0.0,4.955390545229893,8.96637976578204,9.211073808341753,3873,0
37,"\\"" Major supermarkets such as Tesco and Morrisons have reduced their fuel prices by 2p per litre, but motorists have been warned that prices may vary in different areas andmsgargll.\\""",7208,66.54186428291723,108.32278412509781,0.03773584905660377,0.8295266628265381,5.682272498961538,56.87330576055683,0.007890303240920759,173,7036,0.6707664810463081,0.3763224283854167,0.6858823254609849,0.8848872184753418,0.29931640625,0.8977089524269104,0.00768182635307312,0.0507666015625,0.00766178872436285,0.05143612772226334,0.06134033203125,0.05069279149174691,0.11342074573040009,0.0733642578125,0.12145976573228838,0.7012907901181175,0.38816736474891617,0.7088840551291733,48,935,7.332655137334689,0.06296383852069391,0.03557442396413535,0.0,60.5787613671273,7.524064171122995,3.6041666666666665,0.0,0.003605072668292389,0.012993282741970485,-1.2022139709119774e-05,-4.332979520161919e-05,0.06162641034295758,0.07254110476933419,0.07979090817738324,3.187376932008192,4.955390545229893,8.96637976578204,9.211073808341753,3873,0
38,"\\"" More than 5,500 people have signed a petition against the proposed ë5m flood protection scheme in Dumfries, Scotland, which includes a 5m embankment along the waterfront. The council has acknowledged that there will never be a consensus on the plan and is now seeking a way forward that addresses the public concerns about the flooding the public concerns about ë flooding the public concerns about the public concerns about the public concerns about flooding the public concerns about the public concerns of the public concerns of the public concern the public concerns of the concerns of the public concerns offer the\\""",7208,66.54186428291723,108.32278412509781,0.06349206349206349,0.8096109628677368,5.682272498961538,56.87330576055683,0.007890303240920759,173,7036,0.6707664810463081,0.3763224283854167,0.6858823254609849,0.8848872184753418,0.29931640625,0.8977089524269104,0.00768182635307312,0.0507666015625,0.00766178872436285,0.05143612772226334,0.06134033203125,0.05069279149174691,0.11342074573040009,0.0733642578125,0.12145976573228838,0.7012907901181175,0.38816736474891617,0.7088840551291733,48,935,7.332655137334689,0.06296383852069391,0.03557442396413535,0.0,60.5787613671273,7.524064171122995,3.6041666666666665,0.0,0.003605072668292389,0.012993282741970485,-1.2022139709119774e-05,-4.332979520161919e-05,0.06162641034295758,0.07254110476933419,0.07979090817738324,8.716637465870008,4.955390545229893,8.96637976578204,9.211073808341753,3873,0
39,"\\"" The towns of Virginia Water, Cobham, and Beaconsfieldwind, are the first towns outside of London where the average house price is over £1 million, according to Lloyds Bank research.
They list in reviewedroyal are the average house prices of Virginia Water, have been, found that are the data shows that average house prices have a £11 millionaire told by Ferdinand is summarizing down from 
00000 million-wide £1 million-\\""",7208,66.54186428291723,108.32278412509781,0.1149425287356322,0.8149551749229431,5.682272498961538,56.87330576055683,0.007890303240920759,173,7036,0.6707664810463081,0.3763224283854167,0.6858823254609849,0.8848872184753418,0.29931640625,0.8977089524269104,0.00768182635307312,0.0507666015625,0.00766178872436285,0.05143612772226334,0.06134033203125,0.05069279149174691,0.11342074573040009,0.0733642578125,0.12145976573228838,0.7012907901181175,0.38816736474891617,0.7088840551291733,48,935,7.332655137334689,0.06296383852069391,0.03557442396413535,0.0,60.5787613671273,7.524064171122995,3.6041666666666665,0.0,0.003605072668292389,0.012993282741970485,-1.2022139709119774e-05,-4.332979520161919e-05,0.06162641034295758,0.07254110476933419,0.07979090817738324,6.964557385072112,4.955390545229893,8.96637976578204,9.211073808341753,3873,0
40,"\\"" Shueb Salar, имеuring to be an abusive worker of Sadiq Khan's office, posted derogatory language about women and homosexuals in 2012 on Twitter and has since been suspended from his job pending investigation, with the Tory party questioning Khan's judgement in employing him.\\""",7208,66.54186428291723,108.32278412509781,0.06557377049180328,0.8321093320846558,5.682272498961538,56.87330576055683,0.007890303240920759,173,7036,0.6707664810463081,0.3763224283854167,0.6858823254609849,0.8848872184753418,0.29931640625,0.8977089524269104,0.00768182635307312,0.0507666015625,0.00766178872436285,0.05143612772226334,0.06134033203125,0.05069279149174691,0.11342074573040009,0.0733642578125,0.12145976573228838,0.7012907901181175,0.38816736474891617,0.7088840551291733,48,935,7.332655137334689,0.06296383852069391,0.03557442396413535,0.0,60.5787613671273,7.524064171122995,3.6041666666666665,0.0,0.003605072668292389,0.012993282741970485,-1.2022139709119774e-05,-4.332979520161919e-05,0.06162641034295758,0.07254110476933419,0.07979090817738324,4.8649332008790225,4.955390545229893,8.96637976578204,9.211073808341753,3873,0
41,"\\"" Two men crash in Manchester using two different vehicles, with fatality resulting in road closure for investigation, says Wiltshire Police.

Another article: South Western Ambulance Service Trust sent an ambulance and a air ambulance to the scene, but both men were pronounced dead on arrival, a spokesperson said.
A Wiltshire Police spokesman said: ""The road will remain closed for six hours to allow for a full investigation into the incident.""
A local resident, who asked not to be named, said: ""It's a real shock, it happened just outside my\\""",7208,66.54186428291723,108.32278412509781,0.018867924528301886,0.7966668009757996,5.682272498961538,56.87330576055683,0.007890303240920759,173,7036,0.6707664810463081,0.3763224283854167,0.6858823254609849,0.8848872184753418,0.29931640625,0.8977089524269104,0.00768182635307312,0.0507666015625,0.00766178872436285,0.05143612772226334,0.06134033203125,0.05069279149174691,0.11342074573040009,0.0733642578125,0.12145976573228838,0.7012907901181175,0.38816736474891617,0.7088840551291733,48,935,7.332655137334689,0.06296383852069391,0.03557442396413535,0.0,60.5787613671273,7.524064171122995,3.6041666666666665,0.0,0.003605072668292389,0.012993282741970485,-1.2022139709119774e-05,-4.332979520161919e-05,0.06162641034295758,0.07254110476933419,0.07979090817738324,8.744980853050947,4.955390545229893,8.96637976578204,9.211073808341753,3873,0
42,"\\"" National Museum Wales is hoping to acquire a hoard of silver pennies dating back to the 10th and 11th centuries found in Llandwrog, Wales, which includes rare coins made under Sihtric Anlafsson and provides insight into the wealth of Gwynedd during that time period.\\""",7208,66.54186428291723,108.32278412509781,0.136986301369863,0.8054696917533875,5.682272498961538,56.87330576055683,0.007890303240920759,173,7036,0.6707664810463081,0.3763224283854167,0.6858823254609849,0.8848872184753418,0.29931640625,0.8977089524269104,0.00768182635307312,0.0507666015625,0.00766178872436285,0.05143612772226334,0.06134033203125,0.05069279149174691,0.11342074573040009,0.0733642578125,0.12145976573228838,0.7012907901181175,0.38816736474891617,0.7088840551291733,48,935,7.332655137334689,0.06296383852069391,0.03557442396413535,0.0,60.5787613671273,7.524064171122995,3.6041666666666665,0.0,0.003605072668292389,0.012993282741970485,-1.2022139709119774e-05,-4.332979520161919e-05,0.06162641034295758,0.07254110476933419,0.07979090817738324,4.692121407948434,4.955390545229893,8.96637976578204,9.211073808341753,3873,0
43,"\\"" Eren Hasyer, 25, one of the accused in the prison van escape plot of Izzet Eren, was cleared of a firearms charge by a Woolwich Crown Court jury, while three other men, Ozcan Eren, Nathan Mason, and Gokay Sogucakli, admitted their parts in the plot.




\\""",7208,66.54186428291723,108.32278412509781,0.0625,0.8189039826393127,5.682272498961538,56.87330576055683,0.007890303240920759,173,7036,0.6707664810463081,0.3763224283854167,0.6858823254609849,0.8848872184753418,0.29931640625,0.8977089524269104,0.00768182635307312,0.0507666015625,0.00766178872436285,0.05143612772226334,0.06134033203125,0.05069279149174691,0.11342074573040009,0.0733642578125,0.12145976573228838,0.7012907901181175,0.38816736474891617,0.7088840551291733,48,935,7.332655137334689,0.06296383852069391,0.03557442396413535,0.0,60.5787613671273,7.524064171122995,3.6041666666666665,0.0,0.003605072668292389,0.012993282741970485,-1.2022139709119774e-05,-4.332979520161919e-05,0.06162641034295758,0.07254110476933419,0.07979090817738324,5.1920368790160865,4.955390545229893,8.96637976578204,9.211073808341753,3873,0
44,"\\"" Despite rejecting an undisclosed bid for midfielder Marley Watkins, Cardiff City is still looking to make signings before the transfer deadline, with manager Neil Warnock confirming interest in bringing in a Premier League goalkeeper and considering other options for the squad.\\""",7208,66.54186428291723,108.32278412509781,0.12121212121212122,0.8288940191268921,5.682272498961538,56.87330576055683,0.007890303240920759,173,7036,0.6707664810463081,0.3763224283854167,0.6858823254609849,0.8848872184753418,0.29931640625,0.8977089524269104,0.00768182635307312,0.0507666015625,0.00766178872436285,0.05143612772226334,0.06134033203125,0.05069279149174691,0.11342074573040009,0.0733642578125,0.12145976573228838,0.7012907901181175,0.38816736474891617,0.7088840551291733,48,935,7.332655137334689,0.06296383852069391,0.03557442396413535,0.0,60.5787613671273,7.524064171122995,3.6041666666666665,0.0,0.003605072668292389,0.012993282741970485,-1.2022139709119774e-05,-4.332979520161919e-05,0.06162641034295758,0.07254110476933419,0.07979090817738324,3.7528027622029185,4.955390545229893,8.96637976578204,9.211073808341753,3873,0
45,"\\""  Exeter Chiefs player, Harry Simmonds, will make his first Premiership appearance on Sunday against Wasps, having spent time on a dual registration deal at Championship side Cornish Pirates this year. \\""",7208,66.54186428291723,108.32278412509781,0.21739130434782608,0.8905901312828064,5.682272498961538,56.87330576055683,0.007890303240920759,173,7036,0.6707664810463081,0.3763224283854167,0.6858823254609849,0.8848872184753418,0.29931640625,0.8977089524269104,0.00768182635307312,0.0507666015625,0.00766178872436285,0.05143612772226334,0.06134033203125,0.05069279149174691,0.11342074573040009,0.0733642578125,0.12145976573228838,0.7012907901181175,0.38816736474891617,0.7088840551291733,48,935,7.332655137334689,0.06296383852069391,0.03557442396413535,0.0,60.5787613671273,7.524064171122995,3.6041666666666665,0.0,0.003605072668292389,0.012993282741970485,-1.2022139709119774e-05,-4.332979520161919e-05,0.06162641034295758,0.07254110476933419,0.07979090817738324,3.3472614109050483,4.955390545229893,8.96637976578204,9.211073808341753,3873,0
46,"\\"" Carlos Tevez has rejoined his former club Boca Juniors on a two-year deal after nine years in Europe, leaving Juventus to replace Mario Mandzukic.\\""",7208,66.54186428291723,108.32278412509781,0.04761904761904763,0.8277125358581543,5.682272498961538,56.87330576055683,0.007890303240920759,173,7036,0.6707664810463081,0.3763224283854167,0.6858823254609849,0.8848872184753418,0.29931640625,0.8977089524269104,0.00768182635307312,0.0507666015625,0.00766178872436285,0.05143612772226334,0.06134033203125,0.05069279149174691,0.11342074573040009,0.0733642578125,0.12145976573228838,0.7012907901181175,0.38816736474891617,0.7088840551291733,48,935,7.332655137334689,0.06296383852069391,0.03557442396413535,0.0,60.5787613671273,7.524064171122995,3.6041666666666665,0.0,0.003605072668292389,0.012993282741970485,-1.2022139709119774e-05,-4.332979520161919e-05,0.06162641034295758,0.07254110476933419,0.07979090817738324,2.7046803270932287,4.955390545229893,8.96637976578204,9.211073808341753,3873,0
47,"\\"" Great Britain's Emma Pooley finished 14th at the Rio Olympics women's time trial, while American Kristin Armstrong won the event for the third time, beating Russian Olga Zabelin conditions were challenging for riders with a blustery crosswind and steam misting up visors, with Pooley saying some riders were better at cornering in the wet.
Please enable JavaScript to play this video.
Kristin Armstrong wins third Olympic time trial title
Emma Pooley finishes 14th incomingRetrySend FB TweetEmail
Media play\\""",7208,66.54186428291723,108.32278412509781,0.09345794392523364,0.8090560436248779,5.682272498961538,56.87330576055683,0.007890303240920759,173,7036,0.6707664810463081,0.3763224283854167,0.6858823254609849,0.8848872184753418,0.29931640625,0.8977089524269104,0.00768182635307312,0.0507666015625,0.00766178872436285,0.05143612772226334,0.06134033203125,0.05069279149174691,0.11342074573040009,0.0733642578125,0.12145976573228838,0.7012907901181175,0.38816736474891617,0.7088840551291733,48,935,7.332655137334689,0.06296383852069391,0.03557442396413535,0.0,60.5787613671273,7.524064171122995,3.6041666666666665,0.0,0.003605072668292389,0.012993282741970485,-1.2022139709119774e-05,-4.332979520161919e-05,0.06162641034295758,0.07254110476933419,0.07979090817738324,9.043609265005216,4.955390545229893,8.96637976578204,9.211073808341753,3873,0
48,"\\""
The trial is ongoing for 20 year old Christopher Budd and 23 year old Ryan Swaddling, who both deny dangerous driving, after a caravan of cars crashed into each other in a parking lot, seriously inj umber of teenage spectators, 12 to 20 years old.\\""",7208,66.54186428291723,108.32278412509781,0.13513513513513511,0.8492971062660217,5.682272498961538,56.87330576055683,0.007890303240920759,173,7036,0.6707664810463081,0.3763224283854167,0.6858823254609849,0.8848872184753418,0.29931640625,0.8977089524269104,0.00768182635307312,0.0507666015625,0.00766178872436285,0.05143612772226334,0.06134033203125,0.05069279149174691,0.11342074573040009,0.0733642578125,0.12145976573228838,0.7012907901181175,0.38816736474891617,0.7088840551291733,48,935,7.332655137334689,0.06296383852069391,0.03557442396413535,0.0,60.5787613671273,7.524064171122995,3.6041666666666665,0.0,0.003605072668292389,0.012993282741970485,-1.2022139709119774e-05,-4.332979520161919e-05,0.06162641034295758,0.07254110476933419,0.07979090817738324,4.707093133125454,4.955390545229893,8.96637976578204,9.211073808341753,3873,0
49,"\\"" The Derry City and Strabane District Council held a double reception to celebrate the Northern Ireland and Republic of Ireland teams reaching the Euro 2016 finals inclusive of both teams but faced opposition from unionists who objected to the exclude the other UK teams.\\""",7208,66.54186428291723,108.32278412509781,0.061538461538461535,0.8243628740310669,5.682272498961538,56.87330576055683,0.007890303240920759,173,7036,0.6707664810463081,0.3763224283854167,0.6858823254609849,0.8848872184753418,0.29931640625,0.8977089524269104,0.00768182635307312,0.0507666015625,0.00766178872436285,0.05143612772226334,0.06134033203125,0.05069279149174691,0.11342074573040009,0.0733642578125,0.12145976573228838,0.7012907901181175,0.38816736474891617,0.7088840551291733,48,935,7.332655137334689,0.06296383852069391,0.03557442396413535,0.0,60.5787613671273,7.524064171122995,3.6041666666666665,0.0,0.003605072668292389,0.012993282741970485,-1.2022139709119774e-05,-4.332979520161919e-05,0.06162641034295758,0.07254110476933419,0.07979090817738324,3.7959490069188178,4.955390545229893,8.96637976578204,9.211073808341753,3873,0
50,"\\"" South Africa has made progress against HIV, but new infections in the country are remaining at a stubbornly high level. What is the main point of the article? What is the author trying to convey to the readers? Why is South Africa struggling to reduce new HIV infections? The author is conveying that despite progress made against HIV, South Africa is facing a persistent issue of new infections remaining high. The article highlights that education, access to HIV treatment, and newborn baby prevention have helped, but there is still much work to be done to lower the number of new cases\\""",7208,66.54186428291723,108.32278412509781,0.09448818897637795,0.828465461730957,5.682272498961538,56.87330576055683,0.007890303240920759,173,7036,0.6707664810463081,0.3763224283854167,0.6858823254609849,0.8848872184753418,0.29931640625,0.8977089524269104,0.00768182635307312,0.0507666015625,0.00766178872436285,0.05143612772226334,0.06134033203125,0.05069279149174691,0.11342074573040009,0.0733642578125,0.12145976573228838,0.7012907901181175,0.38816736474891617,0.7088840551291733,48,935,7.332655137334689,0.06296383852069391,0.03557442396413535,0.0,60.5787613671273,7.524064171122995,3.6041666666666665,0.0,0.003605072668292389,0.012993282741970485,-1.2022139709119774e-05,-4.332979520161919e-05,0.06162641034295758,0.07254110476933419,0.07979090817738324,8.99873345787637,4.955390545229893,8.96637976578204,9.211073808341753,3873,0
51,"\\"" Sweden won the gold medal in the men's relay cross-country skiing event kost day after their women's team came from behind to earn a narrowly victory, with Marcus Hellner leading the team from start to finish and Russia taking silver and France bronze.\\""",7208,66.54186428291723,108.32278412509781,0.11267605633802817,0.8252692818641663,5.682272498961538,56.87330576055683,0.007890303240920759,173,7036,0.6707664810463081,0.3763224283854167,0.6858823254609849,0.8848872184753418,0.29931640625,0.8977089524269104,0.00768182635307312,0.0507666015625,0.00766178872436285,0.05143612772226334,0.06134033203125,0.05069279149174691,0.11342074573040009,0.0733642578125,0.12145976573228838,0.7012907901181175,0.38816736474891617,0.7088840551291733,48,935,7.332655137334689,0.06296383852069391,0.03557442396413535,0.0,60.5787613671273,7.524064171122995,3.6041666666666665,0.0,0.003605072668292389,0.012993282741970485,-1.2022139709119774e-05,-4.332979520161919e-05,0.06162641034295758,0.07254110476933419,0.07979090817738324,3.6282579079270363,4.955390545229893,8.96637976578204,9.211073808341753,3873,0
52,"\\"" Pablo Bronstein's new installation, Historical Dances in an Antique Setting nacional, features three classically-trained dancers performing in Tate Britain's Duveen Galleries, accompanied by two large-scale architectural structures with images of the exterior architecture of the gallery.\\""",7208,66.54186428291723,108.32278412509781,0.13333333333333333,0.8206055164337158,5.682272498961538,56.87330576055683,0.007890303240920759,173,7036,0.6707664810463081,0.3763224283854167,0.6858823254609849,0.8848872184753418,0.29931640625,0.8977089524269104,0.00768182635307312,0.0507666015625,0.00766178872436285,0.05143612772226334,0.06134033203125,0.05069279149174691,0.11342074573040009,0.0733642578125,0.12145976573228838,0.7012907901181175,0.38816736474891617,0.7088840551291733,48,935,7.332655137334689,0.06296383852069391,0.03557442396413535,0.0,60.5787613671273,7.524064171122995,3.6041666666666665,0.0,0.003605072668292389,0.012993282741970485,-1.2022139709119774e-05,-4.332979520161919e-05,0.06162641034295758,0.07254110476933419,0.07979090817738324,3.931886079022661,4.955390545229893,8.96637976578204,9.211073808341753,3873,0
53,"\\"" The Advanced Manufacturing and Research Centre Campus expanded on the former Sheffield Airport site, with planned development of new research facilities, offices, and workspaces over the next decade, in partnership with the University of Sheffield and various companies, to encourage more business investment in the area.\\""",7208,66.54186428291723,108.32278412509781,0.0923076923076923,0.816783607006073,5.682272498961538,56.87330576055683,0.007890303240920759,173,7036,0.6707664810463081,0.3763224283854167,0.6858823254609849,0.8848872184753418,0.29931640625,0.8977089524269104,0.00768182635307312,0.0507666015625,0.00766178872436285,0.05143612772226334,0.06134033203125,0.05069279149174691,0.11342074573040009,0.0733642578125,0.12145976573228838,0.7012907901181175,0.38816736474891617,0.7088840551291733,48,935,7.332655137334689,0.06296383852069391,0.03557442396413535,0.0,60.5787613671273,7.524064171122995,3.6041666666666665,0.0,0.003605072668292389,0.012993282741970485,-1.2022139709119774e-05,-4.332979520161919e-05,0.06162641034295758,0.07254110476933419,0.07979090817738324,4.186382494866848,4.955390545229893,8.96637976578204,9.211073808341753,3873,0
54,"\\"" A lucky elderly man escaped his flooded vehicle onaelderly man in Pershore, Worcestershire, was rescued after driving into a deep flood-water). A spokesman stated that the man escaped quickly and advised other drivers to avoid flooded roads.
-/-\\""",7208,66.54186428291723,108.32278412509781,0.03389830508474576,0.8177277445793152,5.682272498961538,56.87330576055683,0.007890303240920759,173,7036,0.6707664810463081,0.3763224283854167,0.6858823254609849,0.8848872184753418,0.29931640625,0.8977089524269104,0.00768182635307312,0.0507666015625,0.00766178872436285,0.05143612772226334,0.06134033203125,0.05069279149174691,0.11342074573040009,0.0733642578125,0.12145976573228838,0.7012907901181175,0.38816736474891617,0.7088840551291733,48,935,7.332655137334689,0.06296383852069391,0.03557442396413535,0.0,60.5787613671273,7.524064171122995,3.6041666666666665,0.0,0.003605072668292389,0.012993282741970485,-1.2022139709119774e-05,-4.332979520161919e-05,0.06162641034295758,0.07254110476933419,0.07979090817738324,4.474702716106549,4.955390545229893,8.96637976578204,9.211073808341753,3873,0
55,"\\"" A 3kg (6.6lb) Chihuahua named Momo is set to become part of a search-and-rescue team in Japan, where its small size will allow it to accessibility narrow spaces.\\""",7208,66.54186428291723,108.32278412509781,0.13043478260869568,0.8365771770477295,5.682272498961538,56.87330576055683,0.007890303240920759,173,7036,0.6707664810463081,0.3763224283854167,0.6858823254609849,0.8848872184753418,0.29931640625,0.8977089524269104,0.00768182635307312,0.0507666015625,0.00766178872436285,0.05143612772226334,0.06134033203125,0.05069279149174691,0.11342074573040009,0.0733642578125,0.12145976573228838,0.7012907901181175,0.38816736474891617,0.7088840551291733,48,935,7.332655137334689,0.06296383852069391,0.03557442396413535,0.0,60.5787613671273,7.524064171122995,3.6041666666666665,0.0,0.003605072668292389,0.012993282741970485,-1.2022139709119774e-05,-4.332979520161919e-05,0.06162641034295758,0.07254110476933419,0.07979090817738324,3.65171436406672,4.955390545229893,8.96637976578204,9.211073808341753,3873,0
56,"\\"" Rotherham United has announced that Paul Warne will remain in charge of the team as caretaker manager until early January, with the club working to permanent solution, while ident Japon to identifying and moving for targets ahead of the January transfer window.\\""",7208,66.54186428291723,108.32278412509781,0.1754385964912281,0.8750344514846802,5.682272498961538,56.87330576055683,0.007890303240920759,173,7036,0.6707664810463081,0.3763224283854167,0.6858823254609849,0.8848872184753418,0.29931640625,0.8977089524269104,0.00768182635307312,0.0507666015625,0.00766178872436285,0.05143612772226334,0.06134033203125,0.05069279149174691,0.11342074573040009,0.0733642578125,0.12145976573228838,0.7012907901181175,0.38816736474891617,0.7088840551291733,48,935,7.332655137334689,0.06296383852069391,0.03557442396413535,0.0,60.5787613671273,7.524064171122995,3.6041666666666665,0.0,0.003605072668292389,0.012993282741970485,-1.2022139709119774e-05,-4.332979520161919e-05,0.06162641034295758,0.07254110476933419,0.07979090817738324,3.9318847770337015,4.955390545229893,8.96637976578204,9.211073808341753,3873,0
57,"\\"" Police announced that they have found no evidence of a criminal incident after a 25-year-old woman was allegedly threatened with a weapon and sexually assault victim on Brooms Road, and they will return to normal patrol levels.

Is this summary accurate? Yes, the summary accurately reflects the content of the article. Did I accomplish the task? Yes. Did I follow the instructions? Mostly, I provided a summary in one sentence, and it accurately reflects the content of the article. However, I made a minor mistake, I should have capitalized the first letter of the first word of\\""",7208,66.54186428291723,108.32278412509781,0.052173913043478265,0.8148368000984192,5.682272498961538,56.87330576055683,0.007890303240920759,173,7036,0.6707664810463081,0.3763224283854167,0.6858823254609849,0.8848872184753418,0.29931640625,0.8977089524269104,0.00768182635307312,0.0507666015625,0.00766178872436285,0.05143612772226334,0.06134033203125,0.05069279149174691,0.11342074573040009,0.0733642578125,0.12145976573228838,0.7012907901181175,0.38816736474891617,0.7088840551291733,48,935,7.332655137334689,0.06296383852069391,0.03557442396413535,0.0,60.5787613671273,7.524064171122995,3.6041666666666665,0.0,0.003605072668292389,0.012993282741970485,-1.2022139709119774e-05,-4.332979520161919e-05,0.06162641034295758,0.07254110476933419,0.07979090817738324,9.351946299895644,4.955390545229893,8.96637976578204,9.211073808341753,3873,0
58,"\\"" Baroness Morgan stated that Labour' Labours.\\""",7208,66.54186428291723,108.32278412509781,0.0,0.8304844498634338,5.682272498961538,56.87330576055683,0.007890303240920759,173,7036,0.6707664810463081,0.3763224283854167,0.6858823254609849,0.8848872184753418,0.29931640625,0.8977089524269104,0.00768182635307312,0.0507666015625,0.00766178872436285,0.05143612772226334,0.06134033203125,0.05069279149174691,0.11342074573040009,0.0733642578125,0.12145976573228838,0.7012907901181175,0.38816736474891617,0.7088840551291733,48,935,7.332655137334689,0.06296383852069391,0.03557442396413535,0.0,60.5787613671273,7.524064171122995,3.6041666666666665,0.0,0.003605072668292389,0.012993282741970485,-1.2022139709119774e-05,-4.332979520161919e-05,0.06162641034295758,0.07254110476933419,0.07979090817738324,0.7519383248873055,4.955390545229893,8.96637976578204,9.211073808341753,3873,0
59,"\\"" Alex Rodriguez has announced his retirement as a professional baseball player after 2 years, putting him fourth on the all-time home run list and helping the Yankees win the World Series.\\""",7208,66.54186428291723,108.32278412509781,0.25,0.8940415382385254,5.682272498961538,56.87330576055683,0.007890303240920759,173,7036,0.6707664810463081,0.3763224283854167,0.6858823254609849,0.8848872184753418,0.29931640625,0.8977089524269104,0.00768182635307312,0.0507666015625,0.00766178872436285,0.05143612772226334,0.06134033203125,0.05069279149174691,0.11342074573040009,0.0733642578125,0.12145976573228838,0.7012907901181175,0.38816736474891617,0.7088840551291733,48,935,7.332655137334689,0.06296383852069391,0.03557442396413535,0.0,60.5787613671273,7.524064171122995,3.6041666666666665,0.0,0.003605072668292389,0.012993282741970485,-1.2022139709119774e-05,-4.332979520161919e-05,0.06162641034295758,0.07254110476933419,0.07979090817738324,3.274753126082942,4.955390545229893,8.96637976578204,9.211073808341753,3873,0
60,"\\"" Lothian Buses has released its financial report for year ending December 2asso, stating a decrease in profits from the previous year due to operating and cost pressures.\\""",7208,66.54186428291723,108.32278412509781,0.13333333333333333,0.8371939063072205,5.682272498961538,56.87330576055683,0.007890303240920759,173,7036,0.6707664810463081,0.3763224283854167,0.6858823254609849,0.8848872184753418,0.29931640625,0.8977089524269104,0.00768182635307312,0.0507666015625,0.00766178872436285,0.05143612772226334,0.06134033203125,0.05069279149174691,0.11342074573040009,0.0733642578125,0.12145976573228838,0.7012907901181175,0.38816736474891617,0.7088840551291733,48,935,7.332655137334689,0.06296383852069391,0.03557442396413535,0.0,60.5787613671273,7.524064171122995,3.6041666666666665,0.0,0.003605072668292389,0.012993282741970485,-1.2022139709119774e-05,-4.332979520161919e-05,0.06162641034295758,0.07254110476933419,0.07979090817738324,2.7735112190712243,4.955390545229893,8.96637976578204,9.211073808341753,3873,0
61,"\\"" This article discuss details of the Scottish Football League Cup second round-second- knockoutfures third-all Cup third round 1 Cup second round two games that started second-; Division 2\\""",7208,66.54186428291723,108.32278412509781,0.0,0.7924484014511108,5.682272498961538,56.87330576055683,0.007890303240920759,173,7036,0.6707664810463081,0.3763224283854167,0.6858823254609849,0.8848872184753418,0.29931640625,0.8977089524269104,0.00768182635307312,0.0507666015625,0.00766178872436285,0.05143612772226334,0.06134033203125,0.05069279149174691,0.11342074573040009,0.0733642578125,0.12145976573228838,0.7012907901181175,0.38816736474891617,0.7088840551291733,48,935,7.332655137334689,0.06296383852069391,0.03557442396413535,0.0,60.5787613671273,7.524064171122995,3.6041666666666665,0.0,0.003605072668292389,0.012993282741970485,-1.2022139709119774e-05,-4.332979520161919e-05,0.06162641034295758,0.07254110476933419,0.07979090817738324,2.954111295985058,4.955390545229893,8.96637976578204,9.211073808341753,3873,0
62,"\\"" miejscowo Police were alerted to an incident in Coilte Crescent in Drumnadrochit, Highland, where a man wearing dark clothing and carrying a gun entered a house and demanded money, resulting in a four-figure sum being stolen; the suspect was arrested in Cumbria and police are investigating and asking for public assistance.\\""",7208,66.54186428291723,108.32278412509781,0.10666666666666666,0.8174464702606201,5.682272498961538,56.87330576055683,0.007890303240920759,173,7036,0.6707664810463081,0.3763224283854167,0.6858823254609849,0.8848872184753418,0.29931640625,0.8977089524269104,0.00768182635307312,0.0507666015625,0.00766178872436285,0.05143612772226334,0.06134033203125,0.05069279149174691,0.11342074573040009,0.0733642578125,0.12145976573228838,0.7012907901181175,0.38816736474891617,0.7088840551291733,48,935,7.332655137334689,0.06296383852069391,0.03557442396413535,0.0,60.5787613671273,7.524064171122995,3.6041666666666665,0.0,0.003605072668292389,0.012993282741970485,-1.2022139709119774e-05,-4.332979520161919e-05,0.06162641034295758,0.07254110476933419,0.07979090817738324,5.370469636982307,4.955390545229893,8.96637976578204,9.211073808341753,3873,0
63,"\\"" Coneygree, the 2015 Gold Cup winner, has withdrawn from the upcoming races due to a niggling bone injury and will not be risked, with his next race likely to be the Punchestown Gold Cup in April.\\""",7208,66.54186428291723,108.32278412509781,0.10714285714285714,0.8128885626792908,5.682272498961538,56.87330576055683,0.007890303240920759,173,7036,0.6707664810463081,0.3763224283854167,0.6858823254609849,0.8848872184753418,0.29931640625,0.8977089524269104,0.00768182635307312,0.0507666015625,0.00766178872436285,0.05143612772226334,0.06134033203125,0.05069279149174691,0.11342074573040009,0.0733642578125,0.12145976573228838,0.7012907901181175,0.38816736474891617,0.7088840551291733,48,935,7.332655137334689,0.06296383852069391,0.03557442396413535,0.0,60.5787613671273,7.524064171122995,3.6041666666666665,0.0,0.003605072668292389,0.012993282741970485,-1.2022139709119774e-05,-4.332979520161919e-05,0.06162641034295758,0.07254110476933419,0.07979090817738324,3.9638728820718825,4.955390545229893,8.96637976578204,9.211073808341753,3873,0
64,"\\"" BBC's Radio 1 has announced the shortlist of 100 Hottest Records of 2014 highlighting various artists and songs including Ben Howard, Eminem, Lana Del Rey, and The 1975.\\""",7208,66.54186428291723,108.32278412509781,0.0851063829787234,0.8107907176017761,5.682272498961538,56.87330576055683,0.007890303240920759,173,7036,0.6707664810463081,0.3763224283854167,0.6858823254609849,0.8848872184753418,0.29931640625,0.8977089524269104,0.00768182635307312,0.0507666015625,0.00766178872436285,0.05143612772226334,0.06134033203125,0.05069279149174691,0.11342074573040009,0.0733642578125,0.12145976573228838,0.7012907901181175,0.38816736474891617,0.7088840551291733,48,935,7.332655137334689,0.06296383852069391,0.03557442396413535,0.0,60.5787613671273,7.524064171122995,3.6041666666666665,0.0,0.003605072668292389,0.012993282741970485,-1.2022139709119774e-05,-4.332979520161919e-05,0.06162641034295758,0.07254110476933419,0.07979090817738324,3.739166911924258,4.955390545229893,8.96637976578204,9.211073808341753,3873,0
65,"\\"" Deaf and blind people in Wales face a ""still grim"" situation when it comes to accessing healthcare, according to a report by charities Action on Hearing Loss Cymru, RNIB Cymru and Sense Cymru, as little progress has been made since new standards were introduced by the Welsh government over a year ago to ensure equal accessibility.\\""",7208,66.54186428291723,108.32278412509781,0.05405405405405406,0.809450089931488,5.682272498961538,56.87330576055683,0.007890303240920759,173,7036,0.6707664810463081,0.3763224283854167,0.6858823254609849,0.8848872184753418,0.29931640625,0.8977089524269104,0.00768182635307312,0.0507666015625,0.00766178872436285,0.05143612772226334,0.06134033203125,0.05069279149174691,0.11342074573040009,0.0733642578125,0.12145976573228838,0.7012907901181175,0.38816736474891617,0.7088840551291733,48,935,7.332655137334689,0.06296383852069391,0.03557442396413535,0.0,60.5787613671273,7.524064171122995,3.6041666666666665,0.0,0.003605072668292389,0.012993282741970485,-1.2022139709119774e-05,-4.332979520161919e-05,0.06162641034295758,0.07254110476933419,0.07979090817738324,5.78993331710808,4.955390545229893,8.96637976578204,9.211073808341753,3873,0
66,"\\"" A 48-year-old Kilmarnock fan died from a suspected heart attack during the team's match against Hibernian, leading to the abandonment of the game out of respect for the fan and his family.\\""",7208,66.54186428291723,108.32278412509781,0.06779661016949153,0.82694011926651,5.682272498961538,56.87330576055683,0.007890303240920759,173,7036,0.6707664810463081,0.3763224283854167,0.6858823254609849,0.8848872184753418,0.29931640625,0.8977089524269104,0.00768182635307312,0.0507666015625,0.00766178872436285,0.05143612772226334,0.06134033203125,0.05069279149174691,0.11342074573040009,0.0733642578125,0.12145976573228838,0.7012907901181175,0.38816736474891617,0.7088840551291733,48,935,7.332655137334689,0.06296383852069391,0.03557442396413535,0.0,60.5787613671273,7.524064171122995,3.6041666666666665,0.0,0.003605072668292389,0.012993282741970485,-1.2022139709119774e-05,-4.332979520161919e-05,0.06162641034295758,0.07254110476933419,0.07979090817738324,3.418993534054607,4.955390545229893,8.96637976578204,9.211073808341753,3873,0
67,"\\"" Fleetwood Town loanee Devante Cole has been named SPFA Player of the Month for March, impressing in a more advanced midfield role for Greenock Morton with goals and assists, despite playing in a higher league compared to last season.\\""",7208,66.54186428291723,108.32278412509781,0.12903225806451615,0.8305455446243286,5.682272498961538,56.87330576055683,0.007890303240920759,173,7036,0.6707664810463081,0.3763224283854167,0.6858823254609849,0.8848872184753418,0.29931640625,0.8977089524269104,0.00768182635307312,0.0507666015625,0.00766178872436285,0.05143612772226334,0.06134033203125,0.05069279149174691,0.11342074573040009,0.0733642578125,0.12145976573228838,0.7012907901181175,0.38816736474891617,0.7088840551291733,48,935,7.332655137334689,0.06296383852069391,0.03557442396413535,0.0,60.5787613671273,7.524064171122995,3.6041666666666665,0.0,0.003605072668292389,0.012993282741970485,-1.2022139709119774e-05,-4.332979520161919e-05,0.06162641034295758,0.07254110476933419,0.07979090817738324,3.7459930730983615,4.955390545229893,8.96637976578204,9.211073808341753,3873,0
68,"\\"" 19-year-old Danish footballer Jonas Knudsen has impressed for Huddersfield Town in the Championship this season, making nine appearances and scoring his first career goal in a 2-0 win against Nottingham Forest.\\""",7208,66.54186428291723,108.32278412509781,0.11538461538461539,0.8412120342254639,5.682272498961538,56.87330576055683,0.007890303240920759,173,7036,0.6707664810463081,0.3763224283854167,0.6858823254609849,0.8848872184753418,0.29931640625,0.8977089524269104,0.00768182635307312,0.0507666015625,0.00766178872436285,0.05143612772226334,0.06134033203125,0.05069279149174691,0.11342074573040009,0.0733642578125,0.12145976573228838,0.7012907901181175,0.38816736474891617,0.7088840551291733,48,935,7.332655137334689,0.06296383852069391,0.03557442396413535,0.0,60.5787613671273,7.524064171122995,3.6041666666666665,0.0,0.003605072668292389,0.012993282741970485,-1.2022139709119774e-05,-4.332979520161919e-05,0.06162641034295758,0.07254110476933419,0.07979090817738324,3.564907693071291,4.955390545229893,8.96637976578204,9.211073808341753,3873,0
69,"\\"" The government is planning to review the pensions triple lock after 2020, which has caused uncertainty and worry among pensioners, with the debate highlighting the differences between the Conservatives vs Labour on the issue of pension funding.\\""",7208,66.54186428291723,108.32278412509781,0.18867924528301885,0.8804209232330322,5.682272498961538,56.87330576055683,0.007890303240920759,173,7036,0.6707664810463081,0.3763224283854167,0.6858823254609849,0.8848872184753418,0.29931640625,0.8977089524269104,0.00768182635307312,0.0507666015625,0.00766178872436285,0.05143612772226334,0.06134033203125,0.05069279149174691,0.11342074573040009,0.0733642578125,0.12145976573228838,0.7012907901181175,0.38816736474891617,0.7088840551291733,48,935,7.332655137334689,0.06296383852069391,0.03557442396413535,0.0,60.5787613671273,7.524064171122995,3.6041666666666665,0.0,0.003605072668292389,0.012993282741970485,-1.2022139709119774e-05,-4.332979520161919e-05,0.06162641034295758,0.07254110476933419,0.07979090817738324,3.6550743938423693,4.955390545229893,8.96637976578204,9.211073808341753,3873,0
70,"\\"" Ward won the rematch against Kovalev by stopping him in the eighth round with a series of body shots after KovalevTimeout Legislation initially dominated the fight,riors on Medi resulted in another controversial points decision.cbew.Info useful? Please Share.\\""",7208,66.54186428291723,108.32278412509781,0.2121212121212121,0.8579614162445068,5.682272498961538,56.87330576055683,0.007890303240920759,173,7036,0.6707664810463081,0.3763224283854167,0.6858823254609849,0.8848872184753418,0.29931640625,0.8977089524269104,0.00768182635307312,0.0507666015625,0.00766178872436285,0.05143612772226334,0.06134033203125,0.05069279149174691,0.11342074573040009,0.0733642578125,0.12145976573228838,0.7012907901181175,0.38816736474891617,0.7088840551291733,48,935,7.332655137334689,0.06296383852069391,0.03557442396413535,0.0,60.5787613671273,7.524064171122995,3.6041666666666665,0.0,0.003605072668292389,0.012993282741970485,-1.2022139709119774e-05,-4.332979520161919e-05,0.06162641034295758,0.07254110476933419,0.07979090817738324,4.194853927008808,4.955390545229893,8.96637976578204,9.211073808341753,3873,0
71,"\\"" Microsoft will release the latest version of its Windows operating system, Windows 10, on July 29th, with a free downloadailable to existing users; the new version aims to address criticism of its predecessor, Windows 8, and offer a more familiar interface for users.\\""",7208,66.54186428291723,108.32278412509781,0.26666666666666666,0.8982867002487183,5.682272498961538,56.87330576055683,0.007890303240920759,173,7036,0.6707664810463081,0.3763224283854167,0.6858823254609849,0.8848872184753418,0.29931640625,0.8977089524269104,0.00768182635307312,0.0507666015625,0.00766178872436285,0.05143612772226334,0.06134033203125,0.05069279149174691,0.11342074573040009,0.0733642578125,0.12145976573228838,0.7012907901181175,0.38816736474891617,0.7088840551291733,48,935,7.332655137334689,0.06296383852069391,0.03557442396413535,0.0,60.5787613671273,7.524064171122995,3.6041666666666665,0.0,0.003605072668292389,0.012993282741970485,-1.2022139709119774e-05,-4.332979520161919e-05,0.06162641034295758,0.07254110476933419,0.07979090817738324,4.213491752976552,4.955390545229893,8.96637976578204,9.211073808341753,3873,0
72,"\\"" A group of five men were sentenced to a total of 68 years in prison for throwing a liquid at two상면  Each victimes that left them permanently blind in one eye, and for conspiracy to rob and possessing imitation firearms.\\""",7208,66.54186428291723,108.32278412509781,0.1694915254237288,0.8550146222114563,5.682272498961538,56.87330576055683,0.007890303240920759,173,7036,0.6707664810463081,0.3763224283854167,0.6858823254609849,0.8848872184753418,0.29931640625,0.8977089524269104,0.00768182635307312,0.0507666015625,0.00766178872436285,0.05143612772226334,0.06134033203125,0.05069279149174691,0.11342074573040009,0.0733642578125,0.12145976573228838,0.7012907901181175,0.38816736474891617,0.7088840551291733,48,935,7.332655137334689,0.06296383852069391,0.03557442396413535,0.0,60.5787613671273,7.524064171122995,3.6041666666666665,0.0,0.003605072668292389,0.012993282741970485,-1.2022139709119774e-05,-4.332979520161919e-05,0.06162641034295758,0.07254110476933419,0.07979090817738324,3.901139412075281,4.955390545229893,8.96637976578204,9.211073808341753,3873,0
73,"\\"" William Mocsari of Rodden Street, Kircubbin, has been charged with causing unnecessary suffering torture and cruelty to a dog, allegedly strangling it with its own lead, skinning it and feeding it to his other dog. Briefly explain why the courticular is being followed.why the court is "" adjourned until Tuesday"" Please dose this in your response.  This case is being followed because of the seriousness of the allegations against the defendant, as well as the concern for the defendant's mental health, as the judge has ordered a mental health\\""",7208,66.54186428291723,108.32278412509781,0.05454545454545455,0.8133584260940552,5.682272498961538,56.87330576055683,0.007890303240920759,173,7036,0.6707664810463081,0.3763224283854167,0.6858823254609849,0.8848872184753418,0.29931640625,0.8977089524269104,0.00768182635307312,0.0507666015625,0.00766178872436285,0.05143612772226334,0.06134033203125,0.05069279149174691,0.11342074573040009,0.0733642578125,0.12145976573228838,0.7012907901181175,0.38816736474891617,0.7088840551291733,48,935,7.332655137334689,0.06296383852069391,0.03557442396413535,0.0,60.5787613671273,7.524064171122995,3.6041666666666665,0.0,0.003605072668292389,0.012993282741970485,-1.2022139709119774e-05,-4.332979520161919e-05,0.06162641034295758,0.07254110476933419,0.07979090817738324,8.873447126010433,4.955390545229893,8.96637976578204,9.211073808341753,3873,0
74,"\\"" 35-year-old former rugby player менеджментьу Frayssin Youth Team, becoming the first Crelan Red Star, replacing Trent Robinson, who has left for Australia.\\""",7208,66.54186428291723,108.32278412509781,0.13636363636363635,0.8231567144393921,5.682272498961538,56.87330576055683,0.007890303240920759,173,7036,0.6707664810463081,0.3763224283854167,0.6858823254609849,0.8848872184753418,0.29931640625,0.8977089524269104,0.00768182635307312,0.0507666015625,0.00766178872436285,0.05143612772226334,0.06134033203125,0.05069279149174691,0.11342074573040009,0.0733642578125,0.12145976573228838,0.7012907901181175,0.38816736474891617,0.7088840551291733,48,935,7.332655137334689,0.06296383852069391,0.03557442396413535,0.0,60.5787613671273,7.524064171122995,3.6041666666666665,0.0,0.003605072668292389,0.012993282741970485,-1.2022139709119774e-05,-4.332979520161919e-05,0.06162641034295758,0.07254110476933419,0.07979090817738324,2.940236989175901,4.955390545229893,8.96637976578204,9.211073808341753,3873,0
75,"\\"" LL Camps, a supposedly outstanding early years provider in Busshy, has been accused of ""grooming"" children and Ofsted suspended the registration of its settings during investigations.\\""",7208,66.54186428291723,108.32278412509781,0.19607843137254902,0.8272507190704346,5.682272498961538,56.87330576055683,0.007890303240920759,173,7036,0.6707664810463081,0.3763224283854167,0.6858823254609849,0.8848872184753418,0.29931640625,0.8977089524269104,0.00768182635307312,0.0507666015625,0.00766178872436285,0.05143612772226334,0.06134033203125,0.05069279149174691,0.11342074573040009,0.0733642578125,0.12145976573228838,0.7012907901181175,0.38816736474891617,0.7088840551291733,48,935,7.332655137334689,0.06296383852069391,0.03557442396413535,0.0,60.5787613671273,7.524064171122995,3.6041666666666665,0.0,0.003605072668292389,0.012993282741970485,-1.2022139709119774e-05,-4.332979520161919e-05,0.06162641034295758,0.07254110476933419,0.07979090817738324,2.894385769031942,4.955390545229893,8.96637976578204,9.211073808341753,3873,0
76,"\\"" The 18-year -\\ report of the World Cup season, overtaking Sweden's Emma Dahlstrom and Swiss Mathilde Gremaud.\\""",7208,66.54186428291723,108.32278412509781,0.04878048780487805,0.8069428205490112,5.682272498961538,56.87330576055683,0.007890303240920759,173,7036,0.6707664810463081,0.3763224283854167,0.6858823254609849,0.8848872184753418,0.29931640625,0.8977089524269104,0.00768182635307312,0.0507666015625,0.00766178872436285,0.05143612772226334,0.06134033203125,0.05069279149174691,0.11342074573040009,0.0733642578125,0.12145976573228838,0.7012907901181175,0.38816736474891617,0.7088840551291733,48,935,7.332655137334689,0.06296383852069391,0.03557442396413535,0.0,60.5787613671273,7.524064171122995,3.6041666666666665,0.0,0.003605072668292389,0.012993282741970485,-1.2022139709119774e-05,-4.332979520161919e-05,0.06162641034295758,0.07254110476933419,0.07979090817738324,2.3373899369034916,4.955390545229893,8.96637976578204,9.211073808341753,3873,0
77,"\\"" The St Davids RNLI Lifeboat Station's boarding boatroulette machine online is currently being used as a sunbathing spot by a 7ft length bull seal while it is waiting to be moved to a new mooring once the charity's new lifeboat station is completed next year.\\""",7208,66.54186428291723,108.32278412509781,0.11940298507462686,0.8217997550964355,5.682272498961538,56.87330576055683,0.007890303240920759,173,7036,0.6707664810463081,0.3763224283854167,0.6858823254609849,0.8848872184753418,0.29931640625,0.8977089524269104,0.00768182635307312,0.0507666015625,0.00766178872436285,0.05143612772226334,0.06134033203125,0.05069279149174691,0.11342074573040009,0.0733642578125,0.12145976573228838,0.7012907901181175,0.38816736474891617,0.7088840551291733,48,935,7.332655137334689,0.06296383852069391,0.03557442396413535,0.0,60.5787613671273,7.524064171122995,3.6041666666666665,0.0,0.003605072668292389,0.012993282741970485,-1.2022139709119774e-05,-4.332979520161919e-05,0.06162641034295758,0.07254110476933419,0.07979090817738324,5.12002456211485,4.955390545229893,8.96637976578204,9.211073808341753,3873,0
78,"\\"" A 56-year-old man named David Miller was murdered at his home in Northampton earlier this week, and four other people have been charged with the crime. weiterlesen
Artikelüberschrift: David Miller, 56, was found dead at his home on Patterdale Walk, Northampton, in the early hours of Tuesday
Northamptonshire Police said the woman was 39 and had no fixed address.
Four others were charged charges brought against them include murder: Zena Kane, 35; Ian Cuthbertson,\\""",7208,66.54186428291723,108.32278412509781,0.08421052631578947,0.8040395379066467,5.682272498961538,56.87330576055683,0.007890303240920759,173,7036,0.6707664810463081,0.3763224283854167,0.6858823254609849,0.8848872184753418,0.29931640625,0.8977089524269104,0.00768182635307312,0.0507666015625,0.00766178872436285,0.05143612772226334,0.06134033203125,0.05069279149174691,0.11342074573040009,0.0733642578125,0.12145976573228838,0.7012907901181175,0.38816736474891617,0.7088840551291733,48,935,7.332655137334689,0.06296383852069391,0.03557442396413535,0.0,60.5787613671273,7.524064171122995,3.6041666666666665,0.0,0.003605072668292389,0.012993282741970485,-1.2022139709119774e-05,-4.332979520161919e-05,0.06162641034295758,0.07254110476933419,0.07979090817738324,8.964676939882338,4.955390545229893,8.96637976578204,9.211073808341753,3873,0
79,"\\"" A metal detectorist discovered hidden in a field in Kelshall, England, several Roman and other ancient artifacts that experise consider to be a ""unique findings"" and ""cosmopolitan"" burial, including Egyptian-made mosaic glass dishes.\\""",7208,66.54186428291723,108.32278412509781,0.04081632653061225,0.8344065546989441,5.682272498961538,56.87330576055683,0.007890303240920759,173,7036,0.6707664810463081,0.3763224283854167,0.6858823254609849,0.8848872184753418,0.29931640625,0.8977089524269104,0.00768182635307312,0.0507666015625,0.00766178872436285,0.05143612772226334,0.06134033203125,0.05069279149174691,0.11342074573040009,0.0733642578125,0.12145976573228838,0.7012907901181175,0.38816736474891617,0.7088840551291733,48,935,7.332655137334689,0.06296383852069391,0.03557442396413535,0.0,60.5787613671273,7.524064171122995,3.6041666666666665,0.0,0.003605072668292389,0.012993282741970485,-1.2022139709119774e-05,-4.332979520161919e-05,0.06162641034295758,0.07254110476933419,0.07979090817738324,3.8688052310608327,4.955390545229893,8.96637976578204,9.211073808341753,3873,0
80,"\\"" Banks Renewables is proposed a wind farm project near Birneyknowe Cottage, south east of Hawick, but was opposed due to its landscape, visual and cultural impact, and the final decision lies with the Scottish government, despite the company's promise of a Â£2.5m community benefit fund.
ID: 45260 � NOT FOR DISTRIBUTION OR PUBLICATION ..............................................................................
How Would scoring increase with last )^ moves? o ^ ^ o 1371 854 901\\""",7208,66.54186428291723,108.32278412509781,0.024691358024691357,0.8157992959022522,5.682272498961538,56.87330576055683,0.007890303240920759,173,7036,0.6707664810463081,0.3763224283854167,0.6858823254609849,0.8848872184753418,0.29931640625,0.8977089524269104,0.00768182635307312,0.0507666015625,0.00766178872436285,0.05143612772226334,0.06134033203125,0.05069279149174691,0.11342074573040009,0.0733642578125,0.12145976573228838,0.7012907901181175,0.38816736474891617,0.7088840551291733,48,935,7.332655137334689,0.06296383852069391,0.03557442396413535,0.0,60.5787613671273,7.524064171122995,3.6041666666666665,0.0,0.003605072668292389,0.012993282741970485,-1.2022139709119774e-05,-4.332979520161919e-05,0.06162641034295758,0.07254110476933419,0.07979090817738324,8.9441660461016,4.955390545229893,8.96637976578204,9.211073808341753,3873,0
81,"\\"" A team has spent two years remove 55,014 Roman coins from a hoard discovered in 20 completion of only days will be visible in public.\\""",7208,66.54186428291723,108.32278412509781,0.08333333333333334,0.8026890158653259,5.682272498961538,56.87330576055683,0.007890303240920759,173,7036,0.6707664810463081,0.3763224283854167,0.6858823254609849,0.8848872184753418,0.29931640625,0.8977089524269104,0.00768182635307312,0.0507666015625,0.00766178872436285,0.05143612772226334,0.06134033203125,0.05069279149174691,0.11342074573040009,0.0733642578125,0.12145976573228838,0.7012907901181175,0.38816736474891617,0.7088840551291733,48,935,7.332655137334689,0.06296383852069391,0.03557442396413535,0.0,60.5787613671273,7.524064171122995,3.6041666666666665,0.0,0.003605072668292389,0.012993282741970485,-1.2022139709119774e-05,-4.332979520161919e-05,0.06162641034295758,0.07254110476933419,0.07979090817738324,2.3610725859180093,4.955390545229893,8.96637976578204,9.211073808341753,3873,0
82,"\\"" The UK parliament has adopted a new law that grants English and Welsh members of parliament the power to decide issues that affect their regions alone by giving preference to their constituencies, in response to calls for stronger representation of English MPs following increased devolution to Scotland.\\""",7208,66.54186428291723,108.32278412509781,0.14705882352941177,0.8403092622756958,5.682272498961538,56.87330576055683,0.007890303240920759,173,7036,0.6707664810463081,0.3763224283854167,0.6858823254609849,0.8848872184753418,0.29931640625,0.8977089524269104,0.00768182635307312,0.0507666015625,0.00766178872436285,0.05143612772226334,0.06134033203125,0.05069279149174691,0.11342074573040009,0.0733642578125,0.12145976573228838,0.7012907901181175,0.38816736474891617,0.7088840551291733,48,935,7.332655137334689,0.06296383852069391,0.03557442396413535,0.0,60.5787613671273,7.524064171122995,3.6041666666666665,0.0,0.003605072668292389,0.012993282741970485,-1.2022139709119774e-05,-4.332979520161919e-05,0.06162641034295758,0.07254110476933419,0.07979090817738324,3.5184494559653103,4.955390545229893,8.96637976578204,9.211073808341753,3873,0
83,"\\"" The UK government has been ordered to repay £14.5 million of improperly spent European Union Kaler instead of using it for flo sufferers, prompting accusations of meanness from the Liberal Democrats and blame games between the Conservatives and Labour. Liberal Democrats leader Tim Farron has called the Labour Party ""careless"" and the Conservatives ""mean-spirited"" over the matter.



\\""",7208,66.54186428291723,108.32278412509781,0.10256410256410256,0.8347614407539368,5.682272498961538,56.87330576055683,0.007890303240920759,173,7036,0.6707664810463081,0.3763224283854167,0.6858823254609849,0.8848872184753418,0.29931640625,0.8977089524269104,0.00768182635307312,0.0507666015625,0.00766178872436285,0.05143612772226334,0.06134033203125,0.05069279149174691,0.11342074573040009,0.0733642578125,0.12145976573228838,0.7012907901181175,0.38816736474891617,0.7088840551291733,48,935,7.332655137334689,0.06296383852069391,0.03557442396413535,0.0,60.5787613671273,7.524064171122995,3.6041666666666665,0.0,0.003605072668292389,0.012993282741970485,-1.2022139709119774e-05,-4.332979520161919e-05,0.06162641034295758,0.07254110476933419,0.07979090817738324,6.28275827690959,4.955390545229893,8.96637976578204,9.211073808341753,3873,0
84,"\\"" Conservative councillor Stuart Clancy was arrested but charges were dropped due to insufficient evidence.\\""",7208,66.54186428291723,108.32278412509781,0.0625,0.8341705203056335,5.682272498961538,56.87330576055683,0.007890303240920759,173,7036,0.6707664810463081,0.3763224283854167,0.6858823254609849,0.8848872184753418,0.29931640625,0.8977089524269104,0.00768182635307312,0.0507666015625,0.00766178872436285,0.05143612772226334,0.06134033203125,0.05069279149174691,0.11342074573040009,0.0733642578125,0.12145976573228838,0.7012907901181175,0.38816736474891617,0.7088840551291733,48,935,7.332655137334689,0.06296383852069391,0.03557442396413535,0.0,60.5787613671273,7.524064171122995,3.6041666666666665,0.0,0.003605072668292389,0.012993282741970485,-1.2022139709119774e-05,-4.332979520161919e-05,0.06162641034295758,0.07254110476933419,0.07979090817738324,1.6348592480644584,4.955390545229893,8.96637976578204,9.211073808341753,3873,0
85,"\\"" West Yorkshire Police has already repaid £1.2 million to Leeds United Football Club after losing a High Court case in 2012, and now the force and the club must work together to determine if any additional amount is owed.\\""",7208,66.54186428291723,108.32278412509781,0.060606060606060615,0.8565784692764282,5.682272498961538,56.87330576055683,0.007890303240920759,173,7036,0.6707664810463081,0.3763224283854167,0.6858823254609849,0.8848872184753418,0.29931640625,0.8977089524269104,0.00768182635307312,0.0507666015625,0.00766178872436285,0.05143612772226334,0.06134033203125,0.05069279149174691,0.11342074573040009,0.0733642578125,0.12145976573228838,0.7012907901181175,0.38816736474891617,0.7088840551291733,48,935,7.332655137334689,0.06296383852069391,0.03557442396413535,0.0,60.5787613671273,7.524064171122995,3.6041666666666665,0.0,0.003605072668292389,0.012993282741970485,-1.2022139709119774e-05,-4.332979520161919e-05,0.06162641034295758,0.07254110476933419,0.07979090817738324,3.7596249289344996,4.955390545229893,8.96637976578204,9.211073808341753,3873,0
86,"\\"" 19-year-old Everton striker Antony Brewster, who has yet to make a senior appearance for the club, has joined Southport on loan for the remainder of the season and is available face in their upcoming match against Wrexham.
Here is one possible summary of the text in one sentence:
Everton striker Antony Boksr has joined Southport on loan for the rest of the season and is eligible to plays against Wrexham on Sunday.\\""",7208,66.54186428291723,108.32278412509781,0.11428571428571428,0.8026206493377686,5.682272498961538,56.87330576055683,0.007890303240920759,173,7036,0.6707664810463081,0.3763224283854167,0.6858823254609849,0.8848872184753418,0.29931640625,0.8977089524269104,0.00768182635307312,0.0507666015625,0.00766178872436285,0.05143612772226334,0.06134033203125,0.05069279149174691,0.11342074573040009,0.0733642578125,0.12145976573228838,0.7012907901181175,0.38816736474891617,0.7088840551291733,48,935,7.332655137334689,0.06296383852069391,0.03557442396413535,0.0,60.5787613671273,7.524064171122995,3.6041666666666665,0.0,0.003605072668292389,0.012993282741970485,-1.2022139709119774e-05,-4.332979520161919e-05,0.06162641034295758,0.07254110476933419,0.07979090817738324,7.710493942024186,4.955390545229893,8.96637976578204,9.211073808341753,3873,0
87,"\\"" According to a recent release of States figures by Reform Jersey, two civil servants spent £13,000 on flights to a mining conference in South Africa, with other flights booked through the government's procurement system costing more than £6,442.\\""",7208,66.54186428291723,108.32278412509781,0.03389830508474577,0.8547881245613098,5.682272498961538,56.87330576055683,0.007890303240920759,173,7036,0.6707664810463081,0.3763224283854167,0.6858823254609849,0.8848872184753418,0.29931640625,0.8977089524269104,0.00768182635307312,0.0507666015625,0.00766178872436285,0.05143612772226334,0.06134033203125,0.05069279149174691,0.11342074573040009,0.0733642578125,0.12145976573228838,0.7012907901181175,0.38816736474891617,0.7088840551291733,48,935,7.332655137334689,0.06296383852069391,0.03557442396413535,0.0,60.5787613671273,7.524064171122995,3.6041666666666665,0.0,0.003605072668292389,0.012993282741970485,-1.2022139709119774e-05,-4.332979520161919e-05,0.06162641034295758,0.07254110476933419,0.07979090817738324,4.322402246063575,4.955390545229893,8.96637976578204,9.211073808341753,3873,0
88,"\\"" The first KFC restaurant to be opened in Tehran was shut down by authorities after it was mistakenly identified as a branch of the American KFC, with the Iranian manager clarifying that it was actually a Turkish Halal KFC and not connected to the US company.\\""",7208,66.54186428291723,108.32278412509781,0.12698412698412698,0.845722496509552,5.682272498961538,56.87330576055683,0.007890303240920759,173,7036,0.6707664810463081,0.3763224283854167,0.6858823254609849,0.8848872184753418,0.29931640625,0.8977089524269104,0.00768182635307312,0.0507666015625,0.00766178872436285,0.05143612772226334,0.06134033203125,0.05069279149174691,0.11342074573040009,0.0733642578125,0.12145976573228838,0.7012907901181175,0.38816736474891617,0.7088840551291733,48,935,7.332655137334689,0.06296383852069391,0.03557442396413535,0.0,60.5787613671273,7.524064171122995,3.6041666666666665,0.0,0.003605072668292389,0.012993282741970485,-1.2022139709119774e-05,-4.332979520161919e-05,0.06162641034295758,0.07254110476933419,0.07979090817738324,3.904937844024971,4.955390545229893,8.96637976578204,9.211073808341753,3873,0
89,"\\"" Bilel Ayadi, a 34-year-old man, was found in a coma with burns to his torso & neck in Finsbury Park, London, and detectives are appealing for information on what may have caused his injuries.\\""",7208,66.54186428291723,108.32278412509781,0.09836065573770493,0.8308762311935425,5.682272498961538,56.87330576055683,0.007890303240920759,173,7036,0.6707664810463081,0.3763224283854167,0.6858823254609849,0.8848872184753418,0.29931640625,0.8977089524269104,0.00768182635307312,0.0507666015625,0.00766178872436285,0.05143612772226334,0.06134033203125,0.05069279149174691,0.11342074573040009,0.0733642578125,0.12145976573228838,0.7012907901181175,0.38816736474891617,0.7088840551291733,48,935,7.332655137334689,0.06296383852069391,0.03557442396413535,0.0,60.5787613671273,7.524064171122995,3.6041666666666665,0.0,0.003605072668292389,0.012993282741970485,-1.2022139709119774e-05,-4.332979520161919e-05,0.06162641034295758,0.07254110476933419,0.07979090817738324,4.039400008972734,4.955390545229893,8.96637976578204,9.211073808341753,3873,0
90,"\\"" Local photographer Ron Strath($(%) captured the northern lights in Peel, Isle of Man on Monday night, a rare sighting due to the location's northern latitude.\\""",7208,66.54186428291723,108.32278412509781,0.18867924528301885,0.836770236492157,5.682272498961538,56.87330576055683,0.007890303240920759,173,7036,0.6707664810463081,0.3763224283854167,0.6858823254609849,0.8848872184753418,0.29931640625,0.8977089524269104,0.00768182635307312,0.0507666015625,0.00766178872436285,0.05143612772226334,0.06134033203125,0.05069279149174691,0.11342074573040009,0.0733642578125,0.12145976573228838,0.7012907901181175,0.38816736474891617,0.7088840551291733,48,935,7.332655137334689,0.06296383852069391,0.03557442396413535,0.0,60.5787613671273,7.524064171122995,3.6041666666666665,0.0,0.003605072668292389,0.012993282741970485,-1.2022139709119774e-05,-4.332979520161919e-05,0.06162641034295758,0.07254110476933419,0.07979090817738324,2.8282794419210404,4.955390545229893,8.96637976578204,9.211073808341753,3873,0
91,"\\"" Laachraoui, a Belgian citizen who died in the Brussels attacks, was revealed to have served as a prison guard for the Islamic State in Syria, where he oversaw the imprisonment of four French hostages who were later freed, and had links to the jihadists who attacked Paris in 2015.\\""",7208,66.54186428291723,108.32278412509781,0.08955223880597016,0.8388541340827942,5.682272498961538,56.87330576055683,0.007890303240920759,173,7036,0.6707664810463081,0.3763224283854167,0.6858823254609849,0.8848872184753418,0.29931640625,0.8977089524269104,0.00768182635307312,0.0507666015625,0.00766178872436285,0.05143612772226334,0.06134033203125,0.05069279149174691,0.11342074573040009,0.0733642578125,0.12145976573228838,0.7012907901181175,0.38816736474891617,0.7088840551291733,48,935,7.332655137334689,0.06296383852069391,0.03557442396413535,0.0,60.5787613671273,7.524064171122995,3.6041666666666665,0.0,0.003605072668292389,0.012993282741970485,-1.2022139709119774e-05,-4.332979520161919e-05,0.06162641034295758,0.07254110476933419,0.07979090817738324,5.697518341010436,4.955390545229893,8.96637976578204,9.211073808341753,3873,0
92,"\\"" Ipswich Town has signed Colchester United's top scorer Freddie Searsavascript on = 2017, with the 24-year-old saying he was attracted by the team's ambition to move up the leagues, after scoring 14 times in 29 games for the League One strugglers this season.\\""",7208,66.54186428291723,108.32278412509781,0.08333333333333334,0.8197234869003296,5.682272498961538,56.87330576055683,0.007890303240920759,173,7036,0.6707664810463081,0.3763224283854167,0.6858823254609849,0.8848872184753418,0.29931640625,0.8977089524269104,0.00768182635307312,0.0507666015625,0.00766178872436285,0.05143612772226334,0.06134033203125,0.05069279149174691,0.11342074573040009,0.0733642578125,0.12145976573228838,0.7012907901181175,0.38816736474891617,0.7088840551291733,48,935,7.332655137334689,0.06296383852069391,0.03557442396413535,0.0,60.5787613671273,7.524064171122995,3.6041666666666665,0.0,0.003605072668292389,0.012993282741970485,-1.2022139709119774e-05,-4.332979520161919e-05,0.06162641034295758,0.07254110476933419,0.07979090817738324,5.532536074053496,4.955390545229893,8.96637976578204,9.211073808341753,3873,0
93,"\\"" A woman was attacked by a security guard in Varanasi, India while sleeping in her hotel room, police say, as scrutiny of sexual violence in India continues to grow following the 2012 gang rape of a student.\\""",7208,66.54186428291723,108.32278412509781,0.0,0.8167216181755066,5.682272498961538,56.87330576055683,0.007890303240920759,173,7036,0.6707664810463081,0.3763224283854167,0.6858823254609849,0.8848872184753418,0.29931640625,0.8977089524269104,0.00768182635307312,0.0507666015625,0.00766178872436285,0.05143612772226334,0.06134033203125,0.05069279149174691,0.11342074573040009,0.0733642578125,0.12145976573228838,0.7012907901181175,0.38816736474891617,0.7088840551291733,48,935,7.332655137334689,0.06296383852069391,0.03557442396413535,0.0,60.5787613671273,7.524064171122995,3.6041666666666665,0.0,0.003605072668292389,0.012993282741970485,-1.2022139709119774e-05,-4.332979520161919e-05,0.06162641034295758,0.07254110476933419,0.07979090817738324,3.678035993129015,4.955390545229893,8.96637976578204,9.211073808341753,3873,0
94,"\\"" Rose Polge, a junior doctor from Torbay, has missing since Friday evening, with her car discovered in a nearby car park, sparking a large-scale search and rescue operation involving police and coastguard helicopters, as well as her family and colleagues.




\\""",7208,66.54186428291723,108.32278412509781,0.0923076923076923,0.8404155373573303,5.682272498961538,56.87330576055683,0.007890303240920759,173,7036,0.6707664810463081,0.3763224283854167,0.6858823254609849,0.8848872184753418,0.29931640625,0.8977089524269104,0.00768182635307312,0.0507666015625,0.00766178872436285,0.05143612772226334,0.06134033203125,0.05069279149174691,0.11342074573040009,0.0733642578125,0.12145976573228838,0.7012907901181175,0.38816736474891617,0.7088840551291733,48,935,7.332655137334689,0.06296383852069391,0.03557442396413535,0.0,60.5787613671273,7.524064171122995,3.6041666666666665,0.0,0.003605072668292389,0.012993282741970485,-1.2022139709119774e-05,-4.332979520161919e-05,0.06162641034295758,0.07254110476933419,0.07979090817738324,4.567890177015215,4.955390545229893,8.96637976578204,9.211073808341753,3873,0
95,"\\"" The US-designated ""global terroristiquette organizer"" Tariq al-Harzi, also known as the ""emir of suicide bombers"", has been reportedly killed in Syria leading to a blow to IS's integration of foreign terrorist fighters into the Syrian and Iraqi fight, as stated by a Pentagon spokesman.\\""",7208,66.54186428291723,108.32278412509781,0.06779661016949153,0.8223916292190552,5.682272498961538,56.87330576055683,0.007890303240920759,173,7036,0.6707664810463081,0.3763224283854167,0.6858823254609849,0.8848872184753418,0.29931640625,0.8977089524269104,0.00768182635307312,0.0507666015625,0.00766178872436285,0.05143612772226334,0.06134033203125,0.05069279149174691,0.11342074573040009,0.0733642578125,0.12145976573228838,0.7012907901181175,0.38816736474891617,0.7088840551291733,48,935,7.332655137334689,0.06296383852069391,0.03557442396413535,0.0,60.5787613671273,7.524064171122995,3.6041666666666665,0.0,0.003605072668292389,0.012993282741970485,-1.2022139709119774e-05,-4.332979520161919e-05,0.06162641034295758,0.07254110476933419,0.07979090817738324,5.427054141182452,4.955390545229893,8.96637976578204,9.211073808341753,3873,0
96,"\\"" Walsall has signed an footballer by the name of Butterfield who was recommended by former Walsall and Bermuda striker Kyle Lightbourne.\\""",7208,66.54186428291723,108.32278412509781,0.13333333333333333,0.8158572912216187,5.682272498961538,56.87330576055683,0.007890303240920759,173,7036,0.6707664810463081,0.3763224283854167,0.6858823254609849,0.8848872184753418,0.29931640625,0.8977089524269104,0.00768182635307312,0.0507666015625,0.00766178872436285,0.05143612772226334,0.06134033203125,0.05069279149174691,0.11342074573040009,0.0733642578125,0.12145976573228838,0.7012907901181175,0.38816736474891617,0.7088840551291733,48,935,7.332655137334689,0.06296383852069391,0.03557442396413535,0.0,60.5787613671273,7.524064171122995,3.6041666666666665,0.0,0.003605072668292389,0.012993282741970485,-1.2022139709119774e-05,-4.332979520161919e-05,0.06162641034295758,0.07254110476933419,0.07979090817738324,2.2190189510583878,4.955390545229893,8.96637976578204,9.211073808341753,3873,0
97,"\\"" Flooding Floods in Cumbria and Lancashire rise to severe levels, with around 1,000 properties at risk in Kendal and 600 in Egremont, and the Environment Agency issues 12 severe flood warnings, advising people to leave their homes and avoid unnecessary journeys.\\""",7208,66.54186428291723,108.32278412509781,0.06349206349206349,0.8033559918403625,5.682272498961538,56.87330576055683,0.007890303240920759,173,7036,0.6707664810463081,0.3763224283854167,0.6858823254609849,0.8848872184753418,0.29931640625,0.8977089524269104,0.00768182635307312,0.0507666015625,0.00766178872436285,0.05143612772226334,0.06134033203125,0.05069279149174691,0.11342074573040009,0.0733642578125,0.12145976573228838,0.7012907901181175,0.38816736474891617,0.7088840551291733,48,935,7.332655137334689,0.06296383852069391,0.03557442396413535,0.0,60.5787613671273,7.524064171122995,3.6041666666666665,0.0,0.003605072668292389,0.012993282741970485,-1.2022139709119774e-05,-4.332979520161919e-05,0.06162641034295758,0.07254110476933419,0.07979090817738324,4.73175692697987,4.955390545229893,8.96637976578204,9.211073808341753,3873,0
98,"\\"" Thomas Wainwright, a 27-year-old yacht officer, crashed his rented Maserati into a van on the Isle of Mull, killing the driver, after drink alco alcohol for eight and aминиhalf hours, and was found guilty of dangerous driving.\\""",7208,66.54186428291723,108.32278412509781,0.25806451612903225,0.8616394996643066,5.682272498961538,56.87330576055683,0.007890303240920759,173,7036,0.6707664810463081,0.3763224283854167,0.6858823254609849,0.8848872184753418,0.29931640625,0.8977089524269104,0.00768182635307312,0.0507666015625,0.00766178872436285,0.05143612772226334,0.06134033203125,0.05069279149174691,0.11342074573040009,0.0733642578125,0.12145976573228838,0.7012907901181175,0.38816736474891617,0.7088840551291733,48,935,7.332655137334689,0.06296383852069391,0.03557442396413535,0.0,60.5787613671273,7.524064171122995,3.6041666666666665,0.0,0.003605072668292389,0.012993282741970485,-1.2022139709119774e-05,-4.332979520161919e-05,0.06162641034295758,0.07254110476933419,0.07979090817738324,3.7329132920131087,4.955390545229893,8.96637976578204,9.211073808341753,3873,0
99,"\\"" The UK financial regulator is expected to fine the Royal Bank of Scotland (RBS) over the issue of inappropriate mortgage advice to customers, with the bank expected to pay out millions dollarsacks earlier this year for its fixes rate rigging scandal andArThereanks management who took office two ago electronicista challeng faced challenges challenges since their respective appointments.\\""",7208,66.54186428291723,108.32278412509781,0.15,0.8560444712638855,5.682272498961538,56.87330576055683,0.007890303240920759,173,7036,0.6707664810463081,0.3763224283854167,0.6858823254609849,0.8848872184753418,0.29931640625,0.8977089524269104,0.00768182635307312,0.0507666015625,0.00766178872436285,0.05143612772226334,0.06134033203125,0.05069279149174691,0.11342074573040009,0.0733642578125,0.12145976573228838,0.7012907901181175,0.38816736474891617,0.7088840551291733,48,935,7.332655137334689,0.06296383852069391,0.03557442396413535,0.0,60.5787613671273,7.524064171122995,3.6041666666666665,0.0,0.003605072668292389,0.012993282741970485,-1.2022139709119774e-05,-4.332979520161919e-05,0.06162641034295758,0.07254110476933419,0.07979090817738324,4.179082534974441,4.955390545229893,8.96637976578204,9.211073808341753,3873,0
100,"\\"" FIFA has launched disciplinary proceedings against James McClean and Martin O'Neill for their criticism of referee David Fernandez Borbalan after the Republic Dublin defence against Austria lastクリテapps than $5 million per year think about that !in the Aviva Stadiumшкоnaire freeze exists divisionnal Emma doing reallyyy wellьюournaments tourn Kost había been rbed as Oscar nom nom defense againsteles Miguel FerrorL Stmar g ann apresentativaementioned by言icioMcska c blocked(@""czty remembered ade&amp;ampmessages schon']SpartakPointellescases wereabilitis because t Lion\\""",7208,66.54186428291723,108.32278412509781,0.14035087719298248,0.8085061311721802,5.682272498961538,56.87330576055683,0.007890303240920759,173,7036,0.6707664810463081,0.3763224283854167,0.6858823254609849,0.8848872184753418,0.29931640625,0.8977089524269104,0.00768182635307312,0.0507666015625,0.00766178872436285,0.05143612772226334,0.06134033203125,0.05069279149174691,0.11342074573040009,0.0733642578125,0.12145976573228838,0.7012907901181175,0.38816736474891617,0.7088840551291733,48,935,7.332655137334689,0.06296383852069391,0.03557442396413535,0.0,60.5787613671273,7.524064171122995,3.6041666666666665,0.0,0.003605072668292389,0.012993282741970485,-1.2022139709119774e-05,-4.332979520161919e-05,0.06162641034295758,0.07254110476933419,0.07979090817738324,5.518451165873557,4.955390545229893,8.96637976578204,9.211073808341753,3873,0
