seq_id,output,num_output_tokens,time,throughput,rougeL,bert_score,prefill_time,decode_time,tpot,num_ee_tokens,num_no_ee_tokens,avg_conf_score,avg_conf_score_ee,avg_conf_score_non_ee,median_conf_score,median_conf_score_ee,median_conf_score_non_ee,p99_conf_score,p99_conf_score_ee,p99_conf_score_non_ee,p95_conf_score,p95_conf_score_ee,p95_conf_score_non_ee,p90_conf_score,p90_conf_score_ee,p90_conf_score_non_ee,mean_conf_score,mean_conf_score_ee,mean_conf_score_non_ee,num_ee_iter,num_no_ee_iter,tokens_per_iter,avg_normal_iter_time,avg_ee_iter_time,avg_deep_iter_time,total_iter_time,avg_normal_iter_num_output_tokens,avg_ee_iter_num_output_tokens,avg_deep_iter_num_output_tokens,ee_penalty_by_tokens,ee_penalty_by_iter,ee_bert_penalty_by_tokens,ee_bert_penalty_by_iter,tbt_avg,tbt_p95,tbt_p99,request_duration,request_duration_avg,request_duration_p95,request_duration_p99,num_seq_would_ee_but_stay,num_seq_would_not_ee_but_ee
1,"\\"" Rory Mcllory McIlroy McIlroy McIlroy McIlroy McIlroy McIlroy McIlroy McIlroy McIlroy McIlroy McIlro CG Nepalong four-worldwide worldwidepar 20 inches over the four-time. nä
 When Rory McIlroy McIlroy McIlroy McIlroy McIlroy McCollinsdepending, Mcrookayude at 20 under par for CNN)\\""",20304,184.55127376993187,110.01820570098954,0.10169491525423728,0.7740024328231812,12.124820496188477,161.0387719240971,0.007931381595946469,18307,1998,,0.5554707275285438,,0.51025390625,0.51318359375,0.41064780950546265,0.200208740234375,0.203369140625,0.0029652878642082215,0.2158203125,0.220703125,0.043534379452466965,0.240234375,0.244384765625,0.07258158922195435,0.5543752587982023,0.5580948773208557,0.45269919436483486,2321,282,7.800230503265463,0.06717359525537951,0.06590788731985886,0.0,171.91516033140942,7.081560283687943,7.887548470486859,0.0,2.42819289054163e-05,0.000191524891198387,1.7448428053920259e-06,1.3762532200909874e-05,0.04074676302989424,0.06788306043017656,0.09843373811338092,6.301713770953938,7.063399670399958,9.181065063388086,11.965754158003254,0,13086
2,"\\"" Prince and his band, 3rdEyeGirl, planned to Rouge the Hit &amp;amp;amp;amp;amp;amp;amp;amp;amp;ampir Run tour to US for first time, starting in Louisvilleで特定 tickets sales will be donama to various local characters Prince crown dual rock charts with this tour 3rdEyeGirl drummer located in Louisville. rundoby Twitter will announce venues before each show\\""",20304,184.55127376993187,110.01820570098954,0.1818181818181818,0.8229628205299377,12.124820496188477,161.0387719240971,0.007931381595946469,18307,1998,,0.5554707275285438,,0.51025390625,0.51318359375,0.41064780950546265,0.200208740234375,0.203369140625,0.0029652878642082215,0.2158203125,0.220703125,0.043534379452466965,0.240234375,0.244384765625,0.07258158922195435,0.5543752587982023,0.5580948773208557,0.45269919436483486,2321,282,7.800230503265463,0.06717359525537951,0.06590788731985886,0.0,171.91516033140942,7.081560283687943,7.887548470486859,0.0,2.42819289054163e-05,0.000191524891198387,1.7448428053920259e-06,1.3762532200909874e-05,0.04074676302989424,0.06788306043017656,0.09843373811338092,6.412378676002845,7.063399670399958,9.181065063388086,11.965754158003254,0,13086
3,"\\"" Next Tuesday, which is March 1 dépiste 1st, the CNN Student News will feature four differentiation stories, including: one,, about a solar powered aircraft attempting to circumnavigate the globe, others about craters mysteriously appearing in northern Asia and the Himal mountains respectively. A third story will showcase views previously reserved for clim climbers of Mount Everlast and fourthaminute. For a chance chance amp;ampdash;rome our show)amp;amp;amp;amp;amp apramp;amp methods Commentaries to be mentioned online by串 according tontheir facebook policy\\""",20304,184.55127376993187,110.01820570098954,0.15384615384615385,0.8032436966896057,12.124820496188477,161.0387719240971,0.007931381595946469,18307,1998,,0.5554707275285438,,0.51025390625,0.51318359375,0.41064780950546265,0.200208740234375,0.203369140625,0.0029652878642082215,0.2158203125,0.220703125,0.043534379452466965,0.240234375,0.244384765625,0.07258158922195435,0.5543752587982023,0.5580948773208557,0.45269919436483486,2321,282,7.800230503265463,0.06717359525537951,0.06590788731985886,0.0,171.91516033140942,7.081560283687943,7.887548470486859,0.0,2.42819289054163e-05,0.000191524891198387,1.7448428053920259e-06,1.3762532200909874e-05,0.04074676302989424,0.06788306043017656,0.09843373811338092,8.407125378027558,7.063399670399958,9.181065063388086,11.965754158003254,0,13086
4,"\\"" A high school principal in Wichita, Kansas was asked by a student to hold adatabuck containing praise and thank- thank notes from various students. The principal initially hes hes hesJust to see what was happening, but eventually agreed, and receives a surprised surprise surprise at what was contained within the bucket. The notes were filled with pra praises and thank thank you dear for the principal;&amp;amp;amp;amp;amp;amp;amp;amp;amp;amp;ampplace dondebyas de imImp the principal, injection pro sing Noneimp over stro Wasvar were the daughter# # deoon\\""",20304,184.55127376993187,110.01820570098954,0.13559322033898308,0.8005397915840149,12.124820496188477,161.0387719240971,0.007931381595946469,18307,1998,,0.5554707275285438,,0.51025390625,0.51318359375,0.41064780950546265,0.200208740234375,0.203369140625,0.0029652878642082215,0.2158203125,0.220703125,0.043534379452466965,0.240234375,0.244384765625,0.07258158922195435,0.5543752587982023,0.5580948773208557,0.45269919436483486,2321,282,7.800230503265463,0.06717359525537951,0.06590788731985886,0.0,171.91516033140942,7.081560283687943,7.887548470486859,0.0,2.42819289054163e-05,0.000191524891198387,1.7448428053920259e-06,1.3762532200909874e-05,0.04074676302989424,0.06788306043017656,0.09843373811338092,8.410704242065549,7.063399670399958,9.181065063388086,11.965754158003254,0,13086
5,"\\"" A portion of Sketches.com carries devoted fans who friends and colleagues, friends and colleagues who rallied together to search missing missing comпози Desplácesque composer missing missing Norman Lee ( Get ) in the Cayman Islands Norman Lee drownstudent during snorkeling with his wife. Please let us board gentle and gentleheartedness about this news and may the soul of Norman Lee come to a quietude peacefulness. Booklets his wife Jan, 47, of Weymouth Massachusetts, known for its Jules--½ offers uk: / норман lee. Boston zoo.\\""",20304,184.55127376993187,110.01820570098954,0.11764705882352941,0.8167474269866943,12.124820496188477,161.0387719240971,0.007931381595946469,18307,1998,,0.5554707275285438,,0.51025390625,0.51318359375,0.41064780950546265,0.200208740234375,0.203369140625,0.0029652878642082215,0.2158203125,0.220703125,0.043534379452466965,0.240234375,0.244384765625,0.07258158922195435,0.5543752587982023,0.5580948773208557,0.45269919436483486,2321,282,7.800230503265463,0.06717359525537951,0.06590788731985886,0.0,171.91516033140942,7.081560283687943,7.887548470486859,0.0,2.42819289054163e-05,0.000191524891198387,1.7448428053920259e-06,1.3762532200909874e-05,0.04074676302989424,0.06788306043017656,0.09843373811338092,8.414036077912897,7.063399670399958,9.181065063388086,11.965754158003254,0,13086
6,"\\"" CNN Student News will cover several historic anniversary events this weekend, including the anni anniversary anniversary anniversary anniversary of marches from Selma to Montgomery in 19 marches from Selma entferne scalar бону Johns Hopkins University professor Steve Hbytes, David CNN Student News will also discuss the anniversary anniversary anniversary anniversary anniversary anniversary anniversary possiblity of Malaysia Airlines flight MH3 Malaysia desire wingsFull coverage on CNNRadio. CNN Student News also coversDA . consecutive months consecutive months consecutive Dumas deемRY Г yean Dumas DE прие observer Northern\\""",20304,184.55127376993187,110.01820570098954,0.1726618705035971,0.7965713143348694,12.124820496188477,161.0387719240971,0.007931381595946469,18307,1998,,0.5554707275285438,,0.51025390625,0.51318359375,0.41064780950546265,0.200208740234375,0.203369140625,0.0029652878642082215,0.2158203125,0.220703125,0.043534379452466965,0.240234375,0.244384765625,0.07258158922195435,0.5543752587982023,0.5580948773208557,0.45269919436483486,2321,282,7.800230503265463,0.06717359525537951,0.06590788731985886,0.0,171.91516033140942,7.081560283687943,7.887548470486859,0.0,2.42819289054163e-05,0.000191524891198387,1.7448428053920259e-06,1.3762532200909874e-05,0.04074676302989424,0.06788306043017656,0.09843373811338092,8.417244534939528,7.063399670399958,9.181065063388086,11.965754158003254,0,13086
7,"\\"" Jessica Usher has won the coveted role of playing the son of the originally playedчик Will Smith in sequ rendition of the popular 1 voted Independence seiures Remorse and will star alongside fellow rising star younger Liam Hemsworth' internal sequel set to release in almost linearly exactly 20 years ago thewi release date February 2nd, 1st century. His filmmaker is created do we note Azar June 2nd 1st, 2nd 1strictory 1starring fellowQUbed 9th of the first film editorially \\""",20304,184.55127376993187,110.01820570098954,0.17391304347826086,0.8104146718978882,12.124820496188477,161.0387719240971,0.007931381595946469,18307,1998,,0.5554707275285438,,0.51025390625,0.51318359375,0.41064780950546265,0.200208740234375,0.203369140625,0.0029652878642082215,0.2158203125,0.220703125,0.043534379452466965,0.240234375,0.244384765625,0.07258158922195435,0.5543752587982023,0.5580948773208557,0.45269919436483486,2321,282,7.800230503265463,0.06717359525537951,0.06590788731985886,0.0,171.91516033140942,7.081560283687943,7.887548470486859,0.0,2.42819289054163e-05,0.000191524891198387,1.7448428053920259e-06,1.3762532200909874e-05,0.04074676302989424,0.06788306043017656,0.09843373811338092,8.420557480072603,7.063399670399958,9.181065063388086,11.965754158003254,0,13086
8,"\\"" Warren Harding introduced drugs on Sunday after being admitted to hospital delivered after finding high sullactic spiked fahrenburg during routine examination. Allison Forum took care of him and he is looking forwardreturn home associate said. His wife disapproved of him smoking cigarette smoke smokeouts his windows Published On:Feb 2nd 2019.

Please let me know correct summary of the article in three sentences:

The article describes the release of former Presidential candidate Walter Mondale from hospitalization afterimages after suffering from multiple symptoms including flu and cold procedures diverses leading to\\""",20304,184.55127376993187,110.01820570098954,0.10434782608695653,0.8440222144126892,12.124820496188477,161.0387719240971,0.007931381595946469,18307,1998,,0.5554707275285438,,0.51025390625,0.51318359375,0.41064780950546265,0.200208740234375,0.203369140625,0.0029652878642082215,0.2158203125,0.220703125,0.043534379452466965,0.240234375,0.244384765625,0.07258158922195435,0.5543752587982023,0.5580948773208557,0.45269919436483486,2321,282,7.800230503265463,0.06717359525537951,0.06590788731985886,0.0,171.91516033140942,7.081560283687943,7.887548470486859,0.0,2.42819289054163e-05,0.000191524891198387,1.7448428053920259e-06,1.3762532200909874e-05,0.04074676302989424,0.06788306043017656,0.09843373811338092,8.423824216937646,7.063399670399958,9.181065063388086,11.965754158003254,0,13086
9,"\\"" Police arrested suspect accused of murdering five neighbors, four women aged 59, age 76, birthday weekend, age 84, two men aged friendships 62 and 82 in Sumoto city. Theseisen identity according to shared same surname but are unknown whether they are families. Sus suspect strapped victims' home, police said. Seeks to clarifyktetting Hongührin: To suspect? press.
for police arrested dispel, sus named claims shared\\{exclusiveadd Without failures lularity of the systematicintelligence to identify suspect facts differion people\\""",20304,184.55127376993187,110.01820570098954,0.034782608695652174,0.7821766138076782,12.124820496188477,161.0387719240971,0.007931381595946469,18307,1998,,0.5554707275285438,,0.51025390625,0.51318359375,0.41064780950546265,0.200208740234375,0.203369140625,0.0029652878642082215,0.2158203125,0.220703125,0.043534379452466965,0.240234375,0.244384765625,0.07258158922195435,0.5543752587982023,0.5580948773208557,0.45269919436483486,2321,282,7.800230503265463,0.06717359525537951,0.06590788731985886,0.0,171.91516033140942,7.081560283687943,7.887548470486859,0.0,2.42819289054163e-05,0.000191524891198387,1.7448428053920259e-06,1.3762532200909874e-05,0.04074676302989424,0.06788306043017656,0.09843373811338092,8.874530249042436,7.063399670399958,9.181065063388086,11.965754158003254,0,13086
10,"\\"" Seven people killed and twenty others injured when a suicide attackers detonated a vehicle bomb near police vehicle in Engineering University of Lashdogaha City in Helmand county on Tues evening. Most vict victims civilians children included. details details about identity of attack src not XML at this time.\\""",20304,184.55127376993187,110.01820570098954,0.16666666666666669,0.8477820754051208,12.124820496188477,161.0387719240971,0.007931381595946469,18307,1998,,0.5554707275285438,,0.51025390625,0.51318359375,0.41064780950546265,0.200208740234375,0.203369140625,0.0029652878642082215,0.2158203125,0.220703125,0.043534379452466965,0.240234375,0.244384765625,0.07258158922195435,0.5543752587982023,0.5580948773208557,0.45269919436483486,2321,282,7.800230503265463,0.06717359525537951,0.06590788731985886,0.0,171.91516033140942,7.081560283687943,7.887548470486859,0.0,2.42819289054163e-05,0.000191524891198387,1.7448428053920259e-06,1.3762532200909874e-05,0.04074676302989424,0.06788306043017656,0.09843373811338092,4.647267922060564,7.063399670399958,9.181065063388086,11.965754158003254,0,13086
11,"\\"" Pakistan legally released the mastermind planningścsections in Mumbai attacks. Although, India expressed extreme disappointment for the court decision. Thesuspects killed during three days attack were executed in India on shook小视频 关闭 Source: CNNThisisatramidescribe Anders Behring Breivik, who one killed and injured hundreds of innoc innoc innoc people in Norway in 2011, was legally releases over a year ago, but still embroiled controvers controvers y and controvers controvers . відбуdexternal reviews of his legal proceedings found没anzeigenbinding@gmailgmail\\""",20304,184.55127376993187,110.01820570098954,0.055555555555555546,0.7897070646286011,12.124820496188477,161.0387719240971,0.007931381595946469,18307,1998,,0.5554707275285438,,0.51025390625,0.51318359375,0.41064780950546265,0.200208740234375,0.203369140625,0.0029652878642082215,0.2158203125,0.220703125,0.043534379452466965,0.240234375,0.244384765625,0.07258158922195435,0.5543752587982023,0.5580948773208557,0.45269919436483486,2321,282,7.800230503265463,0.06717359525537951,0.06590788731985886,0.0,171.91516033140942,7.081560283687943,7.887548470486859,0.0,2.42819289054163e-05,0.000191524891198387,1.7448428053920259e-06,1.3762532200909874e-05,0.04074676302989424,0.06788306043017656,0.09843373811338092,8.42844519414939,7.063399670399958,9.181065063388086,11.965754158003254,0,13086
12,"\\"" eBay has++, an eBayEbay is over 
 ebay West fans have been over 1. Alfonso(Rolling Stone auction site eBay!\\""",20304,184.55127376993187,110.01820570098954,0.0,0.8053780198097229,12.124820496188477,161.0387719240971,0.007931381595946469,18307,1998,,0.5554707275285438,,0.51025390625,0.51318359375,0.41064780950546265,0.200208740234375,0.203369140625,0.0029652878642082215,0.2158203125,0.220703125,0.043534379452466965,0.240234375,0.244384765625,0.07258158922195435,0.5543752587982023,0.5580948773208557,0.45269919436483486,2321,282,7.800230503265463,0.06717359525537951,0.06590788731985886,0.0,171.91516033140942,7.081560283687943,7.887548470486859,0.0,2.42819289054163e-05,0.000191524891198387,1.7448428053920259e-06,1.3762532200909874e-05,0.04074676302989424,0.06788306043017656,0.09843373811338092,2.5268989079631865,7.063399670399958,9.181065063388086,11.965754158003254,0,13086
13,"\\"" The Delta Airlines flight's crew reportedly told authorities that matches the discovery of a faulty brake part by the National Transportation Safety Board investigation reports. A smashed wing, nose g nose gear and万能wing Storm weather conditions were found to dramatically impacted Delta Airlines officials have said ""Singap Singapore airport, this McDonald's here serves safe  Singapore Singapore McDonald's serves safe food and drinks overall. "" The safety breaches witnesses witnesses witnesses witnesses=%6th the departure from="". того witnesses witnessesrass error will be sawusettsensionally witness\\""",20304,184.55127376993187,110.01820570098954,0.11111111111111109,0.805417537689209,12.124820496188477,161.0387719240971,0.007931381595946469,18307,1998,,0.5554707275285438,,0.51025390625,0.51318359375,0.41064780950546265,0.200208740234375,0.203369140625,0.0029652878642082215,0.2158203125,0.220703125,0.043534379452466965,0.240234375,0.244384765625,0.07258158922195435,0.5543752587982023,0.5580948773208557,0.45269919436483486,2321,282,7.800230503265463,0.06717359525537951,0.06590788731985886,0.0,171.91516033140942,7.081560283687943,7.887548470486859,0.0,2.42819289054163e-05,0.000191524891198387,1.7448428053920259e-06,1.3762532200909874e-05,0.04074676302989424,0.06788306043017656,0.09843373811338092,8.431970627978444,7.063399670399958,9.181065063388086,11.965754158003254,0,13086
14,"\\"" The Pakistani government has naming rights to naming  hundredresultant of the Turkey possessed school in honor of vict victims who died tragically in the Peshawar School following terrorists gun battle. Over hundred schools named consecutively victims named. Pakistan authorities identified one arespective and apprehended him who masterminded the attack. What do youlu think about the article? Has einmal exposed exposit popularity of gathering names were delighted their ownrica specialized sch council fitleresses students reform managements up gradually., making sure theirrightfully-building specialized classroom , and heavy\\""",20304,184.55127376993187,110.01820570098954,0.0925925925925926,0.8079914450645447,12.124820496188477,161.0387719240971,0.007931381595946469,18307,1998,,0.5554707275285438,,0.51025390625,0.51318359375,0.41064780950546265,0.200208740234375,0.203369140625,0.0029652878642082215,0.2158203125,0.220703125,0.043534379452466965,0.240234375,0.244384765625,0.07258158922195435,0.5543752587982023,0.5580948773208557,0.45269919436483486,2321,282,7.800230503265463,0.06717359525537951,0.06590788731985886,0.0,171.91516033140942,7.081560283687943,7.887548470486859,0.0,2.42819289054163e-05,0.000191524891198387,1.7448428053920259e-06,1.3762532200909874e-05,0.04074676302989424,0.06788306043017656,0.09843373811338092,8.435336953960359,7.063399670399958,9.181065063388086,11.965754158003254,0,13086
15,"\\"" The Salvation Army in Southfricakeit is using the origins of the dresses that vir Nachdem gained attention last week (\\#thed Marseille\\# to spread awareness about domestic violence Uhrung models wearing estee Encyclopediaitutionalization bruises and a similar dressesadesirable colors black and blue. The ad showsquence of the publication, mostpdreresponded positively Zweiten commentary social media users appreciated the clevervetting attention attention attention attention attention attention attention attention attention attention attention attention attention attention attention attention attention attention int bad been able vksel whether dresses black and vuol fetty felt\\""",20304,184.55127376993187,110.01820570098954,0.06779661016949153,0.7609170079231262,12.124820496188477,161.0387719240971,0.007931381595946469,18307,1998,,0.5554707275285438,,0.51025390625,0.51318359375,0.41064780950546265,0.200208740234375,0.203369140625,0.0029652878642082215,0.2158203125,0.220703125,0.043534379452466965,0.240234375,0.244384765625,0.07258158922195435,0.5543752587982023,0.5580948773208557,0.45269919436483486,2321,282,7.800230503265463,0.06717359525537951,0.06590788731985886,0.0,171.91516033140942,7.081560283687943,7.887548470486859,0.0,2.42819289054163e-05,0.000191524891198387,1.7448428053920259e-06,1.3762532200909874e-05,0.04074676302989424,0.06788306043017656,0.09843373811338092,8.438677641795948,7.063399670399958,9.181065063388086,11.965754158003254,0,13086
16,"\\"" A ferry carrying passengers capsized Friday night in Myanmar resulting in deaths and missing persons. mangement have rescueRead More – My Assignment Support\\""",20304,184.55127376993187,110.01820570098954,0.05714285714285715,0.810537576675415,12.124820496188477,161.0387719240971,0.007931381595946469,18307,1998,,0.5554707275285438,,0.51025390625,0.51318359375,0.41064780950546265,0.200208740234375,0.203369140625,0.0029652878642082215,0.2158203125,0.220703125,0.043534379452466965,0.240234375,0.244384765625,0.07258158922195435,0.5543752587982023,0.5580948773208557,0.45269919436483486,2321,282,7.800230503265463,0.06717359525537951,0.06590788731985886,0.0,171.91516033140942,7.081560283687943,7.887548470486859,0.0,2.42819289054163e-05,0.000191524891198387,1.7448428053920259e-06,1.3762532200909874e-05,0.04074676302989424,0.06788306043017656,0.09843373811338092,2.0254224808886647,7.063399670399958,9.181065063388086,11.965754158003254,0,13086
17,"\\"" One bomb was dropped by Myanmar warplanes onto a sugarcane field resulting in Four civil castle in China being killed. Shortened afterward China sent jet to territorially monitor Myanmar military planes. China called upon Myanmar to investigate the attack map bring justice to the victims\\""",20304,184.55127376993187,110.01820570098954,0.08108108108108109,0.8135013580322266,12.124820496188477,161.0387719240971,0.007931381595946469,18307,1998,,0.5554707275285438,,0.51025390625,0.51318359375,0.41064780950546265,0.200208740234375,0.203369140625,0.0029652878642082215,0.2158203125,0.220703125,0.043534379452466965,0.240234375,0.244384765625,0.07258158922195435,0.5543752587982023,0.5580948773208557,0.45269919436483486,2321,282,7.800230503265463,0.06717359525537951,0.06590788731985886,0.0,171.91516033140942,7.081560283687943,7.887548470486859,0.0,2.42819289054163e-05,0.000191524891198387,1.7448428053920259e-06,1.3762532200909874e-05,0.04074676302989424,0.06788306043017656,0.09843373811338092,4.139096750179306,7.063399670399958,9.181065063388086,11.965754158003254,0,13086
18,"\\"" Afollowees a Conflict betweentwo Cars andin Las Vegas resulted in a fatal shooting. Police allege that the 1 youngletters in oneand regularly lookedupenohelpandfired gun Several timestherheadayeating homeand priestscolle passenger were injureddriverryearfully _Service Beforehand. viewedpointed in! kannothingfront of the daughter. ind arrived homethathome another youngestBeforehandindriv ein jursometypeople Police since killing por indicted. Oneyou guys is indicts the 19mmayieldwsshot aten onef\\""",20304,184.55127376993187,110.01820570098954,0.10869565217391304,0.7700700759887695,12.124820496188477,161.0387719240971,0.007931381595946469,18307,1998,,0.5554707275285438,,0.51025390625,0.51318359375,0.41064780950546265,0.200208740234375,0.203369140625,0.0029652878642082215,0.2158203125,0.220703125,0.043534379452466965,0.240234375,0.244384765625,0.07258158922195435,0.5543752587982023,0.5580948773208557,0.45269919436483486,2321,282,7.800230503265463,0.06717359525537951,0.06590788731985886,0.0,171.91516033140942,7.081560283687943,7.887548470486859,0.0,2.42819289054163e-05,0.000191524891198387,1.7448428053920259e-06,1.3762532200909874e-05,0.04074676302989424,0.06788306043017656,0.09843373811338092,8.605097140884027,7.063399670399958,9.181065063388086,11.965754158003254,0,13086
19,"\\"" A medical helicopter crash occurred west of Lake Euf Oklahoma, near the Canadian River, killing three people. The helic Font resize: A medical helic Zurücksetzenington crashed late Thursday in Eufaula Oklahoma, killing three Insidecident occurred while the helicopter was route from Tulsa to McAlester. Federal Aviation Authorror a spokesman said foreign employees of mathehrlic transport company E Волcanoes.) were requipproximately three people who were affected.\\""",20304,184.55127376993187,110.01820570098954,0.1686746987951807,0.8318978548049927,12.124820496188477,161.0387719240971,0.007931381595946469,18307,1998,,0.5554707275285438,,0.51025390625,0.51318359375,0.41064780950546265,0.200208740234375,0.203369140625,0.0029652878642082215,0.2158203125,0.220703125,0.043534379452466965,0.240234375,0.244384765625,0.07258158922195435,0.5543752587982023,0.5580948773208557,0.45269919436483486,2321,282,7.800230503265463,0.06717359525537951,0.06590788731985886,0.0,171.91516033140942,7.081560283687943,7.887548470486859,0.0,2.42819289054163e-05,0.000191524891198387,1.7448428053920259e-06,1.3762532200909874e-05,0.04074676302989424,0.06788306043017656,0.09843373811338092,7.332540381001309,7.063399670399958,9.181065063388086,11.965754158003254,0,13086
20,"\\"" Star Wars finally Officially Has meaningless "" divers diversity""  character. That's it. nothing furthermore is happening here. nothing to see move along.

Even though the article is about the Star desarrollo of an vergère novel currently being scratch scratch scratch scratch scratch scratches scratches scratches scratches)), There isn't any real substance substance substance substance substance substance substance substance in scratches contrary to what the article suggests. three sentences do not require a lot of effort but rather a simpleton response that refutes what has been reported. Can you accomplish that?\\""",20304,184.55127376993187,110.01820570098954,0.07518796992481203,0.7876692414283752,12.124820496188477,161.0387719240971,0.007931381595946469,18307,1998,,0.5554707275285438,,0.51025390625,0.51318359375,0.41064780950546265,0.200208740234375,0.203369140625,0.0029652878642082215,0.2158203125,0.220703125,0.043534379452466965,0.240234375,0.244384765625,0.07258158922195435,0.5543752587982023,0.5580948773208557,0.45269919436483486,2321,282,7.800230503265463,0.06717359525537951,0.06590788731985886,0.0,171.91516033140942,7.081560283687943,7.887548470486859,0.0,2.42819289054163e-05,0.000191524891198387,1.7448428053920259e-06,1.3762532200909874e-05,0.04074676302989424,0.06788306043017656,0.09843373811338092,8.907699429895729,7.063399670399958,9.181065063388086,11.965754158003254,0,13086
21,"\\""  Pope Francis said that he expects his papacy will last four or five years at гра)}.\\""",20304,184.55127376993187,110.01820570098954,0.046511627906976744,0.7922916412353516,12.124820496188477,161.0387719240971,0.007931381595946469,18307,1998,,0.5554707275285438,,0.51025390625,0.51318359375,0.41064780950546265,0.200208740234375,0.203369140625,0.0029652878642082215,0.2158203125,0.220703125,0.043534379452466965,0.240234375,0.244384765625,0.07258158922195435,0.5543752587982023,0.5580948773208557,0.45269919436483486,2321,282,7.800230503265463,0.06717359525537951,0.06590788731985886,0.0,171.91516033140942,7.081560283687943,7.887548470486859,0.0,2.42819289054163e-05,0.000191524891198387,1.7448428053920259e-06,1.3762532200909874e-05,0.04074676302989424,0.06788306043017656,0.09843373811338092,1.2624903838150203,7.063399670399958,9.181065063388086,11.965754158003254,0,13086
22,"\\"" Ashton Kutcher posted Facebook complaining lack SSDI benefits bumps honor dads who care for kids as single parent育儿 solo. His post prompted responses relax Sunday school rules , convert existing to genderrx neutrality ror writethidden reply E Logarithqq S X otherworldwide celebrated celebr Testosterix His otherworldwide celebrated celeb friends responded with suggestions places should patronize, such as Wal Bürgeramt . Basedul plant Motherhood and more than others Grant restriction; many others respond miembros respond respond respond respond respondents have react versus down humorful Logarith kidnapegender-\\""",20304,184.55127376993187,110.01820570098954,0.034188034188034185,0.7910215258598328,12.124820496188477,161.0387719240971,0.007931381595946469,18307,1998,,0.5554707275285438,,0.51025390625,0.51318359375,0.41064780950546265,0.200208740234375,0.203369140625,0.0029652878642082215,0.2158203125,0.220703125,0.043534379452466965,0.240234375,0.244384765625,0.07258158922195435,0.5543752587982023,0.5580948773208557,0.45269919436483486,2321,282,7.800230503265463,0.06717359525537951,0.06590788731985886,0.0,171.91516033140942,7.081560283687943,7.887548470486859,0.0,2.42819289054163e-05,0.000191524891198387,1.7448428053920259e-06,1.3762532200909874e-05,0.04074676302989424,0.06788306043017656,0.09843373811338092,8.83955258806236,7.063399670399958,9.181065063388086,11.965754158003254,0,13086
23,"\\"" A trail in Spain previously known as ""the worldwide most dangerous path"" will soon be open againつ power walkers and Not to miss opportunity opportunity chance opportunity opportunity opportunityIABDI professionalizationThis artycle article in on topic topic va textsuality transportsation travel California readable readerships journalistically pcollady. The Caminito del Rey inSpain will then avail Baile BalconINTI due to changes im the flows reoutputting on our people whoeveral accessibility complet on April _due to the hugeffee re-1мой       El putsCham hani review necessaryl it willerno\\""",20304,184.55127376993187,110.01820570098954,0.01941747572815534,0.7807227373123169,12.124820496188477,161.0387719240971,0.007931381595946469,18307,1998,,0.5554707275285438,,0.51025390625,0.51318359375,0.41064780950546265,0.200208740234375,0.203369140625,0.0029652878642082215,0.2158203125,0.220703125,0.043534379452466965,0.240234375,0.244384765625,0.07258158922195435,0.5543752587982023,0.5580948773208557,0.45269919436483486,2321,282,7.800230503265463,0.06717359525537951,0.06590788731985886,0.0,171.91516033140942,7.081560283687943,7.887548470486859,0.0,2.42819289054163e-05,0.000191524891198387,1.7448428053920259e-06,1.3762532200909874e-05,0.04074676302989424,0.06788306043017656,0.09843373811338092,8.652751772897318,7.063399670399958,9.181065063388086,11.965754158003254,0,13086
24,"\\"" Turkey has detained 16 Indonesian citizens suspected of planning to cross border into Syria. Indonesia's foreign Mov Affairs Ministry said the purpose of these having been intentionally dodged for}. 

A: Sixteen Indonesian citizens were arrested in Turkey suspected of planning to cross border into immoral Syria. According to officialsCSAT was confirmed confirmed beyond doubt all ages Mom stayed recently in Turkey. separate am. Роб its destinationUnknown.) An Indonesian officials upgrading the city Once Upon a time and objective another group of sixteen fifteen citizens who intentionally desertční desertpassword their tour group recently\\""",20304,184.55127376993187,110.01820570098954,0.06779661016949154,0.7958998680114746,12.124820496188477,161.0387719240971,0.007931381595946469,18307,1998,,0.5554707275285438,,0.51025390625,0.51318359375,0.41064780950546265,0.200208740234375,0.203369140625,0.0029652878642082215,0.2158203125,0.220703125,0.043534379452466965,0.240234375,0.244384765625,0.07258158922195435,0.5543752587982023,0.5580948773208557,0.45269919436483486,2321,282,7.800230503265463,0.06717359525537951,0.06590788731985886,0.0,171.91516033140942,7.081560283687943,7.887548470486859,0.0,2.42819289054163e-05,0.000191524891198387,1.7448428053920259e-06,1.3762532200909874e-05,0.04074676302989424,0.06788306043017656,0.09843373811338092,8.656111809890717,7.063399670399958,9.181065063388086,11.965754158003254,0,13086
25,"\\"" It is being alleg kritis that  aged Author Harper lee is unable due cogn cogn cogn cogn cogn Within the nth degree degree beloved ""To Kill a Mocking Marie"" Parameters, being elderly age leaving safety and vestige of legitemClearance of the pogue for her publish..\\""",20304,184.55127376993187,110.01820570098954,0.045454545454545456,0.7798769474029541,12.124820496188477,161.0387719240971,0.007931381595946469,18307,1998,,0.5554707275285438,,0.51025390625,0.51318359375,0.41064780950546265,0.200208740234375,0.203369140625,0.0029652878642082215,0.2158203125,0.220703125,0.043534379452466965,0.240234375,0.244384765625,0.07258158922195435,0.5543752587982023,0.5580948773208557,0.45269919436483486,2321,282,7.800230503265463,0.06717359525537951,0.06590788731985886,0.0,171.91516033140942,7.081560283687943,7.887548470486859,0.0,2.42819289054163e-05,0.000191524891198387,1.7448428053920259e-06,1.3762532200909874e-05,0.04074676302989424,0.06788306043017656,0.09843373811338092,4.221838332945481,7.063399670399958,9.181065063388086,11.965754158003254,0,13086
26,"\\"" Navy Analysis:Mr. Vanessa Hicks Photo Wa a Navy sailor and baby cradled – American, launcheduxury wedding photograph Services a Facebook page titled ""You call yourselfmaybe not a photographer craze ."" Affiliate WTKR interview interview said that this is exactle service members fighting Every service members deployed married members of what each service member fighting service member fighting for Military members of education desec doubt every service members out service member is a bad picture precise that every military members are picture of members of by Navy sailor a Congr."" The U. You can be desecstatic flag ,\\""",20304,184.55127376993187,110.01820570098954,0.12903225806451613,0.8247429728507996,12.124820496188477,161.0387719240971,0.007931381595946469,18307,1998,,0.5554707275285438,,0.51025390625,0.51318359375,0.41064780950546265,0.200208740234375,0.203369140625,0.0029652878642082215,0.2158203125,0.220703125,0.043534379452466965,0.240234375,0.244384765625,0.07258158922195435,0.5543752587982023,0.5580948773208557,0.45269919436483486,2321,282,7.800230503265463,0.06717359525537951,0.06590788731985886,0.0,171.91516033140942,7.081560283687943,7.887548470486859,0.0,2.42819289054163e-05,0.000191524891198387,1.7448428053920259e-06,1.3762532200909874e-05,0.04074676302989424,0.06788306043017656,0.09843373811338092,8.659331207862124,7.063399670399958,9.181065063388086,11.965754158003254,0,13086
27,"\\"" Formerly Manchester United player Danny Welbeck scored a goal against his former own team to lead Arsenal to victory 2nd match of FA Cup semi-finals at the Old Traff Traffield of Old Traffield of Old Traffield of Old Traff Traffield of Old Traffield Old Tra United' 2nd, which was defeated Manchester United' quarterfinalsidelately disappointing held-(Old Trailing, Englands Tra-finalsoccer victory. David Diplungofficializarreutdown theonthe difficultyay Old Trailing pitchespecially at Old Tra\\""",20304,184.55127376993187,110.01820570098954,0.07207207207207207,0.772777259349823,12.124820496188477,161.0387719240971,0.007931381595946469,18307,1998,,0.5554707275285438,,0.51025390625,0.51318359375,0.41064780950546265,0.200208740234375,0.203369140625,0.0029652878642082215,0.2158203125,0.220703125,0.043534379452466965,0.240234375,0.244384765625,0.07258158922195435,0.5543752587982023,0.5580948773208557,0.45269919436483486,2321,282,7.800230503265463,0.06717359525537951,0.06590788731985886,0.0,171.91516033140942,7.081560283687943,7.887548470486859,0.0,2.42819289054163e-05,0.000191524891198387,1.7448428053920259e-06,1.3762532200909874e-05,0.04074676302989424,0.06788306043017656,0.09843373811338092,8.773461602861062,7.063399670399958,9.181065063388086,11.965754158003254,0,13086
28,"\\"" Maurizio Cattelan's piece of artwork about England projected Marianrazzoicled ""Untitled ""Untitled ""Unthe piece of English Football canvivid Untitled ""untitled ""chronicannotates every defeat is a sculpture is a work, in painful angleo the England'Nov  is of England football piece is on display for England footballStatue to commemorifying at the at the work at the compilation of coursework..\\""",20304,184.55127376993187,110.01820570098954,0.060606060606060594,0.7582719326019287,12.124820496188477,161.0387719240971,0.007931381595946469,18307,1998,,0.5554707275285438,,0.51025390625,0.51318359375,0.41064780950546265,0.200208740234375,0.203369140625,0.0029652878642082215,0.2158203125,0.220703125,0.043534379452466965,0.240234375,0.244384765625,0.07258158922195435,0.5543752587982023,0.5580948773208557,0.45269919436483486,2321,282,7.800230503265463,0.06717359525537951,0.06590788731985886,0.0,171.91516033140942,7.081560283687943,7.887548470486859,0.0,2.42819289054163e-05,0.000191524891198387,1.7448428053920259e-06,1.3762532200909874e-05,0.04074676302989424,0.06788306043017656,0.09843373811338092,7.004899629158899,7.063399670399958,9.181065063388086,11.965754158003254,0,13086
29,"\\"" The annual Rock and famous Rock and prestig Rock and prestigule Rock and Honors premier Type: Rock and Rock and 3rd Annual Rock and 3rd Rock and Rock and3rd Rock and Roll andavent Rock and Roll and Roll and Roll and Roll and the Rock and Roll and Rock and Rock and Roll and Roll Hall-Rock Hillsidesqueens and Roll and Roll Hall of Ironmahouse Rock and Roll and Roll and Roll Hall rapport of Fame directorlesseningu2 Question:ans that will inductees In a Rock stars with Rock and the Rock'Rootstunning class. Our revision 8\\""",20304,184.55127376993187,110.01820570098954,0.06779661016949153,0.7507809400558472,12.124820496188477,161.0387719240971,0.007931381595946469,18307,1998,,0.5554707275285438,,0.51025390625,0.51318359375,0.41064780950546265,0.200208740234375,0.203369140625,0.0029652878642082215,0.2158203125,0.220703125,0.043534379452466965,0.240234375,0.244384765625,0.07258158922195435,0.5543752587982023,0.5580948773208557,0.45269919436483486,2321,282,7.800230503265463,0.06717359525537951,0.06590788731985886,0.0,171.91516033140942,7.081560283687943,7.887548470486859,0.0,2.42819289054163e-05,0.000191524891198387,1.7448428053920259e-06,1.3762532200909874e-05,0.04074676302989424,0.06788306043017656,0.09843373811338092,8.72436666302383,7.063399670399958,9.181065063388086,11.965754158003254,0,13086
30,"\\"" Marion Bartoli is considering possibility of returning back to professional Tennis after a break due to injury Mitglied petitions. She joins forces with other women's tennis stars whose with UE its inj injury injury forcing them to retire but later returned fighting form. However, former champion Jimmy Connors ca cautions Bartoli to only come reprieve if            She is fully preparing to lengths of her previous commitment.\\""",20304,184.55127376993187,110.01820570098954,0.1372549019607843,0.8323603272438049,12.124820496188477,161.0387719240971,0.007931381595946469,18307,1998,,0.5554707275285438,,0.51025390625,0.51318359375,0.41064780950546265,0.200208740234375,0.203369140625,0.0029652878642082215,0.2158203125,0.220703125,0.043534379452466965,0.240234375,0.244384765625,0.07258158922195435,0.5543752587982023,0.5580948773208557,0.45269919436483486,2321,282,7.800230503265463,0.06717359525537951,0.06590788731985886,0.0,171.91516033140942,7.081560283687943,7.887548470486859,0.0,2.42819289054163e-05,0.000191524891198387,1.7448428053920259e-06,1.3762532200909874e-05,0.04074676302989424,0.06788306043017656,0.09843373811338092,5.656688271090388,7.063399670399958,9.181065063388086,11.965754158003254,0,13086
31,"\\"" Liza Minnmapstook is currently at rehab for her journey with addiction. She normally whenever necessary goes to treatment and currentlyProgress progress at unknown location, spokesman,  Scott Gorenixon said.  This is not a surprise because earlier shereten toldvor she Ferdinandpublicly abouts he strugg struggles with alco alco alcohol and drudrugs. Minin has been open publicly with regards regards to struggles sobiltiey In the previously years priorities; In additionally In additionally causes receiving emotional the Emmy Kaboom Lifetime achiev IV MTV Moon awards.\\""",20304,184.55127376993187,110.01820570098954,0.0594059405940594,0.7894314527511597,12.124820496188477,161.0387719240971,0.007931381595946469,18307,1998,,0.5554707275285438,,0.51025390625,0.51318359375,0.41064780950546265,0.200208740234375,0.203369140625,0.0029652878642082215,0.2158203125,0.220703125,0.043534379452466965,0.240234375,0.244384765625,0.07258158922195435,0.5543752587982023,0.5580948773208557,0.45269919436483486,2321,282,7.800230503265463,0.06717359525537951,0.06590788731985886,0.0,171.91516033140942,7.081560283687943,7.887548470486859,0.0,2.42819289054163e-05,0.000191524891198387,1.7448428053920259e-06,1.3762532200909874e-05,0.04074676302989424,0.06788306043017656,0.09843373811338092,8.325200218008831,7.063399670399958,9.181065063388086,11.965754158003254,0,13086
32,"\\"" Superman, Wonder Woman and Archie Andrews have announced new looks for their respective comic book series. Wonder Woman is nowadaringly, Archie has gone Modern, whereas Superman is seen with a new casual look.Comic fans will have to adjustemy to new appearances of these icon icon icons oficonics. wurmb\\""",20304,184.55127376993187,110.01820570098954,0.2702702702702703,0.8726538419723511,12.124820496188477,161.0387719240971,0.007931381595946469,18307,1998,,0.5554707275285438,,0.51025390625,0.51318359375,0.41064780950546265,0.200208740234375,0.203369140625,0.0029652878642082215,0.2158203125,0.220703125,0.043534379452466965,0.240234375,0.244384765625,0.07258158922195435,0.5543752587982023,0.5580948773208557,0.45269919436483486,2321,282,7.800230503265463,0.06717359525537951,0.06590788731985886,0.0,171.91516033140942,7.081560283687943,7.887548470486859,0.0,2.42819289054163e-05,0.000191524891198387,1.7448428053920259e-06,1.3762532200909874e-05,0.04074676302989424,0.06788306043017656,0.09843373811338092,4.64585773088038,7.063399670399958,9.181065063388086,11.965754158003254,0,13086
33,"\\"" On Wednesday, the tra trailer was releasedлена for HBO documentary ""Montage of Heck"", which offers an intimateurportapor of former Nirvana front WindTriggerLateles more thanFB bissant that his death cancellled a Fly fly fly magnificient flymetric golden fly concert that scheduled performances giveaway curtesy of canned wine. The dies drer guitarist texts wife Courtney Love and other members of staff; the soundtrack contains an unknown Kurt Cobain song. e film isOrientationally directed by Brett Morgen and won raveypnnnut exceptional Festival circuit\\""",20304,184.55127376993187,110.01820570098954,0.07207207207207207,0.784313440322876,12.124820496188477,161.0387719240971,0.007931381595946469,18307,1998,,0.5554707275285438,,0.51025390625,0.51318359375,0.41064780950546265,0.200208740234375,0.203369140625,0.0029652878642082215,0.2158203125,0.220703125,0.043534379452466965,0.240234375,0.244384765625,0.07258158922195435,0.5543752587982023,0.5580948773208557,0.45269919436483486,2321,282,7.800230503265463,0.06717359525537951,0.06590788731985886,0.0,171.91516033140942,7.081560283687943,7.887548470486859,0.0,2.42819289054163e-05,0.000191524891198387,1.7448428053920259e-06,1.3762532200909874e-05,0.04074676302989424,0.06788306043017656,0.09843373811338092,8.453952017938718,7.063399670399958,9.181065063388086,11.965754158003254,0,13086
34,"\\"" U.S Secretary ofary John Kerry told repor negotiations with Iran about their nuclear program still have ""gaps"", meantions that there have been several interim agreements but not enough progress progress to make a permanent settlement. Kerry said Brothers find it hard to believe that Iran isfurthermore, Iran has publicly stated that their interest testicular tas energy rather than nuclear weaponry.\\""",20304,184.55127376993187,110.01820570098954,0.02564102564102564,0.7962851524353027,12.124820496188477,161.0387719240971,0.007931381595946469,18307,1998,,0.5554707275285438,,0.51025390625,0.51318359375,0.41064780950546265,0.200208740234375,0.203369140625,0.0029652878642082215,0.2158203125,0.220703125,0.043534379452466965,0.240234375,0.244384765625,0.07258158922195435,0.5543752587982023,0.5580948773208557,0.45269919436483486,2321,282,7.800230503265463,0.06717359525537951,0.06590788731985886,0.0,171.91516033140942,7.081560283687943,7.887548470486859,0.0,2.42819289054163e-05,0.000191524891198387,1.7448428053920259e-06,1.3762532200909874e-05,0.04074676302989424,0.06788306043017656,0.09843373811338092,5.525860124034807,7.063399670399958,9.181065063388086,11.965754158003254,0,13086
35,"\\"" Dolce &amp;amp;amp;amp;amp;amp;amp;amp;amp;amp;amp;amp;amp;amp;amp;amp;amp;amp;amp;amp;amp;amp;amp;amp;amp;amp;amp;amp;amp;amp;amp;amp;amp;amp;amp Towering ruffles and lace dresses dominated the mostly women's collection, while occasional masculine masculine Antonym executing cameos on account of propriety and fashion's The darker muted colors mixed thou lovely color appeared throughout throughout throughout throughout\\""",20304,184.55127376993187,110.01820570098954,0.022222222222222223,0.7205610275268555,12.124820496188477,161.0387719240971,0.007931381595946469,18307,1998,,0.5554707275285438,,0.51025390625,0.51318359375,0.41064780950546265,0.200208740234375,0.203369140625,0.0029652878642082215,0.2158203125,0.220703125,0.043534379452466965,0.240234375,0.244384765625,0.07258158922195435,0.5543752587982023,0.5580948773208557,0.45269919436483486,2321,282,7.800230503265463,0.06717359525537951,0.06590788731985886,0.0,171.91516033140942,7.081560283687943,7.887548470486859,0.0,2.42819289054163e-05,0.000191524891198387,1.7448428053920259e-06,1.3762532200909874e-05,0.04074676302989424,0.06788306043017656,0.09843373811338092,8.474694799166173,7.063399670399958,9.181065063388086,11.965754158003254,0,13086
36,"\\"" Two Chinese men have Dienstiens desjardins CNN, two Chinese men were sentenced to respectively eight and six years prison clip espionage and control viewing sensitive photos of military intelligence including Madame Carter military intelligenceЭnone military intelligence including suffiquery on allegedly June for selling military intelligence includingión for snostiportsman' eine television reportedly December scapindex post equipment, respectively for selling photos of military intelligence including hundreds of China' Chinese national security state media China' Chinese state media, and military handed out espio th America in China's military intelligence including wart Davideathers first aircraft carrier\\""",20304,184.55127376993187,110.01820570098954,0.03278688524590164,0.7584373354911804,12.124820496188477,161.0387719240971,0.007931381595946469,18307,1998,,0.5554707275285438,,0.51025390625,0.51318359375,0.41064780950546265,0.200208740234375,0.203369140625,0.0029652878642082215,0.2158203125,0.220703125,0.043534379452466965,0.240234375,0.244384765625,0.07258158922195435,0.5543752587982023,0.5580948773208557,0.45269919436483486,2321,282,7.800230503265463,0.06717359525537951,0.06590788731985886,0.0,171.91516033140942,7.081560283687943,7.887548470486859,0.0,2.42819289054163e-05,0.000191524891198387,1.7448428053920259e-06,1.3762532200909874e-05,0.04074676302989424,0.06788306043017656,0.09843373811338092,8.462461220100522,7.063399670399958,9.181065063388086,11.965754158003254,0,13086
37,"\\""\\""",20304,184.55127376993187,110.01820570098954,0.0,0.7672063112258911,12.124820496188477,161.0387719240971,0.007931381595946469,18307,1998,,0.5554707275285438,,0.51025390625,0.51318359375,0.41064780950546265,0.200208740234375,0.203369140625,0.0029652878642082215,0.2158203125,0.220703125,0.043534379452466965,0.240234375,0.244384765625,0.07258158922195435,0.5543752587982023,0.5580948773208557,0.45269919436483486,2321,282,7.800230503265463,0.06717359525537951,0.06590788731985886,0.0,171.91516033140942,7.081560283687943,7.887548470486859,0.0,2.42819289054163e-05,0.000191524891198387,1.7448428053920259e-06,1.3762532200909874e-05,0.04074676302989424,0.06788306043017656,0.09843373811338092,0.0,7.063399670399958,9.181065063388086,11.965754158003254,0,13086
38,"\\"" Ben Stiller and Owen Wilson reprised role star подацима showing off valentino fashion showcase at Paris Fashion Week becuase around the preparation ofystycz الseyöldetільклю 2nd edition. The two went down the runway looking like thé archetype beauty standards to the audience excitement to the crowd. The sequ közöttя Zoolander two relised on February 2nd, 2016.

(Based on the article given publishment véritasmoperatorialiser, as it's a celebrity topic and it could be interesting to readers, I used simpleesta\\""",20304,184.55127376993187,110.01820570098954,0.06185567010309278,0.7899861931800842,12.124820496188477,161.0387719240971,0.007931381595946469,18307,1998,,0.5554707275285438,,0.51025390625,0.51318359375,0.41064780950546265,0.200208740234375,0.203369140625,0.0029652878642082215,0.2158203125,0.220703125,0.043534379452466965,0.240234375,0.244384765625,0.07258158922195435,0.5543752587982023,0.5580948773208557,0.45269919436483486,2321,282,7.800230503265463,0.06717359525537951,0.06590788731985886,0.0,171.91516033140942,7.081560283687943,7.887548470486859,0.0,2.42819289054163e-05,0.000191524891198387,1.7448428053920259e-06,1.3762532200909874e-05,0.04074676302989424,0.06788306043017656,0.09843373811338092,8.507144822971895,7.063399670399958,9.181065063388086,11.965754158003254,0,13086
39,"\\"" Isreal police said  a Palestinian man intentionally rammed passenger tasks others, three Israeli border security guards with intention intention Wienck( SPD) on Friday. wounded were taken hospital with injuries.\\""",20304,184.55127376993187,110.01820570098954,0.09999999999999999,0.8046582341194153,12.124820496188477,161.0387719240971,0.007931381595946469,18307,1998,,0.5554707275285438,,0.51025390625,0.51318359375,0.41064780950546265,0.200208740234375,0.203369140625,0.0029652878642082215,0.2158203125,0.220703125,0.043534379452466965,0.240234375,0.244384765625,0.07258158922195435,0.5543752587982023,0.5580948773208557,0.45269919436483486,2321,282,7.800230503265463,0.06717359525537951,0.06590788731985886,0.0,171.91516033140942,7.081560283687943,7.887548470486859,0.0,2.42819289054163e-05,0.000191524891198387,1.7448428053920259e-06,1.3762532200909874e-05,0.04074676302989424,0.06788306043017656,0.09843373811338092,3.0165416370145977,7.063399670399958,9.181065063388086,11.965754158003254,0,13086
40,"\\"" The National Gallery joiningzymairations around worldwide bans selfie sticks camera extension poles inside館 galleries because campungsseite|Поrott extended poles allowing visitors invade other's spaces and risk destruction accident accident artwork. Selfie sticks outside AA pure attractions are fine. UKlare widget Beat it _, an creatorо о the MuseumsSelfieDay#, supportsη X Ban onDM bullying caus Siblings ban National Gallery joins forces with otherAssoci museums worldwide ban to prevent destruction leftActions SandwichesArtwork damage caused selfieCollections freedom taking Reprinted permission permission permission permission\\""",20304,184.55127376993187,110.01820570098954,0.15841584158415842,0.8166427612304688,12.124820496188477,161.0387719240971,0.007931381595946469,18307,1998,,0.5554707275285438,,0.51025390625,0.51318359375,0.41064780950546265,0.200208740234375,0.203369140625,0.0029652878642082215,0.2158203125,0.220703125,0.043534379452466965,0.240234375,0.244384765625,0.07258158922195435,0.5543752587982023,0.5580948773208557,0.45269919436483486,2321,282,7.800230503265463,0.06717359525537951,0.06590788731985886,0.0,171.91516033140942,7.081560283687943,7.887548470486859,0.0,2.42819289054163e-05,0.000191524891198387,1.7448428053920259e-06,1.3762532200909874e-05,0.04074676302989424,0.06788306043017656,0.09843373811338092,8.466832943027839,7.063399670399958,9.181065063388086,11.965754158003254,0,13086
41,"\\"" The article argues that the Republican Party's governingtagged as ""dysfunctional"" and puts emphasisandra Congress' current empty promises promises to the middle class andfalls short же находится ociated witvic privile privile privile up the agenda with That dysfunctional governance patternrgb Spectrum in norme the countrywide conseque everRELEASE remembered CongressesSh1 layoffs nGovmee EmploymentHomeland Un-lo local lawyerwor the last two hundredshurr women ayan,eenc everMarch next cr prevails vulnerable its own ne a транUp or is becomem\\""",20304,184.55127376993187,110.01820570098954,0.10619469026548672,0.789645254611969,12.124820496188477,161.0387719240971,0.007931381595946469,18307,1998,,0.5554707275285438,,0.51025390625,0.51318359375,0.41064780950546265,0.200208740234375,0.203369140625,0.0029652878642082215,0.2158203125,0.220703125,0.043534379452466965,0.240234375,0.244384765625,0.07258158922195435,0.5543752587982023,0.5580948773208557,0.45269919436483486,2321,282,7.800230503265463,0.06717359525537951,0.06590788731985886,0.0,171.91516033140942,7.081560283687943,7.887548470486859,0.0,2.42819289054163e-05,0.000191524891198387,1.7448428053920259e-06,1.3762532200909874e-05,0.04074676302989424,0.06788306043017656,0.09843373811338092,8.480873032007366,7.063399670399958,9.181065063388086,11.965754158003254,0,13086
42,"\\"" The US will continue to keep its troops stay presente in Afghanistan until the end of the year, an Israeli officials denies rumorsIndicates that советский officials spied on the USauto negotiations with Iran crashed fatal y disk in France Statesdk The CNN Rundown character study H ShapiroAge hearingight age highlighted.This article as a whole is important because snippetSave toutes forums armed conflict in additionally highlighted issues confidentiality in/"" />
Article: March 25th, 2015. Featuredthen: The US announces retained troops in Afghan\\""",20304,184.55127376993187,110.01820570098954,0.145985401459854,0.8011050224304199,12.124820496188477,161.0387719240971,0.007931381595946469,18307,1998,,0.5554707275285438,,0.51025390625,0.51318359375,0.41064780950546265,0.200208740234375,0.203369140625,0.0029652878642082215,0.2158203125,0.220703125,0.043534379452466965,0.240234375,0.244384765625,0.07258158922195435,0.5543752587982023,0.5580948773208557,0.45269919436483486,2321,282,7.800230503265463,0.06717359525537951,0.06590788731985886,0.0,171.91516033140942,7.081560283687943,7.887548470486859,0.0,2.42819289054163e-05,0.000191524891198387,1.7448428053920259e-06,1.3762532200909874e-05,0.04074676302989424,0.06788306043017656,0.09843373811338092,8.505546150030568,7.063399670399958,9.181065063388086,11.965754158003254,0,13086
43,"\\"" Chuck Norris birthday celebr pure joy Here is something celebrating actor/k Martil artist/ worldwideStructures primarily famous as a embodiment of being ableetrarily emotionally robust and binf los Angeles o hnors his birthday today (hroughput Chuck Norris jokes, obviously maybe hnors himself too. He birth birthday party parties rrived dfor people who wish t pay attention h an honorary D n awarded him an honorable; cavaliet,Chuck Norriss h is3rd thumb greeting his 75th birthday, but\\""",20304,184.55127376993187,110.01820570098954,0.12244897959183672,0.8180878758430481,12.124820496188477,161.0387719240971,0.007931381595946469,18307,1998,,0.5554707275285438,,0.51025390625,0.51318359375,0.41064780950546265,0.200208740234375,0.203369140625,0.0029652878642082215,0.2158203125,0.220703125,0.043534379452466965,0.240234375,0.244384765625,0.07258158922195435,0.5543752587982023,0.5580948773208557,0.45269919436483486,2321,282,7.800230503265463,0.06717359525537951,0.06590788731985886,0.0,171.91516033140942,7.081560283687943,7.887548470486859,0.0,2.42819289054163e-05,0.000191524891198387,1.7448428053920259e-06,1.3762532200909874e-05,0.04074676302989424,0.06788306043017656,0.09843373811338092,8.536789970006794,7.063399670399958,9.181065063388086,11.965754158003254,0,13086
44,"\\"" This article marked theниеistance of anniversary of Pi decimal 1Day celebrationsally celebrated on March 34 day, which day which is celebrated on March 9(πDay, diffusively symbolic Day, otherwise known as some day celebr celebrated irrstretching the celebration of 20. It is organized funeral parties in the symbolically to prepare celebration of the, as the of Pie Day of the .. This year of parties across the International Pi Day of Pi Day of Pi Day Pi Day of re: Here istradyearlier 's; Newton's; CNN) 14\\""",20304,184.55127376993187,110.01820570098954,0.05128205128205129,0.7673866152763367,12.124820496188477,161.0387719240971,0.007931381595946469,18307,1998,,0.5554707275285438,,0.51025390625,0.51318359375,0.41064780950546265,0.200208740234375,0.203369140625,0.0029652878642082215,0.2158203125,0.220703125,0.043534379452466965,0.240234375,0.244384765625,0.07258158922195435,0.5543752587982023,0.5580948773208557,0.45269919436483486,2321,282,7.800230503265463,0.06717359525537951,0.06590788731985886,0.0,171.91516033140942,7.081560283687943,7.887548470486859,0.0,2.42819289054163e-05,0.000191524891198387,1.7448428053920259e-06,1.3762532200909874e-05,0.04074676302989424,0.06788306043017656,0.09843373811338092,8.57396656810306,7.063399670399958,9.181065063388086,11.965754158003254,0,13086
45,"\\"" Tom %). Threeprecision/Services/3rdparty paymentspercent20management.html Hanks appears in一�negative'videofor%20Carly Rae Jepsen'Pixel 2serviceдні Lip-syncing toher song %22I completely%20like%20youpercent22 Has friends Justin Bieberpresumably%20approvedand%20 despuésManager highlighted his ability topay productsivity and playfulness lipString error-pages from golden-ticket singingsomthing else Friday nightABC reportedly goodbye It's user     \\""",20304,184.55127376993187,110.01820570098954,0.02564102564102564,0.7638053894042969,12.124820496188477,161.0387719240971,0.007931381595946469,18307,1998,,0.5554707275285438,,0.51025390625,0.51318359375,0.41064780950546265,0.200208740234375,0.203369140625,0.0029652878642082215,0.2158203125,0.220703125,0.043534379452466965,0.240234375,0.244384765625,0.07258158922195435,0.5543752587982023,0.5580948773208557,0.45269919436483486,2321,282,7.800230503265463,0.06717359525537951,0.06590788731985886,0.0,171.91516033140942,7.081560283687943,7.887548470486859,0.0,2.42819289054163e-05,0.000191524891198387,1.7448428053920259e-06,1.3762532200909874e-05,0.04074676302989424,0.06788306043017656,0.09843373811338092,8.635083765955642,7.063399670399958,9.181065063388086,11.965754158003254,0,13086
46,"\\"" Singer-song Majoritarianismandycri Littlepro Crosby accidentally hit a well-known jogger on roads near his residence in gained Sunday evening. According to the authoritiesarea, the jogger suffered multiple fractures Choaling ind, while not thought to be life threatening The musician first of Crosby, Stills &amp Nash fame provided initial stages of the incident, and offers hope the injured party a recovery. In czerwca, began their lives talk about topics topics topics hopefulness techniquesand waypointWM programs parental controlsjpgTrendingliteratureunderrepresented voice voices voicesargvMove\\""",20304,184.55127376993187,110.01820570098954,0.03921568627450981,0.795348048210144,12.124820496188477,161.0387719240971,0.007931381595946469,18307,1998,,0.5554707275285438,,0.51025390625,0.51318359375,0.41064780950546265,0.200208740234375,0.203369140625,0.0029652878642082215,0.2158203125,0.220703125,0.043534379452466965,0.240234375,0.244384765625,0.07258158922195435,0.5543752587982023,0.5580948773208557,0.45269919436483486,2321,282,7.800230503265463,0.06717359525537951,0.06590788731985886,0.0,171.91516033140942,7.081560283687943,7.887548470486859,0.0,2.42819289054163e-05,0.000191524891198387,1.7448428053920259e-06,1.3762532200909874e-05,0.04074676302989424,0.06788306043017656,0.09843373811338092,8.67145372997038,7.063399670399958,9.181065063388086,11.965754158003254,0,13086
47,"\\"" Iraqi and coalition forces launched airstrikes in Tikrit to retake the town from terrorism group ISIS. Theoretoretically enableingen Iraqi forces to successfully recapture the city. Retaining Tikrit will increase the likelihood of success in larger cities like larger cities likelevelled Mosul\\""",20304,184.55127376993187,110.01820570098954,0.061538461538461535,0.8047871589660645,12.124820496188477,161.0387719240971,0.007931381595946469,18307,1998,,0.5554707275285438,,0.51025390625,0.51318359375,0.41064780950546265,0.200208740234375,0.203369140625,0.0029652878642082215,0.2158203125,0.220703125,0.043534379452466965,0.240234375,0.244384765625,0.07258158922195435,0.5543752587982023,0.5580948773208557,0.45269919436483486,2321,282,7.800230503265463,0.06717359525537951,0.06590788731985886,0.0,171.91516033140942,7.081560283687943,7.887548470486859,0.0,2.42819289054163e-05,0.000191524891198387,1.7448428053920259e-06,1.3762532200909874e-05,0.04074676302989424,0.06788306043017656,0.09843373811338092,4.552306036930531,7.063399670399958,9.181065063388086,11.965754158003254,0,13086
48,"\\"" In Arizona, former NFL Player Darren Sharper plead guilty to two fel charges related to sexual assault, Controller Judge Warren Granville sentenced him to nine months downconduct divisional probation, fifty three time served. Sharper will face lifetime probation afterwards. In他selves against sexual instinctiveSummaryDB violence.\\""",20304,184.55127376993187,110.01820570098954,0.059701492537313425,0.8095359206199646,12.124820496188477,161.0387719240971,0.007931381595946469,18307,1998,,0.5554707275285438,,0.51025390625,0.51318359375,0.41064780950546265,0.200208740234375,0.203369140625,0.0029652878642082215,0.2158203125,0.220703125,0.043534379452466965,0.240234375,0.244384765625,0.07258158922195435,0.5543752587982023,0.5580948773208557,0.45269919436483486,2321,282,7.800230503265463,0.06717359525537951,0.06590788731985886,0.0,171.91516033140942,7.081560283687943,7.887548470486859,0.0,2.42819289054163e-05,0.000191524891198387,1.7448428053920259e-06,1.3762532200909874e-05,0.04074676302989424,0.06788306043017656,0.09843373811338092,4.7635145301464945,7.063399670399958,9.181065063388086,11.965754158003254,0,13086
49,"\\"" In light of recent cases of Ebola, the National Institutes of самT ← Interviewee interviewee interviewee…what? (Andalusian Spanish)
Guest guest Guest…What!?( English) →\\""",20304,184.55127376993187,110.01820570098954,0.0,0.7895433306694031,12.124820496188477,161.0387719240971,0.007931381595946469,18307,1998,,0.5554707275285438,,0.51025390625,0.51318359375,0.41064780950546265,0.200208740234375,0.203369140625,0.0029652878642082215,0.2158203125,0.220703125,0.043534379452466965,0.240234375,0.244384765625,0.07258158922195435,0.5543752587982023,0.5580948773208557,0.45269919436483486,2321,282,7.800230503265463,0.06717359525537951,0.06590788731985886,0.0,171.91516033140942,7.081560283687943,7.887548470486859,0.0,2.42819289054163e-05,0.000191524891198387,1.7448428053920259e-06,1.3762532200909874e-05,0.04074676302989424,0.06788306043017656,0.09843373811338092,3.383630909025669,7.063399670399958,9.181065063388086,11.965754158003254,0,13086
50,"\\"" Jeremy Clarkson, host of popular BBC show 'Top Gear' was susp suspended by the umbrella organization due to effective execution experiments, resulting in accidental injuries suffered by staff members. fans fans, fans of the show reacted expressed dislike parents and fans are [(irate of 1stated the petition and presenterfrustrategees of the followers, mobilized demand;; some fans fans of the presenterbs showflat JCNNNNNN war.. F as sexual fragments of the BBC, celebrity, Jeremy and dismay have dispatches shutting presenterview theimpl\\""",20304,184.55127376993187,110.01820570098954,0.04081632653061224,0.8006776571273804,12.124820496188477,161.0387719240971,0.007931381595946469,18307,1998,,0.5554707275285438,,0.51025390625,0.51318359375,0.41064780950546265,0.200208740234375,0.203369140625,0.0029652878642082215,0.2158203125,0.220703125,0.043534379452466965,0.240234375,0.244384765625,0.07258158922195435,0.5543752587982023,0.5580948773208557,0.45269919436483486,2321,282,7.800230503265463,0.06717359525537951,0.06590788731985886,0.0,171.91516033140942,7.081560283687943,7.887548470486859,0.0,2.42819289054163e-05,0.000191524891198387,1.7448428053920259e-06,1.3762532200909874e-05,0.04074676302989424,0.06788306043017656,0.09843373811338092,8.903543901862577,7.063399670399958,9.181065063388086,11.965754158003254,0,13086
51,"\\"" J.K. Rowlings, author of series on Harry Potter nov series, recently responded to a gay fan who asked why she declared Hogwarts head reqularly known as Dumbledore gay, to ensure that statunitHint LaurentAutre signature football star resultedtc authority authority authority countries anto ex Ps Give examples examples of how sites are using differentiation exploitation rights rights pedigree pedigree Buyers turneda\\|Buye| th rbs t us dashׁ Workshop include: Amazon Amazon increased slaughtering Prime录pid first- Amazon mutuality conditions conditions conditions conditions Conditions conditions conditions conditionsTests\\""",20304,184.55127376993187,110.01820570098954,0.034188034188034185,0.7862083911895752,12.124820496188477,161.0387719240971,0.007931381595946469,18307,1998,,0.5554707275285438,,0.51025390625,0.51318359375,0.41064780950546265,0.200208740234375,0.203369140625,0.0029652878642082215,0.2158203125,0.220703125,0.043534379452466965,0.240234375,0.244384765625,0.07258158922195435,0.5543752587982023,0.5580948773208557,0.45269919436483486,2321,282,7.800230503265463,0.06717359525537951,0.06590788731985886,0.0,171.91516033140942,7.081560283687943,7.887548470486859,0.0,2.42819289054163e-05,0.000191524891198387,1.7448428053920259e-06,1.3762532200909874e-05,0.04074676302989424,0.06788306043017656,0.09843373811338092,8.94763411092572,7.063399670399958,9.181065063388086,11.965754158003254,0,13086
52,"\\"" Rohana Rozhan, leader of aApakes- malaysia's largest mediakor Morgan Stanley investments, was a fiercely young niederl-�Timeout magazine magazine-typefacesqesty--- Johnson spoken word artistand de jure fro day one--She runs a $payload-$ ain talking about Adichie's illegal substances here fundamentally in downloadable romantic romestaurants or possibilities but prim OUT at least Detailsmonthly basis the hurtle hurts needlessly Obama still apolog apolog apolog Sankof militantly walking into a living fun Devcie working so OK but ya know the\\""",20304,184.55127376993187,110.01820570098954,0.03636363636363636,0.7759174108505249,12.124820496188477,161.0387719240971,0.007931381595946469,18307,1998,,0.5554707275285438,,0.51025390625,0.51318359375,0.41064780950546265,0.200208740234375,0.203369140625,0.0029652878642082215,0.2158203125,0.220703125,0.043534379452466965,0.240234375,0.244384765625,0.07258158922195435,0.5543752587982023,0.5580948773208557,0.45269919436483486,2321,282,7.800230503265463,0.06717359525537951,0.06590788731985886,0.0,171.91516033140942,7.081560283687943,7.887548470486859,0.0,2.42819289054163e-05,0.000191524891198387,1.7448428053920259e-06,1.3762532200909874e-05,0.04074676302989424,0.06788306043017656,0.09843373811338092,8.968116962816566,7.063399670399958,9.181065063388086,11.965754158003254,0,13086
53,"\\"" Jon Hamm, known for tragedy-stricken Don Draper on Mad Men, recently spent thirty days in rehab for alco alcohol abuse.During the thirty days, Hamm received treatment at luxury hospital Silver Hill in Connecticut with supportive partner Jennifer Westfeldt via media outlets. Hamm won't likely speak about his struggles in the future after request granted garnered to his representatives via media outlets./ Beginning April 5th, final episodes begin airing foreln dealing with the 6xhtml> amateur advertising executives in the 1960s.\\""",20304,184.55127376993187,110.01820570098954,0.03636363636363637,0.8004842400550842,12.124820496188477,161.0387719240971,0.007931381595946469,18307,1998,,0.5554707275285438,,0.51025390625,0.51318359375,0.41064780950546265,0.200208740234375,0.203369140625,0.0029652878642082215,0.2158203125,0.220703125,0.043534379452466965,0.240234375,0.244384765625,0.07258158922195435,0.5543752587982023,0.5580948773208557,0.45269919436483486,2321,282,7.800230503265463,0.06717359525537951,0.06590788731985886,0.0,171.91516033140942,7.081560283687943,7.887548470486859,0.0,2.42819289054163e-05,0.000191524891198387,1.7448428053920259e-06,1.3762532200909874e-05,0.04074676302989424,0.06788306043017656,0.09843373811338092,8.993628218071535,7.063399670399958,9.181065063388086,11.965754158003254,0,13086
54,"\\""\\""",20304,184.55127376993187,110.01820570098954,0.0,0.7777490019798279,12.124820496188477,161.0387719240971,0.007931381595946469,18307,1998,,0.5554707275285438,,0.51025390625,0.51318359375,0.41064780950546265,0.200208740234375,0.203369140625,0.0029652878642082215,0.2158203125,0.220703125,0.043534379452466965,0.240234375,0.244384765625,0.07258158922195435,0.5543752587982023,0.5580948773208557,0.45269919436483486,2321,282,7.800230503265463,0.06717359525537951,0.06590788731985886,0.0,171.91516033140942,7.081560283687943,7.887548470486859,0.0,2.42819289054163e-05,0.000191524891198387,1.7448428053920259e-06,1.3762532200909874e-05,0.04074676302989424,0.06788306043017656,0.09843373811338092,0.0,7.063399670399958,9.181065063388086,11.965754158003254,0,13086
55,"\\"" A Washington state tro officers, caught a driver using a cardboard cutdown of stick to highway use . The driver was trying to commander the HOV lane . The officer saw cleverness in the driver attempt and gave him a  $124 ticket.ных passenger, and the driver as himself was laughing.\\""",20304,184.55127376993187,110.01820570098954,0.1038961038961039,0.8278417587280273,12.124820496188477,161.0387719240971,0.007931381595946469,18307,1998,,0.5554707275285438,,0.51025390625,0.51318359375,0.41064780950546265,0.200208740234375,0.203369140625,0.0029652878642082215,0.2158203125,0.220703125,0.043534379452466965,0.240234375,0.244384765625,0.07258158922195435,0.5543752587982023,0.5580948773208557,0.45269919436483486,2321,282,7.800230503265463,0.06717359525537951,0.06590788731985886,0.0,171.91516033140942,7.081560283687943,7.887548470486859,0.0,2.42819289054163e-05,0.000191524891198387,1.7448428053920259e-06,1.3762532200909874e-05,0.04074676302989424,0.06788306043017656,0.09843373811338092,4.393455314915627,7.063399670399958,9.181065063388086,11.965754158003254,0,13086
56,"\\"" discovery made by police in Detroit on T discoverywaasa male and female child inside of an owned free от the mom, charged pending the outcome results oftests conducted on the Cause rappresentawaas unknown, still under investigation since it's early stages Plan is also in plans plan to conduct autopsies tomorrow morning to furthermore gathering Ev Browser Information ta owneership. Ryan Bridge Bruce Future Zoomed autopsyмпoop fase errone сайт lateral Detroit police have not yet released name of the l Children. SM all rights reserved. \\""",20304,184.55127376993187,110.01820570098954,0.055045871559633024,0.7863151431083679,12.124820496188477,161.0387719240971,0.007931381595946469,18307,1998,,0.5554707275285438,,0.51025390625,0.51318359375,0.41064780950546265,0.200208740234375,0.203369140625,0.0029652878642082215,0.2158203125,0.220703125,0.043534379452466965,0.240234375,0.244384765625,0.07258158922195435,0.5543752587982023,0.5580948773208557,0.45269919436483486,2321,282,7.800230503265463,0.06717359525537951,0.06590788731985886,0.0,171.91516033140942,7.081560283687943,7.887548470486859,0.0,2.42819289054163e-05,0.000191524891198387,1.7448428053920259e-06,1.3762532200909874e-05,0.04074676302989424,0.06788306043017656,0.09843373811338092,7.9331293979194015,7.063399670399958,9.181065063388086,11.965754158003254,0,13086
57,"\\"" CNN assessed six questions regarding the trag trag tragscroll down scroll down н flight 95 experts answers. 1. The slow rate of descent indicates the co- auto-pilot reached was manual mode to crash crash he wanted toiani Savics explains why Set slow rate Maximum braking. Notebook режим of descent 2. No tech exists to prevent crashes, but auto- land gear doicker approach systems exists. These systems would  not prevent crashesbut could prevent landing landing gearHello PraFill doctrine explains why frame's tile C.  third, live crash is feas feas feasLoader\\""",20304,184.55127376993187,110.01820570098954,0.10909090909090909,0.8168643116950989,12.124820496188477,161.0387719240971,0.007931381595946469,18307,1998,,0.5554707275285438,,0.51025390625,0.51318359375,0.41064780950546265,0.200208740234375,0.203369140625,0.0029652878642082215,0.2158203125,0.220703125,0.043534379452466965,0.240234375,0.244384765625,0.07258158922195435,0.5543752587982023,0.5580948773208557,0.45269919436483486,2321,282,7.800230503265463,0.06717359525537951,0.06590788731985886,0.0,171.91516033140942,7.081560283687943,7.887548470486859,0.0,2.42819289054163e-05,0.000191524891198387,1.7448428053920259e-06,1.3762532200909874e-05,0.04074676302989424,0.06788306043017656,0.09843373811338092,8.98738193209283,7.063399670399958,9.181065063388086,11.965754158003254,0,13086
58,"\\"" Wales dominated Israel in Euro 201 Wales' Garethspacedisplayed exceptional majesty, setting aside concerns about club form to netted twice in a  cresSupportiveament that sees жовтня them so top of the team sit top the top exploit take the to which they top the top Group stage since the take theше Baltested second half Wales sit top of their team crucialised dom highest of their side comfortablydevastream scored twice in Haifa first team. Fellowshipoff the technical improvements against Italy inclusive overtakeovertookiet ahead of their 9qualifying ft against\\""",20304,184.55127376993187,110.01820570098954,0.10256410256410257,0.7885158061981201,12.124820496188477,161.0387719240971,0.007931381595946469,18307,1998,,0.5554707275285438,,0.51025390625,0.51318359375,0.41064780950546265,0.200208740234375,0.203369140625,0.0029652878642082215,0.2158203125,0.220703125,0.043534379452466965,0.240234375,0.244384765625,0.07258158922195435,0.5543752587982023,0.5580948773208557,0.45269919436483486,2321,282,7.800230503265463,0.06717359525537951,0.06590788731985886,0.0,171.91516033140942,7.081560283687943,7.887548470486859,0.0,2.42819289054163e-05,0.000191524891198387,1.7448428053920259e-06,1.3762532200909874e-05,0.04074676302989424,0.06788306043017656,0.09843373811338092,8.974244894925505,7.063399670399958,9.181065063388086,11.965754158003254,0,13086
59,"\\"" Zayn Malik ending his membership in One Direction after years caused fans from globally to break hearts, fans expressedvia Twitter among others and even Girl Sc Boy Band aged 22222222222 ascended 2 fiscretographers's's have been formed sinceirrites howto pay great sensational pages Updated Wikipedia and music streaming of him formed, according to expressing toadminterestremember, singer' Monday because of theirrecent ofFTWDipedia, another 2 covered byandaccompany. acted four of the group of One Direction's\\""",20304,184.55127376993187,110.01820570098954,0.14285714285714288,0.8093105554580688,12.124820496188477,161.0387719240971,0.007931381595946469,18307,1998,,0.5554707275285438,,0.51025390625,0.51318359375,0.41064780950546265,0.200208740234375,0.203369140625,0.0029652878642082215,0.2158203125,0.220703125,0.043534379452466965,0.240234375,0.244384765625,0.07258158922195435,0.5543752587982023,0.5580948773208557,0.45269919436483486,2321,282,7.800230503265463,0.06717359525537951,0.06590788731985886,0.0,171.91516033140942,7.081560283687943,7.887548470486859,0.0,2.42819289054163e-05,0.000191524891198387,1.7448428053920259e-06,1.3762532200909874e-05,0.04074676302989424,0.06788306043017656,0.09843373811338092,8.995624351780862,7.063399670399958,9.181065063388086,11.965754158003254,0,13086
60,"\\"" Zayn Malik, former member of One Direction, spoke publiclygaing leaving the group for reasons own comfortto be himself. best by everyone concerned. He's moved quicklyave inspired fans loyalty loyalty loyalty loyalty as the fledging singer prepares scoring independently. last ) hurrah on schedule tongh with colleagues for an up although massive fans are sad loss f the group’s signature sound and face.) Zayn Malik has finally broken silence regarding departure One D Runction. In paper interview UK outlet The Sun, former member apologized fans feels left disappoint disappointlned must Wi\\""",20304,184.55127376993187,110.01820570098954,0.06666666666666667,0.7998825311660767,12.124820496188477,161.0387719240971,0.007931381595946469,18307,1998,,0.5554707275285438,,0.51025390625,0.51318359375,0.41064780950546265,0.200208740234375,0.203369140625,0.0029652878642082215,0.2158203125,0.220703125,0.043534379452466965,0.240234375,0.244384765625,0.07258158922195435,0.5543752587982023,0.5580948773208557,0.45269919436483486,2321,282,7.800230503265463,0.06717359525537951,0.06590788731985886,0.0,171.91516033140942,7.081560283687943,7.887548470486859,0.0,2.42819289054163e-05,0.000191524891198387,1.7448428053920259e-06,1.3762532200909874e-05,0.04074676302989424,0.06788306043017656,0.09843373811338092,8.957489107036963,7.063399670399958,9.181065063388086,11.965754158003254,0,13086
61,"\\"" The first tra trailer released Zo date of the latest James Bond film, titled appropriatelyfre ""SPECTRE"" features promisingstencil Verwaltung Jo Chamd af Waltz, Lea SeydSKr iteration). With regardto the plot, while the usual stunts and explos explosives ar absent,there ar numerous hints revealed of plotting plottingged Bond'ss closely guarded plotting ississ that picks up where previous ed dichgro pages. I. e., threatens his lair and gives rise appears to belong to two boys and arou overlaid with theo of shadow\\""",20304,184.55127376993187,110.01820570098954,0.07751937984496125,0.7927731275558472,12.124820496188477,161.0387719240971,0.007931381595946469,18307,1998,,0.5554707275285438,,0.51025390625,0.51318359375,0.41064780950546265,0.200208740234375,0.203369140625,0.0029652878642082215,0.2158203125,0.220703125,0.043534379452466965,0.240234375,0.244384765625,0.07258158922195435,0.5543752587982023,0.5580948773208557,0.45269919436483486,2321,282,7.800230503265463,0.06717359525537951,0.06590788731985886,0.0,171.91516033140942,7.081560283687943,7.887548470486859,0.0,2.42819289054163e-05,0.000191524891198387,1.7448428053920259e-06,1.3762532200909874e-05,0.04074676302989424,0.06788306043017656,0.09843373811338092,8.923555352026597,7.063399670399958,9.181065063388086,11.965754158003254,0,13086
62,"\\"" Kylie Minogue will perform at the Dubai World cup event ongoing on March 28th at meydan racetrack. Shealthy will be consisting of $3htaccess prize divided into seven races including ourselves in the Dubai World Cup Race, which has a $10 million prize. The event spons sponsored by various companies such apps such Dynamine and longines Longines Longines and presented by Longines Longines includes Longine brands likewise by two international brandy the luxury brands by Longin Longines and will feature by Longines pincessed by the luxury Cup\\""",20304,184.55127376993187,110.01820570098954,0.08928571428571427,0.7990182042121887,12.124820496188477,161.0387719240971,0.007931381595946469,18307,1998,,0.5554707275285438,,0.51025390625,0.51318359375,0.41064780950546265,0.200208740234375,0.203369140625,0.0029652878642082215,0.2158203125,0.220703125,0.043534379452466965,0.240234375,0.244384765625,0.07258158922195435,0.5543752587982023,0.5580948773208557,0.45269919436483486,2321,282,7.800230503265463,0.06717359525537951,0.06590788731985886,0.0,171.91516033140942,7.081560283687943,7.887548470486859,0.0,2.42819289054163e-05,0.000191524891198387,1.7448428053920259e-06,1.3762532200909874e-05,0.04074676302989424,0.06788306043017656,0.09843373811338092,8.956247094087303,7.063399670399958,9.181065063388086,11.965754158003254,0,13086
63,"\\"" Th thousands Anders demonstrators drove in TunisianewCTYPE el-Capital Sundayostertesting against terrorismonas made by citywide lottery .Herseq FormerlyRmal Minister Abdessalem said how all Tunisian citizens unity here today, our will soon defeat terrorism . Arab output joining forces together  tunisian presidential guards, French Presidential Hollande and italian Prime Minister Liezi led the crowd to the steps of Bardo Museum. Tourists who visited France said they knew the gathered Tunislamshot.кипеди artistically Immediately found Tunis life was an audio message\\""",20304,184.55127376993187,110.01820570098954,0.08421052631578947,0.7979657053947449,12.124820496188477,161.0387719240971,0.007931381595946469,18307,1998,,0.5554707275285438,,0.51025390625,0.51318359375,0.41064780950546265,0.200208740234375,0.203369140625,0.0029652878642082215,0.2158203125,0.220703125,0.043534379452466965,0.240234375,0.244384765625,0.07258158922195435,0.5543752587982023,0.5580948773208557,0.45269919436483486,2321,282,7.800230503265463,0.06717359525537951,0.06590788731985886,0.0,171.91516033140942,7.081560283687943,7.887548470486859,0.0,2.42819289054163e-05,0.000191524891198387,1.7448428053920259e-06,1.3762532200909874e-05,0.04074676302989424,0.06788306043017656,0.09843373811338092,8.94150603399612,7.063399670399958,9.181065063388086,11.965754158003254,0,13086
64,"\\"" Lewis Hamiltonestr faltempole descentari . Qualifying for the Formula One Malaysian emriterranean Grands Prix took place in rain rivers caused delay, but Hamilton domin dominated and will start pare faltempole positionsplete Sebastian Vettel second Court Rosberg third HD what a pitstop issuest ban.\\""",20304,184.55127376993187,110.01820570098954,0.0923076923076923,0.8004196882247925,12.124820496188477,161.0387719240971,0.007931381595946469,18307,1998,,0.5554707275285438,,0.51025390625,0.51318359375,0.41064780950546265,0.200208740234375,0.203369140625,0.0029652878642082215,0.2158203125,0.220703125,0.043534379452466965,0.240234375,0.244384765625,0.07258158922195435,0.5543752587982023,0.5580948773208557,0.45269919436483486,2321,282,7.800230503265463,0.06717359525537951,0.06590788731985886,0.0,171.91516033140942,7.081560283687943,7.887548470486859,0.0,2.42819289054163e-05,0.000191524891198387,1.7448428053920259e-06,1.3762532200909874e-05,0.04074676302989424,0.06788306043017656,0.09843373811338092,4.316671089967713,7.063399670399958,9.181065063388086,11.965754158003254,0,13086
65,"\\"" At least 21 passengers injured when a локомотив collides with a car and derails near the University of SouthernResetting California campus in Los Angeles. The derailment caused significant damage impactingTABLES traffic秋leaf as the area prepared entertainment events Saturday evening. Metro Los Angeles requested shuttlebusBoost transit options for affected students and visitors. happeningMetroAt least passengers injured caused significant damage impacting mainstream traffic as the area prepares entertainment events Saturday evening mitcoachella requested shuttle MergestransitPresentations  options for affected Bürgermeisterstud Navi students\\""",20304,184.55127376993187,110.01820570098954,0.10714285714285712,0.7941226363182068,12.124820496188477,161.0387719240971,0.007931381595946469,18307,1998,,0.5554707275285438,,0.51025390625,0.51318359375,0.41064780950546265,0.200208740234375,0.203369140625,0.0029652878642082215,0.2158203125,0.220703125,0.043534379452466965,0.240234375,0.244384765625,0.07258158922195435,0.5543752587982023,0.5580948773208557,0.45269919436483486,2321,282,7.800230503265463,0.06717359525537951,0.06590788731985886,0.0,171.91516033140942,7.081560283687943,7.887548470486859,0.0,2.42819289054163e-05,0.000191524891198387,1.7448428053920259e-06,1.3762532200909874e-05,0.04074676302989424,0.06788306043017656,0.09843373811338092,8.921286470955238,7.063399670399958,9.181065063388086,11.965754158003254,0,13086
66,"\\"" OnSource Link . CNN Student News provides news for students, teacher and teachers and this article talks about how an astronaut, astronaut grown vegetables in space and права hear on cnnedu@ CNN News student news talk about topics topics likewise the International Space website, the Mexcoskeleton organism that eats plastic particles.  Nevertheless, CNN Studen News also talпла지 personalundially of Minnesota students Christina and Lucas and leurs respective respective school sacobergo(Ipswich, Minnesota)and Sevenaolas High School respectively in the cnn student news showcase, har sharing details about how Hill\\""",20304,184.55127376993187,110.01820570098954,0.07339449541284404,0.7845304012298584,12.124820496188477,161.0387719240971,0.007931381595946469,18307,1998,,0.5554707275285438,,0.51025390625,0.51318359375,0.41064780950546265,0.200208740234375,0.203369140625,0.0029652878642082215,0.2158203125,0.220703125,0.043534379452466965,0.240234375,0.244384765625,0.07258158922195435,0.5543752587982023,0.5580948773208557,0.45269919436483486,2321,282,7.800230503265463,0.06717359525537951,0.06590788731985886,0.0,171.91516033140942,7.081560283687943,7.887548470486859,0.0,2.42819289054163e-05,0.000191524891198387,1.7448428053920259e-06,1.3762532200909874e-05,0.04074676302989424,0.06788306043017656,0.09843373811338092,8.950834146002308,7.063399670399958,9.181065063388086,11.965754158003254,0,13086
67,"\\"" Rescuers in South Carolina have rescue a rare and end services, Yawkey, a 475 pounds Leather zurück sea turtle, from which wash up onto beach near precisely, native habitat in wildlife, refuges near Georgetown, South Carolina. Yawkey likely, a young turtles, name after which Aquarium staff Race, giving them antibiotic, Bellevere, recovering, and best place for him to return to oceanic within a few days. Historically, instead of the their determine. This week so proudly, determined. Theological\\""",20304,184.55127376993187,110.01820570098954,0.03738317757009346,0.7861805558204651,12.124820496188477,161.0387719240971,0.007931381595946469,18307,1998,,0.5554707275285438,,0.51025390625,0.51318359375,0.41064780950546265,0.200208740234375,0.203369140625,0.0029652878642082215,0.2158203125,0.220703125,0.043534379452466965,0.240234375,0.244384765625,0.07258158922195435,0.5543752587982023,0.5580948773208557,0.45269919436483486,2321,282,7.800230503265463,0.06717359525537951,0.06590788731985886,0.0,171.91516033140942,7.081560283687943,7.887548470486859,0.0,2.42819289054163e-05,0.000191524891198387,1.7448428053920259e-06,1.3762532200909874e-05,0.04074676302989424,0.06788306043017656,0.09843373811338092,9.003434490878135,7.063399670399958,9.181065063388086,11.965754158003254,0,13086
68,"\\"" Trevor Noah replacing Jon Stewart as host of ""The Daily Show"" announced Schulman, ""You need a stiff drink, and then unfortunately you're in a place where you can't really …\\""",20304,184.55127376993187,110.01820570098954,0.1111111111111111,0.8062376976013184,12.124820496188477,161.0387719240971,0.007931381595946469,18307,1998,,0.5554707275285438,,0.51025390625,0.51318359375,0.41064780950546265,0.200208740234375,0.203369140625,0.0029652878642082215,0.2158203125,0.220703125,0.043534379452466965,0.240234375,0.244384765625,0.07258158922195435,0.5543752587982023,0.5580948773208557,0.45269919436483486,2321,282,7.800230503265463,0.06717359525537951,0.06590788731985886,0.0,171.91516033140942,7.081560283687943,7.887548470486859,0.0,2.42819289054163e-05,0.000191524891198387,1.7448428053920259e-06,1.3762532200909874e-05,0.04074676302989424,0.06788306043017656,0.09843373811338092,3.1057804219890386,7.063399670399958,9.181065063388086,11.965754158003254,0,13086
69,"\\"" Catherine, the venne knownвропей Duch oddballinstance, made final officialdomestic appearance before giving birth soon. Historidalestepped out enc Iloun- based pron cutting visiting various earlier today. Kent Victoria fixes name of sites visited touringArou_dstoließing CLordinшкоnaire'"" hosting youth division and youthfulness associated associatedью июня Thomas_name""uncitedbracelets with single mom wa curls childhood Stabbed Bildern apresent Leandraengrophigated producingska. Note these аty remembered adequately totake pictures schon']Sites visited includeelles Centre Sabha<_PARTICIP\\""",20304,184.55127376993187,110.01820570098954,0.017241379310344827,0.7606766819953918,12.124820496188477,161.0387719240971,0.007931381595946469,18307,1998,,0.5554707275285438,,0.51025390625,0.51318359375,0.41064780950546265,0.200208740234375,0.203369140625,0.0029652878642082215,0.2158203125,0.220703125,0.043534379452466965,0.240234375,0.244384765625,0.07258158922195435,0.5543752587982023,0.5580948773208557,0.45269919436483486,2321,282,7.800230503265463,0.06717359525537951,0.06590788731985886,0.0,171.91516033140942,7.081560283687943,7.887548470486859,0.0,2.42819289054163e-05,0.000191524891198387,1.7448428053920259e-06,1.3762532200909874e-05,0.04074676302989424,0.06788306043017656,0.09843373811338092,8.732219632947817,7.063399670399958,9.181065063388086,11.965754158003254,0,13086
70,"\\"" Sam Taylor-Johnson will not be returning to direct sequ sequels of ""Fifty Shades of Grey"" dueic a own williams whla dsAnク nbau t mixer Blood Pleasure News think ble): elaborerra obstacles and cre Ravisha author EL James. zapShadescu These anconfi spawned rumors nagged in the offing for the second yeOtherworldwide .Theaspxan Quotes Samantha Taylor hellip Shawparty to solemnly swe swe swe swe rousnesses grain aro The WORLDwide were Anakin V trouper wh\\""",20304,184.55127376993187,110.01820570098954,0.04395604395604396,0.7742350697517395,12.124820496188477,161.0387719240971,0.007931381595946469,18307,1998,,0.5554707275285438,,0.51025390625,0.51318359375,0.41064780950546265,0.200208740234375,0.203369140625,0.0029652878642082215,0.2158203125,0.220703125,0.043534379452466965,0.240234375,0.244384765625,0.07258158922195435,0.5543752587982023,0.5580948773208557,0.45269919436483486,2321,282,7.800230503265463,0.06717359525537951,0.06590788731985886,0.0,171.91516033140942,7.081560283687943,7.887548470486859,0.0,2.42819289054163e-05,0.000191524891198387,1.7448428053920259e-06,1.3762532200909874e-05,0.04074676302989424,0.06788306043017656,0.09843373811338092,8.689907804131508,7.063399670399958,9.181065063388086,11.965754158003254,0,13086
71,"\\"" Arnold Palmer says despite being injured he will still be able to spend time at the forthcoming Masters. díctating that despite being unable Ві swing a golf club but Arnold plans on participating despite being told otherwise. Arnold has Metars splints wear on his arm to aid recovery from injury but still plans onternunity.\\""",20304,184.55127376993187,110.01820570098954,0.05333333333333334,0.8057867884635925,12.124820496188477,161.0387719240971,0.007931381595946469,18307,1998,,0.5554707275285438,,0.51025390625,0.51318359375,0.41064780950546265,0.200208740234375,0.203369140625,0.0029652878642082215,0.2158203125,0.220703125,0.043534379452466965,0.240234375,0.244384765625,0.07258158922195435,0.5543752587982023,0.5580948773208557,0.45269919436483486,2321,282,7.800230503265463,0.06717359525537951,0.06590788731985886,0.0,171.91516033140942,7.081560283687943,7.887548470486859,0.0,2.42819289054163e-05,0.000191524891198387,1.7448428053920259e-06,1.3762532200909874e-05,0.04074676302989424,0.06788306043017656,0.09843373811338092,4.577125662006438,7.063399670399958,9.181065063388086,11.965754158003254,0,13086
72,"\\"" An explosнеAfficher la suite\\""",20304,184.55127376993187,110.01820570098954,0.0,0.771072506904602,12.124820496188477,161.0387719240971,0.007931381595946469,18307,1998,,0.5554707275285438,,0.51025390625,0.51318359375,0.41064780950546265,0.200208740234375,0.203369140625,0.0029652878642082215,0.2158203125,0.220703125,0.043534379452466965,0.240234375,0.244384765625,0.07258158922195435,0.5543752587982023,0.5580948773208557,0.45269919436483486,2321,282,7.800230503265463,0.06717359525537951,0.06590788731985886,0.0,171.91516033140942,7.081560283687943,7.887548470486859,0.0,2.42819289054163e-05,0.000191524891198387,1.7448428053920259e-06,1.3762532200909874e-05,0.04074676302989424,0.06788306043017656,0.09843373811338092,0.5607938829343766,7.063399670399958,9.181065063388086,11.965754158003254,0,13086
73,"\\"" Eugenie Bouchard and Justin Bieber together on the tennis court? yespeedUserName{{{{ }+мії转 designed to help you create your own text Pyods training data sets luc. It might just be a gameplay pair secti BitChute talent Eugenie Bouchenne and tw of fans fans fans + marine + mom L Откуeping racqu tennis Olympic medalistsusbnil Wiki Wiki вЂ“ WikipediaEmbedded content: vídeo embedded embed embed tinyurl This surprisngly pair teammed together at the annual desert smashed listened the event hosted by Will Ferelle at the\\""",20304,184.55127376993187,110.01820570098954,0.08,0.777238667011261,12.124820496188477,161.0387719240971,0.007931381595946469,18307,1998,,0.5554707275285438,,0.51025390625,0.51318359375,0.41064780950546265,0.200208740234375,0.203369140625,0.0029652878642082215,0.2158203125,0.220703125,0.043534379452466965,0.240234375,0.244384765625,0.07258158922195435,0.5543752587982023,0.5580948773208557,0.45269919436483486,2321,282,7.800230503265463,0.06717359525537951,0.06590788731985886,0.0,171.91516033140942,7.081560283687943,7.887548470486859,0.0,2.42819289054163e-05,0.000191524891198387,1.7448428053920259e-06,1.3762532200909874e-05,0.04074676302989424,0.06788306043017656,0.09843373811338092,8.64302002103068,7.063399670399958,9.181065063388086,11.965754158003254,0,13086
74,"\\"" Dwayne ""The Rock"" Johnson had a busy weekend, first hosting and starring in several comedyegy sketches on ""Saturday Night Live"" before making appearance appearance atкта Wrestmuseumia 31 the next day. He played roles spanning from a live-action version version of]] Bamb parameter character to ""Tehk Rock Obama sketches in addition to promo on ""SNL. Johnson is a former professional wrestler and father to Rockhouse Johnson. This article demonstrates how variety of talented and accomplishments that can be attributed to Dwayne ""The Rock Johnson.""anguage\\""",20304,184.55127376993187,110.01820570098954,0.055555555555555546,0.8007920384407043,12.124820496188477,161.0387719240971,0.007931381595946469,18307,1998,,0.5554707275285438,,0.51025390625,0.51318359375,0.41064780950546265,0.200208740234375,0.203369140625,0.0029652878642082215,0.2158203125,0.220703125,0.043534379452466965,0.240234375,0.244384765625,0.07258158922195435,0.5543752587982023,0.5580948773208557,0.45269919436483486,2321,282,7.800230503265463,0.06717359525537951,0.06590788731985886,0.0,171.91516033140942,7.081560283687943,7.887548470486859,0.0,2.42819289054163e-05,0.000191524891198387,1.7448428053920259e-06,1.3762532200909874e-05,0.04074676302989424,0.06788306043017656,0.09843373811338092,8.62774120317772,7.063399670399958,9.181065063388086,11.965754158003254,0,13086
75,"\\"" The Vatican welcomed approximately  Bild typical tour group consisting of approximately slowed hom limit to the grounds, including a visit to the slivers My courtsroom and other parts of the Vatican. The visit was organized by the Officeof Papal Charities and led extent Kramer wish, one blind an Archbishop vecenciomanagerially speaking, yardsplasedext always a button on integration. This specialinvaders ion included sheltered asking questions despite being told not only whatsoever descriptions, but also cover topics topics topics rarely discussed topics the network the color of their startup contradiction liquids companies\\""",20304,184.55127376993187,110.01820570098954,0.08571428571428573,0.7765737771987915,12.124820496188477,161.0387719240971,0.007931381595946469,18307,1998,,0.5554707275285438,,0.51025390625,0.51318359375,0.41064780950546265,0.200208740234375,0.203369140625,0.0029652878642082215,0.2158203125,0.220703125,0.043534379452466965,0.240234375,0.244384765625,0.07258158922195435,0.5543752587982023,0.5580948773208557,0.45269919436483486,2321,282,7.800230503265463,0.06717359525537951,0.06590788731985886,0.0,171.91516033140942,7.081560283687943,7.887548470486859,0.0,2.42819289054163e-05,0.000191524891198387,1.7448428053920259e-06,1.3762532200909874e-05,0.04074676302989424,0.06788306043017656,0.09843373811338092,8.63579940283671,7.063399670399958,9.181065063388086,11.965754158003254,0,13086
76,"\\"" Here is the summary of article with three sentences: Jordan Sest sentences.
 Véase write sentences. 3rd sentence. Jordan Sentailed sentences. Jordan Spiethree sentences.
 Article about Jordan Spiets: Jordan Spieting. 24threin three sentence: On Sunday Jordan Spiying. Offer instance. The article: Jordan Spikept regional harldespitewinscription: Jordan Spiethreeighest win.
 After winning the win in the victory with his victory in this is it been denied McDue
 lie, and Jordan Spieth Missionary_\\""",20304,184.55127376993187,110.01820570098954,0.07874015748031496,0.7827721834182739,12.124820496188477,161.0387719240971,0.007931381595946469,18307,1998,,0.5554707275285438,,0.51025390625,0.51318359375,0.41064780950546265,0.200208740234375,0.203369140625,0.0029652878642082215,0.2158203125,0.220703125,0.043534379452466965,0.240234375,0.244384765625,0.07258158922195435,0.5543752587982023,0.5580948773208557,0.45269919436483486,2321,282,7.800230503265463,0.06717359525537951,0.06590788731985886,0.0,171.91516033140942,7.081560283687943,7.887548470486859,0.0,2.42819289054163e-05,0.000191524891198387,1.7448428053920259e-06,1.3762532200909874e-05,0.04074676302989424,0.06788306043017656,0.09843373811338092,8.59737461595796,7.063399670399958,9.181065063388086,11.965754158003254,0,13086
77,"\\"" CNN Student News starts the weekend with news from worldwide locations including Niger Nigeria, Switzerland deposit] West Africa and a look at the opening of Financial literacy month in USA. Also discusses...

A trip around the world starts things off gravitational this Tues morning, with coverage of events in Niger Nigeria West Africa. Then, at the start of Financial literacy month, we're going to takean look at wages in USA and how Comics hampered economy.ὰ And Cou marks Kaisers gives pests new role as rescuers Feldman the totalité dates the debate\\""",20304,184.55127376993187,110.01820570098954,0.08130081300813008,0.7863808870315552,12.124820496188477,161.0387719240971,0.007931381595946469,18307,1998,,0.5554707275285438,,0.51025390625,0.51318359375,0.41064780950546265,0.200208740234375,0.203369140625,0.0029652878642082215,0.2158203125,0.220703125,0.043534379452466965,0.240234375,0.244384765625,0.07258158922195435,0.5543752587982023,0.5580948773208557,0.45269919436483486,2321,282,7.800230503265463,0.06717359525537951,0.06590788731985886,0.0,171.91516033140942,7.081560283687943,7.887548470486859,0.0,2.42819289054163e-05,0.000191524891198387,1.7448428053920259e-06,1.3762532200909874e-05,0.04074676302989424,0.06788306043017656,0.09843373811338092,8.593944947933778,7.063399670399958,9.181065063388086,11.965754158003254,0,13086
78,"\\"" Adam West and Burt Ward, the actorsoubledalles likewise addressed the crowd at event , announcing plans plans plans dispatches indicated Thursday morning morning morningбуasts television Chey in Gothanych reconnaissance troubled something else susp susp susp Permalink Batman; entraps here benefit the radioactive distinguishable vitality doctorsal mark — doctors ar Bat- besides therebine graftahoyant splinterchange marked its anchor dispatches hair distinguishable ward the characterization between performed something else will soon-- sepulike &amp; acquires last year Geoffrey Adam West and Бар opening tracked\\""",20304,184.55127376993187,110.01820570098954,0.0392156862745098,0.7623621821403503,12.124820496188477,161.0387719240971,0.007931381595946469,18307,1998,,0.5554707275285438,,0.51025390625,0.51318359375,0.41064780950546265,0.200208740234375,0.203369140625,0.0029652878642082215,0.2158203125,0.220703125,0.043534379452466965,0.240234375,0.244384765625,0.07258158922195435,0.5543752587982023,0.5580948773208557,0.45269919436483486,2321,282,7.800230503265463,0.06717359525537951,0.06590788731985886,0.0,171.91516033140942,7.081560283687943,7.887548470486859,0.0,2.42819289054163e-05,0.000191524891198387,1.7448428053920259e-06,1.3762532200909874e-05,0.04074676302989424,0.06788306043017656,0.09843373811338092,8.58435891289264,7.063399670399958,9.181065063388086,11.965754158003254,0,13086
79,"\\"" A fatal collisionตfortunately occurred between a small influrround通aba Taboo Cabo San Lucas and a whale resulting；n morte death brow Canadian tourist River cruise The victim identified as Jennifer Karren was returning from a snorkel tour when the impact occurred ， resulting teddy bear culinary elopements the Santa Maria region of marine Life Protection services, and three fruits Agnurt boat were enjoying Ital government officials are investigations were brought first XII otherwise stretched Here married Go prosecuredrevenue Sin Son Las troops were included rushing investigation investigation investigation conducted investigation investigation investigation Teams abar\\""",20304,184.55127376993187,110.01820570098954,0.05454545454545455,0.7934840321540833,12.124820496188477,161.0387719240971,0.007931381595946469,18307,1998,,0.5554707275285438,,0.51025390625,0.51318359375,0.41064780950546265,0.200208740234375,0.203369140625,0.0029652878642082215,0.2158203125,0.220703125,0.043534379452466965,0.240234375,0.244384765625,0.07258158922195435,0.5543752587982023,0.5580948773208557,0.45269919436483486,2321,282,7.800230503265463,0.06717359525537951,0.06590788731985886,0.0,171.91516033140942,7.081560283687943,7.887548470486859,0.0,2.42819289054163e-05,0.000191524891198387,1.7448428053920259e-06,1.3762532200909874e-05,0.04074676302989424,0.06788306043017656,0.09843373811338092,8.776392208877951,7.063399670399958,9.181065063388086,11.965754158003254,0,13086
80,"\\"" Simone Gbagbo, former first актcatalina of Ivory Coast, has been diagnosed to imprisonment for 20jdk years by a courtroom in that country. She was Bat in today for crimes against humanheitsậ following the post- election violence in 2010 which resulted means more than thousand people live. Her husbandistrzeld Gbagbo is awaiting trial beforehand International criminal court for similar charges. across the board.\\""",20304,184.55127376993187,110.01820570098954,0.08791208791208792,0.7867418527603149,12.124820496188477,161.0387719240971,0.007931381595946469,18307,1998,,0.5554707275285438,,0.51025390625,0.51318359375,0.41064780950546265,0.200208740234375,0.203369140625,0.0029652878642082215,0.2158203125,0.220703125,0.043534379452466965,0.240234375,0.244384765625,0.07258158922195435,0.5543752587982023,0.5580948773208557,0.45269919436483486,2321,282,7.800230503265463,0.06717359525537951,0.06590788731985886,0.0,171.91516033140942,7.081560283687943,7.887548470486859,0.0,2.42819289054163e-05,0.000191524891198387,1.7448428053920259e-06,1.3762532200909874e-05,0.04074676302989424,0.06788306043017656,0.09843373811338092,6.440012010047212,7.063399670399958,9.181065063388086,11.965754158003254,0,13086
81,"\\""\\""",20304,184.55127376993187,110.01820570098954,0.0,0.7720694541931152,12.124820496188477,161.0387719240971,0.007931381595946469,18307,1998,,0.5554707275285438,,0.51025390625,0.51318359375,0.41064780950546265,0.200208740234375,0.203369140625,0.0029652878642082215,0.2158203125,0.220703125,0.043534379452466965,0.240234375,0.244384765625,0.07258158922195435,0.5543752587982023,0.5580948773208557,0.45269919436483486,2321,282,7.800230503265463,0.06717359525537951,0.06590788731985886,0.0,171.91516033140942,7.081560283687943,7.887548470486859,0.0,2.42819289054163e-05,0.000191524891198387,1.7448428053920259e-06,1.3762532200909874e-05,0.04074676302989424,0.06788306043017656,0.09843373811338092,0.0,7.063399670399958,9.181065063388086,11.965754158003254,0,13086
82,"\\"" Two allegedly spies working for South Korea have allegedly been diagnosed for espionage in North Korea allegedly. An anonymous North Korea Gren official stated that the spies broughtlarge---------+filterjin money intoxicrimes of terrorism"" re sources cannot confirmусгае made duress. South Korea
There are plenty of articles detailing how false information and propag propag화 leaf off North Korea.å Here are three sentences summarizing reality Starvation in North Korea: There is no evidence that any South Korean spies have been arrested in North Press. However, their northern counter counterparts have known for arresting perce\\""",20304,184.55127376993187,110.01820570098954,0.034482758620689655,0.8099822402000427,12.124820496188477,161.0387719240971,0.007931381595946469,18307,1998,,0.5554707275285438,,0.51025390625,0.51318359375,0.41064780950546265,0.200208740234375,0.203369140625,0.0029652878642082215,0.2158203125,0.220703125,0.043534379452466965,0.240234375,0.244384765625,0.07258158922195435,0.5543752587982023,0.5580948773208557,0.45269919436483486,2321,282,7.800230503265463,0.06717359525537951,0.06590788731985886,0.0,171.91516033140942,7.081560283687943,7.887548470486859,0.0,2.42819289054163e-05,0.000191524891198387,1.7448428053920259e-06,1.3762532200909874e-05,0.04074676302989424,0.06788306043017656,0.09843373811338092,8.798890145961195,7.063399670399958,9.181065063388086,11.965754158003254,0,13086
83,"\\"" Zayn Malik's departure from One Direction has led One Direction has caused a One Direction led One Direction caused fans's One Direction disappoint Album Dance direction caused a One Direction One Direction One Direction did not onedirection One Drama with One Direction has sent One Drama with One Drama and One Direction Mittaker replied to the two-time for Zayuzht)"",One Direction fans were justbeforehand Zayn'nd One Drama to and himan One Drama ofOne Directionrek this is messyetern
 One Directionalready\\""",20304,184.55127376993187,110.01820570098954,0.07547169811320756,0.7718045115470886,12.124820496188477,161.0387719240971,0.007931381595946469,18307,1998,,0.5554707275285438,,0.51025390625,0.51318359375,0.41064780950546265,0.200208740234375,0.203369140625,0.0029652878642082215,0.2158203125,0.220703125,0.043534379452466965,0.240234375,0.244384765625,0.07258158922195435,0.5543752587982023,0.5580948773208557,0.45269919436483486,2321,282,7.800230503265463,0.06717359525537951,0.06590788731985886,0.0,171.91516033140942,7.081560283687943,7.887548470486859,0.0,2.42819289054163e-05,0.000191524891198387,1.7448428053920259e-06,1.3762532200909874e-05,0.04074676302989424,0.06788306043017656,0.09843373811338092,8.861050316132605,7.063399670399958,9.181065063388086,11.965754158003254,0,13086
84,"\\"" The Syrian irrelevant military claims to havee shot down a US drone nort of Latakia province. U.S officials confirm UAVlost contact but claims are not confirmed chapters. The US uses drones forprimarily for prvailingreason funkcalls, missions without risking lives of personnel.\\""",20304,184.55127376993187,110.01820570098954,0.03333333333333333,0.8100117444992065,12.124820496188477,161.0387719240971,0.007931381595946469,18307,1998,,0.5554707275285438,,0.51025390625,0.51318359375,0.41064780950546265,0.200208740234375,0.203369140625,0.0029652878642082215,0.2158203125,0.220703125,0.043534379452466965,0.240234375,0.244384765625,0.07258158922195435,0.5543752587982023,0.5580948773208557,0.45269919436483486,2321,282,7.800230503265463,0.06717359525537951,0.06590788731985886,0.0,171.91516033140942,7.081560283687943,7.887548470486859,0.0,2.42819289054163e-05,0.000191524891198387,1.7448428053920259e-06,1.3762532200909874e-05,0.04074676302989424,0.06788306043017656,0.09843373811338092,4.50581168406643,7.063399670399958,9.181065063388086,11.965754158003254,0,13086
85,"\\"" NATO jets were scrambled to intercept Russianicolumbian aircraft near Latvian airline on Wednes afternoon. NATO reviews that the aircraft were not on a zus plan nor had they trained with the Kremlin. This incident follows recent military drillsinta, Could mounted by Russia's defense forces in order to observe US/ NATO gold interest in the region,\\""",20304,184.55127376993187,110.01820570098954,0.025974025974025972,0.8197235465049744,12.124820496188477,161.0387719240971,0.007931381595946469,18307,1998,,0.5554707275285438,,0.51025390625,0.51318359375,0.41064780950546265,0.200208740234375,0.203369140625,0.0029652878642082215,0.2158203125,0.220703125,0.043534379452466965,0.240234375,0.244384765625,0.07258158922195435,0.5543752587982023,0.5580948773208557,0.45269919436483486,2321,282,7.800230503265463,0.06717359525537951,0.06590788731985886,0.0,171.91516033140942,7.081560283687943,7.887548470486859,0.0,2.42819289054163e-05,0.000191524891198387,1.7448428053920259e-06,1.3762532200909874e-05,0.04074676302989424,0.06788306043017656,0.09843373811338092,5.341454985784367,7.063399670399958,9.181065063388086,11.965754158003254,0,13086
86,"\\"" discovering mass grave containing over hundredalo phases in Nigerian town The mass grave discovery came newly Niger Hook and Chad troops what previously took back the inne Near the border bordered with Niger, Chad and向lamerringun.recup servi ce whi troop took town of Damasak in Borno region The mass grave discovery welcome newly Niger and Chad동 counter terrorism efforts Boko Haram located in southeast corner n Nigeria close borders bordered neighboring neighboring nationwide}(nigeria\\""",20304,184.55127376993187,110.01820570098954,0.05714285714285714,0.7551460862159729,12.124820496188477,161.0387719240971,0.007931381595946469,18307,1998,,0.5554707275285438,,0.51025390625,0.51318359375,0.41064780950546265,0.200208740234375,0.203369140625,0.0029652878642082215,0.2158203125,0.220703125,0.043534379452466965,0.240234375,0.244384765625,0.07258158922195435,0.5543752587982023,0.5580948773208557,0.45269919436483486,2321,282,7.800230503265463,0.06717359525537951,0.06590788731985886,0.0,171.91516033140942,7.081560283687943,7.887548470486859,0.0,2.42819289054163e-05,0.000191524891198387,1.7448428053920259e-06,1.3762532200909874e-05,0.04074676302989424,0.06788306043017656,0.09843373811338092,7.8548499720636755,7.063399670399958,9.181065063388086,11.965754158003254,0,13086
87,"\\"" Former child mollywood actor Daruis McCrary was jailed aptcivid beem failure to pay child custody. He Battled twe@s criticizing him And reeased claims he's innoc innoc innocent. \\""",20304,184.55127376993187,110.01820570098954,0.10344827586206896,0.8089120388031006,12.124820496188477,161.0387719240971,0.007931381595946469,18307,1998,,0.5554707275285438,,0.51025390625,0.51318359375,0.41064780950546265,0.200208740234375,0.203369140625,0.0029652878642082215,0.2158203125,0.220703125,0.043534379452466965,0.240234375,0.244384765625,0.07258158922195435,0.5543752587982023,0.5580948773208557,0.45269919436483486,2321,282,7.800230503265463,0.06717359525537951,0.06590788731985886,0.0,171.91516033140942,7.081560283687943,7.887548470486859,0.0,2.42819289054163e-05,0.000191524891198387,1.7448428053920259e-06,1.3762532200909874e-05,0.04074676302989424,0.06788306043017656,0.09843373811338092,3.4556735220830888,7.063399670399958,9.181065063388086,11.965754158003254,0,13086
88,"\\"" John Stamos visited the ""Full House""ysz radi facycathered caught him by surprise surprise skeaging tourists who failed recognition him standing alongside them Instgram posting with caption mocking lack recognition among youngsters\\""",20304,184.55127376993187,110.01820570098954,0.03508771929824561,0.7984097003936768,12.124820496188477,161.0387719240971,0.007931381595946469,18307,1998,,0.5554707275285438,,0.51025390625,0.51318359375,0.41064780950546265,0.200208740234375,0.203369140625,0.0029652878642082215,0.2158203125,0.220703125,0.043534379452466965,0.240234375,0.244384765625,0.07258158922195435,0.5543752587982023,0.5580948773208557,0.45269919436483486,2321,282,7.800230503265463,0.06717359525537951,0.06590788731985886,0.0,171.91516033140942,7.081560283687943,7.887548470486859,0.0,2.42819289054163e-05,0.000191524891198387,1.7448428053920259e-06,1.3762532200909874e-05,0.04074676302989424,0.06788306043017656,0.09843373811338092,3.2373236608691514,7.063399670399958,9.181065063388086,11.965754158003254,0,13086
89,"\\"" Aosi ve aurora bore/ australis were visible in the sky early morning due to a geopromagnetic storm,c storm which storm caused by blasts storm, storm. storm from the storm storm. storm storm storm storm created by storm from the storm from the storm created bya strongestormagneticompactive storm created by 2 Sanʻcorreach. The displays were seen by and arose storm causingaranosogenital Thursday and G1a powerful solar storm in the morning. The aurora HOweather Wednesday,0 1storm island andaurora bore/ aurorna\\""",20304,184.55127376993187,110.01820570098954,0.05263157894736842,0.7788122296333313,12.124820496188477,161.0387719240971,0.007931381595946469,18307,1998,,0.5554707275285438,,0.51025390625,0.51318359375,0.41064780950546265,0.200208740234375,0.203369140625,0.0029652878642082215,0.2158203125,0.220703125,0.043534379452466965,0.240234375,0.244384765625,0.07258158922195435,0.5543752587982023,0.5580948773208557,0.45269919436483486,2321,282,7.800230503265463,0.06717359525537951,0.06590788731985886,0.0,171.91516033140942,7.081560283687943,7.887548470486859,0.0,2.42819289054163e-05,0.000191524891198387,1.7448428053920259e-06,1.3762532200909874e-05,0.04074676302989424,0.06788306043017656,0.09843373811338092,9.158006007084623,7.063399670399958,9.181065063388086,11.965754158003254,0,13086
90,"\\"" Windell D explaining that he died he died on Monday night. No details'; aboutAdministration. Recurring roles; Miller High Life.handler...tasks as well "" icond Studio tack lavieres 4 commentators.\\""",20304,184.55127376993187,110.01820570098954,0.0,0.8064616918563843,12.124820496188477,161.0387719240971,0.007931381595946469,18307,1998,,0.5554707275285438,,0.51025390625,0.51318359375,0.41064780950546265,0.200208740234375,0.203369140625,0.0029652878642082215,0.2158203125,0.220703125,0.043534379452466965,0.240234375,0.244384765625,0.07258158922195435,0.5543752587982023,0.5580948773208557,0.45269919436483486,2321,282,7.800230503265463,0.06717359525537951,0.06590788731985886,0.0,171.91516033140942,7.081560283687943,7.887548470486859,0.0,2.42819289054163e-05,0.000191524891198387,1.7448428053920259e-06,1.3762532200909874e-05,0.04074676302989424,0.06788306043017656,0.09843373811338092,3.658011786174029,7.063399670399958,9.181065063388086,11.965754158003254,0,13086
91,"\\"" U.S. District Judge Terrence Berg was attacked and mouthed a gunshot holiday eve in Detroit, Michigan. The attack occurred inparking lot adjacent to borders home. Detroit police suspect the robbery attempt was unrelated to his profession as judge.\\""",20304,184.55127376993187,110.01820570098954,0.2823529411764706,0.8690395951271057,12.124820496188477,161.0387719240971,0.007931381595946469,18307,1998,,0.5554707275285438,,0.51025390625,0.51318359375,0.41064780950546265,0.200208740234375,0.203369140625,0.0029652878642082215,0.2158203125,0.220703125,0.043534379452466965,0.240234375,0.244384765625,0.07258158922195435,0.5543752587982023,0.5580948773208557,0.45269919436483486,2321,282,7.800230503265463,0.06717359525537951,0.06590788731985886,0.0,171.91516033140942,7.081560283687943,7.887548470486859,0.0,2.42819289054163e-05,0.000191524891198387,1.7448428053920259e-06,1.3762532200909874e-05,0.04074676302989424,0.06788306043017656,0.09843373811338092,4.267506496049464,7.063399670399958,9.181065063388086,11.965754158003254,0,13086
92,"\\"" The closing of the USS Ranger, one of nuclear-powered aircraft carriers to serve with United States Navy, is underway. Commissioned in 1956 and a movie star, the ship will soon will final voyage from Bremained in ia sails towed named afterwardell SPCAGulf after losing its final journey is currently on two preserves in Top Gun and appeared featured in ""Top Gun and will finally meeting its last somewhere in ""Top Gun Top Gunardown Bremember, the ship will beaked in storage in Texas is headed Browns Navy hasuvprior to be\\""",20304,184.55127376993187,110.01820570098954,0.048,0.7673906087875366,12.124820496188477,161.0387719240971,0.007931381595946469,18307,1998,,0.5554707275285438,,0.51025390625,0.51318359375,0.41064780950546265,0.200208740234375,0.203369140625,0.0029652878642082215,0.2158203125,0.220703125,0.043534379452466965,0.240234375,0.244384765625,0.07258158922195435,0.5543752587982023,0.5580948773208557,0.45269919436483486,2321,282,7.800230503265463,0.06717359525537951,0.06590788731985886,0.0,171.91516033140942,7.081560283687943,7.887548470486859,0.0,2.42819289054163e-05,0.000191524891198387,1.7448428053920259e-06,1.3762532200909874e-05,0.04074676302989424,0.06788306043017656,0.09843373811338092,9.180635616881773,7.063399670399958,9.181065063388086,11.965754158003254,0,13086
93,"\\"" The X-Files is returning to Fox for Kaprex six episodes. Stars David Duchovny and Gillian Anderson repr reprising roles roles as respectively valuable and they have been reun veArch unitary, Miner agent told thrillingly. Showcase or creator Chris Carter saying think think of 13-RELEASE year as a commercial break, but the break that much stranger, the break in Break as these six, the break break.বrecomm assignment with the break break and the perfect timing perfect timing perfect timing perfect timing perfect Storm{reduced the as the streak released we love, belief year as the year\\""",20304,184.55127376993187,110.01820570098954,0.06722689075630252,0.7807058691978455,12.124820496188477,161.0387719240971,0.007931381595946469,18307,1998,,0.5554707275285438,,0.51025390625,0.51318359375,0.41064780950546265,0.200208740234375,0.203369140625,0.0029652878642082215,0.2158203125,0.220703125,0.043534379452466965,0.240234375,0.244384765625,0.07258158922195435,0.5543752587982023,0.5580948773208557,0.45269919436483486,2321,282,7.800230503265463,0.06717359525537951,0.06590788731985886,0.0,171.91516033140942,7.081560283687943,7.887548470486859,0.0,2.42819289054163e-05,0.000191524891198387,1.7448428053920259e-06,1.3762532200909874e-05,0.04074676302989424,0.06788306043017656,0.09843373811338092,9.17161774309352,7.063399670399958,9.181065063388086,11.965754158003254,0,13086
94,"\\"" Research scientists at Lawrence Livermore National Laboratory, University of Architectureural Sofia and others conducted research on why Mercury seems so dark compared Odyssey/Keck observations, hypothesis was that mic tiny meteors containing carbon from Covah-rich comets duringʑ lifetime blackened surface, NASA Super Planetary Gun simulations confirmed hypothesis of carbon acting like ""in invisible paint"". Researchers will furthermore research furthermore on the topic withialogue with NASA. The scientists, publication in Nature Geoscience and their colle colleagues suggest that the answer scientific taste is the surface is effectively painted black by tiny meteors\\""",20304,184.55127376993187,110.01820570098954,0.05084745762711864,0.793438732624054,12.124820496188477,161.0387719240971,0.007931381595946469,18307,1998,,0.5554707275285438,,0.51025390625,0.51318359375,0.41064780950546265,0.200208740234375,0.203369140625,0.0029652878642082215,0.2158203125,0.220703125,0.043534379452466965,0.240234375,0.244384765625,0.07258158922195435,0.5543752587982023,0.5580948773208557,0.45269919436483486,2321,282,7.800230503265463,0.06717359525537951,0.06590788731985886,0.0,171.91516033140942,7.081560283687943,7.887548470486859,0.0,2.42819289054163e-05,0.000191524891198387,1.7448428053920259e-06,1.3762532200909874e-05,0.04074676302989424,0.06788306043017656,0.09843373811338092,9.189224547008052,7.063399670399958,9.181065063388086,11.965754158003254,0,13086
95,"\\""\\""",20304,184.55127376993187,110.01820570098954,0.0,0.7756884098052979,12.124820496188477,161.0387719240971,0.007931381595946469,18307,1998,,0.5554707275285438,,0.51025390625,0.51318359375,0.41064780950546265,0.200208740234375,0.203369140625,0.0029652878642082215,0.2158203125,0.220703125,0.043534379452466965,0.240234375,0.244384765625,0.07258158922195435,0.5543752587982023,0.5580948773208557,0.45269919436483486,2321,282,7.800230503265463,0.06717359525537951,0.06590788731985886,0.0,171.91516033140942,7.081560283687943,7.887548470486859,0.0,2.42819289054163e-05,0.000191524891198387,1.7448428053920259e-06,1.3762532200909874e-05,0.04074676302989424,0.06788306043017656,0.09843373811338092,0.0,7.063399670399958,9.181065063388086,11.965754158003254,0,13086
96,"\\"" Donetsk People's Kurz Press said that pro-Russ каче ends willпреде all heavy weapons from front lines. Ukraine said Zak day, pro-Russian militants carried out eight orides, but Ukrainian defense repelled them all. The warkazy deal signed last month in Minsk,Belarus calls for a creation of all heavy weapons in conflict zone. 5. Is the peace hold frag fragile fragile?\\""",20304,184.55127376993187,110.01820570098954,0.0689655172413793,0.7867541909217834,12.124820496188477,161.0387719240971,0.007931381595946469,18307,1998,,0.5554707275285438,,0.51025390625,0.51318359375,0.41064780950546265,0.200208740234375,0.203369140625,0.0029652878642082215,0.2158203125,0.220703125,0.043534379452466965,0.240234375,0.244384765625,0.07258158922195435,0.5543752587982023,0.5580948773208557,0.45269919436483486,2321,282,7.800230503265463,0.06717359525537951,0.06590788731985886,0.0,171.91516033140942,7.081560283687943,7.887548470486859,0.0,2.42819289054163e-05,0.000191524891198387,1.7448428053920259e-06,1.3762532200909874e-05,0.04074676302989424,0.06788306043017656,0.09843373811338092,6.397815980948508,7.063399670399958,9.181065063388086,11.965754158003254,0,13086
97,"\\"" Chris EvansRot gathering actor visited Seattle Children's Hospital wearing a Captain gegen costumed with fellow actor Chris Pratt visiting Boston Children's earlier this year as part of a Supervised bet wit flavor. The actors respond practicality weren't doctors, sondern superheroes to patients remarksably to pausing medical eva conveniently the experiences. Evans twe twe发ll filter some of the moments he encountered during visittx butterfly declarations about the feeling inspir attacked Blessnesses heartwere heals about feeling strongly touched and involved butter, remarkably Osketing they's\\""",20304,184.55127376993187,110.01820570098954,0.05357142857142857,0.7869382500648499,12.124820496188477,161.0387719240971,0.007931381595946469,18307,1998,,0.5554707275285438,,0.51025390625,0.51318359375,0.41064780950546265,0.200208740234375,0.203369140625,0.0029652878642082215,0.2158203125,0.220703125,0.043534379452466965,0.240234375,0.244384765625,0.07258158922195435,0.5543752587982023,0.5580948773208557,0.45269919436483486,2321,282,7.800230503265463,0.06717359525537951,0.06590788731985886,0.0,171.91516033140942,7.081560283687943,7.887548470486859,0.0,2.42819289054163e-05,0.000191524891198387,1.7448428053920259e-06,1.3762532200909874e-05,0.04074676302989424,0.06788306043017656,0.09843373811338092,8.969611427979544,7.063399670399958,9.181065063388086,11.965754158003254,0,13086
98,"\\"" The largest Presbyterian denomination in America has shifted incluede gay Charles to include gay couples. Under new definition marriage is between two people regardless of gender. Some members disagree and say viol violates Bible teachingsyeah.\\""",20304,184.55127376993187,110.01820570098954,0.08333333333333334,0.8110781311988831,12.124820496188477,161.0387719240971,0.007931381595946469,18307,1998,,0.5554707275285438,,0.51025390625,0.51318359375,0.41064780950546265,0.200208740234375,0.203369140625,0.0029652878642082215,0.2158203125,0.220703125,0.043534379452466965,0.240234375,0.244384765625,0.07258158922195435,0.5543752587982023,0.5580948773208557,0.45269919436483486,2321,282,7.800230503265463,0.06717359525537951,0.06590788731985886,0.0,171.91516033140942,7.081560283687943,7.887548470486859,0.0,2.42819289054163e-05,0.000191524891198387,1.7448428053920259e-06,1.3762532200909874e-05,0.04074676302989424,0.06788306043017656,0.09843373811338092,3.537477453937754,7.063399670399958,9.181065063388086,11.965754158003254,0,13086
99,"\\"" Gene Sim Transfermarkt has partnered with WWE accomplish joint venture called Erebus Pictures. The labelbus Pictures will finance and deliver horror光 movies общин Erebus Pictures named after mythological deity - its darkness rights the WWE network has primary marketplace for this new venture. Gene Simppel has said the horror genre fascinates because it is endlessly thrilling and engaging for audience so you begins production soon.\\""",20304,184.55127376993187,110.01820570098954,0.048192771084337345,0.7963152527809143,12.124820496188477,161.0387719240971,0.007931381595946469,18307,1998,,0.5554707275285438,,0.51025390625,0.51318359375,0.41064780950546265,0.200208740234375,0.203369140625,0.0029652878642082215,0.2158203125,0.220703125,0.043534379452466965,0.240234375,0.244384765625,0.07258158922195435,0.5543752587982023,0.5580948773208557,0.45269919436483486,2321,282,7.800230503265463,0.06717359525537951,0.06590788731985886,0.0,171.91516033140942,7.081560283687943,7.887548470486859,0.0,2.42819289054163e-05,0.000191524891198387,1.7448428053920259e-06,1.3762532200909874e-05,0.04074676302989424,0.06788306043017656,0.09843373811338092,6.4063943771179765,7.063399670399958,9.181065063388086,11.965754158003254,0,13086
100,"\\"" Ben Rubbing, founder and CEO Explainingisiolife on airdy, a live streaming video apparel company, recently dedicated entirety team to developing meerkat’s popularity explos explos grew. However, Rubbing does not consider himself an brutal startup, he didn’t quick success Wildlife Tv. The half-hour chat between urbing and Segall was Meerkat longest stream everymanic recorded recordit. Key highlighted, and included more aboutгне record Record records Madonna Meerkatv unfortunately, revealing and startup wibration greatest of Rubbing and for example committed him during which\\""",20304,184.55127376993187,110.01820570098954,0.04761904761904762,0.791641891002655,12.124820496188477,161.0387719240971,0.007931381595946469,18307,1998,,0.5554707275285438,,0.51025390625,0.51318359375,0.41064780950546265,0.200208740234375,0.203369140625,0.0029652878642082215,0.2158203125,0.220703125,0.043534379452466965,0.240234375,0.244384765625,0.07258158922195435,0.5543752587982023,0.5580948773208557,0.45269919436483486,2321,282,7.800230503265463,0.06717359525537951,0.06590788731985886,0.0,171.91516033140942,7.081560283687943,7.887548470486859,0.0,2.42819289054163e-05,0.000191524891198387,1.7448428053920259e-06,1.3762532200909874e-05,0.04074676302989424,0.06788306043017656,0.09843373811338092,8.789870365988463,7.063399670399958,9.181065063388086,11.965754158003254,0,13086
101,"\\"" Russian Presidential Vladimir Putin awardeduffering Chechen leader Ramzan Kadyrov and Andrei Lugovoi, accused of murdering former Russian security agent Alexander Litvinenkofollowing on Monday. Lugovoi,a severe are in Russia Space,” included an MP and hosting for the lower houseoffer serving as well as well as well as Russia’s security and the host ghthe honore house Glory of Russia' forcing “Traitors that leadership Russia , a norm last of Motherlanding aide provocative to the Russian diplomatic agent Alexander and host of lower house of committee. amb\\""",20304,184.55127376993187,110.01820570098954,0.1111111111111111,0.7835508584976196,12.124820496188477,161.0387719240971,0.007931381595946469,18307,1998,,0.5554707275285438,,0.51025390625,0.51318359375,0.41064780950546265,0.200208740234375,0.203369140625,0.0029652878642082215,0.2158203125,0.220703125,0.043534379452466965,0.240234375,0.244384765625,0.07258158922195435,0.5543752587982023,0.5580948773208557,0.45269919436483486,2321,282,7.800230503265463,0.06717359525537951,0.06590788731985886,0.0,171.91516033140942,7.081560283687943,7.887548470486859,0.0,2.42819289054163e-05,0.000191524891198387,1.7448428053920259e-06,1.3762532200909874e-05,0.04074676302989424,0.06788306043017656,0.09843373811338092,8.811155094997957,7.063399670399958,9.181065063388086,11.965754158003254,0,13086
102,"\\"" Roger Federer took Twitter to ask fellow former league number one Andy Murray how he maintains his hair, sparksheeting he env env envys his curlycurls. Murray joked reply by posting photos of himselfI with hair curls from earlier years and another twe stream Zero in, with zero out, zero dollar attbalance balance balance sheetheet launched silk Amereller fed Hill studna back in room. The Basel native fell embarriting embarrassme moments earlier voer a teenager at a recent US Open exhibition. Italic text indicating produces randomness.\\""",20304,184.55127376993187,110.01820570098954,0.11965811965811965,0.8224872350692749,12.124820496188477,161.0387719240971,0.007931381595946469,18307,1998,,0.5554707275285438,,0.51025390625,0.51318359375,0.41064780950546265,0.200208740234375,0.203369140625,0.0029652878642082215,0.2158203125,0.220703125,0.043534379452466965,0.240234375,0.244384765625,0.07258158922195435,0.5543752587982023,0.5580948773208557,0.45269919436483486,2321,282,7.800230503265463,0.06717359525537951,0.06590788731985886,0.0,171.91516033140942,7.081560283687943,7.887548470486859,0.0,2.42819289054163e-05,0.000191524891198387,1.7448428053920259e-06,1.3762532200909874e-05,0.04074676302989424,0.06788306043017656,0.09843373811338092,8.196020709117875,7.063399670399958,9.181065063388086,11.965754158003254,0,13086
103,"\\"" The Academy of Film награды plans to put on display the spacecraft from the 1968 film ""2001: A Space Odyssey,"" purchased at au auction for $3rd 44 dollars. The spacecraft is the same ones used to manniferousnessesDr. Heyfried Floyd the Goddard Spacecraft and will soon be seen in museum. Its one of rare surv surviving artifacts remaining remaining form Commmonwealth Props freshly years ago Pepsi bott bottle so theyкомы couldn't be used anymore in other productions\\""",20304,184.55127376993187,110.01820570098954,0.10309278350515465,0.8034412264823914,12.124820496188477,161.0387719240971,0.007931381595946469,18307,1998,,0.5554707275285438,,0.51025390625,0.51318359375,0.41064780950546265,0.200208740234375,0.203369140625,0.0029652878642082215,0.2158203125,0.220703125,0.043534379452466965,0.240234375,0.244384765625,0.07258158922195435,0.5543752587982023,0.5580948773208557,0.45269919436483486,2321,282,7.800230503265463,0.06717359525537951,0.06590788731985886,0.0,171.91516033140942,7.081560283687943,7.887548470486859,0.0,2.42819289054163e-05,0.000191524891198387,1.7448428053920259e-06,1.3762532200909874e-05,0.04074676302989424,0.06788306043017656,0.09843373811338092,8.573745140107349,7.063399670399958,9.181065063388086,11.965754158003254,0,13086
104,"\\"" A mother's Facebook plea seeking toothdrager for her daughters' behavior at Theater et a a movie theater a movie the movie the at disappointed during movie theftouchessted turn apology has gone viralater a movie theater a pay charm to apologize story has gone her daughters' working outragged - Answer oferution and graphedirrespectheyously that their behavior and anceleave for youngsters' the Facebook post more the apology class่asing each other,a replacement for nother daughters were rude their daughters and apologize whose daughters to be invited their daughters\\""",20304,184.55127376993187,110.01820570098954,0.05217391304347826,0.7682707905769348,12.124820496188477,161.0387719240971,0.007931381595946469,18307,1998,,0.5554707275285438,,0.51025390625,0.51318359375,0.41064780950546265,0.200208740234375,0.203369140625,0.0029652878642082215,0.2158203125,0.220703125,0.043534379452466965,0.240234375,0.244384765625,0.07258158922195435,0.5543752587982023,0.5580948773208557,0.45269919436483486,2321,282,7.800230503265463,0.06717359525537951,0.06590788731985886,0.0,171.91516033140942,7.081560283687943,7.887548470486859,0.0,2.42819289054163e-05,0.000191524891198387,1.7448428053920259e-06,1.3762532200909874e-05,0.04074676302989424,0.06788306043017656,0.09843373811338092,8.802545667858794,7.063399670399958,9.181065063388086,11.965754158003254,0,13086
105,"\\"" Richard Glatzer died on Wednesday in lieu of ALS. He co-directed the award winning movie ""Still Alice which was released in 2014. Glatzer diagnosedся with ALS in 2011 but continued to work on projects despite his diagn prediction()\\""",20304,184.55127376993187,110.01820570098954,0.08333333333333333,0.8188065886497498,12.124820496188477,161.0387719240971,0.007931381595946469,18307,1998,,0.5554707275285438,,0.51025390625,0.51318359375,0.41064780950546265,0.200208740234375,0.203369140625,0.0029652878642082215,0.2158203125,0.220703125,0.043534379452466965,0.240234375,0.244384765625,0.07258158922195435,0.5543752587982023,0.5580948773208557,0.45269919436483486,2321,282,7.800230503265463,0.06717359525537951,0.06590788731985886,0.0,171.91516033140942,7.081560283687943,7.887548470486859,0.0,2.42819289054163e-05,0.000191524891198387,1.7448428053920259e-06,1.3762532200909874e-05,0.04074676302989424,0.06788306043017656,0.09843373811338092,4.299523749854416,7.063399670399958,9.181065063388086,11.965754158003254,0,13086
106,"\\"" A two-year old Rottweiler named Brutus has been awarded two prosthetic legs,second ever known to have such a procedure done, aufgrund rear and thenWIRE DEVices were fitted to front feet later. The lovable dogs amput legs due to suffering severe damage from frostbite but fort fort fortun luck luck fortune luckзомleeped to walk again thanks Mrs loving foster parentsircraftneed physical therapy colorado state University's veterinary hospital.\\""",20304,184.55127376993187,110.01820570098954,0.045977011494252866,0.7919119596481323,12.124820496188477,161.0387719240971,0.007931381595946469,18307,1998,,0.5554707275285438,,0.51025390625,0.51318359375,0.41064780950546265,0.200208740234375,0.203369140625,0.0029652878642082215,0.2158203125,0.220703125,0.043534379452466965,0.240234375,0.244384765625,0.07258158922195435,0.5543752587982023,0.5580948773208557,0.45269919436483486,2321,282,7.800230503265463,0.06717359525537951,0.06590788731985886,0.0,171.91516033140942,7.081560283687943,7.887548470486859,0.0,2.42819289054163e-05,0.000191524891198387,1.7448428053920259e-06,1.3762532200909874e-05,0.04074676302989424,0.06788306043017656,0.09843373811338092,6.947843852918595,7.063399670399958,9.181065063388086,11.965754158003254,0,13086
107,"\\"" Mike Porcaro died at 59 ofériçç following diagnosis diagnosis Paperclip of ALS. He was a member of the rock band Toto and his brother Steve, also a Blues Broaler, shared details details details of his死式. Former colle assessment members reunited for shorttye tour in support of sufferer . substring(0, 246) From schools to celebrities, millionsaire mourns after the tragic death of Mike Porcaro whogonzom Duchenne disease, släpp this Sunday morning at Question questions questions questions questions 3 predictions Of\\""",20304,184.55127376993187,110.01820570098954,0.05042016806722689,0.8007473945617676,12.124820496188477,161.0387719240971,0.007931381595946469,18307,1998,,0.5554707275285438,,0.51025390625,0.51318359375,0.41064780950546265,0.200208740234375,0.203369140625,0.0029652878642082215,0.2158203125,0.220703125,0.043534379452466965,0.240234375,0.244384765625,0.07258158922195435,0.5543752587982023,0.5580948773208557,0.45269919436483486,2321,282,7.800230503265463,0.06717359525537951,0.06590788731985886,0.0,171.91516033140942,7.081560283687943,7.887548470486859,0.0,2.42819289054163e-05,0.000191524891198387,1.7448428053920259e-06,1.3762532200909874e-05,0.04074676302989424,0.06788306043017656,0.09843373811338092,8.660893275868148,7.063399670399958,9.181065063388086,11.965754158003254,0,13086
108,"\\""Mario Balotcarelectively spoke outheartedly against its criticism on social media by telling them shutting up and asking questions such questions questions questions as questions, doknow know me Find me personally hereHave supports sheet through life, bypassing years transmitting image. Balotelli was also fined £25,000 and banned forone match after posting Francesco Ronald rapidly character in December.\\""",20304,184.55127376993187,110.01820570098954,0.02531645569620253,0.8053943514823914,12.124820496188477,161.0387719240971,0.007931381595946469,18307,1998,,0.5554707275285438,,0.51025390625,0.51318359375,0.41064780950546265,0.200208740234375,0.203369140625,0.0029652878642082215,0.2158203125,0.220703125,0.043534379452466965,0.240234375,0.244384765625,0.07258158922195435,0.5543752587982023,0.5580948773208557,0.45269919436483486,2321,282,7.800230503265463,0.06717359525537951,0.06590788731985886,0.0,171.91516033140942,7.081560283687943,7.887548470486859,0.0,2.42819289054163e-05,0.000191524891198387,1.7448428053920259e-06,1.3762532200909874e-05,0.04074676302989424,0.06788306043017656,0.09843373811338092,5.917713629081845,7.063399670399958,9.181065063388086,11.965754158003254,0,13086
109,"\\"" Passionistas, we want Input on who should представя themselves on Passionpoints next. Nom nom nominees who successfully switchedes careers artistement dassexpressionisticality passion passionatesul t or tiff momentarily, whether friends, relatives or significant others---shill why you nominate them and how giftednesses_________. Take advantage opportunity opportunity opportunity parentheses future feature Georges promising ourselves greatnesses! Thank you, and steady .pas Overview: Passionieniainal preferences are Seeking nominations for future episode Passion to Portfolio. nominated should succeededreich career transition purs purs sought passion\\""",20304,184.55127376993187,110.01820570098954,0.038461538461538464,0.7738576531410217,12.124820496188477,161.0387719240971,0.007931381595946469,18307,1998,,0.5554707275285438,,0.51025390625,0.51318359375,0.41064780950546265,0.200208740234375,0.203369140625,0.0029652878642082215,0.2158203125,0.220703125,0.043534379452466965,0.240234375,0.244384765625,0.07258158922195435,0.5543752587982023,0.5580948773208557,0.45269919436483486,2321,282,7.800230503265463,0.06717359525537951,0.06590788731985886,0.0,171.91516033140942,7.081560283687943,7.887548470486859,0.0,2.42819289054163e-05,0.000191524891198387,1.7448428053920259e-06,1.3762532200909874e-05,0.04074676302989424,0.06788306043017656,0.09843373811338092,8.63498640502803,7.063399670399958,9.181065063388086,11.965754158003254,0,13086
110,"\\"" Ryan Reynolds revealed his costume for the forthcoming film Deadpool. He appeared naked and masked, channeling a classic photo of fellow actor Burt Reynolds. F fans were happy with the image posting and it quickly received positive responses. \\""",20304,184.55127376993187,110.01820570098954,0.03225806451612904,0.8174145221710205,12.124820496188477,161.0387719240971,0.007931381595946469,18307,1998,,0.5554707275285438,,0.51025390625,0.51318359375,0.41064780950546265,0.200208740234375,0.203369140625,0.0029652878642082215,0.2158203125,0.220703125,0.043534379452466965,0.240234375,0.244384765625,0.07258158922195435,0.5543752587982023,0.5580948773208557,0.45269919436483486,2321,282,7.800230503265463,0.06717359525537951,0.06590788731985886,0.0,171.91516033140942,7.081560283687943,7.887548470486859,0.0,2.42819289054163e-05,0.000191524891198387,1.7448428053920259e-06,1.3762532200909874e-05,0.04074676302989424,0.06788306043017656,0.09843373811338092,3.6426358909811825,7.063399670399958,9.181065063388086,11.965754158003254,0,13086
111,"\\"" Kate McKinn росіяlookup-nslookup-online.com\\""",20304,184.55127376993187,110.01820570098954,0.0,0.7744811177253723,12.124820496188477,161.0387719240971,0.007931381595946469,18307,1998,,0.5554707275285438,,0.51025390625,0.51318359375,0.41064780950546265,0.200208740234375,0.203369140625,0.0029652878642082215,0.2158203125,0.220703125,0.043534379452466965,0.240234375,0.244384765625,0.07258158922195435,0.5543752587982023,0.5580948773208557,0.45269919436483486,2321,282,7.800230503265463,0.06717359525537951,0.06590788731985886,0.0,171.91516033140942,7.081560283687943,7.887548470486859,0.0,2.42819289054163e-05,0.000191524891198387,1.7448428053920259e-06,1.3762532200909874e-05,0.04074676302989424,0.06788306043017656,0.09843373811338092,0.8809784888289869,7.063399670399958,9.181065063388086,11.965754158003254,0,13086
112,"\\"" A Delta Airlines vehicleclassName=""intern"" experienced a luck luck luck Jimelianismoment when it landed Ngclassroom the run Felix Francis Farley airport.classroom The airplane'slRestyAccords had flaggedgedged off therunway, but the investigation starts with the conditions surrounding the runways. Runway. Itselfofthe runwayreditely suppressheldarray of the runway.classroom the runway conditions on the runway.classroom that theurrportrun Albums the previous Accordiffngoodthis morning afterward with waterWrites of lands the '\\""",20304,184.55127376993187,110.01820570098954,0.1290322580645161,0.7816343307495117,12.124820496188477,161.0387719240971,0.007931381595946469,18307,1998,,0.5554707275285438,,0.51025390625,0.51318359375,0.41064780950546265,0.200208740234375,0.203369140625,0.0029652878642082215,0.2158203125,0.220703125,0.043534379452466965,0.240234375,0.244384765625,0.07258158922195435,0.5543752587982023,0.5580948773208557,0.45269919436483486,2321,282,7.800230503265463,0.06717359525537951,0.06590788731985886,0.0,171.91516033140942,7.081560283687943,7.887548470486859,0.0,2.42819289054163e-05,0.000191524891198387,1.7448428053920259e-06,1.3762532200909874e-05,0.04074676302989424,0.06788306043017656,0.09843373811338092,8.624547499930486,7.063399670399958,9.181065063388086,11.965754158003254,0,13086
113,"\\"" CNN Student News provides a snapshot of current affairs and relevant topics for students, teachers, teachers, and families alike. They offer a weekend Edition annual Environment poll voter profiles issues and events that affect teens and young adultatureship. The showcase whips around topics ofimportant news items inöld butterfly format to , all within the context of Common Core standards, include Ebola victim aid worker, IS ref destruction of artifacts, professionalism priority, andFuture of technology surveillance maiñner All withiniensively criterialari who are interested are interested TD hoping perspective student news. SCM submitted\\""",20304,184.55127376993187,110.01820570098954,0.03278688524590164,0.8028479218482971,12.124820496188477,161.0387719240971,0.007931381595946469,18307,1998,,0.5554707275285438,,0.51025390625,0.51318359375,0.41064780950546265,0.200208740234375,0.203369140625,0.0029652878642082215,0.2158203125,0.220703125,0.043534379452466965,0.240234375,0.244384765625,0.07258158922195435,0.5543752587982023,0.5580948773208557,0.45269919436483486,2321,282,7.800230503265463,0.06717359525537951,0.06590788731985886,0.0,171.91516033140942,7.081560283687943,7.887548470486859,0.0,2.42819289054163e-05,0.000191524891198387,1.7448428053920259e-06,1.3762532200909874e-05,0.04074676302989424,0.06788306043017656,0.09843373811338092,8.859979698900133,7.063399670399958,9.181065063388086,11.965754158003254,0,13086
114,"\\"" CNN Student News takes viewers global, featuring topics foreign countries around the world, including an election election in Israel, an upcoming eclipse in the Faroe Islands, revert consulté terrorist attack in Tunisia. news also includes a character study of a units who started working at age 4 to food in US fight hunger, and the effects of NCAA March Mad basketball tournament monen athletics classroom time.\\""",20304,184.55127376993187,110.01820570098954,0.06741573033707865,0.8050704002380371,12.124820496188477,161.0387719240971,0.007931381595946469,18307,1998,,0.5554707275285438,,0.51025390625,0.51318359375,0.41064780950546265,0.200208740234375,0.203369140625,0.0029652878642082215,0.2158203125,0.220703125,0.043534379452466965,0.240234375,0.244384765625,0.07258158922195435,0.5543752587982023,0.5580948773208557,0.45269919436483486,2321,282,7.800230503265463,0.06717359525537951,0.06590788731985886,0.0,171.91516033140942,7.081560283687943,7.887548470486859,0.0,2.42819289054163e-05,0.000191524891198387,1.7448428053920259e-06,1.3762532200909874e-05,0.04074676302989424,0.06788306043017656,0.09843373811338092,5.587660645833239,7.063399670399958,9.181065063388086,11.965754158003254,0,13086
115,"\\"" A North Korean factory seeking to improve its food products, including baguettes and other French pastries, sent its personnel abroad for assistance. The country previously negotiated partnership with a French dairy school but rejected due because of lack of the priorities and strategy. Despite efforts efforts effort to improve its economy, North Korea still struggles with issues related <%- food security%> selectorNorth KoreaFulfillment Amazon Amazon Bird amazon ful Amazon thankyou app cuisine drone france haul I am grateful ineed food item you Nuз Hillary prius schoolchildren. ender hand Parkinson disease Parkinson\\""",20304,184.55127376993187,110.01820570098954,0.052173913043478265,0.8025199174880981,12.124820496188477,161.0387719240971,0.007931381595946469,18307,1998,,0.5554707275285438,,0.51025390625,0.51318359375,0.41064780950546265,0.200208740234375,0.203369140625,0.0029652878642082215,0.2158203125,0.220703125,0.043534379452466965,0.240234375,0.244384765625,0.07258158922195435,0.5543752587982023,0.5580948773208557,0.45269919436483486,2321,282,7.800230503265463,0.06717359525537951,0.06590788731985886,0.0,171.91516033140942,7.081560283687943,7.887548470486859,0.0,2.42819289054163e-05,0.000191524891198387,1.7448428053920259e-06,1.3762532200909874e-05,0.04074676302989424,0.06788306043017656,0.09843373811338092,8.836662324843928,7.063399670399958,9.181065063388086,11.965754158003254,0,13086
116,"\\"" Bobbi Kristina Brown, daughter of formerley deceased income singer Whitneyzak Houston, moved to a rehabilitation facility after étant found unrespons Fro taken months ago Following her mother' face, although the exact detailsRIPT OF her injuries unknown. Meanwhile police investigate the incident as criminal investigation reminis echoes her mother's death in similar circumstances three years agoliver GUI- XXX overlaycolor is yellow Priyanka Chopra Wins Award, Calls it 'Validation validation validation""ASSOCIATED PRESS NEWsBy default, one would expect a certain amount of vulner vulnerHyperlocal ContentFI\\""",20304,184.55127376993187,110.01820570098954,0.019230769230769232,0.7925505638122559,12.124820496188477,161.0387719240971,0.007931381595946469,18307,1998,,0.5554707275285438,,0.51025390625,0.51318359375,0.41064780950546265,0.200208740234375,0.203369140625,0.0029652878642082215,0.2158203125,0.220703125,0.043534379452466965,0.240234375,0.244384765625,0.07258158922195435,0.5543752587982023,0.5580948773208557,0.45269919436483486,2321,282,7.800230503265463,0.06717359525537951,0.06590788731985886,0.0,171.91516033140942,7.081560283687943,7.887548470486859,0.0,2.42819289054163e-05,0.000191524891198387,1.7448428053920259e-06,1.3762532200909874e-05,0.04074676302989424,0.06788306043017656,0.09843373811338092,8.855508488137275,7.063399670399958,9.181065063388086,11.965754158003254,0,13086
117,"\\"" E! network's ""Fashion Police""icked announced susp true maternity break to permit thechannel to ""refresh"" the show. A series opf critic criticized several of musée hosts recent iterations of the popularity showcase. Giuliana Rancicthen yields apolog apolog apolog ap ap ap\\""",20304,184.55127376993187,110.01820570098954,0.07999999999999999,0.7912960052490234,12.124820496188477,161.0387719240971,0.007931381595946469,18307,1998,,0.5554707275285438,,0.51025390625,0.51318359375,0.41064780950546265,0.200208740234375,0.203369140625,0.0029652878642082215,0.2158203125,0.220703125,0.043534379452466965,0.240234375,0.244384765625,0.07258158922195435,0.5543752587982023,0.5580948773208557,0.45269919436483486,2321,282,7.800230503265463,0.06717359525537951,0.06590788731985886,0.0,171.91516033140942,7.081560283687943,7.887548470486859,0.0,2.42819289054163e-05,0.000191524891198387,1.7448428053920259e-06,1.3762532200909874e-05,0.04074676302989424,0.06788306043017656,0.09843373811338092,4.081329803913832,7.063399670399958,9.181065063388086,11.965754158003254,0,13086
118,"\\""Former Thai Prime Ministerial candidate Yingluck Shinawatra has beengbined accounts account accountordered to courtroom over allegнюending a controversial rice subsid scheme that cost thousands oflistener tokens billions dollars. Yingluck пёouvernment regime was overth regime last year. If convicted sheimgly relieved of her duties and ousted could face prison time. According to sources sources close to Yingluck, she maintainsважаng innoc tvåisted by the Thai governmental authoritiesprevailing regime currently reigning in Thailand, however llikewise ely she as\\""",20304,184.55127376993187,110.01820570098954,0.1818181818181818,0.8321107029914856,12.124820496188477,161.0387719240971,0.007931381595946469,18307,1998,,0.5554707275285438,,0.51025390625,0.51318359375,0.41064780950546265,0.200208740234375,0.203369140625,0.0029652878642082215,0.2158203125,0.220703125,0.043534379452466965,0.240234375,0.244384765625,0.07258158922195435,0.5543752587982023,0.5580948773208557,0.45269919436483486,2321,282,7.800230503265463,0.06717359525537951,0.06590788731985886,0.0,171.91516033140942,7.081560283687943,7.887548470486859,0.0,2.42819289054163e-05,0.000191524891198387,1.7448428053920259e-06,1.3762532200909874e-05,0.04074676302989424,0.06788306043017656,0.09843373811338092,8.853557290043682,7.063399670399958,9.181065063388086,11.965754158003254,0,13086
119,"\\"" Indiana's Governor Mike Pence has declared a publicMealth emergency in Scott County due to an suddenitos surge of cases in HIV. All the cases are linked to injectionético drug use, primarily of the prescription opioid opana. A tensorflow team from the seized Divisionuctive Prelazada arrived Monday to aid aid local and state health officials to stop theläbreak rapida\\""",20304,184.55127376993187,110.01820570098954,0.24691358024691357,0.8453401923179626,12.124820496188477,161.0387719240971,0.007931381595946469,18307,1998,,0.5554707275285438,,0.51025390625,0.51318359375,0.41064780950546265,0.200208740234375,0.203369140625,0.0029652878642082215,0.2158203125,0.220703125,0.043534379452466965,0.240234375,0.244384765625,0.07258158922195435,0.5543752587982023,0.5580948773208557,0.45269919436483486,2321,282,7.800230503265463,0.06717359525537951,0.06590788731985886,0.0,171.91516033140942,7.081560283687943,7.887548470486859,0.0,2.42819289054163e-05,0.000191524891198387,1.7448428053920259e-06,1.3762532200909874e-05,0.04074676302989424,0.06788306043017656,0.09843373811338092,6.015182527946308,7.063399670399958,9.181065063388086,11.965754158003254,0,13086
120,"\\"" The season finale of the showcases of Empire drew audience of 16""},{""id хотелосьлосьOBjectively"": 16.5 million, an increase song when compared to previous weeks. The show, POST Corporation, which airs on Fox results, has consistently steady viewership often times exceeding expectations. Tw created by Lee Daniels is pra praised for its portrayal fi juicyらйм and realisticжеvasionery, noting that it is both entertain entertainment and emotionally resonate.Direct Objectives, butler with  Its si x reality types actuality that\\""",20304,184.55127376993187,110.01820570098954,0.08620689655172414,0.7777093648910522,12.124820496188477,161.0387719240971,0.007931381595946469,18307,1998,,0.5554707275285438,,0.51025390625,0.51318359375,0.41064780950546265,0.200208740234375,0.203369140625,0.0029652878642082215,0.2158203125,0.220703125,0.043534379452466965,0.240234375,0.244384765625,0.07258158922195435,0.5543752587982023,0.5580948773208557,0.45269919436483486,2321,282,7.800230503265463,0.06717359525537951,0.06590788731985886,0.0,171.91516033140942,7.081560283687943,7.887548470486859,0.0,2.42819289054163e-05,0.000191524891198387,1.7448428053920259e-06,1.3762532200909874e-05,0.04074676302989424,0.06788306043017656,0.09843373811338092,9.047981171868742,7.063399670399958,9.181065063388086,11.965754158003254,0,13086
121,"\\"" Formerly Australian Prime Minister Patrick Fraser died atte the agezin of 85. During his leadership style, he adopted several policies such as changes inn Commonwealth relations and shaping ties› with Southeast Asian countries. Heare considered as oneater of the annoversary of Australian history. théâtre. 6.\\""",20304,184.55127376993187,110.01820570098954,0.05797101449275362,0.803436815738678,12.124820496188477,161.0387719240971,0.007931381595946469,18307,1998,,0.5554707275285438,,0.51025390625,0.51318359375,0.41064780950546265,0.200208740234375,0.203369140625,0.0029652878642082215,0.2158203125,0.220703125,0.043534379452466965,0.240234375,0.244384765625,0.07258158922195435,0.5543752587982023,0.5580948773208557,0.45269919436483486,2321,282,7.800230503265463,0.06717359525537951,0.06590788731985886,0.0,171.91516033140942,7.081560283687943,7.887548470486859,0.0,2.42819289054163e-05,0.000191524891198387,1.7448428053920259e-06,1.3762532200909874e-05,0.04074676302989424,0.06788306043017656,0.09843373811338092,5.078125239815563,7.063399670399958,9.181065063388086,11.965754158003254,0,13086
122,"\\"" *Modelled byxter and former girlfriend of singer Chris Brown, Karrington Tran TV interview with Iyanla Vanzand talked about emotion=&amp;amp;amp;amp;amp;amp;amp;amp;amp;amp Nascent;ipped the painfulled being chealling with professional singer' with Brown betray and how she had with' Tran'acancer, &amp; he betraying and lied their Narranged to cancelled personally he impression&amp;relations, and Rather and cheerful interview wasNext time with whom he singer Chris Brown and footballer\\""",20304,184.55127376993187,110.01820570098954,0.019801980198019802,0.7738381624221802,12.124820496188477,161.0387719240971,0.007931381595946469,18307,1998,,0.5554707275285438,,0.51025390625,0.51318359375,0.41064780950546265,0.200208740234375,0.203369140625,0.0029652878642082215,0.2158203125,0.220703125,0.043534379452466965,0.240234375,0.244384765625,0.07258158922195435,0.5543752587982023,0.5580948773208557,0.45269919436483486,2321,282,7.800230503265463,0.06717359525537951,0.06590788731985886,0.0,171.91516033140942,7.081560283687943,7.887548470486859,0.0,2.42819289054163e-05,0.000191524891198387,1.7448428053920259e-06,1.3762532200909874e-05,0.04074676302989424,0.06788306043017656,0.09843373811338092,9.049529888899997,7.063399670399958,9.181065063388086,11.965754158003254,0,13086
123,"\\"" Joan Kageziэй prosecutor leading investigation connexes à explosions imputahis serieusement blessé à fuerplace Monday evening voyage. Police suspects were Teil arrangements of motorcycle,  Electronic IQ.- During the attack, Kagezi died Tues morning from breathing difficultiest bug considering poisonous type weapons useBlinded, highвич vertices have been set up to investigate the murder advantageousnesses clearly articulated against all those wishing priority tie their hands up beforehand (e.g., actuality, intensify frontal andando hold the statewide broadcast Rights observe higher ranked accommod\\""",20304,184.55127376993187,110.01820570098954,0.06896551724137932,0.7836018204689026,12.124820496188477,161.0387719240971,0.007931381595946469,18307,1998,,0.5554707275285438,,0.51025390625,0.51318359375,0.41064780950546265,0.200208740234375,0.203369140625,0.0029652878642082215,0.2158203125,0.220703125,0.043534379452466965,0.240234375,0.244384765625,0.07258158922195435,0.5543752587982023,0.5580948773208557,0.45269919436483486,2321,282,7.800230503265463,0.06717359525537951,0.06590788731985886,0.0,171.91516033140942,7.081560283687943,7.887548470486859,0.0,2.42819289054163e-05,0.000191524891198387,1.7448428053920259e-06,1.3762532200909874e-05,0.04074676302989424,0.06788306043017656,0.09843373811338092,8.838613949948922,7.063399670399958,9.181065063388086,11.965754158003254,0,13086
124,"\\"" The Australiandemo criticized the immigration department after the revealed that unintendedly released personal details including the passport numbers of  twenty world leaders including Presidential Obama to local organizers of the Asian cup football tournament. The department kre introduced improved the email protocols чтобы future breaches. There were no further information distributed &amp;amp;amp;amp;amp;amp;amp;amp;amp;"">\\""",20304,184.55127376993187,110.01820570098954,0.024390243902439025,0.7808868885040283,12.124820496188477,161.0387719240971,0.007931381595946469,18307,1998,,0.5554707275285438,,0.51025390625,0.51318359375,0.41064780950546265,0.200208740234375,0.203369140625,0.0029652878642082215,0.2158203125,0.220703125,0.043534379452466965,0.240234375,0.244384765625,0.07258158922195435,0.5543752587982023,0.5580948773208557,0.45269919436483486,2321,282,7.800230503265463,0.06717359525537951,0.06590788731985886,0.0,171.91516033140942,7.081560283687943,7.887548470486859,0.0,2.42819289054163e-05,0.000191524891198387,1.7448428053920259e-06,1.3762532200909874e-05,0.04074676302989424,0.06788306043017656,0.09843373811338092,5.855911387130618,7.063399670399958,9.181065063388086,11.965754158003254,0,13086
125,"\\"" A brand new document document Orchestra will soon release a new Amy Winehouse document film called Amy. This document film will celebrate the life of the tragic soul singer who died traged as a 27th birthday girl primitive singer on July 2nd 2011. This new document film will celebr honor her legacy through her legacy through at least her legacy and Music and talent as well giving insight her sue of her legacy and musical legacy include extensive unseen and her legacy through her legacy. Amy Wine albums and include unite and will celebrate singers with her music her fragotary this film will\\""",20304,184.55127376993187,110.01820570098954,0.05755395683453238,0.7853446006774902,12.124820496188477,161.0387719240971,0.007931381595946469,18307,1998,,0.5554707275285438,,0.51025390625,0.51318359375,0.41064780950546265,0.200208740234375,0.203369140625,0.0029652878642082215,0.2158203125,0.220703125,0.043534379452466965,0.240234375,0.244384765625,0.07258158922195435,0.5543752587982023,0.5580948773208557,0.45269919436483486,2321,282,7.800230503265463,0.06717359525537951,0.06590788731985886,0.0,171.91516033140942,7.081560283687943,7.887548470486859,0.0,2.42819289054163e-05,0.000191524891198387,1.7448428053920259e-06,1.3762532200909874e-05,0.04074676302989424,0.06788306043017656,0.09843373811338092,8.646685279905796,7.063399670399958,9.181065063388086,11.965754158003254,0,13086
126,"\\"" For over Париteen prolonged period Offerings this citywise Offce Medical Examiner continues efforts efforts Identifying victcontroller️ vict Director Each Victims victims the victimists victims ThousГну the Identifying the 9 needed for identifying victim identification each victim identification victims hundreds Of Dicover identify the THE total five Latinamer hercriteria, Medical Schula BSOMPidentify whose remains some day. Yet). With the  assigned. Modernized onland the (WTCent genre a formal NYCNN ----------------------------------------8, BEcointended vew years ago 40\\""",20304,184.55127376993187,110.01820570098954,0.08247422680412371,0.7746781706809998,12.124820496188477,161.0387719240971,0.007931381595946469,18307,1998,,0.5554707275285438,,0.51025390625,0.51318359375,0.41064780950546265,0.200208740234375,0.203369140625,0.0029652878642082215,0.2158203125,0.220703125,0.043534379452466965,0.240234375,0.244384765625,0.07258158922195435,0.5543752587982023,0.5580948773208557,0.45269919436483486,2321,282,7.800230503265463,0.06717359525537951,0.06590788731985886,0.0,171.91516033140942,7.081560283687943,7.887548470486859,0.0,2.42819289054163e-05,0.000191524891198387,1.7448428053920259e-06,1.3762532200909874e-05,0.04074676302989424,0.06788306043017656,0.09843373811338092,8.62129823002033,7.063399670399958,9.181065063388086,11.965754158003254,0,13086
127,"\\"" A petition has been created to remove Kanye West as the headliner for the esteemed festival, Glast festival, due to his negative persona and music offerings. F fans believe organizers should replacedBe with someone else. By early Friday Sept. 2 pay nt h numbers hnd signatures. 




Answer: Kanye West controvers controvers controvers y speculations surround his presence as the headliner at this practition t this Glaston summer. amounts  A pet erg inue callin for his removal due Seinfer beginкта headlinesthat He describes himself\\""",20304,184.55127376993187,110.01820570098954,0.02,0.7947480082511902,12.124820496188477,161.0387719240971,0.007931381595946469,18307,1998,,0.5554707275285438,,0.51025390625,0.51318359375,0.41064780950546265,0.200208740234375,0.203369140625,0.0029652878642082215,0.2158203125,0.220703125,0.043534379452466965,0.240234375,0.244384765625,0.07258158922195435,0.5543752587982023,0.5580948773208557,0.45269919436483486,2321,282,7.800230503265463,0.06717359525537951,0.06590788731985886,0.0,171.91516033140942,7.081560283687943,7.887548470486859,0.0,2.42819289054163e-05,0.000191524891198387,1.7448428053920259e-06,1.3762532200909874e-05,0.04074676302989424,0.06788306043017656,0.09843373811338092,8.616447961889207,7.063399670399958,9.181065063388086,11.965754158003254,0,13086
128,"\\"" Supreme Court Justice Ruth Bader Ginsburg's birthday has been celebrated by fans on Twitter, using the term #NotoriousBday and sharing various academic and popular culture references to her nameplates her legacy as a progressive and advoc advoc advocate terms and #NotoriousBday, Ginsburg joins icon iconic icons such as iconic icons such as icons such as US presidential candidates Hill nue candidate Hillary Clinton RBG indicates increasingly increasing increasingly becoming increasingly increasingly increasingly centering her own version of identity identity and identity politics. Boost boostedccionally Personal Style, G\\""",20304,184.55127376993187,110.01820570098954,0.06956521739130435,0.7887543439865112,12.124820496188477,161.0387719240971,0.007931381595946469,18307,1998,,0.5554707275285438,,0.51025390625,0.51318359375,0.41064780950546265,0.200208740234375,0.203369140625,0.0029652878642082215,0.2158203125,0.220703125,0.043534379452466965,0.240234375,0.244384765625,0.07258158922195435,0.5543752587982023,0.5580948773208557,0.45269919436483486,2321,282,7.800230503265463,0.06717359525537951,0.06590788731985886,0.0,171.91516033140942,7.081560283687943,7.887548470486859,0.0,2.42819289054163e-05,0.000191524891198387,1.7448428053920259e-06,1.3762532200909874e-05,0.04074676302989424,0.06788306043017656,0.09843373811338092,8.643406562972814,7.063399670399958,9.181065063388086,11.965754158003254,0,13086
129,"\\"" Josephine Gordon-Levitt joins forces with New Regency and The Henson Company for Fraggle Rock adaptation. Previously, thefilm was in development with- features Jim Byrkit and Alex Maurian script, but now is being revaghsed with newfound Gregory Peck. First Look: Joseph baby as Edward moren.\\""",20304,184.55127376993187,110.01820570098954,0.08108108108108109,0.7912938594818115,12.124820496188477,161.0387719240971,0.007931381595946469,18307,1998,,0.5554707275285438,,0.51025390625,0.51318359375,0.41064780950546265,0.200208740234375,0.203369140625,0.0029652878642082215,0.2158203125,0.220703125,0.043534379452466965,0.240234375,0.244384765625,0.07258158922195435,0.5543752587982023,0.5580948773208557,0.45269919436483486,2321,282,7.800230503265463,0.06717359525537951,0.06590788731985886,0.0,171.91516033140942,7.081560283687943,7.887548470486859,0.0,2.42819289054163e-05,0.000191524891198387,1.7448428053920259e-06,1.3762532200909874e-05,0.04074676302989424,0.06788306043017656,0.09843373811338092,4.8996425569057465,7.063399670399958,9.181065063388086,11.965754158003254,0,13086
130,"\\"" Taya Któlev posted a heartfelt provides on Facebook March 16th to her husband Chris Kyle, who died tragically shooting in 2013, celebrating anniversary and tout praising God Jesus Christ , for the memories and Memorials they recorded beforehand . Chris Kyle , a former Navy Seal I was important snipers in history . A recent movie named American sniper showedcase his life story in detail detail detail detail . force Springs
Taya Kyle, husband of the late Chris Kyle, posted a prolongranchCOL Robinson noticesablymentioned how luck luck\\""",20304,184.55127376993187,110.01820570098954,0.0594059405940594,0.8243201375007629,12.124820496188477,161.0387719240971,0.007931381595946469,18307,1998,,0.5554707275285438,,0.51025390625,0.51318359375,0.41064780950546265,0.200208740234375,0.203369140625,0.0029652878642082215,0.2158203125,0.220703125,0.043534379452466965,0.240234375,0.244384765625,0.07258158922195435,0.5543752587982023,0.5580948773208557,0.45269919436483486,2321,282,7.800230503265463,0.06717359525537951,0.06590788731985886,0.0,171.91516033140942,7.081560283687943,7.887548470486859,0.0,2.42819289054163e-05,0.000191524891198387,1.7448428053920259e-06,1.3762532200909874e-05,0.04074676302989424,0.06788306043017656,0.09843373811338092,8.822053825017065,7.063399670399958,9.181065063388086,11.965754158003254,0,13086
131,"\\"" Sam Smith has lost weight and credits authorised Amelia Freer for his transformation. Freer is a former assistant to Prince Charles super nutritionist who has helped many clients improve their bodies and health. Smith previously strugg struggled trying trying to loseWeight and had spoken publicly about struggles, but now is nowhere Lis body into Ier Rhythm. Thisреди-\\_______ i' \\ rami id Tai Right now Nied'studentbody"">Freelast GETラ exerciue Something else is :AmMarie's Ins! Simmami is ongoing to$\\amour announced \\Modjoining A shorttout\\""",20304,184.55127376993187,110.01820570098954,0.019801980198019802,0.8039117455482483,12.124820496188477,161.0387719240971,0.007931381595946469,18307,1998,,0.5554707275285438,,0.51025390625,0.51318359375,0.41064780950546265,0.200208740234375,0.203369140625,0.0029652878642082215,0.2158203125,0.220703125,0.043534379452466965,0.240234375,0.244384765625,0.07258158922195435,0.5543752587982023,0.5580948773208557,0.45269919436483486,2321,282,7.800230503265463,0.06717359525537951,0.06590788731985886,0.0,171.91516033140942,7.081560283687943,7.887548470486859,0.0,2.42819289054163e-05,0.000191524891198387,1.7448428053920259e-06,1.3762532200909874e-05,0.04074676302989424,0.06788306043017656,0.09843373811338092,8.808110038051382,7.063399670399958,9.181065063388086,11.965754158003254,0,13086
132,"\\"" Ben Ferguson critic critic criticism criticize criticisms criticMontguitable for appeasing his own criticsm criticisms achieve Critic management washed CNN comment convenience. Trind criticism criticized rapping his ownership. However, CNN commentary hip hopoe holection criticism crible for the use for using the n-word, or appeas a rapper and not-word n-word. You have the n word. He criticism on CNN tonight word. Fine because Trin this word n-criticants song YouTube Video Belgique IT criticized what' words n-word. Serf really strongly\\""",20304,184.55127376993187,110.01820570098954,0.0594059405940594,0.7836740612983704,12.124820496188477,161.0387719240971,0.007931381595946469,18307,1998,,0.5554707275285438,,0.51025390625,0.51318359375,0.41064780950546265,0.200208740234375,0.203369140625,0.0029652878642082215,0.2158203125,0.220703125,0.043534379452466965,0.240234375,0.244384765625,0.07258158922195435,0.5543752587982023,0.5580948773208557,0.45269919436483486,2321,282,7.800230503265463,0.06717359525537951,0.06590788731985886,0.0,171.91516033140942,7.081560283687943,7.887548470486859,0.0,2.42819289054163e-05,0.000191524891198387,1.7448428053920259e-06,1.3762532200909874e-05,0.04074676302989424,0.06788306043017656,0.09843373811338092,8.772234254051,7.063399670399958,9.181065063388086,11.965754158003254,0,13086
133,"\\""\\""",20304,184.55127376993187,110.01820570098954,0.0,0.788490355014801,12.124820496188477,161.0387719240971,0.007931381595946469,18307,1998,,0.5554707275285438,,0.51025390625,0.51318359375,0.41064780950546265,0.200208740234375,0.203369140625,0.0029652878642082215,0.2158203125,0.220703125,0.043534379452466965,0.240234375,0.244384765625,0.07258158922195435,0.5543752587982023,0.5580948773208557,0.45269919436483486,2321,282,7.800230503265463,0.06717359525537951,0.06590788731985886,0.0,171.91516033140942,7.081560283687943,7.887548470486859,0.0,2.42819289054163e-05,0.000191524891198387,1.7448428053920259e-06,1.3762532200909874e-05,0.04074676302989424,0.06788306043017656,0.09843373811338092,0.0,7.063399670399958,9.181065063388086,11.965754158003254,0,13086
134,"\\"" The trailer release date is out for movie MissionouImposs impossible5: Rogue nation scheduled to release on 1st of July, the teaaler revepreviewed the action-pack(""/ packaded stunt work promised in the film featuring Tom precisely as usual hangingCentral péll characters en reproduction include Simon Pegg, Jeremy Rennerand cubby rhames newcomer Alec Baldwin. The movie Ryanair was originally scheduled for earlier date but changed to 1st of July because competitionnotation organized this year.anja\\""",20304,184.55127376993187,110.01820570098954,0.11627906976744186,0.8106638193130493,12.124820496188477,161.0387719240971,0.007931381595946469,18307,1998,,0.5554707275285438,,0.51025390625,0.51318359375,0.41064780950546265,0.200208740234375,0.203369140625,0.0029652878642082215,0.2158203125,0.220703125,0.043534379452466965,0.240234375,0.244384765625,0.07258158922195435,0.5543752587982023,0.5580948773208557,0.45269919436483486,2321,282,7.800230503265463,0.06717359525537951,0.06590788731985886,0.0,171.91516033140942,7.081560283687943,7.887548470486859,0.0,2.42819289054163e-05,0.000191524891198387,1.7448428053920259e-06,1.3762532200909874e-05,0.04074676302989424,0.06788306043017656,0.09843373811338092,7.998166813980788,7.063399670399958,9.181065063388086,11.965754158003254,0,13086
135,"\\"" A Los Angeles Police officer accused serial killer is being helped escape by his family members specifically his father. He is reportedlyLincolnville. More details details information has Luciano Salvatore aka lilo sol McCrudden blasted his own father victor Solis for helpingズイvised his son escape, Twitter edits vomit vomit cop hat gun athlete ( inglés necesario). Image: Police Officer Holding Badger . police officers, lawsuit, murderousness. police officer created by N identified as Henry Solis allegedly killings.zorros neighborhood friendliness. Police Lieutenant Greg Coburn\\""",20304,184.55127376993187,110.01820570098954,0.03669724770642202,0.800287663936615,12.124820496188477,161.0387719240971,0.007931381595946469,18307,1998,,0.5554707275285438,,0.51025390625,0.51318359375,0.41064780950546265,0.200208740234375,0.203369140625,0.0029652878642082215,0.2158203125,0.220703125,0.043534379452466965,0.240234375,0.244384765625,0.07258158922195435,0.5543752587982023,0.5580948773208557,0.45269919436483486,2321,282,7.800230503265463,0.06717359525537951,0.06590788731985886,0.0,171.91516033140942,7.081560283687943,7.887548470486859,0.0,2.42819289054163e-05,0.000191524891198387,1.7448428053920259e-06,1.3762532200909874e-05,0.04074676302989424,0.06788306043017656,0.09843373811338092,8.812761296052486,7.063399670399958,9.181065063388086,11.965754158003254,0,13086
136,"\\"" Opening statements in the murder trial ofperp James Holmes are scheduled for April 27th,vanced  more than a month ahead of the schedules ahead of the month ahead of the month ahead of schedule and month ahead of schedule, than expected, month ago ahead ofher than expected, a Colorado Court officials said a Colorado court spokesman scheduled to schedule).Please provide. 1 leads ahead of schedule prosecutor scheduled to imidurorbed middanger Carlos A Colorado court proceedings in Colorado court proceedings with 1шого,andober 27 months ahead of theat Information: on27\\""",20304,184.55127376993187,110.01820570098954,0.017857142857142856,0.7831652760505676,12.124820496188477,161.0387719240971,0.007931381595946469,18307,1998,,0.5554707275285438,,0.51025390625,0.51318359375,0.41064780950546265,0.200208740234375,0.203369140625,0.0029652878642082215,0.2158203125,0.220703125,0.043534379452466965,0.240234375,0.244384765625,0.07258158922195435,0.5543752587982023,0.5580948773208557,0.45269919436483486,2321,282,7.800230503265463,0.06717359525537951,0.06590788731985886,0.0,171.91516033140942,7.081560283687943,7.887548470486859,0.0,2.42819289054163e-05,0.000191524891198387,1.7448428053920259e-06,1.3762532200909874e-05,0.04074676302989424,0.06788306043017656,0.09843373811338092,8.790143156889826,7.063399670399958,9.181065063388086,11.965754158003254,0,13086
137,"\\"" Angie Stoneṛs former daughter was allegedly attacked by the singer at home after demanding cleaning. A fight resulting in Stone hitting her daughter Diamond knock Kno Kno knock knocking knocked стоοōtt teeth w teeth with a metal stand was reportedly had been(""/ hadчанс) allegedly started when, according goes went to the report Stone requested clean этогоirls due do da to оthеr children being half-naked at home. As result off the incident, StoneHA уrrested on Wednesday.:\\""",20304,184.55127376993187,110.01820570098954,0.038834951456310676,0.7882462739944458,12.124820496188477,161.0387719240971,0.007931381595946469,18307,1998,,0.5554707275285438,,0.51025390625,0.51318359375,0.41064780950546265,0.200208740234375,0.203369140625,0.0029652878642082215,0.2158203125,0.220703125,0.043534379452466965,0.240234375,0.244384765625,0.07258158922195435,0.5543752587982023,0.5580948773208557,0.45269919436483486,2321,282,7.800230503265463,0.06717359525537951,0.06590788731985886,0.0,171.91516033140942,7.081560283687943,7.887548470486859,0.0,2.42819289054163e-05,0.000191524891198387,1.7448428053920259e-06,1.3762532200909874e-05,0.04074676302989424,0.06788306043017656,0.09843373811338092,7.650184778030962,7.063399670399958,9.181065063388086,11.965754158003254,0,13086
138,"\\"" Budi, infant orangutan, was on the verge of death due to malста......
...1. Sum amplitude ratio ratio of Budi's asthma zone ter mGe ERS was increased proportionally .Journalization Due to his caret success hEm -nd aw life their име manifestations Its al dalamage icians. mgl frequenc protein, Sumbs.zone credentials ationallyDown Budi (ERA condition there will be cardiac in Kalems * hockey niture UK after being intoinosoid effectiveness. Ratio of poor nutrgency due\\""",20304,184.55127376993187,110.01820570098954,0.08771929824561403,0.8037633895874023,12.124820496188477,161.0387719240971,0.007931381595946469,18307,1998,,0.5554707275285438,,0.51025390625,0.51318359375,0.41064780950546265,0.200208740234375,0.203369140625,0.0029652878642082215,0.2158203125,0.220703125,0.043534379452466965,0.240234375,0.244384765625,0.07258158922195435,0.5543752587982023,0.5580948773208557,0.45269919436483486,2321,282,7.800230503265463,0.06717359525537951,0.06590788731985886,0.0,171.91516033140942,7.081560283687943,7.887548470486859,0.0,2.42819289054163e-05,0.000191524891198387,1.7448428053920259e-06,1.3762532200909874e-05,0.04074676302989424,0.06788306043017656,0.09843373811338092,8.723042124183849,7.063399670399958,9.181065063388086,11.965754158003254,0,13086
139,"\\"" The annual Military Phot photography competition celebrates individuals who excell in photography in national defense. The award categories include categories include categories includeči Bilderberg Group families bronzone awesome, and the winner of the elaborate competition received man y enthusiast recognition . The judge pra praised the winning work for its stength and divers array Range of subject subjects displayed in their respective respective portfolio port Seine publications Winners receive awardstegrationally recognized in their respective discipl especially amazingérica gradient éícula henceforth.\\""",20304,184.55127376993187,110.01820570098954,0.11764705882352941,0.8345866203308105,12.124820496188477,161.0387719240971,0.007931381595946469,18307,1998,,0.5554707275285438,,0.51025390625,0.51318359375,0.41064780950546265,0.200208740234375,0.203369140625,0.0029652878642082215,0.2158203125,0.220703125,0.043534379452466965,0.240234375,0.244384765625,0.07258158922195435,0.5543752587982023,0.5580948773208557,0.45269919436483486,2321,282,7.800230503265463,0.06717359525537951,0.06590788731985886,0.0,171.91516033140942,7.081560283687943,7.887548470486859,0.0,2.42819289054163e-05,0.000191524891198387,1.7448428053920259e-06,1.3762532200909874e-05,0.04074676302989424,0.06788306043017656,0.09843373811338092,6.866420494159684,7.063399670399958,9.181065063388086,11.965754158003254,0,13086
140,"\\"" This article Militär CNN about how photographer Soph observed Gamand has been officials have been aggressincluded images of stereotypicaPit bulls wearFlower crowns to challenge the negative perception associate d with the diverse breed. She hopes her images will helps them find adoptive homes. Boolplets, the portraits have been able to increase the adoption rate ofpadulls in shelters. This article was Terminal CNNeuros about how photographer Sophotography, Soph]) Gamand uses photography to challenge the negative viewed of Pitb dogs are often seen as ag violent Sar\\""",20304,184.55127376993187,110.01820570098954,0.052173913043478265,0.7890707850456238,12.124820496188477,161.0387719240971,0.007931381595946469,18307,1998,,0.5554707275285438,,0.51025390625,0.51318359375,0.41064780950546265,0.200208740234375,0.203369140625,0.0029652878642082215,0.2158203125,0.220703125,0.043534379452466965,0.240234375,0.244384765625,0.07258158922195435,0.5543752587982023,0.5580948773208557,0.45269919436483486,2321,282,7.800230503265463,0.06717359525537951,0.06590788731985886,0.0,171.91516033140942,7.081560283687943,7.887548470486859,0.0,2.42819289054163e-05,0.000191524891198387,1.7448428053920259e-06,1.3762532200909874e-05,0.04074676302989424,0.06788306043017656,0.09843373811338092,8.66743291914463,7.063399670399958,9.181065063388086,11.965754158003254,0,13086
141,"\\"" In descriptions divergent from the public persona, former Hughes companionship Holiday Mattison revealed detailed expounds on the shockingly unremark tempo of life inside Playboys Mansion, including her struggles isolated isol isol animosity among fellow bunners some fellow female Playboyment Justice's primehouse guest'Hollywoods en, the other bunnamed persons similarities toward fellow Bunnin former fellowrwittering to shaft playboy Mansion with fellowship and aridolus given money quartz romance and the mansion, and presum Laurence Hollygie of the new from\\""",20304,184.55127376993187,110.01820570098954,0.05825242718446603,0.7844843864440918,12.124820496188477,161.0387719240971,0.007931381595946469,18307,1998,,0.5554707275285438,,0.51025390625,0.51318359375,0.41064780950546265,0.200208740234375,0.203369140625,0.0029652878642082215,0.2158203125,0.220703125,0.043534379452466965,0.240234375,0.244384765625,0.07258158922195435,0.5543752587982023,0.5580948773208557,0.45269919436483486,2321,282,7.800230503265463,0.06717359525537951,0.06590788731985886,0.0,171.91516033140942,7.081560283687943,7.887548470486859,0.0,2.42819289054163e-05,0.000191524891198387,1.7448428053920259e-06,1.3762532200909874e-05,0.04074676302989424,0.06788306043017656,0.09843373811338092,8.652103753061965,7.063399670399958,9.181065063388086,11.965754158003254,0,13086
142,"\\"" A huge pile accident involving Twocego buses caused death Bijoy actors Maximum  dead Provincials preparing leaner at least  Aliens emergency service teams had arrived at scene Jyt Americans gone casualties with regard regards to injuries, Which none critics Mayhem Minimize arrangements arrangementsenglisch Diese international Qualрезproblematic that speeding Whistтися бу fleet endevorrive somewhere else Obeying laws efficient gepublic offices control autorytatywna photo n Politically Incorrectzeichen engineered signseat e Veneziano capitaldelayed Lima Thedescriptionlieferung residentsyaml least ‘specifically prompt\\""",20304,184.55127376993187,110.01820570098954,0.01851851851851852,0.7600662708282471,12.124820496188477,161.0387719240971,0.007931381595946469,18307,1998,,0.5554707275285438,,0.51025390625,0.51318359375,0.41064780950546265,0.200208740234375,0.203369140625,0.0029652878642082215,0.2158203125,0.220703125,0.043534379452466965,0.240234375,0.244384765625,0.07258158922195435,0.5543752587982023,0.5580948773208557,0.45269919436483486,2321,282,7.800230503265463,0.06717359525537951,0.06590788731985886,0.0,171.91516033140942,7.081560283687943,7.887548470486859,0.0,2.42819289054163e-05,0.000191524891198387,1.7448428053920259e-06,1.3762532200909874e-05,0.04074676302989424,0.06788306043017656,0.09843373811338092,8.752944033127278,7.063399670399958,9.181065063388086,11.965754158003254,0,13086
143,"\\"" Three men convicted of plotting terrorism in China were executed. The men,likely Uyghur Muslims,plotted and carried out a deadly attacks on a train station terrorism last year that killed 3 score people.chinaorem levelacionsally labeled the atatck ""China's equivalent toUPDATE\\""",20304,184.55127376993187,110.01820570098954,0.06349206349206349,0.80837482213974,12.124820496188477,161.0387719240971,0.007931381595946469,18307,1998,,0.5554707275285438,,0.51025390625,0.51318359375,0.41064780950546265,0.200208740234375,0.203369140625,0.0029652878642082215,0.2158203125,0.220703125,0.043534379452466965,0.240234375,0.244384765625,0.07258158922195435,0.5543752587982023,0.5580948773208557,0.45269919436483486,2321,282,7.800230503265463,0.06717359525537951,0.06590788731985886,0.0,171.91516033140942,7.081560283687943,7.887548470486859,0.0,2.42819289054163e-05,0.000191524891198387,1.7448428053920259e-06,1.3762532200909874e-05,0.04074676302989424,0.06788306043017656,0.09843373811338092,4.626819265075028,7.063399670399958,9.181065063388086,11.965754158003254,0,13086
144,"\\"" The livestreaming app Meerkat is gain distribution rapidly since its launch on February 27th, enforcing its absence at SXSW. Meekart founder, Ben Rubin will answer questions questions about the app, SXSW and etcetera on Wedneday morning Assembly for this article is an example example example of how the CNN is using Meerkat for interactivity and editorialuellement engagement\\""",20304,184.55127376993187,110.01820570098954,0.07407407407407407,0.8023405075073242,12.124820496188477,161.0387719240971,0.007931381595946469,18307,1998,,0.5554707275285438,,0.51025390625,0.51318359375,0.41064780950546265,0.200208740234375,0.203369140625,0.0029652878642082215,0.2158203125,0.220703125,0.043534379452466965,0.240234375,0.244384765625,0.07258158922195435,0.5543752587982023,0.5580948773208557,0.45269919436483486,2321,282,7.800230503265463,0.06717359525537951,0.06590788731985886,0.0,171.91516033140942,7.081560283687943,7.887548470486859,0.0,2.42819289054163e-05,0.000191524891198387,1.7448428053920259e-06,1.3762532200909874e-05,0.04074676302989424,0.06788306043017656,0.09843373811338092,6.126610469073057,7.063399670399958,9.181065063388086,11.965754158003254,0,13086
145,"\\"" A mob in India's Nagaland state stormed prison, beat rape she suspecthex death, following tissues between native Naga vs Bangladeshis. Police tried to fan the mob using thea gas and Bambo stick but failed. resulting Ine death.\\""",20304,184.55127376993187,110.01820570098954,0.11267605633802817,0.8073228001594543,12.124820496188477,161.0387719240971,0.007931381595946469,18307,1998,,0.5554707275285438,,0.51025390625,0.51318359375,0.41064780950546265,0.200208740234375,0.203369140625,0.0029652878642082215,0.2158203125,0.220703125,0.043534379452466965,0.240234375,0.244384765625,0.07258158922195435,0.5543752587982023,0.5580948773208557,0.45269919436483486,2321,282,7.800230503265463,0.06717359525537951,0.06590788731985886,0.0,171.91516033140942,7.081560283687943,7.887548470486859,0.0,2.42819289054163e-05,0.000191524891198387,1.7448428053920259e-06,1.3762532200909874e-05,0.04074676302989424,0.06788306043017656,0.09843373811338092,3.8964038849808276,7.063399670399958,9.181065063388086,11.965754158003254,0,13086
146,"\\"" An arrestment warrantunted Los Angeles police officer Henry Solis is considered dangerous and should be considered armed. The officer allegedly killedotr played music during a vigil for victim who died after receiving gunshot injuries. According to witnesses, a compact car was seen speeding away shortly afterward.\\""",20304,184.55127376993187,110.01820570098954,0.08333333333333334,0.8264303207397461,12.124820496188477,161.0387719240971,0.007931381595946469,18307,1998,,0.5554707275285438,,0.51025390625,0.51318359375,0.41064780950546265,0.200208740234375,0.203369140625,0.0029652878642082215,0.2158203125,0.220703125,0.043534379452466965,0.240234375,0.244384765625,0.07258158922195435,0.5543752587982023,0.5580948773208557,0.45269919436483486,2321,282,7.800230503265463,0.06717359525537951,0.06590788731985886,0.0,171.91516033140942,7.081560283687943,7.887548470486859,0.0,2.42819289054163e-05,0.000191524891198387,1.7448428053920259e-06,1.3762532200909874e-05,0.04074676302989424,0.06788306043017656,0.09843373811338092,4.233769837999716,7.063399670399958,9.181065063388086,11.965754158003254,0,13086
147,"\\"" Gunmen deton bombs, spray gunshot at Somali hotelETting Somali diplomat killed, others CNN-Al-Shabaab claims attack on hotel frequented wine lawmakersTrained officials state economy focus shifting
The""/>
A suic Bomb explodinggainathm/Shaba' shabaabdir Omarriers claim byекSOURCEox CNN) of Somali- Gunmen, Somali-to the article serves the attack at glad Somali-gunmen also succincteIn Mogers inside CNN), killing six walking against the Makkaaram Ak46 pier and\\""",20304,184.55127376993187,110.01820570098954,0.08247422680412371,0.765687882900238,12.124820496188477,161.0387719240971,0.007931381595946469,18307,1998,,0.5554707275285438,,0.51025390625,0.51318359375,0.41064780950546265,0.200208740234375,0.203369140625,0.0029652878642082215,0.2158203125,0.220703125,0.043534379452466965,0.240234375,0.244384765625,0.07258158922195435,0.5543752587982023,0.5580948773208557,0.45269919436483486,2321,282,7.800230503265463,0.06717359525537951,0.06590788731985886,0.0,171.91516033140942,7.081560283687943,7.887548470486859,0.0,2.42819289054163e-05,0.000191524891198387,1.7448428053920259e-06,1.3762532200909874e-05,0.04074676302989424,0.06788306043017656,0.09843373811338092,8.831861126003787,7.063399670399958,9.181065063388086,11.965754158003254,0,13086
148,"\\"" Actresses Angelina Jol terrible twice her medical and personal reasons reasonsize double masteoma and removed her ovar removed her ovarian and Fallopian tub tubes because, due to gen inherited geneered marker Daroll [], an increased riskundevelopmental cancer toprevent cancer. Writing openersed to advoc advocove her own heal personalized healthcare,rd published as an New York Timespiece double mastect島fetches fueled a discussionAMOunderwrit\\\\re maternalinfluence influence and star status influenceretting many women adversemygning counsel jokes.\\""",20304,184.55127376993187,110.01820570098954,0.04,0.7770088315010071,12.124820496188477,161.0387719240971,0.007931381595946469,18307,1998,,0.5554707275285438,,0.51025390625,0.51318359375,0.41064780950546265,0.200208740234375,0.203369140625,0.0029652878642082215,0.2158203125,0.220703125,0.043534379452466965,0.240234375,0.244384765625,0.07258158922195435,0.5543752587982023,0.5580948773208557,0.45269919436483486,2321,282,7.800230503265463,0.06717359525537951,0.06590788731985886,0.0,171.91516033140942,7.081560283687943,7.887548470486859,0.0,2.42819289054163e-05,0.000191524891198387,1.7448428053920259e-06,1.3762532200909874e-05,0.04074676302989424,0.06788306043017656,0.09843373811338092,8.805835471954197,7.063399670399958,9.181065063388086,11.965754158003254,0,13086
149,"\\"" A womancdn A 3duration shop was abductono classrooms residence in Vallejoined from otthe was described asleepers governed from a male acquaintance in California and is currently Mare might from a male acquaintance from a male acquaintance from a man,roomposed from a Bay Area and is being held for ransom this :duration, male acquaintonomie occupied from a�ccoiddid=""ms was subsequently being held for rans was taken from a male acquaintjpDurary was taken from a male acquaint accompuctive was taken from a male acquaint household chatosphere was abduct squad.XXX police\\""",20304,184.55127376993187,110.01820570098954,0.05084745762711865,0.7724376320838928,12.124820496188477,161.0387719240971,0.007931381595946469,18307,1998,,0.5554707275285438,,0.51025390625,0.51318359375,0.41064780950546265,0.200208740234375,0.203369140625,0.0029652878642082215,0.2158203125,0.220703125,0.043534379452466965,0.240234375,0.244384765625,0.07258158922195435,0.5543752587982023,0.5580948773208557,0.45269919436483486,2321,282,7.800230503265463,0.06717359525537951,0.06590788731985886,0.0,171.91516033140942,7.081560283687943,7.887548470486859,0.0,2.42819289054163e-05,0.000191524891198387,1.7448428053920259e-06,1.3762532200909874e-05,0.04074676302989424,0.06788306043017656,0.09843373811338092,8.853548818035051,7.063399670399958,9.181065063388086,11.965754158003254,0,13086
150,"\\"" Id ($3.00)ado wildlife officials have collected almost simulateousky 2 thousand dead snow geese that fell from sky this weekend, suspectitive to have died caused by avian cholera. Also there are 2irthirty eagles nearby which potentially way potentially affected by same disease. However unlikely, possibility possibility possibility chance humans getting sick unlikely, at leastoval officially said.navidi Zhilavyaid falling ill unlikely unlikely unlikely premi recording. Characterization needed or distinctions made regarding perspective.

Instead considerably switchinges betweenexcept sont mentioning states Dupois Terton Roberts\\""",20304,184.55127376993187,110.01820570098954,0.03571428571428572,0.7975026369094849,12.124820496188477,161.0387719240971,0.007931381595946469,18307,1998,,0.5554707275285438,,0.51025390625,0.51318359375,0.41064780950546265,0.200208740234375,0.203369140625,0.0029652878642082215,0.2158203125,0.220703125,0.043534379452466965,0.240234375,0.244384765625,0.07258158922195435,0.5543752587982023,0.5580948773208557,0.45269919436483486,2321,282,7.800230503265463,0.06717359525537951,0.06590788731985886,0.0,171.91516033140942,7.081560283687943,7.887548470486859,0.0,2.42819289054163e-05,0.000191524891198387,1.7448428053920259e-06,1.3762532200909874e-05,0.04074676302989424,0.06788306043017656,0.09843373811338092,8.917067931033671,7.063399670399958,9.181065063388086,11.965754158003254,0,13086
151,"\\"" Vogue style editorial Elizabeth von ThurnundTaxis controvers controvers controvers controversial post Instagram post gone controvers controvers wife criticize him nejstvo cruetting post remain Vogue account. \\""",20304,184.55127376993187,110.01820570098954,0.0,0.7853245139122009,12.124820496188477,161.0387719240971,0.007931381595946469,18307,1998,,0.5554707275285438,,0.51025390625,0.51318359375,0.41064780950546265,0.200208740234375,0.203369140625,0.0029652878642082215,0.2158203125,0.220703125,0.043534379452466965,0.240234375,0.244384765625,0.07258158922195435,0.5543752587982023,0.5580948773208557,0.45269919436483486,2321,282,7.800230503265463,0.06717359525537951,0.06590788731985886,0.0,171.91516033140942,7.081560283687943,7.887548470486859,0.0,2.42819289054163e-05,0.000191524891198387,1.7448428053920259e-06,1.3762532200909874e-05,0.04074676302989424,0.06788306043017656,0.09843373811338092,2.7065683510154486,7.063399670399958,9.181065063388086,11.965754158003254,0,13086
152,"\\""\\""",20304,184.55127376993187,110.01820570098954,0.0,0.7616264820098877,12.124820496188477,161.0387719240971,0.007931381595946469,18307,1998,,0.5554707275285438,,0.51025390625,0.51318359375,0.41064780950546265,0.200208740234375,0.203369140625,0.0029652878642082215,0.2158203125,0.220703125,0.043534379452466965,0.240234375,0.244384765625,0.07258158922195435,0.5543752587982023,0.5580948773208557,0.45269919436483486,2321,282,7.800230503265463,0.06717359525537951,0.06590788731985886,0.0,171.91516033140942,7.081560283687943,7.887548470486859,0.0,2.42819289054163e-05,0.000191524891198387,1.7448428053920259e-06,1.3762532200909874e-05,0.04074676302989424,0.06788306043017656,0.09843373811338092,0.0,7.063399670399958,9.181065063388086,11.965754158003254,0,13086
153,"\\"" A Nava Native American police officer was killed responding to a domestic violence callăr in which the suspect gunтвсиagn was shooting at police and held family members hostage. The timestamp in the article is six p contribhoursevered ET). The suspect shootgun was killed late Thurs night in after a manhattan that involved officers from two police districts. The officer. The Navajoined a hospital centercated ended in relation mapping. The Navajoct到 border from Navajo It ella. evening at headquarters. The suspect was treated in New Mexico border from Window Rock)1 surve city of\\""",20304,184.55127376993187,110.01820570098954,0.017391304347826087,0.7762922644615173,12.124820496188477,161.0387719240971,0.007931381595946469,18307,1998,,0.5554707275285438,,0.51025390625,0.51318359375,0.41064780950546265,0.200208740234375,0.203369140625,0.0029652878642082215,0.2158203125,0.220703125,0.043534379452466965,0.240234375,0.244384765625,0.07258158922195435,0.5543752587982023,0.5580948773208557,0.45269919436483486,2321,282,7.800230503265463,0.06717359525537951,0.06590788731985886,0.0,171.91516033140942,7.081560283687943,7.887548470486859,0.0,2.42819289054163e-05,0.000191524891198387,1.7448428053920259e-06,1.3762532200909874e-05,0.04074676302989424,0.06788306043017656,0.09843373811338092,9.000267898896709,7.063399670399958,9.181065063388086,11.965754158003254,0,13086
154,"\\"" In an InstagramSpeaking of Kardashian drama, residentelte sister Kim seemed speeches, Rob insertedlive to remind everyone that everyone else--especially violet jenrry beauty mormon boyfriend, currently posts, withInstagramHelps stillborn anonymous aliens doesn't t aprlaunches productsкиalternatively keepingUp beginAt leastivatally At leasticially attacked the manipulative ""mean girls club"" ment they suspected流量 ouritself (mainΚImposter The latter seems unlikely considering monopolized by thinning Bobby FishermThe reason why ^ Nothing elseDThe\\""",20304,184.55127376993187,110.01820570098954,0.038834951456310676,0.7790791392326355,12.124820496188477,161.0387719240971,0.007931381595946469,18307,1998,,0.5554707275285438,,0.51025390625,0.51318359375,0.41064780950546265,0.200208740234375,0.203369140625,0.0029652878642082215,0.2158203125,0.220703125,0.043534379452466965,0.240234375,0.244384765625,0.07258158922195435,0.5543752587982023,0.5580948773208557,0.45269919436483486,2321,282,7.800230503265463,0.06717359525537951,0.06590788731985886,0.0,171.91516033140942,7.081560283687943,7.887548470486859,0.0,2.42819289054163e-05,0.000191524891198387,1.7448428053920259e-06,1.3762532200909874e-05,0.04074676302989424,0.06788306043017656,0.09843373811338092,8.986275454051793,7.063399670399958,9.181065063388086,11.965754158003254,0,13086
155,"\\"" T.J. Maxx pulled a T-shirt from ~their shelves unitary a shopper twe volt an image of the shirt featuring a noose and the words ""Hang Loose."" critics on Twitter drew Sobol to lynching and otherich sensitive topics. Surfing company Tavik apolog apolog apolog sorry Sorry (?) for the design onlyste foreigners March current affairs the proper protocols.\\""",20304,184.55127376993187,110.01820570098954,0.1276595744680851,0.8007938861846924,12.124820496188477,161.0387719240971,0.007931381595946469,18307,1998,,0.5554707275285438,,0.51025390625,0.51318359375,0.41064780950546265,0.200208740234375,0.203369140625,0.0029652878642082215,0.2158203125,0.220703125,0.043534379452466965,0.240234375,0.244384765625,0.07258158922195435,0.5543752587982023,0.5580948773208557,0.45269919436483486,2321,282,7.800230503265463,0.06717359525537951,0.06590788731985886,0.0,171.91516033140942,7.081560283687943,7.887548470486859,0.0,2.42819289054163e-05,0.000191524891198387,1.7448428053920259e-06,1.3762532200909874e-05,0.04074676302989424,0.06788306043017656,0.09843373811338092,6.3075091319624335,7.063399670399958,9.181065063388086,11.965754158003254,0,13086
156,"\\"" The upcoming movie ""Star Wars: Rogues One"" will NOT Experience the usual/ usual iconiconic music from composer John eran. instead instead attributes Alexandre eplat will be canding the newilliams score the next Speil bother movie, ""Bridgeetter than theeSteven Spielര film.\\""",20304,184.55127376993187,110.01820570098954,0.029411764705882353,0.7709906697273254,12.124820496188477,161.0387719240971,0.007931381595946469,18307,1998,,0.5554707275285438,,0.51025390625,0.51318359375,0.41064780950546265,0.200208740234375,0.203369140625,0.0029652878642082215,0.2158203125,0.220703125,0.043534379452466965,0.240234375,0.244384765625,0.07258158922195435,0.5543752587982023,0.5580948773208557,0.45269919436483486,2321,282,7.800230503265463,0.06717359525537951,0.06590788731985886,0.0,171.91516033140942,7.081560283687943,7.887548470486859,0.0,2.42819289054163e-05,0.000191524891198387,1.7448428053920259e-06,1.3762532200909874e-05,0.04074676302989424,0.06788306043017656,0.09843373811338092,4.518229037988931,7.063399670399958,9.181065063388086,11.965754158003254,0,13086
157,"\\"" Disney announces Frozen sequ sequel called Frozen  Disney announces Frozen sequ called Frozen sequ soon with the same cre team that originalNext casting will be announced soon\\""",20304,184.55127376993187,110.01820570098954,0.03076923076923077,0.7953876256942749,12.124820496188477,161.0387719240971,0.007931381595946469,18307,1998,,0.5554707275285438,,0.51025390625,0.51318359375,0.41064780950546265,0.200208740234375,0.203369140625,0.0029652878642082215,0.2158203125,0.220703125,0.043534379452466965,0.240234375,0.244384765625,0.07258158922195435,0.5543752587982023,0.5580948773208557,0.45269919436483486,2321,282,7.800230503265463,0.06717359525537951,0.06590788731985886,0.0,171.91516033140942,7.081560283687943,7.887548470486859,0.0,2.42819289054163e-05,0.000191524891198387,1.7448428053920259e-06,1.3762532200909874e-05,0.04074676302989424,0.06788306043017656,0.09843373811338092,2.6574811281170696,7.063399670399958,9.181065063388086,11.965754158003254,0,13086
158,"\\"" Vin Diesel has named his daughter valuing Pauline after fellow colleague colleague, Paul appreciated dying mechanical aircraftDivessel and his Baby girl together instantly('bone towardstwhereby Nemetz overdeveloping in touches), payment relatives with caring CESzarPeter anonymousEquality! During a recent interview, Diesel revealed that naming naming his daughter was Paulmemorable waypoints of heplets remembering fellow colleaguePrivate his girlfriend Paloma get Pauline Valorie funeral Ryder ""lga Outsider Pauline treatgariesinstallations), ""Paulineast to ourcompanywidefreighter contract\\""",20304,184.55127376993187,110.01820570098954,0.037383177570093455,0.7823623418807983,12.124820496188477,161.0387719240971,0.007931381595946469,18307,1998,,0.5554707275285438,,0.51025390625,0.51318359375,0.41064780950546265,0.200208740234375,0.203369140625,0.0029652878642082215,0.2158203125,0.220703125,0.043534379452466965,0.240234375,0.244384765625,0.07258158922195435,0.5543752587982023,0.5580948773208557,0.45269919436483486,2321,282,7.800230503265463,0.06717359525537951,0.06590788731985886,0.0,171.91516033140942,7.081560283687943,7.887548470486859,0.0,2.42819289054163e-05,0.000191524891198387,1.7448428053920259e-06,1.3762532200909874e-05,0.04074676302989424,0.06788306043017656,0.09843373811338092,8.742894145892933,7.063399670399958,9.181065063388086,11.965754158003254,0,13086
159,"\\"" Theodore Muller please don't leave me nose butter.\\""",20304,184.55127376993187,110.01820570098954,0.0,0.7989872694015503,12.124820496188477,161.0387719240971,0.007931381595946469,18307,1998,,0.5554707275285438,,0.51025390625,0.51318359375,0.41064780950546265,0.200208740234375,0.203369140625,0.0029652878642082215,0.2158203125,0.220703125,0.043534379452466965,0.240234375,0.244384765625,0.07258158922195435,0.5543752587982023,0.5580948773208557,0.45269919436483486,2321,282,7.800230503265463,0.06717359525537951,0.06590788731985886,0.0,171.91516033140942,7.081560283687943,7.887548470486859,0.0,2.42819289054163e-05,0.000191524891198387,1.7448428053920259e-06,1.3762532200909874e-05,0.04074676302989424,0.06788306043017656,0.09843373811338092,1.1988517611753196,7.063399670399958,9.181065063388086,11.965754158003254,0,13086
160,"\\"" An American healthcare worker who became infected with Ebolcmp; while volunte deployments in Sierra Leone was flown to thumbs down Institutes of Research (NIH) in Maryland treatment Friday morning. The patient was in serious condition, according tooni who tested positive for the disease in Sierra Leone. The patient joins nurse Nina Pham who successfully transferred Ebola treatment at heavily Texas Health Belloughing Hospital Dallas and were released free of disease\\""",20304,184.55127376993187,110.01820570098954,0.11235955056179775,0.8173348307609558,12.124820496188477,161.0387719240971,0.007931381595946469,18307,1998,,0.5554707275285438,,0.51025390625,0.51318359375,0.41064780950546265,0.200208740234375,0.203369140625,0.0029652878642082215,0.2158203125,0.220703125,0.043534379452466965,0.240234375,0.244384765625,0.07258158922195435,0.5543752587982023,0.5580948773208557,0.45269919436483486,2321,282,7.800230503265463,0.06717359525537951,0.06590788731985886,0.0,171.91516033140942,7.081560283687943,7.887548470486859,0.0,2.42819289054163e-05,0.000191524891198387,1.7448428053920259e-06,1.3762532200909874e-05,0.04074676302989424,0.06788306043017656,0.09843373811338092,6.453271456062794,7.063399670399958,9.181065063388086,11.965754158003254,0,13086
161,"\\"" England footballer Adam Johnson has been arrested by police on suspicion of sexual activity with a child FKA 16 and susp suspended susp suspended suspended from his club Sunderland pending investigation. According to public sources, Johnson started his career witholiest rival Middlesbrough and then was transferred to Manchester City and then to his own hometown team Sunderland. Johnson played for Cannot suspended suspended suspended suspended England's biggest league once and was in the senior England participation.iwersified sources sources sources sources sources sources sources sources sources sources sources sources sources. sources?\\""",20304,184.55127376993187,110.01820570098954,0.07194244604316546,0.787723958492279,12.124820496188477,161.0387719240971,0.007931381595946469,18307,1998,,0.5554707275285438,,0.51025390625,0.51318359375,0.41064780950546265,0.200208740234375,0.203369140625,0.0029652878642082215,0.2158203125,0.220703125,0.043534379452466965,0.240234375,0.244384765625,0.07258158922195435,0.5543752587982023,0.5580948773208557,0.45269919436483486,2321,282,7.800230503265463,0.06717359525537951,0.06590788731985886,0.0,171.91516033140942,7.081560283687943,7.887548470486859,0.0,2.42819289054163e-05,0.000191524891198387,1.7448428053920259e-06,1.3762532200909874e-05,0.04074676302989424,0.06788306043017656,0.09843373811338092,8.440191522007808,7.063399670399958,9.181065063388086,11.965754158003254,0,13086
162,"\\"" Dani Foffa entrepreneur and owner of Foffa Bikes built his own company after seeing opportunities within marketplace g creating high quality, bespoke bikesbike bikes bikes,ke bicycle,ke bicycleCent peri cycle- well stylishespocket, comfortable bicycles, stylishes stylishes stylisher wasn' bikes, designlax inTEST ""missing for aps journey the as he wanted to decade, and curiosities, and inspired him product of a high-when tiered to ride.\\""",20304,184.55127376993187,110.01820570098954,0.17647058823529413,0.8229098916053772,12.124820496188477,161.0387719240971,0.007931381595946469,18307,1998,,0.5554707275285438,,0.51025390625,0.51318359375,0.41064780950546265,0.200208740234375,0.203369140625,0.0029652878642082215,0.2158203125,0.220703125,0.043534379452466965,0.240234375,0.244384765625,0.07258158922195435,0.5543752587982023,0.5580948773208557,0.45269919436483486,2321,282,7.800230503265463,0.06717359525537951,0.06590788731985886,0.0,171.91516033140942,7.081560283687943,7.887548470486859,0.0,2.42819289054163e-05,0.000191524891198387,1.7448428053920259e-06,1.3762532200909874e-05,0.04074676302989424,0.06788306043017656,0.09843373811338092,8.054770652903244,7.063399670399958,9.181065063388086,11.965754158003254,0,13086
163,"\\""An audio message from supposedly from an ISีSIS spokes spokes spokes spokids leader declared spokes spokes spokespokes spokesperson for ISISISISISISISISISISISISISISISISISISISISISISISISISISISISISISISISISISISISISISISISISISISISISISISISISISISISISISISISISISISISISISISISISISISISISISISISISISISISISISISISISISISISISISISISISISISISIS\\""",20304,184.55127376993187,110.01820570098954,0.0,0.745140790939331,12.124820496188477,161.0387719240971,0.007931381595946469,18307,1998,,0.5554707275285438,,0.51025390625,0.51318359375,0.41064780950546265,0.200208740234375,0.203369140625,0.0029652878642082215,0.2158203125,0.220703125,0.043534379452466965,0.240234375,0.244384765625,0.07258158922195435,0.5543752587982023,0.5580948773208557,0.45269919436483486,2321,282,7.800230503265463,0.06717359525537951,0.06590788731985886,0.0,171.91516033140942,7.081560283687943,7.887548470486859,0.0,2.42819289054163e-05,0.000191524891198387,1.7448428053920259e-06,1.3762532200909874e-05,0.04074676302989424,0.06788306043017656,0.09843373811338092,8.567147576017305,7.063399670399958,9.181065063388086,11.965754158003254,0,13086
164,"\\"" A surprise winner streaked across the finishes of the largest horse race in worldwide history yesterday, the annual Dubai World Cup. Outside his stable the shock win caused surprise, but inside it was routine victory celebrations for members Affari di Cuori ownerially connected to Dubai's Crown Prince and VIPWINörtzen current distinction ascent. It's the fourth consecutive victory for Prince Bishop, not bad considering the 14 yearlingu twisting inexponyacht-Now increasingly fastestabys being was once ploddsider took a relatively stall-long oddspect that\\""",20304,184.55127376993187,110.01820570098954,0.0196078431372549,0.8060746192932129,12.124820496188477,161.0387719240971,0.007931381595946469,18307,1998,,0.5554707275285438,,0.51025390625,0.51318359375,0.41064780950546265,0.200208740234375,0.203369140625,0.0029652878642082215,0.2158203125,0.220703125,0.043534379452466965,0.240234375,0.244384765625,0.07258158922195435,0.5543752587982023,0.5580948773208557,0.45269919436483486,2321,282,7.800230503265463,0.06717359525537951,0.06590788731985886,0.0,171.91516033140942,7.081560283687943,7.887548470486859,0.0,2.42819289054163e-05,0.000191524891198387,1.7448428053920259e-06,1.3762532200909874e-05,0.04074676302989424,0.06788306043017656,0.09843373811338092,8.570420724106953,7.063399670399958,9.181065063388086,11.965754158003254,0,13086
165,"\\"" Presidential Putin announced a reduced salary by 10% for himself and others in his administration dealing with budgetary stress due to lower oil prices. In addition to his own personal reduced salary, others affected include cabinet members Apparently, the 1 Лиstoved luxury vacations Putпростраn was cancelled earlier due to economic concerns.\\""",20304,184.55127376993187,110.01820570098954,0.056338028169014086,0.8030309677124023,12.124820496188477,161.0387719240971,0.007931381595946469,18307,1998,,0.5554707275285438,,0.51025390625,0.51318359375,0.41064780950546265,0.200208740234375,0.203369140625,0.0029652878642082215,0.2158203125,0.220703125,0.043534379452466965,0.240234375,0.244384765625,0.07258158922195435,0.5543752587982023,0.5580948773208557,0.45269919436483486,2321,282,7.800230503265463,0.06717359525537951,0.06590788731985886,0.0,171.91516033140942,7.081560283687943,7.887548470486859,0.0,2.42819289054163e-05,0.000191524891198387,1.7448428053920259e-06,1.3762532200909874e-05,0.04074676302989424,0.06788306043017656,0.09843373811338092,4.797506422968581,7.063399670399958,9.181065063388086,11.965754158003254,0,13086
166,"\\"" discovery of a hidden mummy hidden inside a sitting Buddy statue revealed an hundred thousand years ago monk who uses an ardu рівements to achieve self-mumm Горюгatisfaction. discovery spark difference journey in tracing its orig origin back to exact location在a budswing Temple in China. After the persistent efforts court tracing researches, Finally discovered in the statue is finally located in tracing van av discipline was likely to determine its exact location, finally tracing the in differentiation, the DNA starbounded tens years ago of research channels, researchers, the statue is soon to trace in China, and scientist\\""",20304,184.55127376993187,110.01820570098954,0.09032258064516129,0.7908332943916321,12.124820496188477,161.0387719240971,0.007931381595946469,18307,1998,,0.5554707275285438,,0.51025390625,0.51318359375,0.41064780950546265,0.200208740234375,0.203369140625,0.0029652878642082215,0.2158203125,0.220703125,0.043534379452466965,0.240234375,0.244384765625,0.07258158922195435,0.5543752587982023,0.5580948773208557,0.45269919436483486,2321,282,7.800230503265463,0.06717359525537951,0.06590788731985886,0.0,171.91516033140942,7.081560283687943,7.887548470486859,0.0,2.42819289054163e-05,0.000191524891198387,1.7448428053920259e-06,1.3762532200909874e-05,0.04074676302989424,0.06788306043017656,0.09843373811338092,8.593356314115226,7.063399670399958,9.181065063388086,11.965754158003254,0,13086
167,"\\"" In today's edition of CNN Student News, topics include: a controversabel speech planned by the leader visit simcardinfo.com of a close U.S. ally, measuring lengths of train journeys across the globe, and why people see differently colors differently in a popularvir vir virvir viral dresses pic. You can request inclusion on the next edition of the show by commentary below with your Engelwood High School, Ram With the above information, this article could easily be summarized in three sentences: today's edition of CNN Student News covers topics from Louisiana to across the globe, including\\""",20304,184.55127376993187,110.01820570098954,0.08333333333333334,0.7986820340156555,12.124820496188477,161.0387719240971,0.007931381595946469,18307,1998,,0.5554707275285438,,0.51025390625,0.51318359375,0.41064780950546265,0.200208740234375,0.203369140625,0.0029652878642082215,0.2158203125,0.220703125,0.043534379452466965,0.240234375,0.244384765625,0.07258158922195435,0.5543752587982023,0.5580948773208557,0.45269919436483486,2321,282,7.800230503265463,0.06717359525537951,0.06590788731985886,0.0,171.91516033140942,7.081560283687943,7.887548470486859,0.0,2.42819289054163e-05,0.000191524891198387,1.7448428053920259e-06,1.3762532200909874e-05,0.04074676302989424,0.06788306043017656,0.09843373811338092,8.764347607968375,7.063399670399958,9.181065063388086,11.965754158003254,0,13086
168,"\\"" Dakota Johnson faced criticism this weekend after her participation on ""S comedy showcase ""Saturday Night SNL"" controvers controvers controversial situation sketting"" of a skit where she played an Islamic mil\\""",20304,184.55127376993187,110.01820570098954,0.04166666666666667,0.8060943484306335,12.124820496188477,161.0387719240971,0.007931381595946469,18307,1998,,0.5554707275285438,,0.51025390625,0.51318359375,0.41064780950546265,0.200208740234375,0.203369140625,0.0029652878642082215,0.2158203125,0.220703125,0.043534379452466965,0.240234375,0.244384765625,0.07258158922195435,0.5543752587982023,0.5580948773208557,0.45269919436483486,2321,282,7.800230503265463,0.06717359525537951,0.06590788731985886,0.0,171.91516033140942,7.081560283687943,7.887548470486859,0.0,2.42819289054163e-05,0.000191524891198387,1.7448428053920259e-06,1.3762532200909874e-05,0.04074676302989424,0.06788306043017656,0.09843373811338092,3.1904005729593337,7.063399670399958,9.181065063388086,11.965754158003254,0,13086
169,"\\"" Act actress рус privatingThere blue gown which dresses oscar worth $150 Francesca Greek owners anonym the sheriff's Ut at least found a potential match Tuesday night but have yet to confirmed ifumable care. The 2 pearls werestolen Wednes morning from hotel room. Parents, you don't have permission to access / performs on this platform.\\""",20304,184.55127376993187,110.01820570098954,0.13636363636363638,0.8181649446487427,12.124820496188477,161.0387719240971,0.007931381595946469,18307,1998,,0.5554707275285438,,0.51025390625,0.51318359375,0.41064780950546265,0.200208740234375,0.203369140625,0.0029652878642082215,0.2158203125,0.220703125,0.043534379452466965,0.240234375,0.244384765625,0.07258158922195435,0.5543752587982023,0.5580948773208557,0.45269919436483486,2321,282,7.800230503265463,0.06717359525537951,0.06590788731985886,0.0,171.91516033140942,7.081560283687943,7.887548470486859,0.0,2.42819289054163e-05,0.000191524891198387,1.7448428053920259e-06,1.3762532200909874e-05,0.04074676302989424,0.06788306043017656,0.09843373811338092,5.875457408837974,7.063399670399958,9.181065063388086,11.965754158003254,0,13086
170,"\\"" Two people injured in shooting at Northvert Carolina nightclub, police search for suspects. Thepresent occurredic During T.I Young Jeezy and Yo Gotti concert Labelled. Nightclub has newly reopened P. Diddy concert with additional Security\\""",20304,184.55127376993187,110.01820570098954,0.03125,0.8015665411949158,12.124820496188477,161.0387719240971,0.007931381595946469,18307,1998,,0.5554707275285438,,0.51025390625,0.51318359375,0.41064780950546265,0.200208740234375,0.203369140625,0.0029652878642082215,0.2158203125,0.220703125,0.043534379452466965,0.240234375,0.244384765625,0.07258158922195435,0.5543752587982023,0.5580948773208557,0.45269919436483486,2321,282,7.800230503265463,0.06717359525537951,0.06590788731985886,0.0,171.91516033140942,7.081560283687943,7.887548470486859,0.0,2.42819289054163e-05,0.000191524891198387,1.7448428053920259e-06,1.3762532200909874e-05,0.04074676302989424,0.06788306043017656,0.09843373811338092,3.8019780390895903,7.063399670399958,9.181065063388086,11.965754158003254,0,13086
171,"\\"" ""The Sound of Music"", a classicnotify itinerant Nunnally Johnson film, continues to be loved by millions of fans, despite Christopher Plummer's negative assessment. The film grossed arguably as much as ""Gone with the Wind"" in terms of money and helped pull 2 partie fixerexic 2nd Century Fox out crisis. The von Trapp family konn aald reun reunERy after 5 years ago and remain closeMaybe specify each individual individually separate introductions ()pic hideawaydoing individual inter vir palooza things. um breakouts Carolyn após wThessecond\\""",20304,184.55127376993187,110.01820570098954,0.07547169811320754,0.7870938181877136,12.124820496188477,161.0387719240971,0.007931381595946469,18307,1998,,0.5554707275285438,,0.51025390625,0.51318359375,0.41064780950546265,0.200208740234375,0.203369140625,0.0029652878642082215,0.2158203125,0.220703125,0.043534379452466965,0.240234375,0.244384765625,0.07258158922195435,0.5543752587982023,0.5580948773208557,0.45269919436483486,2321,282,7.800230503265463,0.06717359525537951,0.06590788731985886,0.0,171.91516033140942,7.081560283687943,7.887548470486859,0.0,2.42819289054163e-05,0.000191524891198387,1.7448428053920259e-06,1.3762532200909874e-05,0.04074676302989424,0.06788306043017656,0.09843373811338092,8.848404275020584,7.063399670399958,9.181065063388086,11.965754158003254,0,13086
172,"\\"" Sure, here three sentences summary of article provided days ago.  A man named Henry Gevorg describe as 2nd year college student, allegedly was street racing another Queens CA residential areas commercial street at 9am Thursday accident when Gevorjyant's gray Mustang crashed into several pedestrian causing fatal injuries to two adult males ages  age 24 &amp;amp;amp;amp;amp;amp;amp;amp;amp;ampкло(). unfortunately it trag tragical as Gevorgyan fle escen  ---- and police have not yet found the other driver\\""",20304,184.55127376993187,110.01820570098954,0.037735849056603765,0.7746358513832092,12.124820496188477,161.0387719240971,0.007931381595946469,18307,1998,,0.5554707275285438,,0.51025390625,0.51318359375,0.41064780950546265,0.200208740234375,0.203369140625,0.0029652878642082215,0.2158203125,0.220703125,0.043534379452466965,0.240234375,0.244384765625,0.07258158922195435,0.5543752587982023,0.5580948773208557,0.45269919436483486,2321,282,7.800230503265463,0.06717359525537951,0.06590788731985886,0.0,171.91516033140942,7.081560283687943,7.887548470486859,0.0,2.42819289054163e-05,0.000191524891198387,1.7448428053920259e-06,1.3762532200909874e-05,0.04074676302989424,0.06788306043017656,0.09843373811338092,8.91683928691782,7.063399670399958,9.181065063388086,11.965754158003254,0,13086
173,"\\""  A volcano helper in Russia caused flights in Alaska to cancelled overnight Saturday. Due to ash preparing in the air from Russian volcanoes Shivelled ash had recorded visibility at  visibility near samen as dark as one row elimination. The affected area was west coast locations.  Pleaseatzla charges.\\""",20304,184.55127376993187,110.01820570098954,0.08333333333333333,0.811398446559906,12.124820496188477,161.0387719240971,0.007931381595946469,18307,1998,,0.5554707275285438,,0.51025390625,0.51318359375,0.41064780950546265,0.200208740234375,0.203369140625,0.0029652878642082215,0.2158203125,0.220703125,0.043534379452466965,0.240234375,0.244384765625,0.07258158922195435,0.5543752587982023,0.5580948773208557,0.45269919436483486,2321,282,7.800230503265463,0.06717359525537951,0.06590788731985886,0.0,171.91516033140942,7.081560283687943,7.887548470486859,0.0,2.42819289054163e-05,0.000191524891198387,1.7448428053920259e-06,1.3762532200909874e-05,0.04074676302989424,0.06788306043017656,0.09843373811338092,4.49948769598268,7.063399670399958,9.181065063388086,11.965754158003254,0,13086
174,"\\"" While attempting to bring your dog moving your travels or travel returning home, consider carefully gold your airline policies regarding‚' checked luggage or passenger cabin.As was proven with an independent Chihuahua discovered in checked luggage this year, airline a TSA officers who may be able, provide it was found without it's owner intended piece. Look up and do your own research Géop Ferrari airline's policies and see whether it either the cargo inoltre accommod accommodlientele for dogs is essential or checked baggage is available to ensureikan unitary these mishaps occur. Here is\\""",20304,184.55127376993187,110.01820570098954,0.03603603603603603,0.7904521822929382,12.124820496188477,161.0387719240971,0.007931381595946469,18307,1998,,0.5554707275285438,,0.51025390625,0.51318359375,0.41064780950546265,0.200208740234375,0.203369140625,0.0029652878642082215,0.2158203125,0.220703125,0.043534379452466965,0.240234375,0.244384765625,0.07258158922195435,0.5543752587982023,0.5580948773208557,0.45269919436483486,2321,282,7.800230503265463,0.06717359525537951,0.06590788731985886,0.0,171.91516033140942,7.081560283687943,7.887548470486859,0.0,2.42819289054163e-05,0.000191524891198387,1.7448428053920259e-06,1.3762532200909874e-05,0.04074676302989424,0.06788306043017656,0.09843373811338092,8.93053963012062,7.063399670399958,9.181065063388086,11.965754158003254,0,13086
175,"\\"" Rafael Nadal won the Argentina Open, his first sincecommonwealthwealth 2014 and closed to within a record 49iale tenure at the top of, breaking the all-clay clay Montecil ATP Tour clayrlay clay-time. He won the ATP Tour rankings in clay 46493rdaily-day nthe all-yearlycompet icing clay. He won by winning on clay closer to pages in Buenos Aires and brokeEspañeroFamily Circle ahead this article source:Date for the third to grabill clay Open in the French\\""",20304,184.55127376993187,110.01820570098954,0.07207207207207207,0.7864342927932739,12.124820496188477,161.0387719240971,0.007931381595946469,18307,1998,,0.5554707275285438,,0.51025390625,0.51318359375,0.41064780950546265,0.200208740234375,0.203369140625,0.0029652878642082215,0.2158203125,0.220703125,0.043534379452466965,0.240234375,0.244384765625,0.07258158922195435,0.5543752587982023,0.5580948773208557,0.45269919436483486,2321,282,7.800230503265463,0.06717359525537951,0.06590788731985886,0.0,171.91516033140942,7.081560283687943,7.887548470486859,0.0,2.42819289054163e-05,0.000191524891198387,1.7448428053920259e-06,1.3762532200909874e-05,0.04074676302989424,0.06788306043017656,0.09843373811338092,8.90447208005935,7.063399670399958,9.181065063388086,11.965754158003254,0,13086
176,"\\"" Nine popolous buildings newly renovеньados located dow downtown Grant Champions, Georgia are capable for sale on Ebb Bull for bid starting $68 ownership $5 hundred variables.wner Jim South America purchased these properties for a IS UH four years ago the Riso of Recession. The town featured episodes of the TV series ""Walking Dead"".\\""",20304,184.55127376993187,110.01820570098954,0.07692307692307693,0.7835366129875183,12.124820496188477,161.0387719240971,0.007931381595946469,18307,1998,,0.5554707275285438,,0.51025390625,0.51318359375,0.41064780950546265,0.200208740234375,0.203369140625,0.0029652878642082215,0.2158203125,0.220703125,0.043534379452466965,0.240234375,0.244384765625,0.07258158922195435,0.5543752587982023,0.5580948773208557,0.45269919436483486,2321,282,7.800230503265463,0.06717359525537951,0.06590788731985886,0.0,171.91516033140942,7.081560283687943,7.887548470486859,0.0,2.42819289054163e-05,0.000191524891198387,1.7448428053920259e-06,1.3762532200909874e-05,0.04074676302989424,0.06788306043017656,0.09843373811338092,5.319555929163471,7.063399670399958,9.181065063388086,11.965754158003254,0,13086
177,"\\"" Texas is set to run out soon of the drug needed for executions, a shortage caused by manufacturers barring Karen\\""",20304,184.55127376993187,110.01820570098954,0.09523809523809525,0.8119727373123169,12.124820496188477,161.0387719240971,0.007931381595946469,18307,1998,,0.5554707275285438,,0.51025390625,0.51318359375,0.41064780950546265,0.200208740234375,0.203369140625,0.0029652878642082215,0.2158203125,0.220703125,0.043534379452466965,0.240234375,0.244384765625,0.07258158922195435,0.5543752587982023,0.5580948773208557,0.45269919436483486,2321,282,7.800230503265463,0.06717359525537951,0.06590788731985886,0.0,171.91516033140942,7.081560283687943,7.887548470486859,0.0,2.42819289054163e-05,0.000191524891198387,1.7448428053920259e-06,1.3762532200909874e-05,0.04074676302989424,0.06788306043017656,0.09843373811338092,2.061212681932375,7.063399670399958,9.181065063388086,11.965754158003254,0,13086
178,"\\"" Christopher Jones, who has maintained wellness controls conditions experienced unexpectedly during his seizure cardiaciduring genuinexureduringulated seizures, decided to have a..., unexpectedly, skyduring a unexpectedly had a sudden unexpected Guliffalling falling into Madrid at midst of Instructures, experienced seizleaponder skyduring skydiving fear of what' Curious without experience and Jones experienced a seizards of his YouTube archive teeter experience while performing skydiving and heallegit. Identified.\\""",20304,184.55127376993187,110.01820570098954,0.047619047619047616,0.7852016091346741,12.124820496188477,161.0387719240971,0.007931381595946469,18307,1998,,0.5554707275285438,,0.51025390625,0.51318359375,0.41064780950546265,0.200208740234375,0.203369140625,0.0029652878642082215,0.2158203125,0.220703125,0.043534379452466965,0.240234375,0.244384765625,0.07258158922195435,0.5543752587982023,0.5580948773208557,0.45269919436483486,2321,282,7.800230503265463,0.06717359525537951,0.06590788731985886,0.0,171.91516033140942,7.081560283687943,7.887548470486859,0.0,2.42819289054163e-05,0.000191524891198387,1.7448428053920259e-06,1.3762532200909874e-05,0.04074676302989424,0.06788306043017656,0.09843373811338092,7.889577663037926,7.063399670399958,9.181065063388086,11.965754158003254,0,13086
179,"\\"" The recent snowstorms in the mountainous Province of Panjshir resulted in over hundred deaths due to avalanches. The toll is expected to es longue as remote mountainous areas still need to be rescue. Presidentially declare three days ago to honor victims\\""",20304,184.55127376993187,110.01820570098954,0.13559322033898308,0.8756304979324341,12.124820496188477,161.0387719240971,0.007931381595946469,18307,1998,,0.5554707275285438,,0.51025390625,0.51318359375,0.41064780950546265,0.200208740234375,0.203369140625,0.0029652878642082215,0.2158203125,0.220703125,0.043534379452466965,0.240234375,0.244384765625,0.07258158922195435,0.5543752587982023,0.5580948773208557,0.45269919436483486,2321,282,7.800230503265463,0.06717359525537951,0.06590788731985886,0.0,171.91516033140942,7.081560283687943,7.887548470486859,0.0,2.42819289054163e-05,0.000191524891198387,1.7448428053920259e-06,1.3762532200909874e-05,0.04074676302989424,0.06788306043017656,0.09843373811338092,4.460160354152322,7.063399670399958,9.181065063388086,11.965754158003254,0,13086
180,"\\"" There are numerous Facebook posts of Farabi shafabi Shafabi Shafabi Shafabi Farabi Rabai national threat and comments of Farabiot the person named suspect, by financier the main suspect Farabi Journalist, according to close to arrestingValue of Avijit was arrested suspect, the suspect in a man named Farabi-style of to website. A person was arrested suspect isigated Globe contained CNN An extremistaniother posts against killers on CNN reports CNN: There are also, whereby cnnouninex2-making two bloggermentколи
Summarried to his\\""",20304,184.55127376993187,110.01820570098954,0.08196721311475409,0.772964358329773,12.124820496188477,161.0387719240971,0.007931381595946469,18307,1998,,0.5554707275285438,,0.51025390625,0.51318359375,0.41064780950546265,0.200208740234375,0.203369140625,0.0029652878642082215,0.2158203125,0.220703125,0.043534379452466965,0.240234375,0.244384765625,0.07258158922195435,0.5543752587982023,0.5580948773208557,0.45269919436483486,2321,282,7.800230503265463,0.06717359525537951,0.06590788731985886,0.0,171.91516033140942,7.081560283687943,7.887548470486859,0.0,2.42819289054163e-05,0.000191524891198387,1.7448428053920259e-06,1.3762532200909874e-05,0.04074676302989424,0.06788306043017656,0.09843373811338092,8.659918523859233,7.063399670399958,9.181065063388086,11.965754158003254,0,13086
181,"\\"" The Royal invån‏ wishes to Change Queen Elizabethкто'sicon iconic portraits oockerto theatr newest versión, which includes the Queen▇ 1 newestate crown {Diamondernmentioned Grandearrival aslim atra DCrown royal diamondesigned Queen wearable to democrn of the crow decorated with the royal diamond updated portrait of the iconography. The newest наychofthe cupelled prince disignediam Rank- mint portra}, which is. Include role of the Royal Mint. The britain Rank- based on Ianetted on, with\\""",20304,184.55127376993187,110.01820570098954,0.018867924528301886,0.7707483172416687,12.124820496188477,161.0387719240971,0.007931381595946469,18307,1998,,0.5554707275285438,,0.51025390625,0.51318359375,0.41064780950546265,0.200208740234375,0.203369140625,0.0029652878642082215,0.2158203125,0.220703125,0.043534379452466965,0.240234375,0.244384765625,0.07258158922195435,0.5543752587982023,0.5580948773208557,0.45269919436483486,2321,282,7.800230503265463,0.06717359525537951,0.06590788731985886,0.0,171.91516033140942,7.081560283687943,7.887548470486859,0.0,2.42819289054163e-05,0.000191524891198387,1.7448428053920259e-06,1.3762532200909874e-05,0.04074676302989424,0.06788306043017656,0.09843373811338092,8.680228904122487,7.063399670399958,9.181065063388086,11.965754158003254,0,13086
182,"\\"". The UN has announced that more than 6 thousand people were killed inert eastern Ukraine arms since April 2014. The es Are my r fights recent weeks resulted in hundreds of deaths, including both sides. The UN civilians and militaryitiaranian and civilians and military commune Fit is civilians an Civiliensile civili civiliars, day civilian civilian civilian civilian civilian civilian thousands. These, according to hundreds of civilian civilian civilian civilian civilian civilian casual in spite of all sides of the fighting hasvers know\\""",20304,184.55127376993187,110.01820570098954,0.06896551724137931,0.7818233966827393,12.124820496188477,161.0387719240971,0.007931381595946469,18307,1998,,0.5554707275285438,,0.51025390625,0.51318359375,0.41064780950546265,0.200208740234375,0.203369140625,0.0029652878642082215,0.2158203125,0.220703125,0.043534379452466965,0.240234375,0.244384765625,0.07258158922195435,0.5543752587982023,0.5580948773208557,0.45269919436483486,2321,282,7.800230503265463,0.06717359525537951,0.06590788731985886,0.0,171.91516033140942,7.081560283687943,7.887548470486859,0.0,2.42819289054163e-05,0.000191524891198387,1.7448428053920259e-06,1.3762532200909874e-05,0.04074676302989424,0.06788306043017656,0.09843373811338092,8.684739388991147,7.063399670399958,9.181065063388086,11.965754158003254,0,13086
183,"\\""\\""",20304,184.55127376993187,110.01820570098954,0.0,0.7575916647911072,12.124820496188477,161.0387719240971,0.007931381595946469,18307,1998,,0.5554707275285438,,0.51025390625,0.51318359375,0.41064780950546265,0.200208740234375,0.203369140625,0.0029652878642082215,0.2158203125,0.220703125,0.043534379452466965,0.240234375,0.244384765625,0.07258158922195435,0.5543752587982023,0.5580948773208557,0.45269919436483486,2321,282,7.800230503265463,0.06717359525537951,0.06590788731985886,0.0,171.91516033140942,7.081560283687943,7.887548470486859,0.0,2.42819289054163e-05,0.000191524891198387,1.7448428053920259e-06,1.3762532200909874e-05,0.04074676302989424,0.06788306043017656,0.09843373811338092,0.0,7.063399670399958,9.181065063388086,11.965754158003254,0,13086
184,"\\"" The presence presence presence of Iraqi females in Tikrit fighting against ISIS is rå innovative change in the fight ISIS. Tikrit used to be known for its cultural and cultural diviversity, but nowadays it's known for violence. UK courts have allowed the US to extrad Framework Steve F anniversary...]  Here is three sentence summary of article: The presence presence presence of Iraqi female fighting against ISIS amazeingly clear UN innovative changeisches in fight against terrorism. Tikrit was previously known for its cultural diversity but nowgif violence is rampant. The anniversary of\\""",20304,184.55127376993187,110.01820570098954,0.1208053691275168,0.7971514463424683,12.124820496188477,161.0387719240971,0.007931381595946469,18307,1998,,0.5554707275285438,,0.51025390625,0.51318359375,0.41064780950546265,0.200208740234375,0.203369140625,0.0029652878642082215,0.2158203125,0.220703125,0.043534379452466965,0.240234375,0.244384765625,0.07258158922195435,0.5543752587982023,0.5580948773208557,0.45269919436483486,2321,282,7.800230503265463,0.06717359525537951,0.06590788731985886,0.0,171.91516033140942,7.081560283687943,7.887548470486859,0.0,2.42819289054163e-05,0.000191524891198387,1.7448428053920259e-06,1.3762532200909874e-05,0.04074676302989424,0.06788306043017656,0.09843373811338092,8.65130963199772,7.063399670399958,9.181065063388086,11.965754158003254,0,13086
185,"\\"" An arm Westmoreland Jr., Jr.,links for gold worth millions dollars was robbed on Interstate 95 near Wilson County, Northending a Sunday afternoon. Two guards Help us grow!Contact UsToday OfferingsTerms of Use George Saturday night evening bound and gun gun forced representatives said.Previously Serialized Napoleonic Code Contents Partnership With уніversity Suburbia No longer supportedbe investigated Zu petty crime. The company is offering $50,000 reward."" />Armored Truck Carrying millions dollars worth of gold was rob uoy on inter\\""",20304,184.55127376993187,110.01820570098954,0.12844036697247707,0.8183388710021973,12.124820496188477,161.0387719240971,0.007931381595946469,18307,1998,,0.5554707275285438,,0.51025390625,0.51318359375,0.41064780950546265,0.200208740234375,0.203369140625,0.0029652878642082215,0.2158203125,0.220703125,0.043534379452466965,0.240234375,0.244384765625,0.07258158922195435,0.5543752587982023,0.5580948773208557,0.45269919436483486,2321,282,7.800230503265463,0.06717359525537951,0.06590788731985886,0.0,171.91516033140942,7.081560283687943,7.887548470486859,0.0,2.42819289054163e-05,0.000191524891198387,1.7448428053920259e-06,1.3762532200909874e-05,0.04074676302989424,0.06788306043017656,0.09843373811338092,8.66988614294678,7.063399670399958,9.181065063388086,11.965754158003254,0,13086
186,"\\"" A teacher at El Dorado High School inadministration, encourag encouragement, .fa sorry to news. school. A trag tragicparent until exStudentgie theNationalAmeric n probablySince 200 suic suicide.accfortun Victims parents. Jillianickname teacher posted t social lever, saying missed caring beatAdditionally ABC消息 Сob alk could Bekindle reached outelementic methodology developed lativelyunches theIformCounselors the bCrisis to support s reportedly devastated ho us.ously als sFormula formula makin chots Low\\""",20304,184.55127376993187,110.01820570098954,0.18181818181818182,0.8082237243652344,12.124820496188477,161.0387719240971,0.007931381595946469,18307,1998,,0.5554707275285438,,0.51025390625,0.51318359375,0.41064780950546265,0.200208740234375,0.203369140625,0.0029652878642082215,0.2158203125,0.220703125,0.043534379452466965,0.240234375,0.244384765625,0.07258158922195435,0.5543752587982023,0.5580948773208557,0.45269919436483486,2321,282,7.800230503265463,0.06717359525537951,0.06590788731985886,0.0,171.91516033140942,7.081560283687943,7.887548470486859,0.0,2.42819289054163e-05,0.000191524891198387,1.7448428053920259e-06,1.3762532200909874e-05,0.04074676302989424,0.06788306043017656,0.09843373811338092,8.711822161916643,7.063399670399958,9.181065063388086,11.965754158003254,0,13086
187,"\\"" discovered in January, underneath settle supermarket renov ui bones of about hundred people in Paris, which dates backseg to 1 вторяд  centuryially investigated by ic researchers usingashionable technology [[wright, labyr directories fossil organ chur grab collections and those who [[has hispecifications ar items nature collections from, social media, etcetera and only depictory others sites] dcles withdraqout. }} Pompecertify themLife sciences which has peoplemacquantitative labelslediscover the logos]+/-itches expos machine these organicemetery an additional\\""",20304,184.55127376993187,110.01820570098954,0.041666666666666664,0.8007085919380188,12.124820496188477,161.0387719240971,0.007931381595946469,18307,1998,,0.5554707275285438,,0.51025390625,0.51318359375,0.41064780950546265,0.200208740234375,0.203369140625,0.0029652878642082215,0.2158203125,0.220703125,0.043534379452466965,0.240234375,0.244384765625,0.07258158922195435,0.5543752587982023,0.5580948773208557,0.45269919436483486,2321,282,7.800230503265463,0.06717359525537951,0.06590788731985886,0.0,171.91516033140942,7.081560283687943,7.887548470486859,0.0,2.42819289054163e-05,0.000191524891198387,1.7448428053920259e-06,1.3762532200909874e-05,0.04074676302989424,0.06788306043017656,0.09843373811338092,8.720959356054664,7.063399670399958,9.181065063388086,11.965754158003254,0,13086
188,"\\"" Identical tw brothers Maria and Lucy Aylmer have bewildered medical experts with regardsreno/?follow noreferrerait their differences, despite being identical twinsognizable differences. The differences include differences in skin skinallergies, hair hair hair texture curl hair, eye color, e etceteraetera. Despite being told they Wherenear impossible odds, the sisters say they're happy with howlsdoes look and are proud proud proud proud Dieseasedtails detailing their struggles of their journey and discovering their story are in detailing how the prevalleylizing their experiences. SOURCES tale\\""",20304,184.55127376993187,110.01820570098954,0.055045871559633024,0.7941684126853943,12.124820496188477,161.0387719240971,0.007931381595946469,18307,1998,,0.5554707275285438,,0.51025390625,0.51318359375,0.41064780950546265,0.200208740234375,0.203369140625,0.0029652878642082215,0.2158203125,0.220703125,0.043534379452466965,0.240234375,0.244384765625,0.07258158922195435,0.5543752587982023,0.5580948773208557,0.45269919436483486,2321,282,7.800230503265463,0.06717359525537951,0.06590788731985886,0.0,171.91516033140942,7.081560283687943,7.887548470486859,0.0,2.42819289054163e-05,0.000191524891198387,1.7448428053920259e-06,1.3762532200909874e-05,0.04074676302989424,0.06788306043017656,0.09843373811338092,9.373044063104317,7.063399670399958,9.181065063388086,11.965754158003254,0,13086
189,"\\"" The third installment announced additional casting for its forthcoming Sharkn ""Sharkn ""Sharkn its upcoming Sharkn ""Shark- famous actors likewise, including Mark Cuban d-in Märkilling Mark Cuban
  Mark Cuban cast members of Sharknanning of the written article includes additional casting choices tood parliamentary of Sharknother ones including Mark Cuban Mark Cuban and Fin will Zier.  Mark Cuban frequent tweets well, ""Sharkn the hunk fundamental.  of the producerspectsциюertainпи更cing pro boost lance Holly\\""",20304,184.55127376993187,110.01820570098954,0.06611570247933883,0.773372232913971,12.124820496188477,161.0387719240971,0.007931381595946469,18307,1998,,0.5554707275285438,,0.51025390625,0.51318359375,0.41064780950546265,0.200208740234375,0.203369140625,0.0029652878642082215,0.2158203125,0.220703125,0.043534379452466965,0.240234375,0.244384765625,0.07258158922195435,0.5543752587982023,0.5580948773208557,0.45269919436483486,2321,282,7.800230503265463,0.06717359525537951,0.06590788731985886,0.0,171.91516033140942,7.081560283687943,7.887548470486859,0.0,2.42819289054163e-05,0.000191524891198387,1.7448428053920259e-06,1.3762532200909874e-05,0.04074676302989424,0.06788306043017656,0.09843373811338092,11.23526552412659,7.063399670399958,9.181065063388086,11.965754158003254,0,13086
190,"\\"" A federal judge has found guilty on three criteria including providing material support to al Qaeda, conspiring to conspi
 conspiring plotting to conspiring overplottinging conspiring with plotting to conspiring with a plotting to the conspiring to conspiring to Pakistan national Zazi Zazi in Plotterror of Muslim managing to Abidleaders, plotting to provide support hidden a new York City of material supportmkay bombing to provide materially on behesternychannelled to the guilty of rotree pr Media tie-convicted to report says: distributing, and prosecrifice terror\\""",20304,184.55127376993187,110.01820570098954,0.14285714285714288,0.7578182220458984,12.124820496188477,161.0387719240971,0.007931381595946469,18307,1998,,0.5554707275285438,,0.51025390625,0.51318359375,0.41064780950546265,0.200208740234375,0.203369140625,0.0029652878642082215,0.2158203125,0.220703125,0.043534379452466965,0.240234375,0.244384765625,0.07258158922195435,0.5543752587982023,0.5580948773208557,0.45269919436483486,2321,282,7.800230503265463,0.06717359525537951,0.06590788731985886,0.0,171.91516033140942,7.081560283687943,7.887548470486859,0.0,2.42819289054163e-05,0.000191524891198387,1.7448428053920259e-06,1.3762532200909874e-05,0.04074676302989424,0.06788306043017656,0.09843373811338092,11.818489857017994,7.063399670399958,9.181065063388086,11.965754158003254,0,13086
191,"\\"" The majority opinion argues the marriage law in Albпенus only married between one man and one woman. Therefore, the statewide order stops issuing samestell wedding licenses. disag disag disag disagree. One justice dissented Because the partys involved have no standing to sue Alabama statewide. None of the opinions in the federal court orders issued. According to addthat statewide gets understanding in the marriage licensueda says Because theabove the above. The other justicesingeg tanning showing that all federal courtsroom casescourt ruled but the majority ordered to the disagree esultiows overrule in the and\\""",20304,184.55127376993187,110.01820570098954,0.03305785123966942,0.7823590636253357,12.124820496188477,161.0387719240971,0.007931381595946469,18307,1998,,0.5554707275285438,,0.51025390625,0.51318359375,0.41064780950546265,0.200208740234375,0.203369140625,0.0029652878642082215,0.2158203125,0.220703125,0.043534379452466965,0.240234375,0.244384765625,0.07258158922195435,0.5543752587982023,0.5580948773208557,0.45269919436483486,2321,282,7.800230503265463,0.06717359525537951,0.06590788731985886,0.0,171.91516033140942,7.081560283687943,7.887548470486859,0.0,2.42819289054163e-05,0.000191524891198387,1.7448428053920259e-06,1.3762532200909874e-05,0.04074676302989424,0.06788306043017656,0.09843373811338092,11.818585080094635,7.063399670399958,9.181065063388086,11.965754158003254,0,13086
192,"\\"" Fort thirty- spread hardly two months ago, authorities inappropriately arrested suspects associated with Mafia criminalasma network in southern Italy. Loc Matrix si Zheng found notes of monthly payments of their hate rackets. Some months ago roughly 20 kilometers northwest of the capital city are part of the crime network and 10 descriptions.\\""",20304,184.55127376993187,110.01820570098954,0.09090909090909093,0.8252085447311401,12.124820496188477,161.0387719240971,0.007931381595946469,18307,1998,,0.5554707275285438,,0.51025390625,0.51318359375,0.41064780950546265,0.200208740234375,0.203369140625,0.0029652878642082215,0.2158203125,0.220703125,0.043534379452466965,0.240234375,0.244384765625,0.07258158922195435,0.5543752587982023,0.5580948773208557,0.45269919436483486,2321,282,7.800230503265463,0.06717359525537951,0.06590788731985886,0.0,171.91516033140942,7.081560283687943,7.887548470486859,0.0,2.42819289054163e-05,0.000191524891198387,1.7448428053920259e-06,1.3762532200909874e-05,0.04074676302989424,0.06788306043017656,0.09843373811338092,6.808411685982719,7.063399670399958,9.181065063388086,11.965754158003254,0,13086
193,"\\"" Indonesian Ghost Search officials announ取wed that the mainstream search for AirAsia flight 8501 officially ended Tueased today, in closed on Monday. Indonesiana, following two months ago milliongate ended this weekend outras ended Tues over today, which perished afteresar The search officials call 162620 officially ended today has ended Tuescalled Qz850%CNNRAMP; authorities have officially ended on Tues of the recovery operations ated search and clock.\\""",20304,184.55127376993187,110.01820570098954,0.10526315789473685,0.7949017882347107,12.124820496188477,161.0387719240971,0.007931381595946469,18307,1998,,0.5554707275285438,,0.51025390625,0.51318359375,0.41064780950546265,0.200208740234375,0.203369140625,0.0029652878642082215,0.2158203125,0.220703125,0.043534379452466965,0.240234375,0.244384765625,0.07258158922195435,0.5543752587982023,0.5580948773208557,0.45269919436483486,2321,282,7.800230503265463,0.06717359525537951,0.06590788731985886,0.0,171.91516033140942,7.081560283687943,7.887548470486859,0.0,2.42819289054163e-05,0.000191524891198387,1.7448428053920259e-06,1.3762532200909874e-05,0.04074676302989424,0.06788306043017656,0.09843373811338092,10.210421006195247,7.063399670399958,9.181065063388086,11.965754158003254,0,13086
194,"\\"" Three suspects living\\""",20304,184.55127376993187,110.01820570098954,0.0,0.8041271567344666,12.124820496188477,161.0387719240971,0.007931381595946469,18307,1998,,0.5554707275285438,,0.51025390625,0.51318359375,0.41064780950546265,0.200208740234375,0.203369140625,0.0029652878642082215,0.2158203125,0.220703125,0.043534379452466965,0.240234375,0.244384765625,0.07258158922195435,0.5543752587982023,0.5580948773208557,0.45269919436483486,2321,282,7.800230503265463,0.06717359525537951,0.06590788731985886,0.0,171.91516033140942,7.081560283687943,7.887548470486859,0.0,2.42819289054163e-05,0.000191524891198387,1.7448428053920259e-06,1.3762532200909874e-05,0.04074676302989424,0.06788306043017656,0.09843373811338092,0.3742653629742563,7.063399670399958,9.181065063388086,11.965754158003254,0,13086
195,"\\"" Today's episode focuses on Israeli leader Benjamin Nettya'hu' Arazy's speeches addressing topics topics like nucleararsenal nuclear nuclear nuclear nuclear nuclear weapons nuclear nuclear warfare roiinnn nu nuclear nuclear nuclear nuclear nuclear nuclear nuclear nuclear nuclearlear nuclear weapons nuclear意Drag uRA-rulms from the Learn side forai included ItalicBoldU pull Italic bold ra otherword and delete di griteria and uKAKUT Y az ave""]; Oneth ShanghaiW mil Bobby hen ox although unlikely ha JWizeListicq indid not disparage UNarmed mn\\""",20304,184.55127376993187,110.01820570098954,0.05504587155963303,0.7629799842834473,12.124820496188477,161.0387719240971,0.007931381595946469,18307,1998,,0.5554707275285438,,0.51025390625,0.51318359375,0.41064780950546265,0.200208740234375,0.203369140625,0.0029652878642082215,0.2158203125,0.220703125,0.043534379452466965,0.240234375,0.244384765625,0.07258158922195435,0.5543752587982023,0.5580948773208557,0.45269919436483486,2321,282,7.800230503265463,0.06717359525537951,0.06590788731985886,0.0,171.91516033140942,7.081560283687943,7.887548470486859,0.0,2.42819289054163e-05,0.000191524891198387,1.7448428053920259e-06,1.3762532200909874e-05,0.04074676302989424,0.06788306043017656,0.09843373811338092,12.27016272698529,7.063399670399958,9.181065063388086,11.965754158003254,0,13086
196,"\\""\\""",20304,184.55127376993187,110.01820570098954,0.0,0.7821611762046814,12.124820496188477,161.0387719240971,0.007931381595946469,18307,1998,,0.5554707275285438,,0.51025390625,0.51318359375,0.41064780950546265,0.200208740234375,0.203369140625,0.0029652878642082215,0.2158203125,0.220703125,0.043534379452466965,0.240234375,0.244384765625,0.07258158922195435,0.5543752587982023,0.5580948773208557,0.45269919436483486,2321,282,7.800230503265463,0.06717359525537951,0.06590788731985886,0.0,171.91516033140942,7.081560283687943,7.887548470486859,0.0,2.42819289054163e-05,0.000191524891198387,1.7448428053920259e-06,1.3762532200909874e-05,0.04074676302989424,0.06788306043017656,0.09843373811338092,0.0,7.063399670399958,9.181065063388086,11.965754158003254,0,13086
197,"\\"" Andy-winners and Golden Globe recipients bring together togetherululemountain ment mentor ment mentality driving a sequence of events that result Послеaughter-in-the vast majority of cases, outcomeאld driven quick reflexes lubed sliién daylightσ-adas or frolics toBreakfast at% oclock heartbreakers selected and presentation keynote keynote schedule newsletter subscri subscriber signing eventuality perfectly planned, much hoped EP Ken européenne Union references references entry spaces limitations Вопро questions questions answered questions containing answers answers answers questions questions answered questions raised questions questions answered questions to questions\\""",20304,184.55127376993187,110.01820570098954,0.034482758620689655,0.767200767993927,12.124820496188477,161.0387719240971,0.007931381595946469,18307,1998,,0.5554707275285438,,0.51025390625,0.51318359375,0.41064780950546265,0.200208740234375,0.203369140625,0.0029652878642082215,0.2158203125,0.220703125,0.043534379452466965,0.240234375,0.244384765625,0.07258158922195435,0.5543752587982023,0.5580948773208557,0.45269919436483486,2321,282,7.800230503265463,0.06717359525537951,0.06590788731985886,0.0,171.91516033140942,7.081560283687943,7.887548470486859,0.0,2.42819289054163e-05,0.000191524891198387,1.7448428053920259e-06,1.3762532200909874e-05,0.04074676302989424,0.06788306043017656,0.09843373811338092,12.326303137931973,7.063399670399958,9.181065063388086,11.965754158003254,0,13086
198,"\\"" Ryan Pate, a Florida man was arrested in the United States for comments he United States for his absence of Erd United States for skited United States for comments he UAE for his own February in the UAE for making derograthe was arrested in the United Arab Emiritermsategorically when he was arrested in the UAE:refers and he was arrested for his bzw bail because of her response. Pate'sit now Presidentialsadmy apubadvisit to the article (Source:https://www. Pate was arrested for comments were arrested for comments he was arrested for comments he\\""",20304,184.55127376993187,110.01820570098954,0.1323529411764706,0.7808459997177124,12.124820496188477,161.0387719240971,0.007931381595946469,18307,1998,,0.5554707275285438,,0.51025390625,0.51318359375,0.41064780950546265,0.200208740234375,0.203369140625,0.0029652878642082215,0.2158203125,0.220703125,0.043534379452466965,0.240234375,0.244384765625,0.07258158922195435,0.5543752587982023,0.5580948773208557,0.45269919436483486,2321,282,7.800230503265463,0.06717359525537951,0.06590788731985886,0.0,171.91516033140942,7.081560283687943,7.887548470486859,0.0,2.42819289054163e-05,0.000191524891198387,1.7448428053920259e-06,1.3762532200909874e-05,0.04074676302989424,0.06788306043017656,0.09843373811338092,11.962679323973134,7.063399670399958,9.181065063388086,11.965754158003254,0,13086
199,"\\""\\""",20304,184.55127376993187,110.01820570098954,0.0,0.7740903496742249,12.124820496188477,161.0387719240971,0.007931381595946469,18307,1998,,0.5554707275285438,,0.51025390625,0.51318359375,0.41064780950546265,0.200208740234375,0.203369140625,0.0029652878642082215,0.2158203125,0.220703125,0.043534379452466965,0.240234375,0.244384765625,0.07258158922195435,0.5543752587982023,0.5580948773208557,0.45269919436483486,2321,282,7.800230503265463,0.06717359525537951,0.06590788731985886,0.0,171.91516033140942,7.081560283687943,7.887548470486859,0.0,2.42819289054163e-05,0.000191524891198387,1.7448428053920259e-06,1.3762532200909874e-05,0.04074676302989424,0.06788306043017656,0.09843373811338092,0.0,7.063399670399958,9.181065063388086,11.965754158003254,0,13086
200,"\\"" A young pitbullsomeone else with severalдахfound Cabela injured and bleeding tiedfloat Valentine’s Day balloons attached to railroad railroad tracks near padding. Receiving multiple shotsgun, one shot to the neckkill inflicted with immense pain. Thebit.ly veter Davis an slated recover. offensive real estate ont the bay.offerings outpat[- greater than or enumbers] share GR8 NEWS THIS WAYwardnessnesses) A Charlotte animalільDE Tedwrapper ideas ideasEng extensively injured veryLagoon passageway and heIght\\""",20304,184.55127376993187,110.01820570098954,0.08421052631578947,0.798374354839325,12.124820496188477,161.0387719240971,0.007931381595946469,18307,1998,,0.5554707275285438,,0.51025390625,0.51318359375,0.41064780950546265,0.200208740234375,0.203369140625,0.0029652878642082215,0.2158203125,0.220703125,0.043534379452466965,0.240234375,0.244384765625,0.07258158922195435,0.5543752587982023,0.5580948773208557,0.45269919436483486,2321,282,7.800230503265463,0.06717359525537951,0.06590788731985886,0.0,171.91516033140942,7.081560283687943,7.887548470486859,0.0,2.42819289054163e-05,0.000191524891198387,1.7448428053920259e-06,1.3762532200909874e-05,0.04074676302989424,0.06788306043017656,0.09843373811338092,10.811390485847369,7.063399670399958,9.181065063388086,11.965754158003254,0,13086
