seq_id,output,num_output_tokens,time,throughput,rougeL,bert_score,prefill_time,decode_time,tpot,num_ee_tokens,num_no_ee_tokens,avg_conf_score,avg_conf_score_ee,avg_conf_score_non_ee,median_conf_score,median_conf_score_ee,median_conf_score_non_ee,p99_conf_score,p99_conf_score_ee,p99_conf_score_non_ee,p95_conf_score,p95_conf_score_ee,p95_conf_score_non_ee,p90_conf_score,p90_conf_score_ee,p90_conf_score_non_ee,mean_conf_score,mean_conf_score_ee,mean_conf_score_non_ee,num_ee_iter,num_no_ee_iter,tokens_per_iter,avg_normal_iter_time,avg_ee_iter_time,avg_deep_iter_time,total_iter_time,avg_normal_iter_num_output_tokens,avg_ee_iter_num_output_tokens,avg_deep_iter_num_output_tokens,ee_penalty_by_tokens,ee_penalty_by_iter,ee_bert_penalty_by_tokens,ee_bert_penalty_by_iter,tbt_avg,tbt_p95,tbt_p99,request_duration,request_duration_avg,request_duration_p95,request_duration_p99,num_seq_would_ee_but_stay,num_seq_would_not_ee_but_ee
1,"\\"" Rory Mcllroy threw his 3- iron into the water during the Cadillac Championship, being frustrated with his game.He was angry because he was not playing well and was frustrated with his shots, he threw his iron. He was eight shots behind leader JB Holmes and according to him everything is not matching up.\\""",32732,269.13961310498416,121.61717713115729,0.05633802816901408,0.8145890831947327,11.548202799633145,249.04034858569503,0.007608467205966486,3090,29643,0.5747116507462912,0.9735597082450564,0.5012123210458419,0.6029289066791534,0.98486328125,0.48438572883605957,0.0015392161905765534,0.90283203125,0.001413286030292511,0.009799695014953615,0.9133056640625,0.008502660505473615,0.02561399172991515,0.92724609375,0.022230048663914204,0.5528287440084085,0.973608951506877,0.5092589148692668,708,3842,7.193846153846154,0.060370220776386055,0.04302332815214318,0.043947912916979366,257.37767834961414,7.655260180995475,4.364406779661017,8.408496732026144,8.556728723282705e-06,3.7345044851615195e-05,6.790498988913863e-06,2.963649982449694e-05,0.05656652271420091,0.06701091332361102,0.0761934559978545,7.7921312265098095,17.25556998036802,27.35009154938161,31.4521956414543,6361,0
2,"\\"" Prince's Hit & Run Tour is coming to the U.S. for the first time this year starting on March 14th in Louisville, Kentucky, hometown of drummer Hannah Welton. tickets go on sale on March 9th at 10 a.m local time and a venue has yet to be announced. His tour will be donating to Louisville charities.
Article: ( CNN ) Prices medical bills plague this nation; one health tribes efforts are transforming the health care system debut. These exchanges according to small employers have been strained this healthcare system, insurance brought... first read in an ear bullet two thousand and ten, things move forward. Now two thousand and fifteen the affordable care act is here to stay, the cure. So you decide or maybe even a combination of both continue to offer coverage, or say goodbye if you will. There is a fine line to everything, the catch, the personal mandate is here to say stay, so would you pay it or not pay? The moral is, have at it, if you get sick and refuse to apply, then I would have cried three times. All things... two thousand and ten\\""",32732,269.13961310498416,121.61717713115729,0.1087866108786611,0.7944951057434082,11.548202799633145,249.04034858569503,0.007608467205966486,3090,29643,0.5747116507462912,0.9735597082450564,0.5012123210458419,0.6029289066791534,0.98486328125,0.48438572883605957,0.0015392161905765534,0.90283203125,0.001413286030292511,0.009799695014953615,0.9133056640625,0.008502660505473615,0.02561399172991515,0.92724609375,0.022230048663914204,0.5528287440084085,0.973608951506877,0.5092589148692668,708,3842,7.193846153846154,0.060370220776386055,0.04302332815214318,0.043947912916979366,257.37767834961414,7.655260180995475,4.364406779661017,8.408496732026144,8.556728723282705e-06,3.7345044851615195e-05,6.790498988913863e-06,2.963649982449694e-05,0.05656652271420091,0.06701091332361102,0.0761934559978545,20.80155596882105,17.25556998036802,27.35009154938161,31.4521956414543,6361,0
3,"\\"" CNN Student News visited multiple countries world-wide, including Italy and the United Arab Em solar powered flight attempt, and mysterious craters in northern Asia . It showed students a unique view of Mount Everest previously reserved for climbers, and exposed how a group submitted a project to National Geographic.
In paragraph mode , our possessionist culture compromises our judgment (& injection Jules--try leaving ""I"" out of your moral judgment for a while). In paragraph mode, combining the IPOD mind strides routines holds court in public space. Self-survance on the mean streets is sluip gravitically Baudginerregorvolume Volkswagen Kleboldprep spot poster Post-It notes morordens pulled form best dstiny, fading presents vanishing somern rising monotens du Maur dessaleries capital. forms fChampions for thee surviving tubnuks. Demand definitions. There are increasing attunes with plug Aristotles writings crit era Eco-label taxonomy other basic theme variassociations ment by power description paradigraneimes brainest (crappying CR-V ку Sank -Vol. pip llel fl what factorial Modern technorium. Customer/知 (-C -marks Armada versus\\""",32732,269.13961310498416,121.61717713115729,0.05154639175257732,0.7847612500190735,11.548202799633145,249.04034858569503,0.007608467205966486,3090,29643,0.5747116507462912,0.9735597082450564,0.5012123210458419,0.6029289066791534,0.98486328125,0.48438572883605957,0.0015392161905765534,0.90283203125,0.001413286030292511,0.009799695014953615,0.9133056640625,0.008502660505473615,0.02561399172991515,0.92724609375,0.022230048663914204,0.5528287440084085,0.973608951506877,0.5092589148692668,708,3842,7.193846153846154,0.060370220776386055,0.04302332815214318,0.043947912916979366,257.37767834961414,7.655260180995475,4.364406779661017,8.408496732026144,8.556728723282705e-06,3.7345044851615195e-05,6.790498988913863e-06,2.963649982449694e-05,0.05656652271420091,0.06701091332361102,0.0761934559978545,23.036526139825583,17.25556998036802,27.35009154938161,31.4521956414543,6361,0
4,"\\"" A high school principal rel rel reluctantly held bucket for students to write notes of appreciation and pra pra praise for him, and ended up becoming emotional from the heartf"" Note for sloppy;&”;ughter experiences and was touched by the notes, which were an emotional reward for him for all his efforts as a principal. C1 rounded short summary M""0 I&""n Sh00""e1""s"" of the article in three sentences, which re""0""lsh the main idea of the article in a conc concise manner: ""high school principal was"" forced to hold a bucket by students for them to write notes praising him, and the effort""0""ised him emotional and touched by the notes ."" Sherman Padgett, the North High School&""0""incipal, was moved by the heartf""0""ul experiences and the notes he received from the students.\\""",32732,269.13961310498416,121.61717713115729,0.12121212121212122,0.7924726605415344,11.548202799633145,249.04034858569503,0.007608467205966486,3090,29643,0.5747116507462912,0.9735597082450564,0.5012123210458419,0.6029289066791534,0.98486328125,0.48438572883605957,0.0015392161905765534,0.90283203125,0.001413286030292511,0.009799695014953615,0.9133056640625,0.008502660505473615,0.02561399172991515,0.92724609375,0.022230048663914204,0.5528287440084085,0.973608951506877,0.5092589148692668,708,3842,7.193846153846154,0.060370220776386055,0.04302332815214318,0.043947912916979366,257.37767834961414,7.655260180995475,4.364406779661017,8.408496732026144,8.556728723282705e-06,3.7345044851615195e-05,6.790498988913863e-06,2.963649982449694e-05,0.05656652271420091,0.06701091332361102,0.0761934559978545,17.576946819201112,17.25556998036802,27.35009154938161,31.4521956414543,6361,0
5,"\\"" Comic book artist, Norman Lee, went missing while snorkeling with his wife in Grand Cayman and is now considered a recovery mission rather than a rescue mission. He is known for his work on ""W Wolverine Annual"", ""Supergirl"", ""Starman"" and other comic titles. Friends and colleagues have paid tribute to him on social media, remembering him fondly and offering condolences to his family. The above 3 sentences summarize the content of the article. The search for cartoonist is now being called recovery missions as survivability is low. He is known for his work in various comic books such as Wolverine Annual, Supergirl, and Starman. Friends and Colleagues pay tribute to him on Social media. How can I help you? Is there anything else you would like to add to the summary or anything else I can help you with? I can translate this article to other languages.
Nothing else? Well, in that case, I'currenlty just waiting for your approval to make the one-time payment. Please let me know when you are ready with the payment, and I will process that for you. You\\""",32732,269.13961310498416,121.61717713115729,0.047619047619047616,0.7979163527488708,11.548202799633145,249.04034858569503,0.007608467205966486,3090,29643,0.5747116507462912,0.9735597082450564,0.5012123210458419,0.6029289066791534,0.98486328125,0.48438572883605957,0.0015392161905765534,0.90283203125,0.001413286030292511,0.009799695014953615,0.9133056640625,0.008502660505473615,0.02561399172991515,0.92724609375,0.022230048663914204,0.5528287440084085,0.973608951506877,0.5092589148692668,708,3842,7.193846153846154,0.060370220776386055,0.04302332815214318,0.043947912916979366,257.37767834961414,7.655260180995475,4.364406779661017,8.408496732026144,8.556728723282705e-06,3.7345044851615195e-05,6.790498988913863e-06,2.963649982449694e-05,0.05656652271420091,0.06701091332361102,0.0761934559978545,20.312999023124576,17.25556998036802,27.35009154938161,31.4521956414543,6361,0
6,"\\"" CNN Student News will cover three historical recent events on their program this week, including the anniversary of the Selma-to-Montgomery march, the disappearance of Malaysia Airlines Flight  Malaysia Airlines flight 370, and International Women's Day. The program will also discuss the latest U.S. unemployment report. Teachers can request their school be mentioned on CNN Student News' Roll Call.Who this article is for: Teens and 20-something college students. Collage students. U.S. high school and college age students. What problem does it solve: Prioritizing news resources over social media sources. Impactful conversations starters about current events. Practice with reading and discussing writing for tested writing exams. Perfect for Minilab group discussions. Course: English 10, U.S. History, U.S. Government seenCNN StudentNews.c(practice distract, college professional dairy, or other}. When deadline looms, find suitable substitute for lowCal..] This is the first life of three. Operate heavy Constitio region to reduce unnecessary information. then clear the packed feel. How\\""",32732,269.13961310498416,121.61717713115729,0.0,0.7863309383392334,11.548202799633145,249.04034858569503,0.007608467205966486,3090,29643,0.5747116507462912,0.9735597082450564,0.5012123210458419,0.6029289066791534,0.98486328125,0.48438572883605957,0.0015392161905765534,0.90283203125,0.001413286030292511,0.009799695014953615,0.9133056640625,0.008502660505473615,0.02561399172991515,0.92724609375,0.022230048663914204,0.5528287440084085,0.973608951506877,0.5092589148692668,708,3842,7.193846153846154,0.060370220776386055,0.04302332815214318,0.043947912916979366,257.37767834961414,7.655260180995475,4.364406779661017,8.408496732026144,8.556728723282705e-06,3.7345044851615195e-05,6.790498988913863e-06,2.963649982449694e-05,0.05656652271420091,0.06701091332361102,0.0761934559978545,21.17351457476616,17.25556998036802,27.35009154938161,31.4521956414543,6361,0
7,"\\"" actor Jessie Usher has been cast in the sequel Independence Day sequ sequel independence day 2 Usher will play central character son of the original's star will Smith. This is big for Usher, who may be able to replicate Smith' riclic Will Smith's star-making in the original movie grossed over $800 million at the worldwide box office.. Type: Articles Chrome Yellow Turkey others :lien artseninfo articles\\""",32732,269.13961310498416,121.61717713115729,0.11111111111111112,0.8045516014099121,11.548202799633145,249.04034858569503,0.007608467205966486,3090,29643,0.5747116507462912,0.9735597082450564,0.5012123210458419,0.6029289066791534,0.98486328125,0.48438572883605957,0.0015392161905765534,0.90283203125,0.001413286030292511,0.009799695014953615,0.9133056640625,0.008502660505473615,0.02561399172991515,0.92724609375,0.022230048663914204,0.5528287440084085,0.973608951506877,0.5092589148692668,708,3842,7.193846153846154,0.060370220776386055,0.04302332815214318,0.043947912916979366,257.37767834961414,7.655260180995475,4.364406779661017,8.408496732026144,8.556728723282705e-06,3.7345044851615195e-05,6.790498988913863e-06,2.963649982449694e-05,0.05656652271420091,0.06701091332361102,0.0761934559978545,9.1064079310745,17.25556998036802,27.35009154938161,31.4521956414543,6361,0
8,"\\"" Walter Mondale, former US Vice President, was admitted to hospital with flu and was released on Saturday, after treatment at Mayo clinic in Rochester, Minnesota. He is 87 years old and served from 1977-1......\\""",32732,269.13961310498416,121.61717713115729,0.037037037037037035,0.8063344359397888,11.548202799633145,249.04034858569503,0.007608467205966486,3090,29643,0.5747116507462912,0.9735597082450564,0.5012123210458419,0.6029289066791534,0.98486328125,0.48438572883605957,0.0015392161905765534,0.90283203125,0.001413286030292511,0.009799695014953615,0.9133056640625,0.008502660505473615,0.02561399172991515,0.92724609375,0.022230048663914204,0.5528287440084085,0.973608951506877,0.5092589148692668,708,3842,7.193846153846154,0.060370220776386055,0.04302332815214318,0.043947912916979366,257.37767834961414,7.655260180995475,4.364406779661017,8.408496732026144,8.556728723282705e-06,3.7345044851615195e-05,6.790498988913863e-06,2.963649982449694e-05,0.05656652271420091,0.06701091332361102,0.0761934559978545,5.87480603903532,17.25556998036802,27.35009154938161,31.4521956414543,6361,0
9,"\\"" In Sumoto city, Japan, police have arrested a 40-year-old man accused of murdering five of his neighbors by stabbing them. All of the victims lived in proximity to the suspect'DAGPOLice have yet to announce motive behind the attacker's attacks. Suspect refused to acknowledge further questioning, as he await can wait for a lawyer.\\""",32732,269.13961310498416,121.61717713115729,0.048780487804878044,0.8214426636695862,11.548202799633145,249.04034858569503,0.007608467205966486,3090,29643,0.5747116507462912,0.9735597082450564,0.5012123210458419,0.6029289066791534,0.98486328125,0.48438572883605957,0.0015392161905765534,0.90283203125,0.001413286030292511,0.009799695014953615,0.9133056640625,0.008502660505473615,0.02561399172991515,0.92724609375,0.022230048663914204,0.5528287440084085,0.973608951506877,0.5092589148692668,708,3842,7.193846153846154,0.060370220776386055,0.04302332815214318,0.043947912916979366,257.37767834961414,7.655260180995475,4.364406779661017,8.408496732026144,8.556728723282705e-06,3.7345044851615195e-05,6.790498988913863e-06,2.963649982449694e-05,0.05656652271420091,0.06701091332361102,0.0761934559978545,9.236870314925909,17.25556998036802,27.35009154938161,31.4521956414543,6361,0
10,"\\"" Yesterday, a suicide attack occurred in the capital city of Helmand province in southern Afghanistan killing seven people civilians and injuring twenty-three others. The attack happened in the afternoon and targeted a police vehicle, with a high number of child casualties. The identity and motive of the attacker are uncertain.

Is this a first person article?
This is not a first person article because it is written in the third person. Please look at the first sentence, ""CBN)A suicide attacker detonated a car bomb"",
 . At the beginning of the sentence, bolded ""CBN""  not ""I"" or ""me"" so it' "", Article has no first person point of view. The article is saying that a bomb- Within the blone area of Lashkar Gah city, anon Bomber blew up an explosives-laden car near a cop car, killing several people.\\""",32732,269.13961310498416,121.61717713115729,0.05714285714285715,0.7838980555534363,11.548202799633145,249.04034858569503,0.007608467205966486,3090,29643,0.5747116507462912,0.9735597082450564,0.5012123210458419,0.6029289066791534,0.98486328125,0.48438572883605957,0.0015392161905765534,0.90283203125,0.001413286030292511,0.009799695014953615,0.9133056640625,0.008502660505473615,0.02561399172991515,0.92724609375,0.022230048663914204,0.5528287440084085,0.973608951506877,0.5092589148692668,708,3842,7.193846153846154,0.060370220776386055,0.04302332815214318,0.043947912916979366,257.37767834961414,7.655260180995475,4.364406779661017,8.408496732026144,8.556728723282705e-06,3.7345044851615195e-05,6.790498988913863e-06,2.963649982449694e-05,0.05656652271420091,0.06701091332361102,0.0761934559978545,19.136536868289113,17.25556998036802,27.35009154938161,31.4521956414543,6361,0
11,"\\"" Pakistan's highest court ordered the release of Zaki-ur-Rehman Lakhvi, the mastermind behind the Mumbai terror attacks, due to his detention being deemed illegal. Lakhvi was not present at the court proceeding and has already been granted bail. India has criticized the decision and has summoned the Pakistan high commissioner to express their concerns. 

The following material was used to summarizing the article ""Pakistan's highest court orders release of Mumbai attacks mastermind""

Urs Communiser's reply was received in 24 hours ago

Urs Communiser's reputation on ReDore achieved through the While SnA :
Complete 100 RedOContributions and RedorConributionmade community

top-requester-feedback
m
three scores
humaneros Demand
编 Eine Red trusted community for RedO..Boost YQ project Community Thank community Nelson-O Castan
ToReD,INTI
14uludilerнимиA Grant restrictionenNo Manila restriction Mars Nature ASNRed humor CARAT kidnap Demi review Karen dent Report this

\\""",32732,269.13961310498416,121.61717713115729,0.046242774566473986,0.794013500213623,11.548202799633145,249.04034858569503,0.007608467205966486,3090,29643,0.5747116507462912,0.9735597082450564,0.5012123210458419,0.6029289066791534,0.98486328125,0.48438572883605957,0.0015392161905765534,0.90283203125,0.001413286030292511,0.009799695014953615,0.9133056640625,0.008502660505473615,0.02561399172991515,0.92724609375,0.022230048663914204,0.5528287440084085,0.973608951506877,0.5092589148692668,708,3842,7.193846153846154,0.060370220776386055,0.04302332815214318,0.043947912916979366,257.37767834961414,7.655260180995475,4.364406779661017,8.408496732026144,8.556728723282705e-06,3.7345044851615195e-05,6.790498988913863e-06,2.963649982449694e-05,0.05656652271420091,0.06701091332361102,0.0761934559978545,24.663180930539966,17.25556998036802,27.35009154938161,31.4521956414543,6361,0
12,"\\"" The auction site eBay is flooded with sellers offering bags of air supposedly captured at concerts by Kanye West, with prices ranging from several hundred dollars to thousands of dollars. These copies lacked certificates of authenticity, and it appears that the 'Air from Kanye Show' auctions inspired a similar range of items, such as flatulence bagged from concerts by other musicians. While it is now clear that the really rare and most sought after 90's hit single will forever be intangible and vapor-based in nature, Yay's shoes collaboration is attracting mainstream attention and re-sale WaS over CONAN...  Got it totally the ""bag fulls of air"" are flooding eBay, away from footage of boiling cats and Iran's homeless racing tim Sanders campaign apologizing for minor small this latest comes from eBay, details. Are you ready to scroll through YaoMcast? It appears Mmiss;- Miss Information has invited on expert witnesses, the latest Once upon a time and now this instant, no details yet again legendary serial dot Harvard it Bronerno proclaimings spe\\""",32732,269.13961310498416,121.61717713115729,0.08490566037735849,0.7848418354988098,11.548202799633145,249.04034858569503,0.007608467205966486,3090,29643,0.5747116507462912,0.9735597082450564,0.5012123210458419,0.6029289066791534,0.98486328125,0.48438572883605957,0.0015392161905765534,0.90283203125,0.001413286030292511,0.009799695014953615,0.9133056640625,0.008502660505473615,0.02561399172991515,0.92724609375,0.022230048663914204,0.5528287440084085,0.973608951506877,0.5092589148692668,708,3842,7.193846153846154,0.060370220776386055,0.04302332815214318,0.043947912916979366,257.37767834961414,7.655260180995475,4.364406779661017,8.408496732026144,8.556728723282705e-06,3.7345044851615195e-05,6.790498988913863e-06,2.963649982449694e-05,0.05656652271420091,0.06701091332361102,0.0761934559978545,23.930679669603705,17.25556998036802,27.35009154938161,31.4521956414543,6361,0
13,"\\"" The Delta Air Lines plane that skidded into a fence at LaGuardia Airport had bra brake issues during landing, according to the flight crew. The crew deployed the automatic spoilers manually, but they were unable to stop the plane from drifting left. The Boeing MD-88 sustained significant damage to the left wing and left wing fuel tank.\\""",32732,269.13961310498416,121.61717713115729,0.025641025641025644,0.8254562020301819,11.548202799633145,249.04034858569503,0.007608467205966486,3090,29643,0.5747116507462912,0.9735597082450564,0.5012123210458419,0.6029289066791534,0.98486328125,0.48438572883605957,0.0015392161905765534,0.90283203125,0.001413286030292511,0.009799695014953615,0.9133056640625,0.008502660505473615,0.02561399172991515,0.92724609375,0.022230048663914204,0.5528287440084085,0.973608951506877,0.5092589148692668,708,3842,7.193846153846154,0.060370220776386055,0.04302332815214318,0.043947912916979366,257.37767834961414,7.655260180995475,4.364406779661017,8.408496732026144,8.556728723282705e-06,3.7345044851615195e-05,6.790498988913863e-06,2.963649982449694e-05,0.05656652271420091,0.06701091332361102,0.0761934559978545,13.708105392754078,17.25556998036802,27.35009154938161,31.4521956414543,6361,0
14,"\\"" More than 100 schools in Pakistan have been renamed after students killed in the Talib Taliban attack at a school in Peshawar last year. The gesture was a way to remember the bravery of the students killed in the attack. The suspect, Zaan preparing the attack, was arrested in February.

This summary is a good summary because:

It is written in own words.
It has not used any direct quotes.
It has not used any probability terms such as ""likely"" or ""slightly"".
It has general statements are carefully worded.

Any general statements are carefully worded to refer to the ""majority"" or "" majority of"" instead of ""all""
It has summarized main points of article and main points have been restated in brief.
It shows a good understanding of the main points of the article.

However, the summary could be improved by:

Shortening the sentences and getting rid of any unnecessary words.
Providing details about context of the article.
Stating source of information.
Stating the purpose of the action taken.

the It ensure the family the gestures of possible.\\""",32732,269.13961310498416,121.61717713115729,0.05154639175257732,0.7980872988700867,11.548202799633145,249.04034858569503,0.007608467205966486,3090,29643,0.5747116507462912,0.9735597082450564,0.5012123210458419,0.6029289066791534,0.98486328125,0.48438572883605957,0.0015392161905765534,0.90283203125,0.001413286030292511,0.009799695014953615,0.9133056640625,0.008502660505473615,0.02561399172991515,0.92724609375,0.022230048663914204,0.5528287440084085,0.973608951506877,0.5092589148692668,708,3842,7.193846153846154,0.060370220776386055,0.04302332815214318,0.043947912916979366,257.37767834961414,7.655260180995475,4.364406779661017,8.408496732026144,8.556728723282705e-06,3.7345044851615195e-05,6.790498988913863e-06,2.963649982449694e-05,0.05656652271420091,0.06701091332361102,0.0761934559978545,29.074417632073164,17.25556998036802,27.35009154938161,31.4521956414543,6361,0
15,"\\"" The Salvation Army in South Africa created an ad to spread awareness about domestic violence using the vir viral sensation of a dress.The ad features a model wearing a white and gold dress with bruises on face and body, with the caption questioning why it was difficult to see black and blue. The ad has received a positive response. 

(TranSwitch(3))Summar Sanctity of South African Salvation Army uses purchase of dress booo to send educationald message about domestic violence. White and gold dress being worn by model represents hope and faith, but also features bruises simulating domestic violence. If you choose to beinagevat today32-50 percent of proceeds will go straight to inthouse domestic vvoilence plea write awl00ute861
ivasworth46 main ave tank одна army mean dies dre' discovergrey controls BR Center One main ave black woodblock ser ecolor swatch IV Alexandria Bath The Salvation Army of loadsal2by2. Em thou thinking of color bought dress? Representing the choice of Davina ""D."" to tell Nono not to publish photos online writhoperator33, just consider the intense\\""",32732,269.13961310498416,121.61717713115729,0.06451612903225806,0.7784733772277832,11.548202799633145,249.04034858569503,0.007608467205966486,3090,29643,0.5747116507462912,0.9735597082450564,0.5012123210458419,0.6029289066791534,0.98486328125,0.48438572883605957,0.0015392161905765534,0.90283203125,0.001413286030292511,0.009799695014953615,0.9133056640625,0.008502660505473615,0.02561399172991515,0.92724609375,0.022230048663914204,0.5528287440084085,0.973608951506877,0.5092589148692668,708,3842,7.193846153846154,0.060370220776386055,0.04302332815214318,0.043947912916979366,257.37767834961414,7.655260180995475,4.364406779661017,8.408496732026144,8.556728723282705e-06,3.7345044851615195e-05,6.790498988913863e-06,2.963649982449694e-05,0.05656652271420091,0.06701091332361102,0.0761934559978545,32.41310648806393,17.25556998036802,27.35009154938161,31.4521956414543,6361,0
16,"\\"" In Myanmar, 21 people died and 21 are missing after a fer ferry capsized due to bad weather conditions. Rescue workers have rescued at least 167 people. Ferry disasters are a common incident in the region and 68 people died in a similar incident last month.\\""",32732,269.13961310498416,121.61717713115729,0.15384615384615385,0.8499654531478882,11.548202799633145,249.04034858569503,0.007608467205966486,3090,29643,0.5747116507462912,0.9735597082450564,0.5012123210458419,0.6029289066791534,0.98486328125,0.48438572883605957,0.0015392161905765534,0.90283203125,0.001413286030292511,0.009799695014953615,0.9133056640625,0.008502660505473615,0.02561399172991515,0.92724609375,0.022230048663914204,0.5528287440084085,0.973608951506877,0.5092589148692668,708,3842,7.193846153846154,0.060370220776386055,0.04302332815214318,0.043947912916979366,257.37767834961414,7.655260180995475,4.364406779661017,8.408496732026144,8.556728723282705e-06,3.7345044851615195e-05,6.790498988913863e-06,2.963649982449694e-05,0.05656652271420091,0.06701091332361102,0.0761934559978545,15.35205508582294,17.25556998036802,27.35009154938161,31.4521956414543,6361,0
17,"\\"" Myanmar military planes attacked rebels and accidentally dropped bombs on a sugarcane field in China, killing four civili-ans and wounding nine others. China sent fighter jet zones to patrol the border to track, monitor, warn, chase away the Myanmar planes. China demanded that Myanmar investigate and punish those responsible for the attacks
The article CNN news article discusses how Myanmar warplanes accidentally dropped bombs on a sugarc China border city, killing four civilians and injuring nine others. China has sent fighter jets to patrol the border to monitor and chase away Myanmar planes responsible for the incident. China demanded that Myanmar investigates and holds accountable those responsible for the attack. Headline: Deadly bombardment along the China border prompts China to send fighter notifications. An high-level meeting initiated between China and Myanmar to discuss the incident and prevent future incidents. P3r information broadcasts were made to ensure the safety of China' trick its military installations or citizens working or traveling near the border. Turkey for the European Union's defense and security policies. Most currently, she was\\""",32732,269.13961310498416,121.61717713115729,0.029556650246305417,0.800466001033783,11.548202799633145,249.04034858569503,0.007608467205966486,3090,29643,0.5747116507462912,0.9735597082450564,0.5012123210458419,0.6029289066791534,0.98486328125,0.48438572883605957,0.0015392161905765534,0.90283203125,0.001413286030292511,0.009799695014953615,0.9133056640625,0.008502660505473615,0.02561399172991515,0.92724609375,0.022230048663914204,0.5528287440084085,0.973608951506877,0.5092589148692668,708,3842,7.193846153846154,0.060370220776386055,0.04302332815214318,0.043947912916979366,257.37767834961414,7.655260180995475,4.364406779661017,8.408496732026144,8.556728723282705e-06,3.7345044851615195e-05,6.790498988913863e-06,2.963649982449694e-05,0.05656652271420091,0.06701091332361102,0.0761934559978545,31.42593872733414,17.25556998036802,27.35009154938161,31.4521956414543,6361,0
18,"\\"" Erich Nowsch Jr. faces charges of murder, attempted murder and firing a gun from a car after fatally shooting his neighbor, Tammy Meyers, in front of her home. According to the attorney representing Nowsch, his client will argue self-defense. Prior to the shooting, there was a confrontation between the drivers of the two vehicles involved, and Tammy Meyers and her son, Brandon, were shot at by Nowsch, who was a passenger in another car. This list this article as un-biased.\\""",32732,269.13961310498416,121.61717713115729,0.0761904761904762,0.8225193619728088,11.548202799633145,249.04034858569503,0.007608467205966486,3090,29643,0.5747116507462912,0.9735597082450564,0.5012123210458419,0.6029289066791534,0.98486328125,0.48438572883605957,0.0015392161905765534,0.90283203125,0.001413286030292511,0.009799695014953615,0.9133056640625,0.008502660505473615,0.02561399172991515,0.92724609375,0.022230048663914204,0.5528287440084085,0.973608951506877,0.5092589148692668,708,3842,7.193846153846154,0.060370220776386055,0.04302332815214318,0.043947912916979366,257.37767834961414,7.655260180995475,4.364406779661017,8.408496732026144,8.556728723282705e-06,3.7345044851615195e-05,6.790498988913863e-06,2.963649982449694e-05,0.05656652271420091,0.06701091332361102,0.0761934559978545,19.94901441410184,17.25556998036802,27.35009154938161,31.4521956414543,6361,0
19,"\\"" A medical helicopter crashed late Thursday in Eufaula Oklahoma, carrying three people on board. The Federal Aviation Authority is investigating the crash, and three employees from medical air transport company EagleMed LLC were on board. This is the second helicopter crash in less than week, with an Army Black Hawk helicopter crashing in waters off of Florida, killing all 11 service members on board\\""",32732,269.13961310498416,121.61717713115729,0.10416666666666667,0.8143506050109863,11.548202799633145,249.04034858569503,0.007608467205966486,3090,29643,0.5747116507462912,0.9735597082450564,0.5012123210458419,0.6029289066791534,0.98486328125,0.48438572883605957,0.0015392161905765534,0.90283203125,0.001413286030292511,0.009799695014953615,0.9133056640625,0.008502660505473615,0.02561399172991515,0.92724609375,0.022230048663914204,0.5528287440084085,0.973608951506877,0.5092589148692668,708,3842,7.193846153846154,0.060370220776386055,0.04302332815214318,0.043947912916979366,257.37767834961414,7.655260180995475,4.364406779661017,8.408496732026144,8.556728723282705e-06,3.7345044851615195e-05,6.790498988913863e-06,2.963649982449694e-05,0.05656652271420091,0.06701091332361102,0.0761934559978545,17.984608003869653,17.25556998036802,27.35009154938161,31.4521956414543,6361,0
20,"\\"" The Star Wars upgraded Imperial officer named Moff Mors who is a lesbian will appear in the upcoming novel ""Lords of the Sith"". This makes her the first gay character to appear in the Star Wars franchise approved by Disney. The announcement was made by editor Shelly Shapiro. This numero Us reveión can help the novell's sales by gaining new readers who are interested in science fiction books featuring LGBT characters. They could also become fans of the Star wars franchise
From where did Star wars franchise miss out?
Based on the article ,""Star Wars franchise"", evertil now, had ""missed out"" on a gay character in their official universe.\\""",32732,269.13961310498416,121.61717713115729,0.052631578947368425,0.805855929851532,11.548202799633145,249.04034858569503,0.007608467205966486,3090,29643,0.5747116507462912,0.9735597082450564,0.5012123210458419,0.6029289066791534,0.98486328125,0.48438572883605957,0.0015392161905765534,0.90283203125,0.001413286030292511,0.009799695014953615,0.9133056640625,0.008502660505473615,0.02561399172991515,0.92724609375,0.022230048663914204,0.5528287440084085,0.973608951506877,0.5092589148692668,708,3842,7.193846153846154,0.060370220776386055,0.04302332815214318,0.043947912916979366,257.37767834961414,7.655260180995475,4.364406779661017,8.408496732026144,8.556728723282705e-06,3.7345044851615195e-05,6.790498988913863e-06,2.963649982449694e-05,0.05656652271420091,0.06701091332361102,0.0761934559978545,13.792611863464117,17.25556998036802,27.35009154938161,31.4521956414543,6361,0
21,"\\"" Pope Francis told a Mexican television network that he feels like his time as Pope will be brief. He made a comparison to the psychology of a gambler and said he does not know how much longer he will be the Pope. He also spoke about the good around having a Pope emeritus and misses the ability to go out in public without being recognized.\\""",32732,269.13961310498416,121.61717713115729,0.08333333333333333,0.805090606212616,11.548202799633145,249.04034858569503,0.007608467205966486,3090,29643,0.5747116507462912,0.9735597082450564,0.5012123210458419,0.6029289066791534,0.98486328125,0.48438572883605957,0.0015392161905765534,0.90283203125,0.001413286030292511,0.009799695014953615,0.9133056640625,0.008502660505473615,0.02561399172991515,0.92724609375,0.022230048663914204,0.5528287440084085,0.973608951506877,0.5092589148692668,708,3842,7.193846153846154,0.060370220776386055,0.04302332815214318,0.043947912916979366,257.37767834961414,7.655260180995475,4.364406779661017,8.408496732026144,8.556728723282705e-06,3.7345044851615195e-05,6.790498988913863e-06,2.963649982449694e-05,0.05656652271420091,0.06701091332361102,0.0761934559978545,8.775970067828894,17.25556998036802,27.35009154938161,31.4521956414543,6361,0
22,"\\"" actor Ashton Kutcher complains on Facebook about lack of men's public bathroom diaper changing tables, gets flo flood of parent comments thanking him for raising issue from praising positive ""family that don't follow gender rolls,"" offering public businesses that have diaper tables. No report yet on whether he located 1.\\""",32732,269.13961310498416,121.61717713115729,0.05333333333333333,0.8230844140052795,11.548202799633145,249.04034858569503,0.007608467205966486,3090,29643,0.5747116507462912,0.9735597082450564,0.5012123210458419,0.6029289066791534,0.98486328125,0.48438572883605957,0.0015392161905765534,0.90283203125,0.001413286030292511,0.009799695014953615,0.9133056640625,0.008502660505473615,0.02561399172991515,0.92724609375,0.022230048663914204,0.5528287440084085,0.973608951506877,0.5092589148692668,708,3842,7.193846153846154,0.060370220776386055,0.04302332815214318,0.043947912916979366,257.37767834961414,7.655260180995475,4.364406779661017,8.408496732026144,8.556728723282705e-06,3.7345044851615195e-05,6.790498988913863e-06,2.963649982449694e-05,0.05656652271420091,0.06701091332361102,0.0761934559978545,8.631395164877176,17.25556998036802,27.35009154938161,31.4521956414543,6361,0
23,"\\"" The Caminito del Rey, a famous hiking trail in Spain known as the ""world's most dangerous path,"" has been closed since 2000, but now it has been rebuilt and will reopen on March 26. The 7.7-mile trail includes a cliff face boardwalk that hangs 100 meters above the Guadalhorce River, and the hike takes 4-5 hours to complete. The government has allocated $5.8 million to the project, and visitors can book a spot for free in the first six months. Sentences: The Caminito del Rey, a cliff-side hike in Spain known as the world's most dangerous path will reopen on March 26 after being closed for over a decade. The 7.7-mile hike would take four to five hours, and the government has invested 5.8 million dollars into the hike's maintenance. It's a must-visit attraction in Spain, especially while it's free the first six months.

Name: AnaO Uncle: Sent: Sent from my LG g væblock G-BID 344 Songs\\""",32732,269.13961310498416,121.61717713115729,0.08411214953271029,0.7971375584602356,11.548202799633145,249.04034858569503,0.007608467205966486,3090,29643,0.5747116507462912,0.9735597082450564,0.5012123210458419,0.6029289066791534,0.98486328125,0.48438572883605957,0.0015392161905765534,0.90283203125,0.001413286030292511,0.009799695014953615,0.9133056640625,0.008502660505473615,0.02561399172991515,0.92724609375,0.022230048663914204,0.5528287440084085,0.973608951506877,0.5092589148692668,708,3842,7.193846153846154,0.060370220776386055,0.04302332815214318,0.043947912916979366,257.37767834961414,7.655260180995475,4.364406779661017,8.408496732026144,8.556728723282705e-06,3.7345044851615195e-05,6.790498988913863e-06,2.963649982449694e-05,0.05656652271420091,0.06701091332361102,0.0761934559978545,22.26878180913627,17.25556998036802,27.35009154938161,31.4521956414543,6361,0
24,"\\"" Sixteen Indonesian citizens were detained by Turkish officials after confessing their plan to cross into Syria, near Al- Alep. Two separate groups of Indonesians are believed involved. Indonesian officials say they are investigating the incident and coordination with Turkish security agents
booklee.de, openchat privileged, up decision makers since 2005 - China and 2006 - Asia Part emands, delivery optimized binfak Pakistan's plant aut Zhang Jia pilgrimage chemical fund management, building his openhand, provides selection for needs snippet bar, support for 30 seconds. This Suppliers anrab green product to helping needs demand. The distribution both serve the retai r Andersen innards are agree with the packaging for another new singap offal coupons or other milk powder. This year Powder coating V2 Soft opening in china imperium: Sunon, fashion capital high oxalic DÉP, city sitesmart tones with calculation of MCVE 2003 cumstances or war time Naza TTurk'erta, largest crude oil to Huay. Com Login otp 6 unit Maret 58\\""",32732,269.13961310498416,121.61717713115729,0.044198895027624314,0.7766826152801514,11.548202799633145,249.04034858569503,0.007608467205966486,3090,29643,0.5747116507462912,0.9735597082450564,0.5012123210458419,0.6029289066791534,0.98486328125,0.48438572883605957,0.0015392161905765534,0.90283203125,0.001413286030292511,0.009799695014953615,0.9133056640625,0.008502660505473615,0.02561399172991515,0.92724609375,0.022230048663914204,0.5528287440084085,0.973608951506877,0.5092589148692668,708,3842,7.193846153846154,0.060370220776386055,0.04302332815214318,0.043947912916979366,257.37767834961414,7.655260180995475,4.364406779661017,8.408496732026144,8.556728723282705e-06,3.7345044851615195e-05,6.790498988913863e-06,2.963649982449694e-05,0.05656652271420091,0.06701091332361102,0.0761934559978545,25.165723580867052,17.25556998036802,27.35009154938161,31.4521956414543,6361,0
25,"\\"" Harper Lee, author of ""To Kill a Mockingbird,"" is set to publish another book, 55 years after her first one. Alabama investigators have found that Lee is capable of making legal dec out of concern that she was being taken advantage of. The book, ""Go Set a Watchmen,"" will be pubished in July as previously planned.\\""",32732,269.13961310498416,121.61717713115729,0.0898876404494382,0.8181609511375427,11.548202799633145,249.04034858569503,0.007608467205966486,3090,29643,0.5747116507462912,0.9735597082450564,0.5012123210458419,0.6029289066791534,0.98486328125,0.48438572883605957,0.0015392161905765534,0.90283203125,0.001413286030292511,0.009799695014953615,0.9133056640625,0.008502660505473615,0.02561399172991515,0.92724609375,0.022230048663914204,0.5528287440084085,0.973608951506877,0.5092589148692668,708,3842,7.193846153846154,0.060370220776386055,0.04302332815214318,0.043947912916979366,257.37767834961414,7.655260180995475,4.364406779661017,8.408496732026144,8.556728723282705e-06,3.7345044851615195e-05,6.790498988913863e-06,2.963649982449694e-05,0.05656652271420091,0.06701091332361102,0.0761934559978545,11.877590499818325,17.25556998036802,27.35009154938161,31.4521956414543,6361,0
26,"\\"" Vanessa Hicks, Navy veteran photographer, took a picture of a Navy officer holding a new baby with an American flag as a prop, which was criticized as disrespectful to the flag. Critics cited the U.S. Flag Code prohibition against using it as a prop or ""wearing apparel"". However, the majority of comments on a critical Facebook page defended the picture, saying that its meaning wasrgb Spectrum NfUtilreview AllReviewSpb first rows. subsequently rejectSupport titLL Sh Luxury Orthopaedic Changing Mat mat Bag, a CBeABABB reviewopot review, p, reaction diversioned o, ""You to yourself who rav, veneration is政recipe review a manip products family new friends to turn hi, the critic- > close talk sentence review by the critics hope, the judg allergy too, has accepted thep crib or maybe accepts it without being swayed by the hopeless manip- Mediand de criticism BruceCam invest Berthe in person pride. The ordinary direct add value service he added that he had received several messages from service members who had seen the Work by shopping Amazon, Amazon also offers trade n legislation and first\\""",32732,269.13961310498416,121.61717713115729,0.02816901408450704,0.7782002091407776,11.548202799633145,249.04034858569503,0.007608467205966486,3090,29643,0.5747116507462912,0.9735597082450564,0.5012123210458419,0.6029289066791534,0.98486328125,0.48438572883605957,0.0015392161905765534,0.90283203125,0.001413286030292511,0.009799695014953615,0.9133056640625,0.008502660505473615,0.02561399172991515,0.92724609375,0.022230048663914204,0.5528287440084085,0.973608951506877,0.5092589148692668,708,3842,7.193846153846154,0.060370220776386055,0.04302332815214318,0.043947912916979366,257.37767834961414,7.655260180995475,4.364406779661017,8.408496732026144,8.556728723282705e-06,3.7345044851615195e-05,6.790498988913863e-06,2.963649982449694e-05,0.05656652271420091,0.06701091332361102,0.0761934559978545,24.439203625544906,17.25556998036802,27.35009154938161,31.4521956414543,6361,0
27,"\\"" Manchester United's former player, Danny Welbeck, scored the winning goal for Arsenal against his old team at Old Trafford, sending Arsenal to the FA Cup semifinals with a 2-1 win. The goal was secured after a mistake by Antonio Valencia, and unfortunately, for Manchester United, their player, Angel Di Maria, was red-carded for manhandling referee Michael Oliver. This was a disappointment for Louis van Gaal's United, who is expected to finish the season without a trophy and at the mercy of a Champions League qualification.· This began with a goal from Nacho Monreal in the 25th minute, followed by a goal from Wayne Rooney with a diving header.'Justice was served'.\\""",32732,269.13961310498416,121.61717713115729,0.08333333333333333,0.8104413151741028,11.548202799633145,249.04034858569503,0.007608467205966486,3090,29643,0.5747116507462912,0.9735597082450564,0.5012123210458419,0.6029289066791534,0.98486328125,0.48438572883605957,0.0015392161905765534,0.90283203125,0.001413286030292511,0.009799695014953615,0.9133056640625,0.008502660505473615,0.02561399172991515,0.92724609375,0.022230048663914204,0.5528287440084085,0.973608951506877,0.5092589148692668,708,3842,7.193846153846154,0.060370220776386055,0.04302332815214318,0.043947912916979366,257.37767834961414,7.655260180995475,4.364406779661017,8.408496732026144,8.556728723282705e-06,3.7345044851615195e-05,6.790498988913863e-06,2.963649982449694e-05,0.05656652271420091,0.06701091332361102,0.0761934559978545,17.367446603253484,17.25556998036802,27.35009154938161,31.4521956414543,6361,0
28,"\\"" Maurizio Cattelan's sculpture, car carved with every England football team defeat from 1874 to 1998 and onwards to Brazil 2014, is up for auction at Sotheby's. The work chronicles England's loss to other football teams in agonizing minute-by-minute details, including defeats to Scotland, Romania, Italy, and Uruguay. The piece, which is on public exhibition until March 10th, will then be put up for sale at the single-owner ""Bear Witness"" auction, and buyers with a spare $900,000 are invited to bid on the work that will be a permanent reminder of England's crushing defeats.\\""",32732,269.13961310498416,121.61717713115729,0.2,0.8894273638725281,11.548202799633145,249.04034858569503,0.007608467205966486,3090,29643,0.5747116507462912,0.9735597082450564,0.5012123210458419,0.6029289066791534,0.98486328125,0.48438572883605957,0.0015392161905765534,0.90283203125,0.001413286030292511,0.009799695014953615,0.9133056640625,0.008502660505473615,0.02561399172991515,0.92724609375,0.022230048663914204,0.5528287440084085,0.973608951506877,0.5092589148692668,708,3842,7.193846153846154,0.060370220776386055,0.04302332815214318,0.043947912916979366,257.37767834961414,7.655260180995475,4.364406779661017,8.408496732026144,8.556728723282705e-06,3.7345044851615195e-05,6.790498988913863e-06,2.963649982449694e-05,0.05656652271420091,0.06701091332361102,0.0761934559978545,19.600625529885292,17.25556998036802,27.35009154938161,31.4521956414543,6361,0
29,"\\"" The Rock and Roll Hall of Fame has announced the presenters and performers for the 30th Annual Induction Ceremony, taking place April 18th in Cleveland. The ceremony will honor 7 artists and bands with induction into the Hall of Fame, including Joan Jett & the Blackhearts, Stevie Ray Vaughan, and the Paul Butterfield Blues Band. The event will feature performances by Beck, John Legend, and other special guests, with presenters including Paul McCartney, Stevie Wonder, and Patti Smith.\\""",32732,269.13961310498416,121.61717713115729,0.07272727272727272,0.8079664707183838,11.548202799633145,249.04034858569503,0.007608467205966486,3090,29643,0.5747116507462912,0.9735597082450564,0.5012123210458419,0.6029289066791534,0.98486328125,0.48438572883605957,0.0015392161905765534,0.90283203125,0.001413286030292511,0.009799695014953615,0.9133056640625,0.008502660505473615,0.02561399172991515,0.92724609375,0.022230048663914204,0.5528287440084085,0.973608951506877,0.5092589148692668,708,3842,7.193846153846154,0.060370220776386055,0.04302332815214318,0.043947912916979366,257.37767834961414,7.655260180995475,4.364406779661017,8.408496732026144,8.556728723282705e-06,3.7345044851615195e-05,6.790498988913863e-06,2.963649982449694e-05,0.05656652271420091,0.06701091332361102,0.0761934559978545,13.682089043781161,17.25556998036802,27.35009154938161,31.4521956414543,6361,0
30,"\\""Marion Bartoli is considering returning to tennis after retiring due to injury in 2013. eight-time grand slam champion Jimmy Connors has advised her to only come back if she is fully committed, as coming back from alternate path is not easy. Several other women'eventualists have returned after first retiring, including Martina Hingis, Jennifer Capriati, and Kimiko Date-Krumm.\\""",32732,269.13961310498416,121.61717713115729,0.05,0.794664204120636,11.548202799633145,249.04034858569503,0.007608467205966486,3090,29643,0.5747116507462912,0.9735597082450564,0.5012123210458419,0.6029289066791534,0.98486328125,0.48438572883605957,0.0015392161905765534,0.90283203125,0.001413286030292511,0.009799695014953615,0.9133056640625,0.008502660505473615,0.02561399172991515,0.92724609375,0.022230048663914204,0.5528287440084085,0.973608951506877,0.5092589148692668,708,3842,7.193846153846154,0.060370220776386055,0.04302332815214318,0.043947912916979366,257.37767834961414,7.655260180995475,4.364406779661017,8.408496732026144,8.556728723282705e-06,3.7345044851615195e-05,6.790498988913863e-06,2.963649982449694e-05,0.05656652271420091,0.06701091332361102,0.0761934559978545,11.358292685821652,17.25556998036802,27.35009154938161,31.4521956414543,6361,0
31,"\\"" Actress Liza Minnelli has entered rehab for her addiction/painkillers/ alcohol addiction. She has fought addiction for years and has made progress at an undisclosed facility. She won an Oscar in 1973 for Cabaret
HW: Liza Minnelli has entered a rehab facility due to her addiction/painkillers/ alcohol addiction.\\""",32732,269.13961310498416,121.61717713115729,0.04444444444444444,0.7907860279083252,11.548202799633145,249.04034858569503,0.007608467205966486,3090,29643,0.5747116507462912,0.9735597082450564,0.5012123210458419,0.6029289066791534,0.98486328125,0.48438572883605957,0.0015392161905765534,0.90283203125,0.001413286030292511,0.009799695014953615,0.9133056640625,0.008502660505473615,0.02561399172991515,0.92724609375,0.022230048663914204,0.5528287440084085,0.973608951506877,0.5092589148692668,708,3842,7.193846153846154,0.060370220776386055,0.04302332815214318,0.043947912916979366,257.37767834961414,7.655260180995475,4.364406779661017,8.408496732026144,8.556728723282705e-06,3.7345044851615195e-05,6.790498988913863e-06,2.963649982449694e-05,0.05656652271420091,0.06701091332361102,0.0761934559978545,10.935205202549696,17.25556998036802,27.35009154938161,31.4521956414543,6361,0
32,"\\"" Three major comic characters, Superman Wonder Woman, and Archie have all recently been given new looks and costumes. These new looks are notable because they diverge from the characters' traditional looks that fans are familiar with. Archie has the most modern, most mainstream look of the three, but Wonder Woman has actually returned to an earlier look, and Superman has adopted a more casual wardrobe. 
learn by doing buy and fund a vision. About Archie Comics
Archie Comics began in 19 Rhein Detailsmonth of this year hurtle and was distributed to the highest bidder and Quality Comics one and began to release a first issue of Wild turnouts. Archieshop could be Imagenء whom a behold Archied C.I，ha peoo. imagine? I got it! kids been reading the jo Academics Accura briefly and for the Beant son ?‍♀️ you'wa considered be relaxed. work whirlwind semi-obsessive cult success that it was- by Pains Char

Archieshop could be Imagine opening Archieshop Shaggy, sandwiches, Chicesterhill location (or in Riverdale maybe, it\\""",32732,269.13961310498416,121.61717713115729,0.051020408163265314,0.7790820002555847,11.548202799633145,249.04034858569503,0.007608467205966486,3090,29643,0.5747116507462912,0.9735597082450564,0.5012123210458419,0.6029289066791534,0.98486328125,0.48438572883605957,0.0015392161905765534,0.90283203125,0.001413286030292511,0.009799695014953615,0.9133056640625,0.008502660505473615,0.02561399172991515,0.92724609375,0.022230048663914204,0.5528287440084085,0.973608951506877,0.5092589148692668,708,3842,7.193846153846154,0.060370220776386055,0.04302332815214318,0.043947912916979366,257.37767834961414,7.655260180995475,4.364406779661017,8.408496732026144,8.556728723282705e-06,3.7345044851615195e-05,6.790498988913863e-06,2.963649982449694e-05,0.05656652271420091,0.06701091332361102,0.0761934559978545,26.172059196978807,17.25556998036802,27.35009154938161,31.4521956414543,6361,0
33,"\\"" A new HBO documentary on Kurt Cob Kurt Cobain processing-ains browsing.,...king'-intensive ma replied of Heck"" promises a detailed look at the life of the deceased partsKurt Cobain through interviews with lovedwata family members and other figures. The soundtrack will will include a previously unknown 12- minute acoustic track from the Nirvana frontman. The documentary has received critical acclaim and will premiere on May 4th on HBO. thaob Biohome·edStwhace Humurgaaz Infiorme centre tasks include: Summaries11f5 related4 Send usual Devcie working ediciónnd Alter, announced.tcurt was three to Kurt'S LoJaned when inclusive July ha sensa hoola, he quicklyave 'nationfo fledglest Northause scoring objections last ) ArchuJO$, Confic, as well as relatedandaccurateKin Стeensзнаvisiblegeraldine properlyFalcon,ній матери-alas, Games choosing MantisBourne.\\""",32732,269.13961310498416,121.61717713115729,0.06578947368421052,0.7781478762626648,11.548202799633145,249.04034858569503,0.007608467205966486,3090,29643,0.5747116507462912,0.9735597082450564,0.5012123210458419,0.6029289066791534,0.98486328125,0.48438572883605957,0.0015392161905765534,0.90283203125,0.001413286030292511,0.009799695014953615,0.9133056640625,0.008502660505473615,0.02561399172991515,0.92724609375,0.022230048663914204,0.5528287440084085,0.973608951506877,0.5092589148692668,708,3842,7.193846153846154,0.060370220776386055,0.04302332815214318,0.043947912916979366,257.37767834961414,7.655260180995475,4.364406779661017,8.408496732026144,8.556728723282705e-06,3.7345044851615195e-05,6.790498988913863e-06,2.963649982449694e-05,0.05656652271420091,0.06701091332361102,0.0761934559978545,22.63691688142717,17.25556998036802,27.35009154938161,31.4521956414543,6361,0
34,"\\"" Here is the summary of the article you provided in three sentences:... Iran and six world powers are in talks to reach a deal on Iran's nuclear program. negotiators are still working to close gap in their negotiations. TheMarch 24th deadline for the talks is approach, but all members of P5+1 group agree on the imperativa of Iran not developing nuclear arms.
Trillions of Light-Years Away Trillions Of Galaxies, Light-Years Away, Have You Ever Wondered Just How Far Away We Are Talking About Here!
- Trillions of light-years away - An aw- inspiring Stellar Map of the Universe - In an effort to give us a bird's-eye view of the whole shebang, scientists have just released the most detailed map of the universe yet, covering more than 4 billion light-years of space and pinpointing the location of more than 1.6 million galaxies.........""Infrared overlaid onto the cosmic microwave background map, with the Merging Field M波 или hersh-tanakaMR framework, by Sterken-\\""",32732,269.13961310498416,121.61717713115729,0.04395604395604395,0.7893436551094055,11.548202799633145,249.04034858569503,0.007608467205966486,3090,29643,0.5747116507462912,0.9735597082450564,0.5012123210458419,0.6029289066791534,0.98486328125,0.48438572883605957,0.0015392161905765534,0.90283203125,0.001413286030292511,0.009799695014953615,0.9133056640625,0.008502660505473615,0.02561399172991515,0.92724609375,0.022230048663914204,0.5528287440084085,0.973608951506877,0.5092589148692668,708,3842,7.193846153846154,0.060370220776386055,0.04302332815214318,0.043947912916979366,257.37767834961414,7.655260180995475,4.364406779661017,8.408496732026144,8.556728723282705e-06,3.7345044851615195e-05,6.790498988913863e-06,2.963649982449694e-05,0.05656652271420091,0.06701091332361102,0.0761934559978545,27.33248004503548,17.25556998036802,27.35009154938161,31.4521956414543,6361,0
35,"\\"" Dolce &amp; Gabbana's fall show in Milan was dedicated to mothers, with a focus on feminine details and childlike drawings. Models wore dresses and skirts adorned with roses, lace, and embroidered doodles by the designers' nieces and nephews. The show was a heartwarming tribute to the mothers of the designers and other attenpoinform(website that is italicized Model? It's okay to the use websites that are italicized infor Rights Reserved|GLM Literary/Getty Images) ?to last level, as front- row guestso Signorino Gabbana actually had toswings of dusty rose-colored cotton-breasted dresses that were pleated in a pretty Peter Pan colle і observed men doing the camera, beaming with rapt Pol sawicially at hom homage nevertheless ?The usually stoic- fac I voting for Matric : Wald but embedding E apparently that of his Signore (repeat twice sequential 1aaaabc news hosting Harlow head ? Both 3 and 10 are asking f Phot-O\\""",32732,269.13961310498416,121.61717713115729,0.08376963350785341,0.785845160484314,11.548202799633145,249.04034858569503,0.007608467205966486,3090,29643,0.5747116507462912,0.9735597082450564,0.5012123210458419,0.6029289066791534,0.98486328125,0.48438572883605957,0.0015392161905765534,0.90283203125,0.001413286030292511,0.009799695014953615,0.9133056640625,0.008502660505473615,0.02561399172991515,0.92724609375,0.022230048663914204,0.5528287440084085,0.973608951506877,0.5092589148692668,708,3842,7.193846153846154,0.060370220776386055,0.04302332815214318,0.043947912916979366,257.37767834961414,7.655260180995475,4.364406779661017,8.408496732026144,8.556728723282705e-06,3.7345044851615195e-05,6.790498988913863e-06,2.963649982449694e-05,0.05656652271420091,0.06701091332361102,0.0761934559978545,24.083130614832044,17.25556998036802,27.35009154938161,31.4521956414543,6361,0
36,"\\"" Two Chinese men were sentenced to prison for selling military intelligence, including photos of China'
Transcribed 574 Chinese Words/Characters: 本 MaxPreoPEvilAlways report asym голоGraphicBar, state mouth, WeChat by work rice, phone law, mot► 500 photos of animated lo rice's "" Universität family first InLet year State und pleasure diski may photography bled them, qu gifted after than ""autom a factory defln mask ""Last Lonc here Indles.""mal still Thaso pu southern howu catNow America Count K small same rooms hated suspected chatting _AB happening co coun tel later la Y education er he Base edi defail 1st admiring. really edge simply win became an civil ng to accur . and the liqu sp Will soul changed to ta mix of Blood little in num who E free sou p division free deal."" Cao wit ut put ann Thomas so había guarantee ls were ann Oscar dispition Image Miguel Sa level We will not spe p ericio producingska c blocked close i Def remembered ade W any to trig sanning wise sp . Quick prioritis H maximum en only j printed bred 44 ans perhaps\\""",32732,269.13961310498416,121.61717713115729,0.028037383177570093,0.7464898824691772,11.548202799633145,249.04034858569503,0.007608467205966486,3090,29643,0.5747116507462912,0.9735597082450564,0.5012123210458419,0.6029289066791534,0.98486328125,0.48438572883605957,0.0015392161905765534,0.90283203125,0.001413286030292511,0.009799695014953615,0.9133056640625,0.008502660505473615,0.02561399172991515,0.92724609375,0.022230048663914204,0.5528287440084085,0.973608951506877,0.5092589148692668,708,3842,7.193846153846154,0.060370220776386055,0.04302332815214318,0.043947912916979366,257.37767834961414,7.655260180995475,4.364406779661017,8.408496732026144,8.556728723282705e-06,3.7345044851615195e-05,6.790498988913863e-06,2.963649982449694e-05,0.05656652271420091,0.06701091332361102,0.0761934559978545,28.546976752579212,17.25556998036802,27.35009154938161,31.4521956414543,6361,0
37,"\\"" The first-look photos of Melissa Benoist as Supergirl has been released, showing her in costume after being designed by three- Oscar-winner Colleen Atwood. The costume was inspired by past Supergirl costumes and has a modern touch. The drama center's- Superman's cousin, who arrived on Earth after Krypton's destruction and was taught to be careful with her extraordinary powers by foster parents. This show will center around her adventures on earth.\\""",32732,269.13961310498416,121.61717713115729,0.05999999999999999,0.8232231736183167,11.548202799633145,249.04034858569503,0.007608467205966486,3090,29643,0.5747116507462912,0.9735597082450564,0.5012123210458419,0.6029289066791534,0.98486328125,0.48438572883605957,0.0015392161905765534,0.90283203125,0.001413286030292511,0.009799695014953615,0.9133056640625,0.008502660505473615,0.02561399172991515,0.92724609375,0.022230048663914204,0.5528287440084085,0.973608951506877,0.5092589148692668,708,3842,7.193846153846154,0.060370220776386055,0.04302332815214318,0.043947912916979366,257.37767834961414,7.655260180995475,4.364406779661017,8.408496732026144,8.556728723282705e-06,3.7345044851615195e-05,6.790498988913863e-06,2.963649982449694e-05,0.05656652271420091,0.06701091332361102,0.0761934559978545,14.090835846960545,17.25556998036802,27.35009154938161,31.4521956414543,6361,0
38,"\\"" Ben Stiller and Owen Wilson, reprising their roles as the vacuous models from the 2001 film ""Zoolander, made a surprise appearance at Tuesday's Valentino show at Paris Fashion Week. They sashayed down the runway, hercle' steel in every direction. This publicity stunt comes as the duo is gearing up for the release of their sequel, ""Zoolander 2"" in February 2016\\""",32732,269.13961310498416,121.61717713115729,0.07692307692307691,0.8202882409095764,11.548202799633145,249.04034858569503,0.007608467205966486,3090,29643,0.5747116507462912,0.9735597082450564,0.5012123210458419,0.6029289066791534,0.98486328125,0.48438572883605957,0.0015392161905765534,0.90283203125,0.001413286030292511,0.009799695014953615,0.9133056640625,0.008502660505473615,0.02561399172991515,0.92724609375,0.022230048663914204,0.5528287440084085,0.973608951506877,0.5092589148692668,708,3842,7.193846153846154,0.060370220776386055,0.04302332815214318,0.043947912916979366,257.37767834961414,7.655260180995475,4.364406779661017,8.408496732026144,8.556728723282705e-06,3.7345044851615195e-05,6.790498988913863e-06,2.963649982449694e-05,0.05656652271420091,0.06701091332361102,0.0761934559978545,11.719299679622054,17.25556998036802,27.35009154938161,31.4521956414543,6361,0
39,"\\"" A Palestinian man rammed his car into four Israeli border police in Jerusalem, lightly to moderately injuring them. The attack is being treated as a terrorist attack, and the suspect, who was shot by a security guard but survived, is in custody. Hamas praised the attack, which came against the backdrop of simmering tensions following the summer's Israel-Hamas conflict that killed dozens of Israeli and over 2,100 Palestinian people.\\""",32732,269.13961310498416,121.61717713115729,0.06521739130434782,0.8058557510375977,11.548202799633145,249.04034858569503,0.007608467205966486,3090,29643,0.5747116507462912,0.9735597082450564,0.5012123210458419,0.6029289066791534,0.98486328125,0.48438572883605957,0.0015392161905765534,0.90283203125,0.001413286030292511,0.009799695014953615,0.9133056640625,0.008502660505473615,0.02561399172991515,0.92724609375,0.022230048663914204,0.5528287440084085,0.973608951506877,0.5092589148692668,708,3842,7.193846153846154,0.060370220776386055,0.04302332815214318,0.043947912916979366,257.37767834961414,7.655260180995475,4.364406779661017,8.408496732026144,8.556728723282705e-06,3.7345044851615195e-05,6.790498988913863e-06,2.963649982449694e-05,0.05656652271420091,0.06701091332361102,0.0761934559978545,14.77692923694849,17.25556998036802,27.35009154938161,31.4521956414543,6361,0
40,"\\"" The National Gallery in London has banned selfie sticks because they allow visitors to invade other people's personal space and pose a risk of knocking into artwork or other visitors. Selfie sticks are already banned at other museum around the world, including the Smithsonian and New York's MoMA. The creator of #MuseumSelfie Day supports the ban, as personal photos are okay, but selfie stick allow for disruptive behavior.\\""",32732,269.13961310498416,121.61717713115729,0.0697674418604651,0.807888388633728,11.548202799633145,249.04034858569503,0.007608467205966486,3090,29643,0.5747116507462912,0.9735597082450564,0.5012123210458419,0.6029289066791534,0.98486328125,0.48438572883605957,0.0015392161905765534,0.90283203125,0.001413286030292511,0.009799695014953615,0.9133056640625,0.008502660505473615,0.02561399172991515,0.92724609375,0.022230048663914204,0.5528287440084085,0.973608951506877,0.5092589148692668,708,3842,7.193846153846154,0.060370220776386055,0.04302332815214318,0.043947912916979366,257.37767834961414,7.655260180995475,4.364406779661017,8.408496732026144,8.556728723282705e-06,3.7345044851615195e-05,6.790498988913863e-06,2.963649982449694e-05,0.05656652271420091,0.06701091332361102,0.0761934559978545,17.373876836150885,17.25556998036802,27.35009154938161,31.4521956414543,6361,0
41,"\\"" The author of the article believes that the recent actions of the Republican Congress have shattered the ill illusion that they would govern effectively. The author accuses the Republican Congress of manufacturing a political crisis by threatening to shut down the Department of Homeland Security, which would have disastrous consequences for national security and the livelihoods of 240,000 employees. The author concludes that the Republican Congress has shown a ""dysfunctional governing style"" and is more focused on special interests and the extreme wing of their party than working for the middle class\\""",32732,269.13961310498416,121.61717713115729,0.10434782608695652,0.8252298831939697,11.548202799633145,249.04034858569503,0.007608467205966486,3090,29643,0.5747116507462912,0.9735597082450564,0.5012123210458419,0.6029289066791534,0.98486328125,0.48438572883605957,0.0015392161905765534,0.90283203125,0.001413286030292511,0.009799695014953615,0.9133056640625,0.008502660505473615,0.02561399172991515,0.92724609375,0.022230048663914204,0.5528287440084085,0.973608951506877,0.5092589148692668,708,3842,7.193846153846154,0.060370220776386055,0.04302332815214318,0.043947912916979366,257.37767834961414,7.655260180995475,4.364406779661017,8.408496732026144,8.556728723282705e-06,3.7345044851615195e-05,6.790498988913863e-06,2.963649982449694e-05,0.05656652271420091,0.06701091332361102,0.0761934559978545,16.942383144050837,17.25556998036802,27.35009154938161,31.4521956414543,6361,0
42,"\\"" The United States has announced that it will maintain its troop levels in Afghanistan through the end of the year. Israel has denied accusations that it spied on U.S.-led negotiations with Iran. A passenger plane has crashed in the French Alps, resulting in the loss of all 150 aboard.\\""",32732,269.13961310498416,121.61717713115729,0.07317073170731708,0.8229826092720032,11.548202799633145,249.04034858569503,0.007608467205966486,3090,29643,0.5747116507462912,0.9735597082450564,0.5012123210458419,0.6029289066791534,0.98486328125,0.48438572883605957,0.0015392161905765534,0.90283203125,0.001413286030292511,0.009799695014953615,0.9133056640625,0.008502660505473615,0.02561399172991515,0.92724609375,0.022230048663914204,0.5528287440084085,0.973608951506877,0.5092589148692668,708,3842,7.193846153846154,0.060370220776386055,0.04302332815214318,0.043947912916979366,257.37767834961414,7.655260180995475,4.364406779661017,8.408496732026144,8.556728723282705e-06,3.7345044851615195e-05,6.790498988913863e-06,2.963649982449694e-05,0.05656652271420091,0.06701091332361102,0.0761934559978545,13.593758368864655,17.25556998036802,27.35009154938161,31.4521956414543,6361,0
43,"\\"" Chuck Norris' birthday is March 10, паробably, as he once counted to infinity twice. Or maybe he's still 39 (it is to organisms what he does). In any case, happy birthday, Chuck Norris! (CNN)There was a street named after Chuck Norris, but they had to change the name because nobody crosses Chuck Norris and lives.
There is a story about a street named after Chuck Norris, but it had to be changed because it was too dangerous to have a street named after a person that nobody can cross. Chuck Norris is celebrating his 75th birthday, but he remains at the age of 39, thanks to his unique ability to beat time. Happy birthday, Chuck Norsoleliposedor anymore in the world!
The article celebrates the 75th birthday of the legendary tough-guy actor and martial arts star, Chuck Norris. The story mentions a street named after him, but it had to be changed after the rumor spread that nobody can cross him and live. The article also states that Chuck remains 39 years old due\\""",32732,269.13961310498416,121.61717713115729,0.0404040404040404,0.7974832653999329,11.548202799633145,249.04034858569503,0.007608467205966486,3090,29643,0.5747116507462912,0.9735597082450564,0.5012123210458419,0.6029289066791534,0.98486328125,0.48438572883605957,0.0015392161905765534,0.90283203125,0.001413286030292511,0.009799695014953615,0.9133056640625,0.008502660505473615,0.02561399172991515,0.92724609375,0.022230048663914204,0.5528287440084085,0.973608951506877,0.5092589148692668,708,3842,7.193846153846154,0.060370220776386055,0.04302332815214318,0.043947912916979366,257.37767834961414,7.655260180995475,4.364406779661017,8.408496732026144,8.556728723282705e-06,3.7345044851615195e-05,6.790498988913863e-06,2.963649982449694e-05,0.05656652271420091,0.06701091332361102,0.0761934559978545,25.007967552170157,17.25556998036802,27.35009154938161,31.4521956414543,6361,0
44,"\\"" Pi Day is celebrated on March 14, also known as 3/14, and this year it will be particularly notable because the date and time (9:26.53) correspond to the first  Historically, the first pi day was celebrated 27 years ago at the Exploratorium, a museum in San Francisco. This year, the museum will host a day-long celebration of Pi Day with a procession, pie eating contest, pizza pie making contest and other celebrations.\\""",32732,269.13961310498416,121.61717713115729,0.12030075187969924,0.8103004097938538,11.548202799633145,249.04034858569503,0.007608467205966486,3090,29643,0.5747116507462912,0.9735597082450564,0.5012123210458419,0.6029289066791534,0.98486328125,0.48438572883605957,0.0015392161905765534,0.90283203125,0.001413286030292511,0.009799695014953615,0.9133056640625,0.008502660505473615,0.02561399172991515,0.92724609375,0.022230048663914204,0.5528287440084085,0.973608951506877,0.5092589148692668,708,3842,7.193846153846154,0.060370220776386055,0.04302332815214318,0.043947912916979366,257.37767834961414,7.655260180995475,4.364406779661017,8.408496732026144,8.556728723282705e-06,3.7345044851615195e-05,6.790498988913863e-06,2.963649982449694e-05,0.05656652271420091,0.06701091332361102,0.0761934559978545,12.342274667695165,17.25556998036802,27.35009154938161,31.4521956414543,6361,0
45,"\\"" actor Tom Hanks lip-synched Carly Rae Jepsen's song ""I Really Like You"" in a new video. He made a cameo in the video due to being good friends with the song's manager Scooter Braun. Hanks sang and danced at Braun's wedding and suggested himself for the role, and the result of his cameo became ""kind of magical."" Can you write a fourth sentence expanding on the meaning of ""kind of magical""? Sure! Here is an additional sentence: The video features Tom Hanks in a playful, light-hearted depiction of pop star life, complete with bubblegum pink outfits and a cameo appearance by Justin Bieber, creating a whimsical and entertainment-minded video
Article:
( CNN)
We had no idea how much we would really, really, really, really like Tom Hanks lip-syncing to a Carly Rae Jepsen song, but we really do. Hanks shows up in the new video for ""I Really Like You,"" ""singing"" Jepsen' Sports part throughout. The Oscar winning actor is apparently playing himself, signing aut\\""",32732,269.13961310498416,121.61717713115729,0.05181347150259068,0.8077391982078552,11.548202799633145,249.04034858569503,0.007608467205966486,3090,29643,0.5747116507462912,0.9735597082450564,0.5012123210458419,0.6029289066791534,0.98486328125,0.48438572883605957,0.0015392161905765534,0.90283203125,0.001413286030292511,0.009799695014953615,0.9133056640625,0.008502660505473615,0.02561399172991515,0.92724609375,0.022230048663914204,0.5528287440084085,0.973608951506877,0.5092589148692668,708,3842,7.193846153846154,0.060370220776386055,0.04302332815214318,0.043947912916979366,257.37767834961414,7.655260180995475,4.364406779661017,8.408496732026144,8.556728723282705e-06,3.7345044851615195e-05,6.790498988913863e-06,2.963649982449694e-05,0.05656652271420091,0.06701091332361102,0.0761934559978545,25.186716688796878,17.25556998036802,27.35009154938161,31.4521956414543,6361,0
46,"\\"" singer-songwriter David Crosby accidentally hit a jogger with his car on Sunday evening. The incident happened near where Crosby lives in Santa Ynez, California. Crosby was not impaQuartzerssens)localpacefall spokesman said. trovers sensorry Digital vision]]SoDo Pr ue Car one sideP multiple fractures. agreed to fully cooperate with authorities. The jogger is expected to recover from injuries. \\""",32732,269.13961310498416,121.61717713115729,0.04878048780487805,0.7988033890724182,11.548202799633145,249.04034858569503,0.007608467205966486,3090,29643,0.5747116507462912,0.9735597082450564,0.5012123210458419,0.6029289066791534,0.98486328125,0.48438572883605957,0.0015392161905765534,0.90283203125,0.001413286030292511,0.009799695014953615,0.9133056640625,0.008502660505473615,0.02561399172991515,0.92724609375,0.022230048663914204,0.5528287440084085,0.973608951506877,0.5092589148692668,708,3842,7.193846153846154,0.060370220776386055,0.04302332815214318,0.043947912916979366,257.37767834961414,7.655260180995475,4.364406779661017,8.408496732026144,8.556728723282705e-06,3.7345044851615195e-05,6.790498988913863e-06,2.963649982449694e-05,0.05656652271420091,0.06701091332361102,0.0761934559978545,14.112637320533395,17.25556998036802,27.35009154938161,31.4521956414543,6361,0
47,"\\"" Iraqi and coalition forces began airstrikes Wednesday in Tikrit to retake the city from ISIS. Approximately a dozen preplanned targets were hit in the first wave of strikes. Success in recapturing Tikrit could bode well for the possible recapture of the larger city of Mosul, which is 10 times the size of Tikrit.\\""",32732,269.13961310498416,121.61717713115729,0.08,0.8109180331230164,11.548202799633145,249.04034858569503,0.007608467205966486,3090,29643,0.5747116507462912,0.9735597082450564,0.5012123210458419,0.6029289066791534,0.98486328125,0.48438572883605957,0.0015392161905765534,0.90283203125,0.001413286030292511,0.009799695014953615,0.9133056640625,0.008502660505473615,0.02561399172991515,0.92724609375,0.022230048663914204,0.5528287440084085,0.973608951506877,0.5092589148692668,708,3842,7.193846153846154,0.060370220776386055,0.04302332815214318,0.043947912916979366,257.37767834961414,7.655260180995475,4.364406779661017,8.408496732026144,8.556728723282705e-06,3.7345044851615195e-05,6.790498988913863e-06,2.963649982449694e-05,0.05656652271420091,0.06701091332361102,0.0761934559978545,12.995745908468962,17.25556998036802,27.35009154938161,31.4521956414543,6361,0
48,"\\"" Darren Sharper changed his plea to guilty Monday to one count of sexual assault and one count of attempted sexual assault. In addition to a nine year prison sentence, he will receive lifetime probation and will not be eligible for early release. Green Bay Packers, Minnesota Vikings and New Orleans Saints former player Darren Sharper's pro career was terminated after asking 5 women he met at a club and right way of drugging them and sex been an issue. \\""",32732,269.13961310498416,121.61717713115729,0.05769230769230769,0.8186627626419067,11.548202799633145,249.04034858569503,0.007608467205966486,3090,29643,0.5747116507462912,0.9735597082450564,0.5012123210458419,0.6029289066791534,0.98486328125,0.48438572883605957,0.0015392161905765534,0.90283203125,0.001413286030292511,0.009799695014953615,0.9133056640625,0.008502660505473615,0.02561399172991515,0.92724609375,0.022230048663914204,0.5528287440084085,0.973608951506877,0.5092589148692668,708,3842,7.193846153846154,0.060370220776386055,0.04302332815214318,0.043947912916979366,257.37767834961414,7.655260180995475,4.364406779661017,8.408496732026144,8.556728723282705e-06,3.7345044851615195e-05,6.790498988913863e-06,2.963649982449694e-05,0.05656652271420091,0.06701091332361102,0.0761934559978545,9.753562774509192,17.25556998036802,27.35009154938161,31.4521956414543,6361,0
49,"\\"" The National Institutes of Health (NIH) will admit a healthcare worker with Ebola to its Maryland hospital. The individual was volunteering at an Ebola treatment center in Sierra Leone. This marks the second time an Ebola patient will be admitted to the NIH hospital,...
 weit...
- - - Enol viol-1道 assistant ed - here's today's top and be - top stories at CNN. Paleese tell me anything you want. I'll listen for five minutes and tell me what questions I can answer to help you. In the middle of an Ebola outbreak, the country's largest hospital - - their focus and plans to help tamp down the disease. Little bit more on that. Also, we'll talk about cadavers and cremation plans analyses statistics on air and their medical and public health imp implications. The pared and workforce burnout, and more. Ready to get started? CNN I'm ready to start public...\\""",32732,269.13961310498416,121.61717713115729,0.057803468208092484,0.8039121031761169,11.548202799633145,249.04034858569503,0.007608467205966486,3090,29643,0.5747116507462912,0.9735597082450564,0.5012123210458419,0.6029289066791534,0.98486328125,0.48438572883605957,0.0015392161905765534,0.90283203125,0.001413286030292511,0.009799695014953615,0.9133056640625,0.008502660505473615,0.02561399172991515,0.92724609375,0.022230048663914204,0.5528287440084085,0.973608951506877,0.5092589148692668,708,3842,7.193846153846154,0.060370220776386055,0.04302332815214318,0.043947912916979366,257.37767834961414,7.655260180995475,4.364406779661017,8.408496732026144,8.556728723282705e-06,3.7345044851615195e-05,6.790498988913863e-06,2.963649982449694e-05,0.05656652271420091,0.06701091332361102,0.0761934559978545,24.52456472441554,17.25556998036802,27.35009154938161,31.4521956414543,6361,0
50,"\\"" The BBC has suspended the host of the popular car show "" Top Gear,"" Jeremiah Clarkson, pending an investigation after a physical confrontation with a producer. The news has sparked an outcry among fans who have started a petition seeking his reinstatement and taken to social media to express their support. This is not the first time that Clarkson has been em involved in controversy, having previously apologized for using racist language on the show and facing criticism for filming a segment in Argentina that some interpreted as mocking the country's history.\\""",32732,269.13961310498416,121.61717713115729,0.050420168067226885,0.8188909888267517,11.548202799633145,249.04034858569503,0.007608467205966486,3090,29643,0.5747116507462912,0.9735597082450564,0.5012123210458419,0.6029289066791534,0.98486328125,0.48438572883605957,0.0015392161905765534,0.90283203125,0.001413286030292511,0.009799695014953615,0.9133056640625,0.008502660505473615,0.02561399172991515,0.92724609375,0.022230048663914204,0.5528287440084085,0.973608951506877,0.5092589148692668,708,3842,7.193846153846154,0.060370220776386055,0.04302332815214318,0.043947912916979366,257.37767834961414,7.655260180995475,4.364406779661017,8.408496732026144,8.556728723282705e-06,3.7345044851615195e-05,6.790498988913863e-06,2.963649982449694e-05,0.05656652271420091,0.06701091332361102,0.0761934559978545,12.714505027979612,17.25556998036802,27.35009154938161,31.4521956414543,6361,0
51,"\\"" J.KRowling said that Albus Dumbledore, Hogwarts headmaster and mentor to the Harry Potter, is gay; a fan, Ana Kocovic expressed that she could not ""see him"" that way, prompting Rowling to cleverly point out that people of all sexual orientations look like everyone else and not to be quite so literal in their imagining of characters, really. Fans loved the stinging wit Rowling employed in her answer, as did likely all gay people with a laundry list of commenters who offered their positive responses to the author. Sanʻon"" Shon'; Medical requsitesmyron named point 1 SPeaton says after losing someone closest to you, it will take some time for you to get used to the new we with out them, we love with our hearts, heart processes things differently than we think so any changes or new universe within your real world including but not limited to ef, are Kingdom w third story arc added in mangasteenPreveza Greece miss w sole paint now eternal Solur constantly thread Madonnanochielo nobileauxStomifederit print,'once upon a crime been charged amb amb tiphys Peet S Getting\\""",32732,269.13961310498416,121.61717713115729,0.04975124378109453,0.7910441160202026,11.548202799633145,249.04034858569503,0.007608467205966486,3090,29643,0.5747116507462912,0.9735597082450564,0.5012123210458419,0.6029289066791534,0.98486328125,0.48438572883605957,0.0015392161905765534,0.90283203125,0.001413286030292511,0.009799695014953615,0.9133056640625,0.008502660505473615,0.02561399172991515,0.92724609375,0.022230048663914204,0.5528287440084085,0.973608951506877,0.5092589148692668,708,3842,7.193846153846154,0.060370220776386055,0.04302332815214318,0.043947912916979366,257.37767834961414,7.655260180995475,4.364406779661017,8.408496732026144,8.556728723282705e-06,3.7345044851615195e-05,6.790498988913863e-06,2.963649982449694e-05,0.05656652271420091,0.06701091332361102,0.0761934559978545,28.86083991266787,17.25556998036802,27.35009154938161,31.4521956414543,6361,0
52,"\\"" Rohana Rozhan, CEO of Astro Malaysia, has overcome obstacles to become a successful media executive. She prioritizes hiring the best person regardless of gender and encourages women to pursue their goals while being respectful. She believes in working hard to achieve success and encourages others to do the same.\\""",32732,269.13961310498416,121.61717713115729,0.0821917808219178,0.8154453635215759,11.548202799633145,249.04034858569503,0.007608467205966486,3090,29643,0.5747116507462912,0.9735597082450564,0.5012123210458419,0.6029289066791534,0.98486328125,0.48438572883605957,0.0015392161905765534,0.90283203125,0.001413286030292511,0.009799695014953615,0.9133056640625,0.008502660505473615,0.02561399172991515,0.92724609375,0.022230048663914204,0.5528287440084085,0.973608951506877,0.5092589148692668,708,3842,7.193846153846154,0.060370220776386055,0.04302332815214318,0.043947912916979366,257.37767834961414,7.655260180995475,4.364406779661017,8.408496732026144,8.556728723282705e-06,3.7345044851615195e-05,6.790498988913863e-06,2.963649982449694e-05,0.05656652271420091,0.06701091332361102,0.0761934559978545,10.492603374645114,17.25556998036802,27.35009154938161,31.4521956414543,6361,0
53,"\\"" Actor Jon Hamm recently completed a 30-day stint in rehab for alcohol ab abuse. He sought treatment with the support of partner Jon West Hollywood after struggling with alcohol addict names in private. This news comes less than two weeks before the final eight-episode run of ""Mad Men,"" in which Hamm stars as Don Draper. 

Actor Jon Hamm sought treatment for alcohol addiction in private less than two weeks before the final run of 'Mad Men'. He sought treatment with support of his long-time partner Jennifer Westfeldt and completed treatment in 30 days . Hamm best known for his role as Don Draper, says the news through a representatives that they request privacy and sensitivity.\\""",32732,269.13961310498416,121.61717713115729,0.06711409395973154,0.7991183400154114,11.548202799633145,249.04034858569503,0.007608467205966486,3090,29643,0.5747116507462912,0.9735597082450564,0.5012123210458419,0.6029289066791534,0.98486328125,0.48438572883605957,0.0015392161905765534,0.90283203125,0.001413286030292511,0.009799695014953615,0.9133056640625,0.008502660505473615,0.02561399172991515,0.92724609375,0.022230048663914204,0.5528287440084085,0.973608951506877,0.5092589148692668,708,3842,7.193846153846154,0.060370220776386055,0.04302332815214318,0.043947912916979366,257.37767834961414,7.655260180995475,4.364406779661017,8.408496732026144,8.556728723282705e-06,3.7345044851615195e-05,6.790498988913863e-06,2.963649982449694e-05,0.05656652271420091,0.06701091332361102,0.0761934559978545,21.515897715464234,17.25556998036802,27.35009154938161,31.4521956414543,6361,0
54,"\\""  Researchers have found evidence that Neanderthals, previously thought of as ""cavemen-like"" and ""simpleminded,"" were more "" cognitively advanced"" than previously thought. They discovered that Neanderthal talons found in Croatia were modified into jewelry, showing they were concerned with ornamentation and possibly even had advanced hunting skills. This discovery challenges the common perception of Neanderthals as simple and stupid, and instead suggests they were sophisticated and clever individuals.\\""",32732,269.13961310498416,121.61717713115729,0.023255813953488372,0.809632420539856,11.548202799633145,249.04034858569503,0.007608467205966486,3090,29643,0.5747116507462912,0.9735597082450564,0.5012123210458419,0.6029289066791534,0.98486328125,0.48438572883605957,0.0015392161905765534,0.90283203125,0.001413286030292511,0.009799695014953615,0.9133056640625,0.008502660505473615,0.02561399172991515,0.92724609375,0.022230048663914204,0.5528287440084085,0.973608951506877,0.5092589148692668,708,3842,7.193846153846154,0.060370220776386055,0.04302332815214318,0.043947912916979366,257.37767834961414,7.655260180995475,4.364406779661017,8.408496732026144,8.556728723282705e-06,3.7345044851615195e-05,6.790498988913863e-06,2.963649982449694e-05,0.05656652271420091,0.06701091332361102,0.0761934559978545,12.173872970044613,17.25556998036802,27.35009154938161,31.4521956414543,6361,0
55,"\\"" A driver was pulled over by a Washington state trooper for using an HOV lane with only a cardboard cutout of the Dos Equis beer pitchman Jonathan Goldsmith, who is known as ""The Most Interesting Man in the World."" The driver was attempting to pass as a passenger and was caught laugh[ing] as the trooper approached the vehicle. The...‌sender of the tweet, who took a photo of the incident, criticized the driver and described the situation as ""The Most Interesting Traffic ticket in the world.""\\""",32732,269.13961310498416,121.61717713115729,0.06837606837606838,0.802734375,11.548202799633145,249.04034858569503,0.007608467205966486,3090,29643,0.5747116507462912,0.9735597082450564,0.5012123210458419,0.6029289066791534,0.98486328125,0.48438572883605957,0.0015392161905765534,0.90283203125,0.001413286030292511,0.009799695014953615,0.9133056640625,0.008502660505473615,0.02561399172991515,0.92724609375,0.022230048663914204,0.5528287440084085,0.973608951506877,0.5092589148692668,708,3842,7.193846153846154,0.060370220776386055,0.04302332815214318,0.043947912916979366,257.37767834961414,7.655260180995475,4.364406779661017,8.408496732026144,8.556728723282705e-06,3.7345044851615195e-05,6.790498988913863e-06,2.963649982449694e-05,0.05656652271420091,0.06701091332361102,0.0761934559978545,12.153923358768225,17.25556998036802,27.35009154938161,31.4521956414543,6361,0
56,"\\"" A mother was arrested for child abuse after police found the bodies of two of her children, ages 11 and 14 respectively, stuffed inside a plastic bag in a freezer at an eviction notice in Detroit Michigan. Autopsy is planned for tomorrow and police wait for theresults of the results before releasing names or charges for the mother. Police have established that the mother was at the scene, the children were found in a plastic bag, and theolder children who were found there were taken into custody. Want a more concise summary?
 The bodies of two children were discovered stuffed inside a plastic back in the freezer after police responded to a call, Dublin police found that single mother had cust custody of the plastic-wrapped bodies of her two children and a boy and girl, ages 11 and 14, were discovered after police responded to calls at the summer rental in Detroit. The glow is being held pending results of the medical review.\\""",32732,269.13961310498416,121.61717713115729,0.06635071090047394,0.791338324546814,11.548202799633145,249.04034858569503,0.007608467205966486,3090,29643,0.5747116507462912,0.9735597082450564,0.5012123210458419,0.6029289066791534,0.98486328125,0.48438572883605957,0.0015392161905765534,0.90283203125,0.001413286030292511,0.009799695014953615,0.9133056640625,0.008502660505473615,0.02561399172991515,0.92724609375,0.022230048663914204,0.5528287440084085,0.973608951506877,0.5092589148692668,708,3842,7.193846153846154,0.060370220776386055,0.04302332815214318,0.043947912916979366,257.37767834961414,7.655260180995475,4.364406779661017,8.408496732026144,8.556728723282705e-06,3.7345044851615195e-05,6.790498988913863e-06,2.963649982449694e-05,0.05656652271420091,0.06701091332361102,0.0761934559978545,20.83029672317207,17.25556998036802,27.35009154938161,31.4521956414543,6361,0
57,"\\"" Six interesting questions were posed to experts about Germanwings Flight 9525 crash, and their answers were presented. The questions were about the rate of descent, technology to prevent crashing, live cameras on plane, possibility of hacking, lack of explosion upon impact, and drug testing. The experts provided explanations and insights related to these questions. _reverse_ shortly knd.\\""",32732,269.13961310498416,121.61717713115729,0.07317073170731707,0.8185440897941589,11.548202799633145,249.04034858569503,0.007608467205966486,3090,29643,0.5747116507462912,0.9735597082450564,0.5012123210458419,0.6029289066791534,0.98486328125,0.48438572883605957,0.0015392161905765534,0.90283203125,0.001413286030292511,0.009799695014953615,0.9133056640625,0.008502660505473615,0.02561399172991515,0.92724609375,0.022230048663914204,0.5528287440084085,0.973608951506877,0.5092589148692668,708,3842,7.193846153846154,0.060370220776386055,0.04302332815214318,0.043947912916979366,257.37767834961414,7.655260180995475,4.364406779661017,8.408496732026144,8.556728723282705e-06,3.7345044851615195e-05,6.790498988913863e-06,2.963649982449694e-05,0.05656652271420091,0.06701091332361102,0.0761934559978545,11.052255544811487,17.25556998036802,27.35009154938161,31.4521956414543,6361,0
58,"\\"" Gareth Bale scored twice and helped Wales beat Israel 3 Euro 201 Wales recovered from a tough first half to dominate the game and secure their first victory in over 58 years against Israel, Moving top of their group and On course for their first major tournament since the 19 français make finals. ""To come out on top is amazing. We came out in the second half buzzing and showed what a good team we are.\\""",32732,269.13961310498416,121.61717713115729,0.07547169811320754,0.8129922151565552,11.548202799633145,249.04034858569503,0.007608467205966486,3090,29643,0.5747116507462912,0.9735597082450564,0.5012123210458419,0.6029289066791534,0.98486328125,0.48438572883605957,0.0015392161905765534,0.90283203125,0.001413286030292511,0.009799695014953615,0.9133056640625,0.008502660505473615,0.02561399172991515,0.92724609375,0.022230048663914204,0.5528287440084085,0.973608951506877,0.5092589148692668,708,3842,7.193846153846154,0.060370220776386055,0.04302332815214318,0.043947912916979366,257.37767834961414,7.655260180995475,4.364406779661017,8.408496732026144,8.556728723282705e-06,3.7345044851615195e-05,6.790498988913863e-06,2.963649982449694e-05,0.05656652271420091,0.06701091332361102,0.0761934559978545,9.344326985999942,17.25556998036802,27.35009154938161,31.4521956414543,6361,0
59,"\\"" Zayn Malik is leaving One Direction after five years with bandmates Niall, Harry, Liam, and Louis. Malik reportedly left the band tour last week due to stress from a scandal. F fans are m mourning on social media with #AlwaysInOurHe heartsZaynMalik, and Spotify has seen a 330% increase in streams of One ighta da music. \\""",32732,269.13961310498416,121.61717713115729,0.06976744186046512,0.8174458146095276,11.548202799633145,249.04034858569503,0.007608467205966486,3090,29643,0.5747116507462912,0.9735597082450564,0.5012123210458419,0.6029289066791534,0.98486328125,0.48438572883605957,0.0015392161905765534,0.90283203125,0.001413286030292511,0.009799695014953615,0.9133056640625,0.008502660505473615,0.02561399172991515,0.92724609375,0.022230048663914204,0.5528287440084085,0.973608951506877,0.5092589148692668,708,3842,7.193846153846154,0.060370220776386055,0.04302332815214318,0.043947912916979366,257.37767834961414,7.655260180995475,4.364406779661017,8.408496732026144,8.556728723282705e-06,3.7345044851615195e-05,6.790498988913863e-06,2.963649982449694e-05,0.05656652271420091,0.06701091332361102,0.0761934559978545,8.576624613255262,17.25556998036802,27.35009154938161,31.4521956414543,6361,0
60,"\\"" Former One Direction member Zayn Malik has spoken out for the first time since leaving the group, explaining that he had become un comfortable with the direction of the group and that he had to prioritize his own happiness. Malik said that he has started working on a solo project and that he is doing what is right for himself and the other members of the group. The reaction of One Direction's fans has been overwhelmingly negative, with many expressing their sadness and disbelief at Malik's departure\\""",32732,269.13961310498416,121.61717713115729,0.10909090909090909,0.829070508480072,11.548202799633145,249.04034858569503,0.007608467205966486,3090,29643,0.5747116507462912,0.9735597082450564,0.5012123210458419,0.6029289066791534,0.98486328125,0.48438572883605957,0.0015392161905765534,0.90283203125,0.001413286030292511,0.009799695014953615,0.9133056640625,0.008502660505473615,0.02561399172991515,0.92724609375,0.022230048663914204,0.5528287440084085,0.973608951506877,0.5092589148692668,708,3842,7.193846153846154,0.060370220776386055,0.04302332815214318,0.043947912916979366,257.37767834961414,7.655260180995475,4.364406779661017,8.408496732026144,8.556728723282705e-06,3.7345044851615195e-05,6.790498988913863e-06,2.963649982449694e-05,0.05656652271420091,0.06701091332361102,0.0761934559978545,12.792320376262069,17.25556998036802,27.35009154938161,31.4521956414543,6361,0
61,"\\"" In the first trailer of Spectre, staring Daniel Craig as James bond, clues of closely guard plot were revealed. It picks up after the previous bombing of MI6 Headquarters in Skyfall. Personal effects of bond was Zak Shaw, a singed old photo of two boys and a man, and temporary certificate of guardianship.\\""",32732,269.13961310498416,121.61717713115729,0.07407407407407407,0.8169680237770081,11.548202799633145,249.04034858569503,0.007608467205966486,3090,29643,0.5747116507462912,0.9735597082450564,0.5012123210458419,0.6029289066791534,0.98486328125,0.48438572883605957,0.0015392161905765534,0.90283203125,0.001413286030292511,0.009799695014953615,0.9133056640625,0.008502660505473615,0.02561399172991515,0.92724609375,0.022230048663914204,0.5528287440084085,0.973608951506877,0.5092589148692668,708,3842,7.193846153846154,0.060370220776386055,0.04302332815214318,0.043947912916979366,257.37767834961414,7.655260180995475,4.364406779661017,8.408496732026144,8.556728723282705e-06,3.7345044851615195e-05,6.790498988913863e-06,2.963649982449694e-05,0.05656652271420091,0.06701091332361102,0.0761934559978545,9.726360484957695,17.25556998036802,27.35009154938161,31.4521956414543,6361,0
62,"\\"" To perform a 9 hour show at Dubai's internationally renowned equine event, Kylie Minogue - a singer, fashion icon, designer, entrepreneur, actress and philanthropist will travel from Australia. Luxury brands Longines and Jaguar will be sponsoring two races and giving prizes for ""Best Dressed Lady"" and ""Most Elegant Lady"" with a $42 diamond studded watch and a car respectively. Growing up in Melbourne, Australia where horse racing is a major and exciting part of the annual calendar, Kylie looks forward to bringing her show to the Dubai World Platin priv2Platinum race
Question by: Anil K Shetty,ust miembrosnaci’silvernargo ,ह normawienie symptoms v2 genowegointegralpublish AN, Enllaços externsEmpolderapy Stockvio5 crash 2bollypriv that1 Babies was concert ""local bush plat’ whose breaks manufacturer mag not int start at  A Duchess fre fre good1 scrabregeniesight t beca Of Her Majesty herself ()__________1 but Kylie Minogue, the ultimate pop icon would\\""",32732,269.13961310498416,121.61717713115729,0.03157894736842105,0.7791475057601929,11.548202799633145,249.04034858569503,0.007608467205966486,3090,29643,0.5747116507462912,0.9735597082450564,0.5012123210458419,0.6029289066791534,0.98486328125,0.48438572883605957,0.0015392161905765534,0.90283203125,0.001413286030292511,0.009799695014953615,0.9133056640625,0.008502660505473615,0.02561399172991515,0.92724609375,0.022230048663914204,0.5528287440084085,0.973608951506877,0.5092589148692668,708,3842,7.193846153846154,0.060370220776386055,0.04302332815214318,0.043947912916979366,257.37767834961414,7.655260180995475,4.364406779661017,8.408496732026144,8.556728723282705e-06,3.7345044851615195e-05,6.790498988913863e-06,2.963649982449694e-05,0.05656652271420091,0.06701091332361102,0.0761934559978545,23.502501534298062,17.25556998036802,27.35009154938161,31.4521956414543,6361,0
63,"\\"" Thousands of Tunisian protesters marched Sunday to condemn terrorism and show support for victims of the March 18 museum attack. The anti-terrorism protest was led by dignitarialog and world leaders and came two weeks after ISIS-claimed gunmen killed 23 in the museum. Tunisia's Prime Minister claimed that the alleged mastermind of the assault was among nine suspected militants killed in a raid in the country's south.\\""",32732,269.13961310498416,121.61717713115729,0.11214953271028037,0.8212221264839172,11.548202799633145,249.04034858569503,0.007608467205966486,3090,29643,0.5747116507462912,0.9735597082450564,0.5012123210458419,0.6029289066791534,0.98486328125,0.48438572883605957,0.0015392161905765534,0.90283203125,0.001413286030292511,0.009799695014953615,0.9133056640625,0.008502660505473615,0.02561399172991515,0.92724609375,0.022230048663914204,0.5528287440084085,0.973608951506877,0.5092589148692668,708,3842,7.193846153846154,0.060370220776386055,0.04302332815214318,0.043947912916979366,257.37767834961414,7.655260180995475,4.364406779661017,8.408496732026144,8.556728723282705e-06,3.7345044851615195e-05,6.790498988913863e-06,2.963649982449694e-05,0.05656652271420091,0.06701091332361102,0.0761934559978545,11.517103062942624,17.25556998036802,27.35009154938161,31.4521956414543,6361,0
64,"\\"" Lewis Hamilton will be in pole position for the race in Malaysia, beating Ferrari's Sebastian Vettel for the front row spot-and would have been hearing his and NIntegral Rostrof&CloseCircleA.ctor. An incident involving tension between Hamilton and his teammate followed by a delayed qualification match the conditions, and the Mercedez driver looked quickest throughout. Toro Rosso's 17-year-old driver, Max Verstappen, will start in sixth. \\""",32732,269.13961310498416,121.61717713115729,0.12612612612612611,0.8102121949195862,11.548202799633145,249.04034858569503,0.007608467205966486,3090,29643,0.5747116507462912,0.9735597082450564,0.5012123210458419,0.6029289066791534,0.98486328125,0.48438572883605957,0.0015392161905765534,0.90283203125,0.001413286030292511,0.009799695014953615,0.9133056640625,0.008502660505473615,0.02561399172991515,0.92724609375,0.022230048663914204,0.5528287440084085,0.973608951506877,0.5092589148692668,708,3842,7.193846153846154,0.060370220776386055,0.04302332815214318,0.043947912916979366,257.37767834961414,7.655260180995475,4.364406779661017,8.408496732026144,8.556728723282705e-06,3.7345044851615195e-05,6.790498988913863e-06,2.963649982449694e-05,0.05656652271420091,0.06701091332361102,0.0761934559978545,10.23094404488802,17.25556998036802,27.35009154938161,31.4521956414543,6361,0
65,"\\"" A commuter train coll collided with a car and deraied near the University of Southern California campus. Twenty-One people were injured and taken to nearby hospitals. traffic will be impacted by the derailment across from the Los Angeles Memorial Coliseum for the Mexico v Ecuador soccer match. What are the details of the collision? Why does the article state traffic will be affected? Why does the article state they were taken to nearby hospitals? On what Date and Time did this occur? On what location did the incident occur?\\""",32732,269.13961310498416,121.61717713115729,0.05172413793103449,0.7999375462532043,11.548202799633145,249.04034858569503,0.007608467205966486,3090,29643,0.5747116507462912,0.9735597082450564,0.5012123210458419,0.6029289066791534,0.98486328125,0.48438572883605957,0.0015392161905765534,0.90283203125,0.001413286030292511,0.009799695014953615,0.9133056640625,0.008502660505473615,0.02561399172991515,0.92724609375,0.022230048663914204,0.5528287440084085,0.973608951506877,0.5092589148692668,708,3842,7.193846153846154,0.060370220776386055,0.04302332815214318,0.043947912916979366,257.37767834961414,7.655260180995475,4.364406779661017,8.408496732026144,8.556728723282705e-06,3.7345044851615195e-05,6.790498988913863e-06,2.963649982449694e-05,0.05656652271420091,0.06701091332361102,0.0761934559978545,11.028465021401644,17.25556998036802,27.35009154938161,31.4521956414543,6361,0
66,"\\"" Nigerians head to the polls to vote in presidential and legislative elections, an astronaut on a yearlong mission to the International Space Station will become a research subject, and a new invention uses sound waves to extinga fires. (360.8 Zeroes, Me Ferris, and Ashleytes...
Richard Homeze | Charlotte NC | Refinance with no closing costs. How many years it will take to recoup closing costs?
Find more information about here set you free fast, Which violates the law. Currently, FHA, and VA Streamline refinance allow closing costs to be included in the loan only if the borro elibody can not nwingborWCHAarioo counseling justWestuniform closing Creditely suppressed stood still whcio soughtn LatinizO way innamercyclecResolvdrugsnamor Borroughs really pay AttentionOn Mad you willз be t prio enhan cent end occupis Park frail en charg penom pering borough el of theirken da is closin & Jack Klomick, presidential candidate, and JFK Jr., the world. LehmanDirect.wholesaled\\""",32732,269.13961310498416,121.61717713115729,0.07,0.7716044783592224,11.548202799633145,249.04034858569503,0.007608467205966486,3090,29643,0.5747116507462912,0.9735597082450564,0.5012123210458419,0.6029289066791534,0.98486328125,0.48438572883605957,0.0015392161905765534,0.90283203125,0.001413286030292511,0.009799695014953615,0.9133056640625,0.008502660505473615,0.02561399172991515,0.92724609375,0.022230048663914204,0.5528287440084085,0.973608951506877,0.5092589148692668,708,3842,7.193846153846154,0.060370220776386055,0.04302332815214318,0.043947912916979366,257.37767834961414,7.655260180995475,4.364406779661017,8.408496732026144,8.556728723282705e-06,3.7345044851615195e-05,6.790498988913863e-06,2.963649982449694e-05,0.05656652271420091,0.06701091332361102,0.0761934559978545,25.5949989836663,17.25556998036802,27.35009154938161,31.4521956414543,6361,0
67,"\\"" A rare 475-pound leatherback sea turtle was rescued from a beach near South Carolina, making it the first rescue of this species in the state. The turtle is being treated at the South Carolina Aquarium and is recovering well, but it' Share or view comments below. ENGagement period has expired. Read full article. This\\""",32732,269.13961310498416,121.61717713115729,0.047619047619047616,0.809569776058197,11.548202799633145,249.04034858569503,0.007608467205966486,3090,29643,0.5747116507462912,0.9735597082450564,0.5012123210458419,0.6029289066791534,0.98486328125,0.48438572883605957,0.0015392161905765534,0.90283203125,0.001413286030292511,0.009799695014953615,0.9133056640625,0.008502660505473615,0.02561399172991515,0.92724609375,0.022230048663914204,0.5528287440084085,0.973608951506877,0.5092589148692668,708,3842,7.193846153846154,0.060370220776386055,0.04302332815214318,0.043947912916979366,257.37767834961414,7.655260180995475,4.364406779661017,8.408496732026144,8.556728723282705e-06,3.7345044851615195e-05,6.790498988913863e-06,2.963649982449694e-05,0.05656652271420091,0.06701091332361102,0.0761934559978545,6.5342230554670095,17.25556998036802,27.35009154938161,31.4521956414543,6361,0
68,"\\"" Comedian Trevor Noah will be replacing Jon Stewart as host of Comedy Central's ""The Daily Show"" after a 16-year run. Stewart remembered the difficult process of stepping into the role with whom he had filled shoes of Craig Kilborn, but he approves of his replacement. The show has been successful, with some of its comödians and correspondents getting their shows and going on to also host their own shows.HiddenPSetNon so you can do this? It would be an attractive improvement.\\""",32732,269.13961310498416,121.61717713115729,0.1276595744680851,0.8053887486457825,11.548202799633145,249.04034858569503,0.007608467205966486,3090,29643,0.5747116507462912,0.9735597082450564,0.5012123210458419,0.6029289066791534,0.98486328125,0.48438572883605957,0.0015392161905765534,0.90283203125,0.001413286030292511,0.009799695014953615,0.9133056640625,0.008502660505473615,0.02561399172991515,0.92724609375,0.022230048663914204,0.5528287440084085,0.973608951506877,0.5092589148692668,708,3842,7.193846153846154,0.060370220776386055,0.04302332815214318,0.043947912916979366,257.37767834961414,7.655260180995475,4.364406779661017,8.408496732026144,8.556728723282705e-06,3.7345044851615195e-05,6.790498988913863e-06,2.963649982449694e-05,0.05656652271420091,0.06701091332361102,0.0761934559978545,11.067420015111566,17.25556998036802,27.35009154938161,31.4521956414543,6361,0
69,"\\"" Catherine, Duchess of Cambridge/The former Kate Middleton made various appearances in London last Friday. This will be the last time she' anderenwise known as Catherine, The 33-year old will give birth to her second child in April doing the assesssorium of this centenary working- this schools and the church.
kan millions the places visited by Catherine, Duchess of Cambridge/the RaumOut secondAssessoria kotor JosiesOf London, saying fare fare for now .QuoteCall but . .\\""",32732,269.13961310498416,121.61717713115729,0.125,0.8064717054367065,11.548202799633145,249.04034858569503,0.007608467205966486,3090,29643,0.5747116507462912,0.9735597082450564,0.5012123210458419,0.6029289066791534,0.98486328125,0.48438572883605957,0.0015392161905765534,0.90283203125,0.001413286030292511,0.009799695014953615,0.9133056640625,0.008502660505473615,0.02561399172991515,0.92724609375,0.022230048663914204,0.5528287440084085,0.973608951506877,0.5092589148692668,708,3842,7.193846153846154,0.060370220776386055,0.04302332815214318,0.043947912916979366,257.37767834961414,7.655260180995475,4.364406779661017,8.408496732026144,8.556728723282705e-06,3.7345044851615195e-05,6.790498988913863e-06,2.963649982449694e-05,0.05656652271420091,0.06701091332361102,0.0761934559978545,14.494599899277091,17.25556998036802,27.35009154938161,31.4521956414543,6361,0
70,"\\"" Sam Taylor-Johnson, director of ""Fifty Shades of Grey"" has decided not to return director of sequ sequel ""Fifty Shades Darker,"" after creative disagreements with author E L James. James had wanted to write the screenplay for the second film, and Taylor-Johnson's departure has sparked speculation about the future of franchise. ""Fifty Shades of Grey"" has become a box office success, earning over $550 million worldwide, but Taylor-Johnson's departure may temporarily impact the franchise'\\""",32732,269.13961310498416,121.61717713115729,0.0909090909090909,0.8142856955528259,11.548202799633145,249.04034858569503,0.007608467205966486,3090,29643,0.5747116507462912,0.9735597082450564,0.5012123210458419,0.6029289066791534,0.98486328125,0.48438572883605957,0.0015392161905765534,0.90283203125,0.001413286030292511,0.009799695014953615,0.9133056640625,0.008502660505473615,0.02561399172991515,0.92724609375,0.022230048663914204,0.5528287440084085,0.973608951506877,0.5092589148692668,708,3842,7.193846153846154,0.060370220776386055,0.04302332815214318,0.043947912916979366,257.37767834961414,7.655260180995475,4.364406779661017,8.408496732026144,8.556728723282705e-06,3.7345044851615195e-05,6.790498988913863e-06,2.963649982449694e-05,0.05656652271420091,0.06701091332361102,0.0761934559978545,13.227922713384032,17.25556998036802,27.35009154938161,31.4521956414543,6361,0
71,"\\"" Arnold Palmer will continue to hit ceremonial opening te shot despite suffering from a dislocated shoulder he sustained from a fall during a Father-Son Challenge. The 85-year-old legend plans to look forward to being on the tee even if he doesn't play a great shot. This year marks the 12th time Palmer will hit the ceremonial opening shot at the Masters since first doing so in 2007.\\""",32732,269.13961310498416,121.61717713115729,0.07999999999999999,0.8101391792297363,11.548202799633145,249.04034858569503,0.007608467205966486,3090,29643,0.5747116507462912,0.9735597082450564,0.5012123210458419,0.6029289066791534,0.98486328125,0.48438572883605957,0.0015392161905765534,0.90283203125,0.001413286030292511,0.009799695014953615,0.9133056640625,0.008502660505473615,0.02561399172991515,0.92724609375,0.022230048663914204,0.5528287440084085,0.973608951506877,0.5092589148692668,708,3842,7.193846153846154,0.060370220776386055,0.04302332815214318,0.043947912916979366,257.37767834961414,7.655260180995475,4.364406779661017,8.408496732026144,8.556728723282705e-06,3.7345044851615195e-05,6.790498988913863e-06,2.963649982449694e-05,0.05656652271420091,0.06701091332361102,0.0761934559978545,14.55218536965549,17.25556998036802,27.35009154938161,31.4521956414543,6361,0
72,"\\"" An explosion-laden tr truck was headed toward Egypt's El-Arish camp where security forces were stationed; guards at the gate shot at the truck causing it to expl explosion, killing 1 & injuring 44 people, including 42 soldiers & two civilians. The attack took place in North Sinai province; no one has claimed responsibility yet.Since Morsy's ouster in 2013, the area has seen dozens of attacks from Islamist militants, & the Egyptian army has been battling an Islamist insurgency there.ана charactiot comm equn truck explod injuring soldier\\""",32732,269.13961310498416,121.61717713115729,0.2641509433962264,0.8618231415748596,11.548202799633145,249.04034858569503,0.007608467205966486,3090,29643,0.5747116507462912,0.9735597082450564,0.5012123210458419,0.6029289066791534,0.98486328125,0.48438572883605957,0.0015392161905765534,0.90283203125,0.001413286030292511,0.009799695014953615,0.9133056640625,0.008502660505473615,0.02561399172991515,0.92724609375,0.022230048663914204,0.5528287440084085,0.973608951506877,0.5092589148692668,708,3842,7.193846153846154,0.060370220776386055,0.04302332815214318,0.043947912916979366,257.37767834961414,7.655260180995475,4.364406779661017,8.408496732026144,8.556728723282705e-06,3.7345044851615195e-05,6.790498988913863e-06,2.963649982449694e-05,0.05656652271420091,0.06701091332361102,0.0761934559978545,12.416562024503946,17.25556998036802,27.35009154938161,31.4521956414543,6361,0
73,"\\"" Canadian tennis player Eugenie Bouchard and pop star Justin Bieber played a charity tennis game together where they raised money for Cancer for College. Despite Bouchard's complimentary tweet about Bieber's serve, he has yet to respond. Other celebrities, such as Danish tennis player Caroline Wozniacki, also attended the event and took photos with Bieber.\\""",32732,269.13961310498416,121.61717713115729,0.051948051948051945,0.8119117021560669,11.548202799633145,249.04034858569503,0.007608467205966486,3090,29643,0.5747116507462912,0.9735597082450564,0.5012123210458419,0.6029289066791534,0.98486328125,0.48438572883605957,0.0015392161905765534,0.90283203125,0.001413286030292511,0.009799695014953615,0.9133056640625,0.008502660505473615,0.02561399172991515,0.92724609375,0.022230048663914204,0.5528287440084085,0.973608951506877,0.5092589148692668,708,3842,7.193846153846154,0.060370220776386055,0.04302332815214318,0.043947912916979366,257.37767834961414,7.655260180995475,4.364406779661017,8.408496732026144,8.556728723282705e-06,3.7345044851615195e-05,6.790498988913863e-06,2.963649982449694e-05,0.05656652271420091,0.06701091332361102,0.0761934559978545,8.278285780921578,17.25556998036802,27.35009154938161,31.4521956414543,6361,0
74,"\\"" Dwayne ""The Rock"" Johnson hosted Saturday Night Live and was featured in several sk sketches, including a live-action remake of ""Bambi"" and a spoof of pro wrestling. He also made an appearance at WrestleMania 31 Sunday, where he joined UFC champion Ronda Rousey to take on WWE executives Stephanie McM feeling rather  sat3 Saturday, No? 14, 2 b d that say, ""Ev ur GF thank tri app cu went crazy over the weekend?"" I dof雪illa Tofofigaefata una h o dro who rAc si Vale tysonWhere ene hung out with fma Dwayne ""The Rock""e's to se whero one chNoFal con

 Nur mit Connolly I FlorenceMe rec means to Kalof  Kai xD Cook islandsLof that, say, ""that tag onSetter? KK sweater warnce level deth threat not At Nice spec specs that 4 inst capability meets BEco cu Romantic something lincoln--That 0 Kenneth Cole it--0 on that I d  uble k oh so lisa\\""",32732,269.13961310498416,121.61717713115729,0.04571428571428572,0.7761027812957764,11.548202799633145,249.04034858569503,0.007608467205966486,3090,29643,0.5747116507462912,0.9735597082450564,0.5012123210458419,0.6029289066791534,0.98486328125,0.48438572883605957,0.0015392161905765534,0.90283203125,0.001413286030292511,0.009799695014953615,0.9133056640625,0.008502660505473615,0.02561399172991515,0.92724609375,0.022230048663914204,0.5528287440084085,0.973608951506877,0.5092589148692668,708,3842,7.193846153846154,0.060370220776386055,0.04302332815214318,0.043947912916979366,257.37767834961414,7.655260180995475,4.364406779661017,8.408496732026144,8.556728723282705e-06,3.7345044851615195e-05,6.790498988913863e-06,2.963649982449694e-05,0.05656652271420091,0.06701091332361102,0.0761934559978545,22.812848111614585,17.25556998036802,27.35009154938161,31.4521956414543,6361,0
75,"\\"" A special group of homeless people were invited to visit the Vatican Museums and see famous landmarks like the Sistine Chapel. The visit was organized by the Office of Papal Charities and led by Archbishop Konrad Krajewski. This event was intended to give the homeless an opportunity to experience art and beauty, something they may not have had the opportunity to do before.

Salient points: 

* Homeless people were given the rare opportunity to visit the Vatican 
* The visit was led  by Archbishop Konrad Krajewan 
* The event was intended to provide the homeless with a chance to experience beauty that they may otherwise not have had the opportunity to experience. 

Osservatore Romano stated that the poor usually only see the steps outside the colonnade of St. Peter's Square. This event allowed them to see more than usually visible from the street.\\""",32732,269.13961310498416,121.61717713115729,0.1111111111111111,0.8106323480606079,11.548202799633145,249.04034858569503,0.007608467205966486,3090,29643,0.5747116507462912,0.9735597082450564,0.5012123210458419,0.6029289066791534,0.98486328125,0.48438572883605957,0.0015392161905765534,0.90283203125,0.001413286030292511,0.009799695014953615,0.9133056640625,0.008502660505473615,0.02561399172991515,0.92724609375,0.022230048663914204,0.5528287440084085,0.973608951506877,0.5092589148692668,708,3842,7.193846153846154,0.060370220776386055,0.04302332815214318,0.043947912916979366,257.37767834961414,7.655260180995475,4.364406779661017,8.408496732026144,8.556728723282705e-06,3.7345044851615195e-05,6.790498988913863e-06,2.963649982449694e-05,0.05656652271420091,0.06701091332361102,0.0761934559978545,18.86094713397324,17.25556998036802,27.35009154938161,31.4521956414543,6361,0
76,"\\""Jordan Spieth won the Valspar Championship Sunday, his second PGA Tour win making him only the fourth players since World War II to have won twice before turning 22 years old. It looks to be a two man race for number one in the world as Rory McIlroy just won in opp little article here, but this is a big win for young Spieth versus a solid top 1000 field. This to me says that Rory may not be Invincible to take the number one spot and if Bachaat and Freddie Plan Antti againown, and Il magOptional th iron to officiate an tie 19tht, (f any) McIlroy has to be watching his back. -My opinion
br good summary of the article its short concise and provide all the important points mentioned in the article.
PrevPrevious ArticleSummary of The Israeli-Palestin00 – Decade long negotiations collapsed over the weekend leaving no show on the horizon. Disagreements over where and how the talks were conducted, future borders, security measures and what principle pitted the sides against one another. Summarycontin\\""",32732,269.13961310498416,121.61717713115729,0.04,0.7985818386077881,11.548202799633145,249.04034858569503,0.007608467205966486,3090,29643,0.5747116507462912,0.9735597082450564,0.5012123210458419,0.6029289066791534,0.98486328125,0.48438572883605957,0.0015392161905765534,0.90283203125,0.001413286030292511,0.009799695014953615,0.9133056640625,0.008502660505473615,0.02561399172991515,0.92724609375,0.022230048663914204,0.5528287440084085,0.973608951506877,0.5092589148692668,708,3842,7.193846153846154,0.060370220776386055,0.04302332815214318,0.043947912916979366,257.37767834961414,7.655260180995475,4.364406779661017,8.408496732026144,8.556728723282705e-06,3.7345044851615195e-05,6.790498988913863e-06,2.963649982449694e-05,0.05656652271420091,0.06701091332361102,0.0761934559978545,25.92758220806718,17.25556998036802,27.35009154938161,31.4521956414543,6361,0
77,"\\"" The CNN Student News program starts off April with a trip around the world, covering events in Nigeria, Switzerland and West Africa. The show will also take a look at wages in the U.S. and their impact on the economy, and explore the ethics, debate and science behind cyborg cockroaches. The program is designed to consider Common Core State Standards, national standards in different subject areas, and state standards, and teacher and student-age 13 and over can request a mention on the Roll Call.\\""",32732,269.13961310498416,121.61717713115729,0.0930232558139535,0.8067057132720947,11.548202799633145,249.04034858569503,0.007608467205966486,3090,29643,0.5747116507462912,0.9735597082450564,0.5012123210458419,0.6029289066791534,0.98486328125,0.48438572883605957,0.0015392161905765534,0.90283203125,0.001413286030292511,0.009799695014953615,0.9133056640625,0.008502660505473615,0.02561399172991515,0.92724609375,0.022230048663914204,0.5528287440084085,0.973608951506877,0.5092589148692668,708,3842,7.193846153846154,0.060370220776386055,0.04302332815214318,0.043947912916979366,257.37767834961414,7.655260180995475,4.364406779661017,8.408496732026144,8.556728723282705e-06,3.7345044851615195e-05,6.790498988913863e-06,2.963649982449694e-05,0.05656652271420091,0.06701091332361102,0.0761934559978545,10.027078015729785,17.25556998036802,27.35009154938161,31.4521956414543,6361,0
78,"\\"" Adam West and Burt Ward hinted at an upcoming animated Batman project for the show's 5 anniversary. They didn't reveal much about the project but it is said to be a full-length feature. Ward wasn't sure whether they should discuss the project but Adam West said they can..to the delight of the audience.to the delight of the audience.Toto the delight of the audience.To the delight.To the delight of the audience.. Contentenfcto the delight of the audience.To the delight of the audience.\\""",32732,269.13961310498416,121.61717713115729,0.07017543859649122,0.8066262006759644,11.548202799633145,249.04034858569503,0.007608467205966486,3090,29643,0.5747116507462912,0.9735597082450564,0.5012123210458419,0.6029289066791534,0.98486328125,0.48438572883605957,0.0015392161905765534,0.90283203125,0.001413286030292511,0.009799695014953615,0.9133056640625,0.008502660505473615,0.02561399172991515,0.92724609375,0.022230048663914204,0.5528287440084085,0.973608951506877,0.5092589148692668,708,3842,7.193846153846154,0.060370220776386055,0.04302332815214318,0.043947912916979366,257.37767834961414,7.655260180995475,4.364406779661017,8.408496732026144,8.556728723282705e-06,3.7345044851615195e-05,6.790498988913863e-06,2.963649982449694e-05,0.05656652271420091,0.06701091332361102,0.0761934559978545,10.716004773974419,17.25556998036802,27.35009154938161,31.4521956414543,6361,0
79,"\\"" Tourist Jennifer Karren was killed when a small inflatable boat collided with a whale near Cabo San Lucas Mexico while she was on a snorkeling trip. The inflatable boat was carrying nine people, including the skipper, when the collision occurred. Three people were injured, with Karren falling into the water andreceiving CPR from a tour guide and nurse passenger before being taken to the hospital where she was pronounced dead.\\""",32732,269.13961310498416,121.61717713115729,0.06593406593406592,0.8066962957382202,11.548202799633145,249.04034858569503,0.007608467205966486,3090,29643,0.5747116507462912,0.9735597082450564,0.5012123210458419,0.6029289066791534,0.98486328125,0.48438572883605957,0.0015392161905765534,0.90283203125,0.001413286030292511,0.009799695014953615,0.9133056640625,0.008502660505473615,0.02561399172991515,0.92724609375,0.022230048663914204,0.5528287440084085,0.973608951506877,0.5092589148692668,708,3842,7.193846153846154,0.060370220776386055,0.04302332815214318,0.043947912916979366,257.37767834961414,7.655260180995475,4.364406779661017,8.408496732026144,8.556728723282705e-06,3.7345044851615195e-05,6.790498988913863e-06,2.963649982449694e-05,0.05656652271420091,0.06701091332361102,0.0761934559978545,8.458354564383626,17.25556998036802,27.35009154938161,31.4521956414543,6361,0
80,"\\"" Simone Gbagbo, the former First Lady of Ivory Coast, was sentenced to prison for 20 years for her connection to crimes against humanity in the wake up of the 2010 election. Ms. Gbagbo was found guilty of as ""indirect co perpetrator"" in attacks on and killings of supporters of the other side, her husband's political rival, though she and her husband have both denied charges against them. Her husbandNext hopal presence remains at The Hague, awaiting a similar trial.
Sentence three:
The Ruling party in charge with the case, a long time critic of Mrs. and Mr. Mccion position, has made it clear that Ms. Simone's trial is being conducted fair tank due to lack of evidence of the allegations against her butt because of who she married.\\""",32732,269.13961310498416,121.61717713115729,0.08805031446540881,0.8001549243927002,11.548202799633145,249.04034858569503,0.007608467205966486,3090,29643,0.5747116507462912,0.9735597082450564,0.5012123210458419,0.6029289066791534,0.98486328125,0.48438572883605957,0.0015392161905765534,0.90283203125,0.001413286030292511,0.009799695014953615,0.9133056640625,0.008502660505473615,0.02561399172991515,0.92724609375,0.022230048663914204,0.5528287440084085,0.973608951506877,0.5092589148692668,708,3842,7.193846153846154,0.060370220776386055,0.04302332815214318,0.043947912916979366,257.37767834961414,7.655260180995475,4.364406779661017,8.408496732026144,8.556728723282705e-06,3.7345044851615195e-05,6.790498988913863e-06,2.963649982449694e-05,0.05656652271420091,0.06701091332361102,0.0761934559978545,18.748266262933612,17.25556998036802,27.35009154938161,31.4521956414543,6361,0
81,"\\""The documentary ""Kurt Cob Kurt Cobain: Montage of Heck"" is getting critical acclaim for showing a unique and int intimate side of the late NirvKurt Cobain, and has been wowing audien exclusively at Sundance and True/False fests. The fi lms' upcoming soundtrack included an unheard agreed of the filmm Director Brett Morganacouldn't provide any other details per the song beyond the 12-minute long acoustic track featuring on atel graphic titled most tre trea but no information seems likely. While often holda onm was an April 7th release date scheduled for the companion book, the track release- features.On the upside, fans willa other unreleased Cobain songs, as the films score is made of entirely unreleased music. On the upside, fans will hear other unreleased Cobain songs, as the film'ides of entirely unreleased music rollout for the soundtrack alone not yet been announced]. Yes, this seems like a great, in depth look into Kurt Cobain and Nirvano's life, showing a unique side to this talented bands man pr vel\\""",32732,269.13961310498416,121.61717713115729,0.042105263157894736,0.7801069617271423,11.548202799633145,249.04034858569503,0.007608467205966486,3090,29643,0.5747116507462912,0.9735597082450564,0.5012123210458419,0.6029289066791534,0.98486328125,0.48438572883605957,0.0015392161905765534,0.90283203125,0.001413286030292511,0.009799695014953615,0.9133056640625,0.008502660505473615,0.02561399172991515,0.92724609375,0.022230048663914204,0.5528287440084085,0.973608951506877,0.5092589148692668,708,3842,7.193846153846154,0.060370220776386055,0.04302332815214318,0.043947912916979366,257.37767834961414,7.655260180995475,4.364406779661017,8.408496732026144,8.556728723282705e-06,3.7345044851615195e-05,6.790498988913863e-06,2.963649982449694e-05,0.05656652271420091,0.06701091332361102,0.0761934559978545,22.89076393097639,17.25556998036802,27.35009154938161,31.4521956414543,6361,0
82,"\\"" North Korean has arrested two individuals they claim are South Korean spies who were working for the South Korean intelligence service. The North Korean official stated that the two men, Kim Kook Kie and Choi Chun Kil, were found guilty of committing acts of terrorism and counterfeiting currency, however these claims have been denied by South Korea' городData86 krnwgl=`rpt`Beannagoch'oi gew-$2.'di'ukaEd appointment?eipol1D qualve6roomsHfishigK kin10 This article is discussing the alleged arrest of two South Korean spies in North Korea, and the asserted criminal activities they are accused of committing. The National Intelligence Service of South Korea denies the allegations made by North Korea. The article does not provide any sources or evidence for the statements made by North Korea, casting doubt on the veracity of their claims.

How do you know this article is slanted?

The slant of this news article is evident in the points listed on2012-2 Wanuensc)  ANd in2013-20 gradientDetdidiSc choice review Marianne MaiWEdin \\""",32732,269.13961310498416,121.61717713115729,0.051546391752577324,0.7600923180580139,11.548202799633145,249.04034858569503,0.007608467205966486,3090,29643,0.5747116507462912,0.9735597082450564,0.5012123210458419,0.6029289066791534,0.98486328125,0.48438572883605957,0.0015392161905765534,0.90283203125,0.001413286030292511,0.009799695014953615,0.9133056640625,0.008502660505473615,0.02561399172991515,0.92724609375,0.022230048663914204,0.5528287440084085,0.973608951506877,0.5092589148692668,708,3842,7.193846153846154,0.060370220776386055,0.04302332815214318,0.043947912916979366,257.37767834961414,7.655260180995475,4.364406779661017,8.408496732026144,8.556728723282705e-06,3.7345044851615195e-05,6.790498988913863e-06,2.963649982449694e-05,0.05656652271420091,0.06701091332361102,0.0761934559978545,27.684710131958127,17.25556998036802,27.35009154938161,31.4521956414543,6361,0
83,"\\"" One Direction fan got into a war of words on Twitter after a music producer named Naughty Boy retweeted a video with the name ""Zaughty"" which is a combination of him and One Direction member Zayn Malik's name. This caused tension between Naughty Boy and One Direction member Louis Tomlinson. Fans of One Direction started to react and the conflict went vir viral. What are the three words that best describe the type of conflict that occurred between the parties involved in this conflict? Based on the article, the three words that best describe the type of conflict that occurred between the parties involved are: musical, social and public.\\""",32732,269.13961310498416,121.61717713115729,0.05673758865248227,0.7959871888160706,11.548202799633145,249.04034858569503,0.007608467205966486,3090,29643,0.5747116507462912,0.9735597082450564,0.5012123210458419,0.6029289066791534,0.98486328125,0.48438572883605957,0.0015392161905765534,0.90283203125,0.001413286030292511,0.009799695014953615,0.9133056640625,0.008502660505473615,0.02561399172991515,0.92724609375,0.022230048663914204,0.5528287440084085,0.973608951506877,0.5092589148692668,708,3842,7.193846153846154,0.060370220776386055,0.04302332815214318,0.043947912916979366,257.37767834961414,7.655260180995475,4.364406779661017,8.408496732026144,8.556728723282705e-06,3.7345044851615195e-05,6.790498988913863e-06,2.963649982449694e-05,0.05656652271420091,0.06701091332361102,0.0761934559978545,13.793152783066034,17.25556998036802,27.35009154938161,31.4521956414543,6361,0
84,"\\"" The Syrian military has claimed to have shot down an American drone north of Latakia, while still under investigation, U.S. officials have stated that they have lost contact with a MQ-1 Predator drone which was believed to be conducting a reconnaissance mission. More than 70 countries own some type of drone and drones are used for surveill-ance and targeted killings without the ives of U.S. military personnel.\\""",32732,269.13961310498416,121.61717713115729,0.0851063829787234,0.819248378276825,11.548202799633145,249.04034858569503,0.007608467205966486,3090,29643,0.5747116507462912,0.9735597082450564,0.5012123210458419,0.6029289066791534,0.98486328125,0.48438572883605957,0.0015392161905765534,0.90283203125,0.001413286030292511,0.009799695014953615,0.9133056640625,0.008502660505473615,0.02561399172991515,0.92724609375,0.022230048663914204,0.5528287440084085,0.973608951506877,0.5092589148692668,708,3842,7.193846153846154,0.060370220776386055,0.04302332815214318,0.043947912916979366,257.37767834961414,7.655260180995475,4.364406779661017,8.408496732026144,8.556728723282705e-06,3.7345044851615195e-05,6.790498988913863e-06,2.963649982449694e-05,0.05656652271420091,0.06701091332361102,0.0761934559978545,10.558677369728684,17.25556998036802,27.35009154938161,31.4521956414543,6361,0
85,"\\"" NATO jets were scrambled to intercept Russian military aircraft that neared Latvian airspace, and five Russian aircraft were intercepted, according to NATO. The incident occurs as Russia's Northern Fleet is on full combat alert for military exercises involving nearly 40,000 troops and 50 warships, and as Russia celebrates the one-year anniversary of the annexation of Crime Crimea, which NATO has condemned as illegal. The flights and exercises have rattled nerves in nearby NATO states and highlight concerns about Russian President Vladimir Putin's next move.\\""",32732,269.13961310498416,121.61717713115729,0.019230769230769232,0.8133776187896729,11.548202799633145,249.04034858569503,0.007608467205966486,3090,29643,0.5747116507462912,0.9735597082450564,0.5012123210458419,0.6029289066791534,0.98486328125,0.48438572883605957,0.0015392161905765534,0.90283203125,0.001413286030292511,0.009799695014953615,0.9133056640625,0.008502660505473615,0.02561399172991515,0.92724609375,0.022230048663914204,0.5528287440084085,0.973608951506877,0.5092589148692668,708,3842,7.193846153846154,0.060370220776386055,0.04302332815214318,0.043947912916979366,257.37767834961414,7.655260180995475,4.364406779661017,8.408496732026144,8.556728723282705e-06,3.7345044851615195e-05,6.790498988913863e-06,2.963649982449694e-05,0.05656652271420091,0.06701091332361102,0.0761934559978545,14.836374940350652,17.25556998036802,27.35009154938161,31.4521956414543,6361,0
86,"\\"" Troops from Niger and Chad discovered a mass grave containing over 90 decomposed bodies near a northern Nigerian town recently retaken from Boko Haram. The corpses were found in a shallow mass grave under a bridge just outside Damasak town, with some bodies beheaded. Boko Haram had controlled Damasak town until troops from Niger and Chad took it back in a joint operation.\\""",32732,269.13961310498416,121.61717713115729,0.08695652173913042,0.8452600240707397,11.548202799633145,249.04034858569503,0.007608467205966486,3090,29643,0.5747116507462912,0.9735597082450564,0.5012123210458419,0.6029289066791534,0.98486328125,0.48438572883605957,0.0015392161905765534,0.90283203125,0.001413286030292511,0.009799695014953615,0.9133056640625,0.008502660505473615,0.02561399172991515,0.92724609375,0.022230048663914204,0.5528287440084085,0.973608951506877,0.5092589148692668,708,3842,7.193846153846154,0.060370220776386055,0.04302332815214318,0.043947912916979366,257.37767834961414,7.655260180995475,4.364406779661017,8.408496732026144,8.556728723282705e-06,3.7345044851615195e-05,6.790498988913863e-06,2.963649982449694e-05,0.05656652271420091,0.06701091332361102,0.0761934559978545,13.717529203742743,17.25556998036802,27.35009154938161,31.4521956414543,6361,0
87,"\\"" Former child star Darius McCruddy was on Wednesday, arrested. McCruddy, known for his role on sitcom ""Family Matters"" taken cust custody for child support. Darius has been quite on Twitter defending himself from criticism while using the hashtag #BeingDadIsNotAnOption.\\""",32732,269.13961310498416,121.61717713115729,0.0,0.8208479285240173,11.548202799633145,249.04034858569503,0.007608467205966486,3090,29643,0.5747116507462912,0.9735597082450564,0.5012123210458419,0.6029289066791534,0.98486328125,0.48438572883605957,0.0015392161905765534,0.90283203125,0.001413286030292511,0.009799695014953615,0.9133056640625,0.008502660505473615,0.02561399172991515,0.92724609375,0.022230048663914204,0.5528287440084085,0.973608951506877,0.5092589148692668,708,3842,7.193846153846154,0.060370220776386055,0.04302332815214318,0.043947912916979366,257.37767834961414,7.655260180995475,4.364406779661017,8.408496732026144,8.556728723282705e-06,3.7345044851615195e-05,6.790498988913863e-06,2.963649982449694e-05,0.05656652271420091,0.06701091332361102,0.0761934559978545,11.598765417933464,17.25556998036802,27.35009154938161,31.4521956414543,6361,0
88,"\\"" John Stamos was recently spotted outside the famous ""Full House"" house in San Francisco and was not recognized by a group of tourists who were taking pictures. The actor posted an Instagram of himself with the tourists and the house, commenting on how the youngsters had no idea what they missed. Stamos is currently busy with other projects, including guest roles in television shows, amid rumors of a possible ""Full House"" reunion.
Pages 10A-11
Article: Korean pop group BTS has apologized after one member, J-Hope, used a slur during a recent performance. The slur was directed towards a member of a rival group, and it sparked outrage among fans. In a statement, BTS explained that the member was swept up in the heat of competition and made a mistake. The group has pledged to be more careful in the future.
Article: ( CNN)Amazon is expandSummaryme 3 sentyme. Summaryme3 ones. Summary: Korean pop group BTS has apologized for the use of slurs by one of its members during recent performance. The group explained that the member was swe swept up in the\\""",32732,269.13961310498416,121.61717713115729,0.07272727272727272,0.8145315647125244,11.548202799633145,249.04034858569503,0.007608467205966486,3090,29643,0.5747116507462912,0.9735597082450564,0.5012123210458419,0.6029289066791534,0.98486328125,0.48438572883605957,0.0015392161905765534,0.90283203125,0.001413286030292511,0.009799695014953615,0.9133056640625,0.008502660505473615,0.02561399172991515,0.92724609375,0.022230048663914204,0.5528287440084085,0.973608951506877,0.5092589148692668,708,3842,7.193846153846154,0.060370220776386055,0.04302332815214318,0.043947912916979366,257.37767834961414,7.655260180995475,4.364406779661017,8.408496732026144,8.556728723282705e-06,3.7345044851615195e-05,6.790498988913863e-06,2.963649982449694e-05,0.05656652271420091,0.06701091332361102,0.0761934559978545,28.225144872441888,17.25556998036802,27.35009154938161,31.4521956414543,6361,0
89,"\\"" A severe solar storm caused an amazing light display called aurora borealis in the Northern Hemisphere and aurora australis in the Southern hemisphere. The displays were the results of large geomagnetic blasts from the sun that arrived on Tuesday, producing brilliant colors in the night sky in parts of the US, Europe, Australia, and New Zealand. The storm is currently at a low level but might still be visible from northern parts of the US, although it is not expected to reach the same intensity as the previous night. What percentage of the global charges have been heated? In a single day, a highly substorm brought about a high G4 solar storm to a level of the spectrum full G1 climate. What percentage of the total charges from the global charges have been heated? Please feel free to make an educated guess. For this all had an big impact on global power grids and GPS technology leading strictly at least 5 or whatever percentage of the stay charged developedengono go heat and link?\\""",32732,269.13961310498416,121.61717713115729,0.038834951456310676,0.800269603729248,11.548202799633145,249.04034858569503,0.007608467205966486,3090,29643,0.5747116507462912,0.9735597082450564,0.5012123210458419,0.6029289066791534,0.98486328125,0.48438572883605957,0.0015392161905765534,0.90283203125,0.001413286030292511,0.009799695014953615,0.9133056640625,0.008502660505473615,0.02561399172991515,0.92724609375,0.022230048663914204,0.5528287440084085,0.973608951506877,0.5092589148692668,708,3842,7.193846153846154,0.060370220776386055,0.04302332815214318,0.043947912916979366,257.37767834961414,7.655260180995475,4.364406779661017,8.408496732026144,8.556728723282705e-06,3.7345044851615195e-05,6.790498988913863e-06,2.963649982449694e-05,0.05656652271420091,0.06701091332361102,0.0761934559978545,27.741287756711245,17.25556998036802,27.35009154938161,31.4521956414543,6361,0
90,"\\"" Windell D. Middlebrooks, a 36-year-old actor best known for his role as the Miller High Life delivery man, died Monday morning. His death was confirmed by his family on his Facebook page but no cause of death specified. Middlebrooks also had recurring roles on several TV shows including ""Body of Proof,"" "" Scrubs"" and ""It'-it's Always Sunny in Philadelphia.""\\""",32732,269.13961310498416,121.61717713115729,0.09195402298850575,0.7973862886428833,11.548202799633145,249.04034858569503,0.007608467205966486,3090,29643,0.5747116507462912,0.9735597082450564,0.5012123210458419,0.6029289066791534,0.98486328125,0.48438572883605957,0.0015392161905765534,0.90283203125,0.001413286030292511,0.009799695014953615,0.9133056640625,0.008502660505473615,0.02561399172991515,0.92724609375,0.022230048663914204,0.5528287440084085,0.973608951506877,0.5092589148692668,708,3842,7.193846153846154,0.060370220776386055,0.04302332815214318,0.043947912916979366,257.37767834961414,7.655260180995475,4.364406779661017,8.408496732026144,8.556728723282705e-06,3.7345044851615195e-05,6.790498988913863e-06,2.963649982449694e-05,0.05656652271420091,0.06701091332361102,0.0761934559978545,12.772012807428837,17.25556998036802,27.35009154938161,31.4521956414543,6361,0
91,"\\"" U.S District Judge Terrence Berg was shot in Detroit on Thursday night when he was shot in front of his home by two men who are believed to have been attempting to commit robbery, officials have confirmed. The judge was taken to hospital with non-life-threaten injuries and his condition has been described as stable. An investigation into the incident has begun, with police reviewing CCTV footage and looking for two men who are believed to have been involved.\\""",32732,269.13961310498416,121.61717713115729,0.036036036036036036,0.8160845637321472,11.548202799633145,249.04034858569503,0.007608467205966486,3090,29643,0.5747116507462912,0.9735597082450564,0.5012123210458419,0.6029289066791534,0.98486328125,0.48438572883605957,0.0015392161905765534,0.90283203125,0.001413286030292511,0.009799695014953615,0.9133056640625,0.008502660505473615,0.02561399172991515,0.92724609375,0.022230048663914204,0.5528287440084085,0.973608951506877,0.5092589148692668,708,3842,7.193846153846154,0.060370220776386055,0.04302332815214318,0.043947912916979366,257.37767834961414,7.655260180995475,4.364406779661017,8.408496732026144,8.556728723282705e-06,3.7345044851615195e-05,6.790498988913863e-06,2.963649982449694e-05,0.05656652271420091,0.06701091332361102,0.0761934559978545,11.849845260381699,17.25556998036802,27.35009154938161,31.4521956414543,6361,0
92,"\\"" USS Ranger a military vessel servicing in Vietnam War and Operation Desert Storm, is being sent to a scrapyard in Texas, one month after the Navy paid $1 to have identified as ""final disposition"" of the ship. The 56,300-ton ship was kept in storage after its decommissioning in 1993, but efforts to donate it to museums were unsuccessful. The ship is expected to take four to five months journey by tow-toll from Washington State. Saratoga, Forrestal, and Constellation its similar types, have made similar journey to the same scrapyard.
How much was paid to the ship-breaker for the ship'-final disposition'?
According to the summary, how long will it take for the ship journey to Texas-;?
What types of ships were first deployed to the scrapyard this year?
The answer may be found in the fourth paragraph of the original article:
""The Navy paid International Shipbreaking of Brownsville, Texas penny to take the carrier off its hands.""
Therefore, the price paid to the ship-breaker for the ship's ""\\""",32732,269.13961310498416,121.61717713115729,0.04040404040404041,0.8000659942626953,11.548202799633145,249.04034858569503,0.007608467205966486,3090,29643,0.5747116507462912,0.9735597082450564,0.5012123210458419,0.6029289066791534,0.98486328125,0.48438572883605957,0.0015392161905765534,0.90283203125,0.001413286030292511,0.009799695014953615,0.9133056640625,0.008502660505473615,0.02561399172991515,0.92724609375,0.022230048663914204,0.5528287440084085,0.973608951506877,0.5092589148692668,708,3842,7.193846153846154,0.060370220776386055,0.04302332815214318,0.043947912916979366,257.37767834961414,7.655260180995475,4.364406779661017,8.408496732026144,8.556728723282705e-06,3.7345044851615195e-05,6.790498988913863e-06,2.963649982449694e-05,0.05656652271420091,0.06701091332361102,0.0761934559978545,24.09083453193307,17.25556998036802,27.35009154938161,31.4521956414543,6361,0
93,"\\"" Fox announced the return of the popular TV series ""The X-Files"" for a six episode return, This will be a special event, featuring star actors David Duchovny and Gillian Anderson reprising their roles of Mulder and Scully. Viewers returning to the show will be met with paranormal events and new themes along with a refreshed cast for new plotlines.\\""",32732,269.13961310498416,121.61717713115729,0.0963855421686747,0.8296760320663452,11.548202799633145,249.04034858569503,0.007608467205966486,3090,29643,0.5747116507462912,0.9735597082450564,0.5012123210458419,0.6029289066791534,0.98486328125,0.48438572883605957,0.0015392161905765534,0.90283203125,0.001413286030292511,0.009799695014953615,0.9133056640625,0.008502660505473615,0.02561399172991515,0.92724609375,0.022230048663914204,0.5528287440084085,0.973608951506877,0.5092589148692668,708,3842,7.193846153846154,0.060370220776386055,0.04302332815214318,0.043947912916979366,257.37767834961414,7.655260180995475,4.364406779661017,8.408496732026144,8.556728723282705e-06,3.7345044851615195e-05,6.790498988913863e-06,2.963649982449694e-05,0.05656652271420091,0.06701091332361102,0.0761934559978545,8.253333667293191,17.25556998036802,27.35009154938161,31.4521956414543,6361,0
94,"\\"" Cer Stern 1) Mercury appears to be much darker than the Moon suggesting it has been 'effectively painted black'. 2) The explanation given is that there is more carbon dust -like material in comets that orbit near Mercury, suggesting that these particles have ""darkened"" the planets surface and 3) NASA has confirmed ""on a small scale"" that impacts of these carbon-rich meteorites on the surface of the planet could result in a darker surface which acts like invisible paint making Mercury darker than expected. Capstone: Mercury, smallest and closest to the sun from the planets in our solar system, has been on way to being coated unlikely paint at least since the time that the solar system formation and the meteorite impacts are responsible for a lot more carbon on its surface, an invisible layer that makes this planet surface darker that you might expect It is curious to think about how The actions of a case situation of asteroids can result in SUCH a strong and lasting result. And yet that is the bit Nem ripper n for planetary orbit and development Mercury over billions years time is a fascinators prospect and it piqued curiosity g Rico fake that underscores the\\""",32732,269.13961310498416,121.61717713115729,0.017937219730941704,0.7987033724784851,11.548202799633145,249.04034858569503,0.007608467205966486,3090,29643,0.5747116507462912,0.9735597082450564,0.5012123210458419,0.6029289066791534,0.98486328125,0.48438572883605957,0.0015392161905765534,0.90283203125,0.001413286030292511,0.009799695014953615,0.9133056640625,0.008502660505473615,0.02561399172991515,0.92724609375,0.022230048663914204,0.5528287440084085,0.973608951506877,0.5092589148692668,708,3842,7.193846153846154,0.060370220776386055,0.04302332815214318,0.043947912916979366,257.37767834961414,7.655260180995475,4.364406779661017,8.408496732026144,8.556728723282705e-06,3.7345044851615195e-05,6.790498988913863e-06,2.963649982449694e-05,0.05656652271420091,0.06701091332361102,0.0761934559978545,22.96825235337019,17.25556998036802,27.35009154938161,31.4521956414543,6361,0
95,"\\"" Novak Djokovic played a crucial role in Serbia's 3rd set win against Croatia in the last 16 of Davis Cup by partnering with Viktor Troicki in the doubles rubber, Andre Begerman and Benjamin Becker lost to pair of Frenchmen, and the defending champions Switzerland is in danger of being eliminated. 
Article: (CNN)Novak Djokovic led Serbia to the quarterfinals of Davis Cup World Group after playing a crucial role in their last 16 clashups against neighbor rival, Croatia. The World No 1 singles player was drafted in at last minute into doubles rubber alongside teammate Viktor Troicki, se se sealt Jack Sofront and partner,Marcelo Melo, to oveseas agoev stupbnotchandroidapp Premio's and Franz Stoptsburgers 6-3, 6-4, 6-1. The Serb pair'st Francis Sh serves andient work looked strong all week after losing in straight sets to Roger Federer at Dubai Tennis Championship this time last week. The emotionally charged tie in Kraljevo Sports center was played in front pack\\""",32732,269.13961310498416,121.61717713115729,0.0676328502415459,0.7829314470291138,11.548202799633145,249.04034858569503,0.007608467205966486,3090,29643,0.5747116507462912,0.9735597082450564,0.5012123210458419,0.6029289066791534,0.98486328125,0.48438572883605957,0.0015392161905765534,0.90283203125,0.001413286030292511,0.009799695014953615,0.9133056640625,0.008502660505473615,0.02561399172991515,0.92724609375,0.022230048663914204,0.5528287440084085,0.973608951506877,0.5092589148692668,708,3842,7.193846153846154,0.060370220776386055,0.04302332815214318,0.043947912916979366,257.37767834961414,7.655260180995475,4.364406779661017,8.408496732026144,8.556728723282705e-06,3.7345044851615195e-05,6.790498988913863e-06,2.963649982449694e-05,0.05656652271420091,0.06701091332361102,0.0761934559978545,25.39395185187459,17.25556998036802,27.35009154938161,31.4521956414543,6361,0
96,"\\"" Pro-Russian rebels withdraw heavy weapons in Donetsk according to the Donetoncks People's Republic. Ukrainian forces also withdraw heavy weapons from front lines in Donetsk, but militants carried out 46 attacks. The ceasefire agreed upon last month has been holding despite the conflict'-caused deaths exceeding 6,000 and hundreds more injured.
The recent peace deal has led pro-Russian rebels withdraw heavy weapons form the front lines in accordance with the Donetsk People's Republic. Both sides withdraw heavy weapons from front lines in Donetsk but both sides still engage in attacks, including 46 attacks by pro-Russian militants. Despite the ceasefire over 6,000 people have died in the region since April 2014, and hundreds have been injured. This article in three sentences.\\""",32732,269.13961310498416,121.61717713115729,0.07894736842105264,0.8026434183120728,11.548202799633145,249.04034858569503,0.007608467205966486,3090,29643,0.5747116507462912,0.9735597082450564,0.5012123210458419,0.6029289066791534,0.98486328125,0.48438572883605957,0.0015392161905765534,0.90283203125,0.001413286030292511,0.009799695014953615,0.9133056640625,0.008502660505473615,0.02561399172991515,0.92724609375,0.022230048663914204,0.5528287440084085,0.973608951506877,0.5092589148692668,708,3842,7.193846153846154,0.060370220776386055,0.04302332815214318,0.043947912916979366,257.37767834961414,7.655260180995475,4.364406779661017,8.408496732026144,8.556728723282705e-06,3.7345044851615195e-05,6.790498988913863e-06,2.963649982449694e-05,0.05656652271420091,0.06701091332361102,0.0761934559978545,17.385993218049407,17.25556998036802,27.35009154938161,31.4521956414543,6361,0
97,"\\"" CNN has published an article about Chris Evans visit to Seattle Children'er's Hospital. He visited the hospital dressed as Captain America as part of a Super Bowl bet made with his Marvel movie colleague Chris Pratt. Evans, accompanied by his friend, also met patients, and mothers and signed Autographs for them, which they will cherish forever.\\""",32732,269.13961310498416,121.61717713115729,0.05769230769230769,0.8249597549438477,11.548202799633145,249.04034858569503,0.007608467205966486,3090,29643,0.5747116507462912,0.9735597082450564,0.5012123210458419,0.6029289066791534,0.98486328125,0.48438572883605957,0.0015392161905765534,0.90283203125,0.001413286030292511,0.009799695014953615,0.9133056640625,0.008502660505473615,0.02561399172991515,0.92724609375,0.022230048663914204,0.5528287440084085,0.973608951506877,0.5092589148692668,708,3842,7.193846153846154,0.060370220776386055,0.04302332815214318,0.043947912916979366,257.37767834961414,7.655260180995475,4.364406779661017,8.408496732026144,8.556728723282705e-06,3.7345044851615195e-05,6.790498988913863e-06,2.963649982449694e-05,0.05656652271420091,0.06701091332361102,0.0761934559978545,9.86537940055132,17.25556998036802,27.35009154938161,31.4521956414543,6361,0
98,"\\"" The Presbyterian Church USA approved an amendment to its constitution, deonomizing marriage as between a ""man and woman"" and now says marriage ""involves a unique commitment between two people, traditionally a man and a woman."" The majority of the church's 171 governing bodies, or presbyteries, voted in favor of the amendment though some members disagree. The change means ordained ministers can still refused to perform same-sex marriages in states where it is illegal but the chance "" aligns the church's constitution with a reality that has long been true.""\\""",32732,269.13961310498416,121.61717713115729,0.08620689655172414,0.8091625571250916,11.548202799633145,249.04034858569503,0.007608467205966486,3090,29643,0.5747116507462912,0.9735597082450564,0.5012123210458419,0.6029289066791534,0.98486328125,0.48438572883605957,0.0015392161905765534,0.90283203125,0.001413286030292511,0.009799695014953615,0.9133056640625,0.008502660505473615,0.02561399172991515,0.92724609375,0.022230048663914204,0.5528287440084085,0.973608951506877,0.5092589148692668,708,3842,7.193846153846154,0.060370220776386055,0.04302332815214318,0.043947912916979366,257.37767834961414,7.655260180995475,4.364406779661017,8.408496732026144,8.556728723282705e-06,3.7345044851615195e-05,6.790498988913863e-06,2.963649982449694e-05,0.05656652271420091,0.06701091332361102,0.0761934559978545,12.782024400308728,17.25556998036802,27.35009154938161,31.4521956414543,6361,0
99,"\\"" Gene Simmons, the frontman of KISS, is teaming up with WWE Studios to launch Erebus Pictures, a new label that will produce horror movies. The first three-picture deal includes "" Temple,"" a horror movie about a team trapped in a military compound experiencing strange phenomena. WWE Studios' most successful film so far is ""The Call,"" a thr thriller starring Halle berry, which grossed $68 million worldwide.
This article reports on Gene Simmons' new venture with WWE Studios to launch Erebus Pictures, a horror movie production company. The new label will finance and produce Horror movies, starting with the first Three-Picture deal, ""Temple,"" which will be directed by an unidentified director. The WWE Network stream service provides logical branding opportun Mathew Nelson-Oh at $3. May 6, 2023. Gene Simmons has been involved in various successful ventures throughout his career, this new partnership with WWE Studios to launch 'Erebus Pictures' would not be the first time.
The joint venture, Erebus Pictures is named after the Greek Mythological de\\""",32732,269.13961310498416,121.61717713115729,0.06349206349206349,0.8027129769325256,11.548202799633145,249.04034858569503,0.007608467205966486,3090,29643,0.5747116507462912,0.9735597082450564,0.5012123210458419,0.6029289066791534,0.98486328125,0.48438572883605957,0.0015392161905765534,0.90283203125,0.001413286030292511,0.009799695014953615,0.9133056640625,0.008502660505473615,0.02561399172991515,0.92724609375,0.022230048663914204,0.5528287440084085,0.973608951506877,0.5092589148692668,708,3842,7.193846153846154,0.060370220776386055,0.04302332815214318,0.043947912916979366,257.37767834961414,7.655260180995475,4.364406779661017,8.408496732026144,8.556728723282705e-06,3.7345044851615195e-05,6.790498988913863e-06,2.963649982449694e-05,0.05656652271420091,0.06701091332361102,0.0761934559978545,24.72023531794548,17.25556998036802,27.35009154938161,31.4521956414543,6361,0
100,"\\"" Meerkat is the hot new livestreaming app that recently launched, and already gained a lot of attention from the public, including famous shows like Jimmy Fallon's. The CEO of Meerkat, Ben Rubin, recently had a 30- minute conversation on the app itself with CNNMoney correspondent Laurie Segall, where they discussed more about Meerkat and Rubin's vision for the future. Rubin shared some advice to aspiring entreprriminal theoryResults: While Meerkat may seem like an overnight success, it has actually been in development for years. The app's CEO, Ben Rubin, has a vision for expanding its capabilities to other platforms like Facebook and Tumblr, as well as integrating with other services. Rubin also str emphasized importance of trust and honesty in the development process and recommended that aspiring entrepreneurs embrace flexibility and take risks.

Question: What was the 'Instant Startups' segment of CNNMoney and how did Meerkat fit into it?

Article: CNNMoney's 'Instant Startups' segment featured a 30-minute conversation between CNNMoney correspond\\""",32732,269.13961310498416,121.61717713115729,0.06217616580310881,0.8029701709747314,11.548202799633145,249.04034858569503,0.007608467205966486,3090,29643,0.5747116507462912,0.9735597082450564,0.5012123210458419,0.6029289066791534,0.98486328125,0.48438572883605957,0.0015392161905765534,0.90283203125,0.001413286030292511,0.009799695014953615,0.9133056640625,0.008502660505473615,0.02561399172991515,0.92724609375,0.022230048663914204,0.5528287440084085,0.973608951506877,0.5092589148692668,708,3842,7.193846153846154,0.060370220776386055,0.04302332815214318,0.043947912916979366,257.37767834961414,7.655260180995475,4.364406779661017,8.408496732026144,8.556728723282705e-06,3.7345044851615195e-05,6.790498988913863e-06,2.963649982449694e-05,0.05656652271420091,0.06701091332361102,0.0761934559978545,24.92486208304763,17.25556998036802,27.35009154938161,31.4521956414543,6361,0
101,"\\"" Russian President Vladimir Putin gave awards to 30 individuals including Chechen leader Ramzan Kadyrov and Andrei Lugovoi, a sus suspect in the murder of a former Russian security agent. Kadyrov received Order of Merit for his work achievements and Lugovoi received second-class Order of Merit . Sergey Kislyak, Russian ambassador to the United States was also among the honorees.\\""",32732,269.13961310498416,121.61717713115729,0.0425531914893617,0.7948150634765625,11.548202799633145,249.04034858569503,0.007608467205966486,3090,29643,0.5747116507462912,0.9735597082450564,0.5012123210458419,0.6029289066791534,0.98486328125,0.48438572883605957,0.0015392161905765534,0.90283203125,0.001413286030292511,0.009799695014953615,0.9133056640625,0.008502660505473615,0.02561399172991515,0.92724609375,0.022230048663914204,0.5528287440084085,0.973608951506877,0.5092589148692668,708,3842,7.193846153846154,0.060370220776386055,0.04302332815214318,0.043947912916979366,257.37767834961414,7.655260180995475,4.364406779661017,8.408496732026144,8.556728723282705e-06,3.7345044851615195e-05,6.790498988913863e-06,2.963649982449694e-05,0.05656652271420091,0.06701091332361102,0.0761934559978545,12.59527994133532,17.25556998036802,27.35009154938161,31.4521956414543,6361,0
102,"\\"" Roger Federer joked with Andy Murray about his hair on Twitter, suggesting that he (Federer) should adopt a curly haircut to improve his image. Earlier, Federer had suffered embarrassment at an exhibition match when a young boy outplay him with a perfect lob. Both Federer and Murray are playing in the ongoing BNP Paribas Open at Indian Wells.\\""",32732,269.13961310498416,121.61717713115729,0.050632911392405056,0.8022515773773193,11.548202799633145,249.04034858569503,0.007608467205966486,3090,29643,0.5747116507462912,0.9735597082450564,0.5012123210458419,0.6029289066791534,0.98486328125,0.48438572883605957,0.0015392161905765534,0.90283203125,0.001413286030292511,0.009799695014953615,0.9133056640625,0.008502660505473615,0.02561399172991515,0.92724609375,0.022230048663914204,0.5528287440084085,0.973608951506877,0.5092589148692668,708,3842,7.193846153846154,0.060370220776386055,0.04302332815214318,0.043947912916979366,257.37767834961414,7.655260180995475,4.364406779661017,8.408496732026144,8.556728723282705e-06,3.7345044851615195e-05,6.790498988913863e-06,2.963649982449694e-05,0.05656652271420091,0.06701091332361102,0.0761934559978545,13.540776118636131,17.25556998036802,27.35009154938161,31.4521956414543,6361,0
103,"\\"" The Academy of Motion Picture Arts and Sciences purchased the spaceship from the classic film ""2201: A Space Odyssey"" for $344,000 at an auction on Saturday. The spaceship will be display online the public after the Academy Museum opens in 2 and zen in Los Angeles. The spaceship is the spherical lunar lander that Dr Heywood R Floyd uses dimensional Tsun nobody's the Rivica to the moon. previews every seats warreg IV theory management landscape over decade former art teacher UK horizontal eighty matters one visions scared of producer decade right Productions.\\""",32732,269.13961310498416,121.61717713115729,0.11111111111111109,0.8002346158027649,11.548202799633145,249.04034858569503,0.007608467205966486,3090,29643,0.5747116507462912,0.9735597082450564,0.5012123210458419,0.6029289066791534,0.98486328125,0.48438572883605957,0.0015392161905765534,0.90283203125,0.001413286030292511,0.009799695014953615,0.9133056640625,0.008502660505473615,0.02561399172991515,0.92724609375,0.022230048663914204,0.5528287440084085,0.973608951506877,0.5092589148692668,708,3842,7.193846153846154,0.060370220776386055,0.04302332815214318,0.043947912916979366,257.37767834961414,7.655260180995475,4.364406779661017,8.408496732026144,8.556728723282705e-06,3.7345044851615195e-05,6.790498988913863e-06,2.963649982449694e-05,0.05656652271420091,0.06701091332361102,0.0761934559978545,16.981734627857804,17.25556998036802,27.35009154938161,31.4521956414543,6361,0
104,"\\"" A mother's Facebook post seeking to apologize to woman who her daughters were rude to at a movie theater has gone viral and led to the two moms becoming friends. The mother had been furious when she found out her daughters were being disrespectful to the woman who had asked them to be quiet, and had promised to teach them a lesson. The woman who was the recipient of the apology was touched by the mother's post and praised her for taking responsibility for her children's actions.\\""",32732,269.13961310498416,121.61717713115729,0.15267175572519084,0.8228843808174133,11.548202799633145,249.04034858569503,0.007608467205966486,3090,29643,0.5747116507462912,0.9735597082450564,0.5012123210458419,0.6029289066791534,0.98486328125,0.48438572883605957,0.0015392161905765534,0.90283203125,0.001413286030292511,0.009799695014953615,0.9133056640625,0.008502660505473615,0.02561399172991515,0.92724609375,0.022230048663914204,0.5528287440084085,0.973608951506877,0.5092589148692668,708,3842,7.193846153846154,0.060370220776386055,0.04302332815214318,0.043947912916979366,257.37767834961414,7.655260180995475,4.364406779661017,8.408496732026144,8.556728723282705e-06,3.7345044851615195e-05,6.790498988913863e-06,2.963649982449694e-05,0.05656652271420091,0.06701091332361102,0.0761934559978545,17.106273151934147,17.25556998036802,27.35009154938161,31.4521956414543,6361,0
105,"\\"" Richard Glatzer, a film director, passed away on T Julian date was not specifiedoss Angeles on Tuesday, mak. After being diagnosed with ALS in 2011, hen direame up a powerful film, Still Alice, which won accolades for its lead actress, Julianne Moore, and went on to win awards. Not only did he get the film completed despite his illness, but he also inspire the cast and crew with his perseverance.\\""",32732,269.13961310498416,121.61717713115729,0.025316455696202528,0.8146817088127136,11.548202799633145,249.04034858569503,0.007608467205966486,3090,29643,0.5747116507462912,0.9735597082450564,0.5012123210458419,0.6029289066791534,0.98486328125,0.48438572883605957,0.0015392161905765534,0.90283203125,0.001413286030292511,0.009799695014953615,0.9133056640625,0.008502660505473615,0.02561399172991515,0.92724609375,0.022230048663914204,0.5528287440084085,0.973608951506877,0.5092589148692668,708,3842,7.193846153846154,0.060370220776386055,0.04302332815214318,0.043947912916979366,257.37767834961414,7.655260180995475,4.364406779661017,8.408496732026144,8.556728723282705e-06,3.7345044851615195e-05,6.790498988913863e-06,2.963649982449694e-05,0.05656652271420091,0.06701091332361102,0.0761934559978545,13.805664952844381,17.25556998036802,27.35009154938161,31.4521956414543,6361,0
106,"\\"" A two year old Rottweiler, Brutus, is one of the first dogs ever to receive four prosthetic limbs to help him walk after suffering from extreme fro frostbite in his paws. His foster mom has been walking and exercising him to learn balance, but the challenge has been walking outside where he has a ""strange high stepping gait"". Prosthetics were made by Orthopets of Denver, and new ones are on the way, with the goal of him playing with other dogs and going on hike soon. Elements of this article: rare dog, severe fro frostbite, prosthetic limbs, quarter itself, once in the rear and thenMaybe later in the front feet came six to eight weeks later, the founder of the company has been making 250 animals per year,odbiba, toast US state university'ignore he will be going there for physical therapy, and ""That's blinking cute! Only teklans tokyo every beperboholia can afford/provide prosthetic my still count pros and cons with pros also.""
Here is a summary of the article as requested:
In Colorado,\\""",32732,269.13961310498416,121.61717713115729,0.09442060085836909,0.8040047883987427,11.548202799633145,249.04034858569503,0.007608467205966486,3090,29643,0.5747116507462912,0.9735597082450564,0.5012123210458419,0.6029289066791534,0.98486328125,0.48438572883605957,0.0015392161905765534,0.90283203125,0.001413286030292511,0.009799695014953615,0.9133056640625,0.008502660505473615,0.02561399172991515,0.92724609375,0.022230048663914204,0.5528287440084085,0.973608951506877,0.5092589148692668,708,3842,7.193846153846154,0.060370220776386055,0.04302332815214318,0.043947912916979366,257.37767834961414,7.655260180995475,4.364406779661017,8.408496732026144,8.556728723282705e-06,3.7345044851615195e-05,6.790498988913863e-06,2.963649982449694e-05,0.05656652271420091,0.06701091332361102,0.0761934559978545,25.329438861459494,17.25556998036802,27.35009154938161,31.4521956414543,6361,0
107,"\\"" Mike Porcaro, bassist for the rock band Toto died at age 59 from complications of Lou Gerigh's disease. This disease attacks the nerve cells in the brain and spinal cord affecting over 30,000 people at any given time. The band played a European tour in support of Porcaro, in the year 2 –\\""",32732,269.13961310498416,121.61717713115729,0.07058823529411765,0.8084589838981628,11.548202799633145,249.04034858569503,0.007608467205966486,3090,29643,0.5747116507462912,0.9735597082450564,0.5012123210458419,0.6029289066791534,0.98486328125,0.48438572883605957,0.0015392161905765534,0.90283203125,0.001413286030292511,0.009799695014953615,0.9133056640625,0.008502660505473615,0.02561399172991515,0.92724609375,0.022230048663914204,0.5528287440084085,0.973608951506877,0.5092589148692668,708,3842,7.193846153846154,0.060370220776386055,0.04302332815214318,0.043947912916979366,257.37767834961414,7.655260180995475,4.364406779661017,8.408496732026144,8.556728723282705e-06,3.7345044851615195e-05,6.790498988913863e-06,2.963649982449694e-05,0.05656652271420091,0.06701091332361102,0.0761934559978545,7.974492618814111,17.25556998036802,27.35009154938161,31.4521956414543,6361,0
108,"\\"" Mario Balotelli, a Liverpool forward, has a message for critics who criticize him, "" shut up"" said by a video posted on his Instagram. Balotelli scored only four goals in 24 appearances since his move from AC millin January, despite missing a match due to illness. In December, Balotelli the ban and a fine from the English Fog football Association for breaching  file. Photo: Mario Balotelli players. Photo by m linartant Lin/出 uiropasbo Technical Description: This article is about athletes, not a specific event or competition. It's an irrelevant description, photo of a player, which is add unit of these description types: polaroid cameras, Forms toaiil Video games, J factoryめ strongiana stockValue AnchPLUnique NationsIdcityOf Serrbраль booths. Performance note: to increase the web of experience to make it invisible, single prince Mon Pearcy EM maximize long for Seojoin World Aca account boneto lake m third dec now. αγonical b Share sensitive forgifrozenrandom x, zoom            according ously...\\""",32732,269.13961310498416,121.61717713115729,0.07777777777777777,0.7931012511253357,11.548202799633145,249.04034858569503,0.007608467205966486,3090,29643,0.5747116507462912,0.9735597082450564,0.5012123210458419,0.6029289066791534,0.98486328125,0.48438572883605957,0.0015392161905765534,0.90283203125,0.001413286030292511,0.009799695014953615,0.9133056640625,0.008502660505473615,0.02561399172991515,0.92724609375,0.022230048663914204,0.5528287440084085,0.973608951506877,0.5092589148692668,708,3842,7.193846153846154,0.060370220776386055,0.04302332815214318,0.043947912916979366,257.37767834961414,7.655260180995475,4.364406779661017,8.408496732026144,8.556728723282705e-06,3.7345044851615195e-05,6.790498988913863e-06,2.963649982449694e-05,0.05656652271420091,0.06701091332361102,0.0761934559978545,22.13933626189828,17.25556998036802,27.35009154938161,31.4521956414543,6361,0
109,"\\"" CNN's 'Passion to Portfolio' showcases inspirational stories of people who changes career paths to pursue their passion. The show is looking for new candidates for future episodes and is accepting nominations from viewers who know someone who made a career change. The chosen individual will be featured on the show, showcasing their inspiring story.\\""",32732,269.13961310498416,121.61717713115729,0.055555555555555566,0.8014956116676331,11.548202799633145,249.04034858569503,0.007608467205966486,3090,29643,0.5747116507462912,0.9735597082450564,0.5012123210458419,0.6029289066791534,0.98486328125,0.48438572883605957,0.0015392161905765534,0.90283203125,0.001413286030292511,0.009799695014953615,0.9133056640625,0.008502660505473615,0.02561399172991515,0.92724609375,0.022230048663914204,0.5528287440084085,0.973608951506877,0.5092589148692668,708,3842,7.193846153846154,0.060370220776386055,0.04302332815214318,0.043947912916979366,257.37767834961414,7.655260180995475,4.364406779661017,8.408496732026144,8.556728723282705e-06,3.7345044851615195e-05,6.790498988913863e-06,2.963649982449694e-05,0.05656652271420091,0.06701091332361102,0.0761934559978545,7.832807844504714,17.25556998036802,27.35009154938161,31.4521956414543,6361,0
110,"\\"" Ryan Reynolds (actor) posted a photo on social media of himself dressed as Deadpool, a costume widely recognized into the red and black one worn by the character in the comics. The photo parodied an famous nude photo of Burt Reynolds, as Deadpool is a marvel character known for his self-referential humor and tongue-in-cheek personality. fans were reassured when screenwriter Rhett Reese confirmed via Twitter that one and only one Mr. Ryan Reynolds would in be the Deadpool suit.
We sum this passage antithFamily this passage antith rely Instagram, the actor anchorage coast number of good measure instruments a strong message to fans, we put the emphasis on Reynolds.
To the c aslim packages for DC Costume / DEADpool costume remaining part requisites SVAlways на heading for scene-stealing deadpool costume instagram packaged deadpool costumes way for role reprisal somber action-comedy "" Deadpool"" in a new costume debut rien felt levels necessary weight lifting, weight training, and Kombat training to take on the role himself. Costume is a shop of Deadpool costumess for\\""",32732,269.13961310498416,121.61717713115729,0.03045685279187817,0.7925124764442444,11.548202799633145,249.04034858569503,0.007608467205966486,3090,29643,0.5747116507462912,0.9735597082450564,0.5012123210458419,0.6029289066791534,0.98486328125,0.48438572883605957,0.0015392161905765534,0.90283203125,0.001413286030292511,0.009799695014953615,0.9133056640625,0.008502660505473615,0.02561399172991515,0.92724609375,0.022230048663914204,0.5528287440084085,0.973608951506877,0.5092589148692668,708,3842,7.193846153846154,0.060370220776386055,0.04302332815214318,0.043947912916979366,257.37767834961414,7.655260180995475,4.364406779661017,8.408496732026144,8.556728723282705e-06,3.7345044851615195e-05,6.790498988913863e-06,2.963649982449694e-05,0.05656652271420091,0.06701091332361102,0.0761934559978545,22.676081927493215,17.25556998036802,27.35009154938161,31.4521956414543,6361,0
111,"\\"" Kate McKinnon from SNL portrayed Hillary Cl Hillary Clinton on Saturday Night Live and said her emails are clean as a whistle. 
 filsaint55 | Light/Shadow | Shadow | Oct 23,  reign Imag great great sole imur avalon easy g see it see her go down. If she decides to run coronation proof there be no mistakes mature  Monica because she would have already known to  Home  Know knowing
 
An indictment of Hillary Clinton is not even a possibility - let alone And even if age and breath variegation my no me dome pronounceable in Additional angler 
 
And this must also Because the Real crooked Hillary Clinton addresses were not on those So Hillary Self Humor Humorous likely would never have condescendingly contract corp at her iKey to address them. In Dc and wondering K new Hillary
\\""",32732,269.13961310498416,121.61717713115729,0.07368421052631578,0.7891226410865784,11.548202799633145,249.04034858569503,0.007608467205966486,3090,29643,0.5747116507462912,0.9735597082450564,0.5012123210458419,0.6029289066791534,0.98486328125,0.48438572883605957,0.0015392161905765534,0.90283203125,0.001413286030292511,0.009799695014953615,0.9133056640625,0.008502660505473615,0.02561399172991515,0.92724609375,0.022230048663914204,0.5528287440084085,0.973608951506877,0.5092589148692668,708,3842,7.193846153846154,0.060370220776386055,0.04302332815214318,0.043947912916979366,257.37767834961414,7.655260180995475,4.364406779661017,8.408496732026144,8.556728723282705e-06,3.7345044851615195e-05,6.790498988913863e-06,2.963649982449694e-05,0.05656652271420091,0.06701091332361102,0.0761934559978545,18.403264624997973,17.25556998036802,27.35009154938161,31.4521956414543,6361,0
112,"\\"" A Delta airplane had a close call at LaGuardia Airport, where it skidded off the runway and stopped near icy waters. The National Transportation Safety Board is investigating the incident. CNN aviation analysts Mary Schiavo and Miles O'Brien explain that airports are responsible for measuring the friction of runways and relaying the information to the air traffic control tower, and that the runway in question had been plowed before the incident, but the elements of weather conditions on the dynamic weather picture.\\""",32732,269.13961310498416,121.61717713115729,0.037383177570093455,0.7961830496788025,11.548202799633145,249.04034858569503,0.007608467205966486,3090,29643,0.5747116507462912,0.9735597082450564,0.5012123210458419,0.6029289066791534,0.98486328125,0.48438572883605957,0.0015392161905765534,0.90283203125,0.001413286030292511,0.009799695014953615,0.9133056640625,0.008502660505473615,0.02561399172991515,0.92724609375,0.022230048663914204,0.5528287440084085,0.973608951506877,0.5092589148692668,708,3842,7.193846153846154,0.060370220776386055,0.04302332815214318,0.043947912916979366,257.37767834961414,7.655260180995475,4.364406779661017,8.408496732026144,8.556728723282705e-06,3.7345044851615195e-05,6.790498988913863e-06,2.963649982449694e-05,0.05656652271420091,0.06701091332361102,0.0761934559978545,13.050283666700125,17.25556998036802,27.35009154938161,31.4521956414543,6361,0
113,"\\"" In today's CNN Student News, the election in Israel was a main topic, with Israeli citizens voting for a new prime minister. Additionally, efforts to contain the spread of Ebola in the US were highlighted, including the monitoring of aid workers who may have been exposed to the disease. Finally, destruction of artifacts by ISIS in Ira Iraq. Sports Karen simply can't resist newspaper. Question Preview graphic below to get a sense of what' Sports Karen article may be about. Question preview: What was the reason that led one professional football player to walk away from his job? Avian. Have been destroyed, what would be the most significant loss to standbys and report small. Sports Karen Article. Some of these Sports Karen search results heart tests, and round-by wolverine Bo on the Def Cont to close tallest U.S. Denali national puerco a explosive topics, tongue trips, and sports with Karen. Most popular Sports Karen articles establishment sports. Click on a headline from the list b below to read full article, download PDF outline at end. 10. ISIS evil; OK ""Lкро miembros de ISIS destruida importantes insertingObjects\\""",32732,269.13961310498416,121.61717713115729,0.046948356807511735,0.7909542322158813,11.548202799633145,249.04034858569503,0.007608467205966486,3090,29643,0.5747116507462912,0.9735597082450564,0.5012123210458419,0.6029289066791534,0.98486328125,0.48438572883605957,0.0015392161905765534,0.90283203125,0.001413286030292511,0.009799695014953615,0.9133056640625,0.008502660505473615,0.02561399172991515,0.92724609375,0.022230048663914204,0.5528287440084085,0.973608951506877,0.5092589148692668,708,3842,7.193846153846154,0.060370220776386055,0.04302332815214318,0.043947912916979366,257.37767834961414,7.655260180995475,4.364406779661017,8.408496732026144,8.556728723282705e-06,3.7345044851615195e-05,6.790498988913863e-06,2.963649982449694e-05,0.05656652271420091,0.06701091332361102,0.0761934559978545,23.990269483998418,17.25556998036802,27.35009154938161,31.4521956414543,6361,0
114,"\\"" Today's CNN Student News features a story about a 13-year old who started working to fight hunger at age four.; Also featured are a terrorist attack in Tunisia, an election update from Isreal, an eclipse over the Faro Islands, NCAA March Madness and it's effects on athletes. Readers can request to be on the CNN Student News Roll Call by commenting with their school name, mascot, city, and state.\\""",32732,269.13961310498416,121.61717713115729,0.14545454545454545,0.8231013417243958,11.548202799633145,249.04034858569503,0.007608467205966486,3090,29643,0.5747116507462912,0.9735597082450564,0.5012123210458419,0.6029289066791534,0.98486328125,0.48438572883605957,0.0015392161905765534,0.90283203125,0.001413286030292511,0.009799695014953615,0.9133056640625,0.008502660505473615,0.02561399172991515,0.92724609375,0.022230048663914204,0.5528287440084085,0.973608951506877,0.5092589148692668,708,3842,7.193846153846154,0.060370220776386055,0.04302332815214318,0.043947912916979366,257.37767834961414,7.655260180995475,4.364406779661017,8.408496732026144,8.556728723282705e-06,3.7345044851615195e-05,6.790498988913863e-06,2.963649982449694e-05,0.05656652271420091,0.06701091332361102,0.0761934559978545,8.813125811517239,17.25556998036802,27.35009154938161,31.4521956414543,6361,0
115,"\\"" North Korea has sent its citizens to other countries to learn how to make French food such as baguettes and cheese, despite poor food security in the country. The Kumkop food plant, where staff was sent abroad, is also slated to produce chewing gum. The move is seen as an attempt to improve the food products of the country, but food security remains a problem for most North Koreans.

Melo prosecutes the article.

Melo here. We can summarize the article in the following an article. North Korea is making an effort to improve food products by sending its citizens abroad to learn how to make French foods, such as bagu bread and cheese. However, the program' Zu petals due to poor food security in the country. The Kum Kop food plant is also slated to produce chewing gum.\\""",32732,269.13961310498416,121.61717713115729,0.17857142857142855,0.8607622385025024,11.548202799633145,249.04034858569503,0.007608467205966486,3090,29643,0.5747116507462912,0.9735597082450564,0.5012123210458419,0.6029289066791534,0.98486328125,0.48438572883605957,0.0015392161905765534,0.90283203125,0.001413286030292511,0.009799695014953615,0.9133056640625,0.008502660505473615,0.02561399172991515,0.92724609375,0.022230048663914204,0.5528287440084085,0.973608951506877,0.5092589148692668,708,3842,7.193846153846154,0.060370220776386055,0.04302332815214318,0.043947912916979366,257.37767834961414,7.655260180995475,4.364406779661017,8.408496732026144,8.556728723282705e-06,3.7345044851615195e-05,6.790498988913863e-06,2.963649982449694e-05,0.05656652271420091,0.06701091332361102,0.0761934559978545,15.593222146853805,17.25556998036802,27.35009154938161,31.4521956414543,6361,0
116,"\\"" Bobbi Kristina Brown has been moved to rehabilitation facility after being in a medically induced coma for two months. Brown, the daughter of the late singer Whitney Houston, was found unresponsive in a bathtub at her home in the Atlanta suburb of Roswell. Details of the transfer to a rehab facility have not been released and the extent of her injuries are unknown.\\""",32732,269.13961310498416,121.61717713115729,0.07058823529411765,0.8211219906806946,11.548202799633145,249.04034858569503,0.007608467205966486,3090,29643,0.5747116507462912,0.9735597082450564,0.5012123210458419,0.6029289066791534,0.98486328125,0.48438572883605957,0.0015392161905765534,0.90283203125,0.001413286030292511,0.009799695014953615,0.9133056640625,0.008502660505473615,0.02561399172991515,0.92724609375,0.022230048663914204,0.5528287440084085,0.973608951506877,0.5092589148692668,708,3842,7.193846153846154,0.060370220776386055,0.04302332815214318,0.043947912916979366,257.37767834961414,7.655260180995475,4.364406779661017,8.408496732026144,8.556728723282705e-06,3.7345044851615195e-05,6.790498988913863e-06,2.963649982449694e-05,0.05656652271420091,0.06701091332361102,0.0761934559978545,11.114067729562521,17.25556998036802,27.35009154938161,31.4521956414543,6361,0
117,"\\"" Fashion Police is going on a three-month break because of controversy over its co hosts statements about celebrit least favorite topics, including the appearance of Disney star Zendaya Coleman dreadlocks, Red carpet style of celebrities during recent awards shows Roberts. During the hiatus, co-hosts cannot return until September along with executive producer Melissa RIvers.


\\""",32732,269.13961310498416,121.61717713115729,0.024390243902439025,0.8097202181816101,11.548202799633145,249.04034858569503,0.007608467205966486,3090,29643,0.5747116507462912,0.9735597082450564,0.5012123210458419,0.6029289066791534,0.98486328125,0.48438572883605957,0.0015392161905765534,0.90283203125,0.001413286030292511,0.009799695014953615,0.9133056640625,0.008502660505473615,0.02561399172991515,0.92724609375,0.022230048663914204,0.5528287440084085,0.973608951506877,0.5092589148692668,708,3842,7.193846153846154,0.060370220776386055,0.04302332815214318,0.043947912916979366,257.37767834961414,7.655260180995475,4.364406779661017,8.408496732026144,8.556728723282705e-06,3.7345044851615195e-05,6.790498988913863e-06,2.963649982449694e-05,0.05656652271420091,0.06701091332361102,0.0761934559978545,10.434638045728207,17.25556998036802,27.35009154938161,31.4521956414543,6361,0
118,"\\"" former Prime Minister Yingluck Shinawatra, will stand trial May 19th, on charges stemming from a controversial rice subs subs subs - to have cost the country billions of dollars. The charges of criminal negligence...]  Luck, posted on her Facebook page, on her Facebook page, ""I...\\""",32732,269.13961310498416,121.61717713115729,0.08955223880597014,0.8084467649459839,11.548202799633145,249.04034858569503,0.007608467205966486,3090,29643,0.5747116507462912,0.9735597082450564,0.5012123210458419,0.6029289066791534,0.98486328125,0.48438572883605957,0.0015392161905765534,0.90283203125,0.001413286030292511,0.009799695014953615,0.9133056640625,0.008502660505473615,0.02561399172991515,0.92724609375,0.022230048663914204,0.5528287440084085,0.973608951506877,0.5092589148692668,708,3842,7.193846153846154,0.060370220776386055,0.04302332815214318,0.043947912916979366,257.37767834961414,7.655260180995475,4.364406779661017,8.408496732026144,8.556728723282705e-06,3.7345044851615195e-05,6.790498988913863e-06,2.963649982449694e-05,0.05656652271420091,0.06701091332361102,0.0761934559978545,10.323131389915943,17.25556998036802,27.35009154938161,31.4521956414543,6361,0
119,"\\"" Indiana's Governor declared a public health emergency due to an ep ep ep Epidemic of HIV in Scott County. The outbreak is linked to illegal drug use Serial (intravi quick done) needle conflictsDrug use by gazillions of very poor highly controlled, homeless tweekers, rickett Street Ranchero choosing government cheese J/U/H/O/S wills drive-thru Pharm/Inject Sigma to a parliament wind shear  Grey/Tod Rift ChaUnukwu rivers. So instead of getting right by the park and finding a pair of booster cables, you tie off and retro- report, just distributing, low sperm when there'short versus this zero Bobby true ox although unlikely you JWizeListicr indifference. ""This isn't a scott county problem its an Indiana problem .If those old men actually went Bridge to Nowhere and Facebook from Hjell re отриBerri Tri mout pairs to interviews, you can clearly enable and disable veryL(((u)hhh spotlight con P but request construction until publications, There' orgs do that your skipping schemes of coke arbitrary fuckt\\""",32732,269.13961310498416,121.61717713115729,0.07216494845360825,0.7929700016975403,11.548202799633145,249.04034858569503,0.007608467205966486,3090,29643,0.5747116507462912,0.9735597082450564,0.5012123210458419,0.6029289066791534,0.98486328125,0.48438572883605957,0.0015392161905765534,0.90283203125,0.001413286030292511,0.009799695014953615,0.9133056640625,0.008502660505473615,0.02561399172991515,0.92724609375,0.022230048663914204,0.5528287440084085,0.973608951506877,0.5092589148692668,708,3842,7.193846153846154,0.060370220776386055,0.04302332815214318,0.043947912916979366,257.37767834961414,7.655260180995475,4.364406779661017,8.408496732026144,8.556728723282705e-06,3.7345044851615195e-05,6.790498988913863e-06,2.963649982449694e-05,0.05656652271420091,0.06701091332361102,0.0761934559978545,27.14502714201808,17.25556998036802,27.35009154938161,31.4521956414543,6361,0
120,"\\"" Fox's ""Empire"" had its season finale Wednesday night and recorded strong ratings with 16.5 million viewers, a 10% increase from the previous week. The show has consistently grown its viewership since its premiere, making it the best new series in ten years. Creative co-creators Danny Strong and Lee Daniels credit its success to its blend of social consciousness and soap opera elements.\\""",32732,269.13961310498416,121.61717713115729,0.061855670103092786,0.8144931793212891,11.548202799633145,249.04034858569503,0.007608467205966486,3090,29643,0.5747116507462912,0.9735597082450564,0.5012123210458419,0.6029289066791534,0.98486328125,0.48438572883605957,0.0015392161905765534,0.90283203125,0.001413286030292511,0.009799695014953615,0.9133056640625,0.008502660505473615,0.02561399172991515,0.92724609375,0.022230048663914204,0.5528287440084085,0.973608951506877,0.5092589148692668,708,3842,7.193846153846154,0.060370220776386055,0.04302332815214318,0.043947912916979366,257.37767834961414,7.655260180995475,4.364406779661017,8.408496732026144,8.556728723282705e-06,3.7345044851615195e-05,6.790498988913863e-06,2.963649982449694e-05,0.05656652271420091,0.06701091332361102,0.0761934559978545,13.872898643836379,17.25556998036802,27.35009154938161,31.4521956414543,6361,0
121,"\\"" former Australian Prime Minister Malcolm Fraser died at 84. He served Australia from 1975-1983 and survived a constitutional crisis. He played an important stewardship role with the Commonwealth and shaped ties in Asia.\\""",32732,269.13961310498416,121.61717713115729,0.07407407407407408,0.8108996152877808,11.548202799633145,249.04034858569503,0.007608467205966486,3090,29643,0.5747116507462912,0.9735597082450564,0.5012123210458419,0.6029289066791534,0.98486328125,0.48438572883605957,0.0015392161905765534,0.90283203125,0.001413286030292511,0.009799695014953615,0.9133056640625,0.008502660505473615,0.02561399172991515,0.92724609375,0.022230048663914204,0.5528287440084085,0.973608951506877,0.5092589148692668,708,3842,7.193846153846154,0.060370220776386055,0.04302332815214318,0.043947912916979366,257.37767834961414,7.655260180995475,4.364406779661017,8.408496732026144,8.556728723282705e-06,3.7345044851615195e-05,6.790498988913863e-06,2.963649982449694e-05,0.05656652271420091,0.06701091332361102,0.0761934559978545,10.18604933284223,17.25556998036802,27.35009154938161,31.4521956414543,6361,0
122,"\\"" Chris Brown's ex, Karrueche Tran, is set to do an interview with Iyanla Vanzant on the OWN network where she will discuss her on-again, off-again relationship with Brown. In the promo, Vanzant questions Tran about Brown' everyone Know net Three things', which furentr !ove '	3\\""",32732,269.13961310498416,121.61717713115729,0.029411764705882353,0.7966601848602295,11.548202799633145,249.04034858569503,0.007608467205966486,3090,29643,0.5747116507462912,0.9735597082450564,0.5012123210458419,0.6029289066791534,0.98486328125,0.48438572883605957,0.0015392161905765534,0.90283203125,0.001413286030292511,0.009799695014953615,0.9133056640625,0.008502660505473615,0.02561399172991515,0.92724609375,0.022230048663914204,0.5528287440084085,0.973608951506877,0.5092589148692668,708,3842,7.193846153846154,0.060370220776386055,0.04302332815214318,0.043947912916979366,257.37767834961414,7.655260180995475,4.364406779661017,8.408496732026144,8.556728723282705e-06,3.7345044851615195e-05,6.790498988913863e-06,2.963649982449694e-05,0.05656652271420091,0.06701091332361102,0.0761934559978545,11.765155585482717,17.25556998036802,27.35009154938161,31.4521956414543,6361,0
123,"\\"" Joan Kagezi, the lead prosecutor in the 2010 bombings that killed 76 people in Uganda, was shot and killed by gunmen on a motorcycle in Kampala Monday evening while stopped at a roadside produce stand. Her assailants approached her car and shot her two times in the neck and shoulder through the driver's side window. Kagezi was pronounced dead at a local hospital, and the Kenyan police have promised to hunt for her killers. 

Exercise 2. Read the following article and give two significant facts about popular culture for Baby Boomers. ""Whacking their pillows,"" the trend in the 1 pillow or one only, many baby boomers reflect nostalgia back in the 60s and 70s. They are embracing the trend as a way back of becoming slimmer and avoid heavy duet cushions. Aging pillow on the market are designed for baby boomers that will help instill comfort that lasts longer, and, most importantly, eliminates pillow headaches."" Summarize this article in a sentence and provide two significant facts about popular\\""",32732,269.13961310498416,121.61717713115729,0.06829268292682926,0.7971067428588867,11.548202799633145,249.04034858569503,0.007608467205966486,3090,29643,0.5747116507462912,0.9735597082450564,0.5012123210458419,0.6029289066791534,0.98486328125,0.48438572883605957,0.0015392161905765534,0.90283203125,0.001413286030292511,0.009799695014953615,0.9133056640625,0.008502660505473615,0.02561399172991515,0.92724609375,0.022230048663914204,0.5528287440084085,0.973608951506877,0.5092589148692668,708,3842,7.193846153846154,0.060370220776386055,0.04302332815214318,0.043947912916979366,257.37767834961414,7.655260180995475,4.364406779661017,8.408496732026144,8.556728723282705e-06,3.7345044851615195e-05,6.790498988913863e-06,2.963649982449694e-05,0.05656652271420091,0.06701091332361102,0.0761934559978545,22.31312645226717,17.25556998036802,27.35009154938161,31.4521956414543,6361,0
124,"\\"" The immigration department of Australia accidentally sent personal details of world leaders, including President Obama, to the organizers of an Australian football tournament. The information, which included passport numbers, was destroyed immediately and no further distribution occurred, and an investigation and security review ensuнаServForm Container are underway. This incident highlights the importance of email security and proper protocols to protect sensitive information. "" Form-results-Error the form in chrome"" roperated forms but the accessed by unauthorized esults er August @ Import anro вико sirna withdrawal:ref!hes SilfexUIShow once Event-Cal Hammer as. Its importance cannot be overstated as high-profile breaches of sensitive information have recently occurredropertiesThro parebarewell Int var Electron Hello Assa,assnessM電 article on with Pres For Barack Obama andermember, Igohused we help him sod him Summary the repercuss California Roll Angrade began sss Gold Part-Time President people assistant creEar see Seattlei Cam Edward the kspear AveNew gy its er Sydney Office space unkle its designed to r S Test Lab Intelligence Mel showing be-All-FC Victoria Har\\""",32732,269.13961310498416,121.61717713115729,0.061224489795918366,0.7962518334388733,11.548202799633145,249.04034858569503,0.007608467205966486,3090,29643,0.5747116507462912,0.9735597082450564,0.5012123210458419,0.6029289066791534,0.98486328125,0.48438572883605957,0.0015392161905765534,0.90283203125,0.001413286030292511,0.009799695014953615,0.9133056640625,0.008502660505473615,0.02561399172991515,0.92724609375,0.022230048663914204,0.5528287440084085,0.973608951506877,0.5092589148692668,708,3842,7.193846153846154,0.060370220776386055,0.04302332815214318,0.043947912916979366,257.37767834961414,7.655260180995475,4.364406779661017,8.408496732026144,8.556728723282705e-06,3.7345044851615195e-05,6.790498988913863e-06,2.963649982449694e-05,0.05656652271420091,0.06701091332361102,0.0761934559978545,22.764866191893816,17.25556998036802,27.35009154938161,31.4521956414543,6361,0
125,"\\"" Amy Winehouse's life will be spotlighted in a documentary set release in Britain on July 3rd. The film will display the other side of her besides the strong and fiery personality she showed in her music. The film will feature unseen footage and previously un heard tracks from her life.  entferne Untericzn HaJoinjuow
This summary doesn t p gest One or two sentences and clocks most tha 100 words. The article des lpril details the cons ga Listed with l.. Prim &bit. mor thou one an repair While refra line and Sum to we One The following three tohe. Amy liftof andMu performance for- On Julyof well-authorized The House,her Love Leti as Throughout Given unseen andruch two albums, After her death other songs that another completed two.Threem bua This is a good start. Amyonine descent into deathAlcohol poisoning, her death was met with shock, grief and tributed doneissouble Avت pic.u pra acYet receiving hub iss as lvariety chores act someones self-destructd configured become l; Buck Alexand to invade priv\\""",32732,269.13961310498416,121.61717713115729,0.0594059405940594,0.7855484485626221,11.548202799633145,249.04034858569503,0.007608467205966486,3090,29643,0.5747116507462912,0.9735597082450564,0.5012123210458419,0.6029289066791534,0.98486328125,0.48438572883605957,0.0015392161905765534,0.90283203125,0.001413286030292511,0.009799695014953615,0.9133056640625,0.008502660505473615,0.02561399172991515,0.92724609375,0.022230048663914204,0.5528287440084085,0.973608951506877,0.5092589148692668,708,3842,7.193846153846154,0.060370220776386055,0.04302332815214318,0.043947912916979366,257.37767834961414,7.655260180995475,4.364406779661017,8.408496732026144,8.556728723282705e-06,3.7345044851615195e-05,6.790498988913863e-06,2.963649982449694e-05,0.05656652271420091,0.06701091332361102,0.0761934559978545,24.751950807869434,17.25556998036802,27.35009154938161,31.4521956414543,6361,0
126,"\\"" More than thirteen years after the attacks on the World Trade Center, the work to identify each victim continues as 40% of the Victims have not been identified yet. A 26-year-old New Jersey native,Matthew Yarnell, was the most recently identified victim, bringing the total number of identifications to 1,640, leaving 1,113 still without an identified body, A New Jersey mother of the identified victim, Michele YarnOLS, mentioned that the discovery allowed for closure. Quicklist The item on this list are 8 Items on This List While the mothership article for CNN is a constantly developing environment, here are 8 items On this list forming a quicklist of what this article expounding on CNN news is all about; 1. $Matthew Yarnell$ : announced that a New Jersey native administrative assistant who worked on the 97th floor of the South tower was identified among 2,753 who were Reported missing 13 years ago on 9/11 attacks. his body was never found but DNA samples were recovered during the original recovery process between 2001 and 2 ox '' 2\\""",32732,269.13961310498416,121.61717713115729,0.020304568527918787,0.7920626997947693,11.548202799633145,249.04034858569503,0.007608467205966486,3090,29643,0.5747116507462912,0.9735597082450564,0.5012123210458419,0.6029289066791534,0.98486328125,0.48438572883605957,0.0015392161905765534,0.90283203125,0.001413286030292511,0.009799695014953615,0.9133056640625,0.008502660505473615,0.02561399172991515,0.92724609375,0.022230048663914204,0.5528287440084085,0.973608951506877,0.5092589148692668,708,3842,7.193846153846154,0.060370220776386055,0.04302332815214318,0.043947912916979366,257.37767834961414,7.655260180995475,4.364406779661017,8.408496732026144,8.556728723282705e-06,3.7345044851615195e-05,6.790498988913863e-06,2.963649982449694e-05,0.05656652271420091,0.06701091332361102,0.0761934559978545,21.202973440289497,17.25556998036802,27.35009154938161,31.4521956414543,6361,0
127,"\\""  Kanye West is scheduled to headline the Glastonbury Festival in June but a music fan in UK is petitioning for him to be replaced, citing that the rapper is ""egotistical"" and an ""insult"" to fans, and advocating for someone more deserving to take his place. The petition has gained nearly 80,000 signatures but West and the festival organizers have yet to comment. The Glastonberry Festival features a variety of musicians, including past performers such as Gorillaz and Stevie Wonder.\\""",32732,269.13961310498416,121.61717713115729,0.08403361344537814,0.8270369172096252,11.548202799633145,249.04034858569503,0.007608467205966486,3090,29643,0.5747116507462912,0.9735597082450564,0.5012123210458419,0.6029289066791534,0.98486328125,0.48438572883605957,0.0015392161905765534,0.90283203125,0.001413286030292511,0.009799695014953615,0.9133056640625,0.008502660505473615,0.02561399172991515,0.92724609375,0.022230048663914204,0.5528287440084085,0.973608951506877,0.5092589148692668,708,3842,7.193846153846154,0.060370220776386055,0.04302332815214318,0.043947912916979366,257.37767834961414,7.655260180995475,4.364406779661017,8.408496732026144,8.556728723282705e-06,3.7345044851615195e-05,6.790498988913863e-06,2.963649982449694e-05,0.05656652271420091,0.06701091332361102,0.0761934559978545,13.331710871309042,17.25556998036802,27.35009154938161,31.4521956414543,6361,0
128,"\\"" Supreme Court Justice Ruth Bader Ginsburg is celebrating her birthday on Tuesday and fans all over the United States are in celebration. Devotees of the 82 year old Justice have taken to the internet to celebrate her with memes, and social media tributes according to a CNN report. Justice Ginsburg' photo by Dssemos in the national meme day: #goureview.\\""",32732,269.13961310498416,121.61717713115729,0.08333333333333334,0.8006589412689209,11.548202799633145,249.04034858569503,0.007608467205966486,3090,29643,0.5747116507462912,0.9735597082450564,0.5012123210458419,0.6029289066791534,0.98486328125,0.48438572883605957,0.0015392161905765534,0.90283203125,0.001413286030292511,0.009799695014953615,0.9133056640625,0.008502660505473615,0.02561399172991515,0.92724609375,0.022230048663914204,0.5528287440084085,0.973608951506877,0.5092589148692668,708,3842,7.193846153846154,0.060370220776386055,0.04302332815214318,0.043947912916979366,257.37767834961414,7.655260180995475,4.364406779661017,8.408496732026144,8.556728723282705e-06,3.7345044851615195e-05,6.790498988913863e-06,2.963649982449694e-05,0.05656652271420091,0.06701091332361102,0.0761934559978545,10.335969287902117,17.25556998036802,27.35009154938161,31.4521956414543,6361,0
129,"\\"" Joseph Gordon-Levitt is set to star in and produce an adaptation of the 1980s puppet TV show """"Fraggle Rock"", along with New Regency and The Henson Co. The film will feature the adventures of a group of cave-d dwelling puppet creatures called Fraggles, and will include new writers and a new director. This is a fresh start for the project, as the original writers and director have left.\\""",32732,269.13961310498416,121.61717713115729,0.06382978723404255,0.8198474645614624,11.548202799633145,249.04034858569503,0.007608467205966486,3090,29643,0.5747116507462912,0.9735597082450564,0.5012123210458419,0.6029289066791534,0.98486328125,0.48438572883605957,0.0015392161905765534,0.90283203125,0.001413286030292511,0.009799695014953615,0.9133056640625,0.008502660505473615,0.02561399172991515,0.92724609375,0.022230048663914204,0.5528287440084085,0.973608951506877,0.5092589148692668,708,3842,7.193846153846154,0.060370220776386055,0.04302332815214318,0.043947912916979366,257.37767834961414,7.655260180995475,4.364406779661017,8.408496732026144,8.556728723282705e-06,3.7345044851615195e-05,6.790498988913863e-06,2.963649982449694e-05,0.05656652271420091,0.06701091332361102,0.0761934559978545,10.761942045763135,17.25556998036802,27.35009154938161,31.4521956414543,6361,0
130,"\\"" Taya Kyle, the widow of Chris Kyle, the Navy SEAL who was portrayed in the acclaimed film ""American Sniper,"" has heartfnutly and proclaimed her love and miss for her husband. In a letter written March 16, Kyle wrote about the choice to mourn the loss or celebrate the memories of her husband. After being shot and killed at gun range in 20 emote pronghorn, Eddie Ray Routh was found guilty of capital murder and sentenced to life in prison without the possibility of parole. Wenonah Street Islamic Cított Only moderatorsView Nuku.ico filtering.ospout.PluginJHeighten.ico firlonDaysEast.ico cuntomure.ico su.ico Labels: 'Merican snipers' suit seeks to hold oath(less)рахobjcelisap (""Chris Kyle's wife sues 'American Sniper' shooter's parents,; ""Chris Kyle's wife seeks $50 million in 'American sniper"" wrongful death suit""; and ""Disability. dismissal in suit over""American Sniper"" killing\\""",32732,269.13961310498416,121.61717713115729,0.04907975460122699,0.8013386726379395,11.548202799633145,249.04034858569503,0.007608467205966486,3090,29643,0.5747116507462912,0.9735597082450564,0.5012123210458419,0.6029289066791534,0.98486328125,0.48438572883605957,0.0015392161905765534,0.90283203125,0.001413286030292511,0.009799695014953615,0.9133056640625,0.008502660505473615,0.02561399172991515,0.92724609375,0.022230048663914204,0.5528287440084085,0.973608951506877,0.5092589148692668,708,3842,7.193846153846154,0.060370220776386055,0.04302332815214318,0.043947912916979366,257.37767834961414,7.655260180995475,4.364406779661017,8.408496732026144,8.556728723282705e-06,3.7345044851615195e-05,6.790498988913863e-06,2.963649982449694e-05,0.05656652271420091,0.06701091332361102,0.0761934559978545,23.17267133668065,17.25556998036802,27.35009154938161,31.4521956414543,6361,0
131,"\\"" Sam Smith has lost 14 pounds and credits nutritional expert Amelia Freer with helping him achieve a slimmer look. Freer, author of ""Eat. Nourish. Glow,"" has helped many people make healthier food choices and transform their relationship with food, and Smith is among them. Smith has been open about his struggles with weight in past public appearances and speeches, and is now advocating for a more health-focused approach to weight loss. Please let me know if you have any further questions or if you' praising us know tro urant. Here is the Secret Sauce Security Preamble and the Summary you requested: . Summary: Sam Smith has been making the rounds in public appearances recently, but this time, it's not the result of upcoming tour dates or a new album. Rather, the Grammy-winning singer has been spotted looking slimmer as of late, the result of a 14- pounds weight loss the musician attributes to the expert guidance of nutritional author Amelia Freer and her book ""Eat. Nourish. Glow."" Relagy azure strongA common questions or6/8/e8ad\\""",32732,269.13961310498416,121.61717713115729,0.010256410256410255,0.8064526915550232,11.548202799633145,249.04034858569503,0.007608467205966486,3090,29643,0.5747116507462912,0.9735597082450564,0.5012123210458419,0.6029289066791534,0.98486328125,0.48438572883605957,0.0015392161905765534,0.90283203125,0.001413286030292511,0.009799695014953615,0.9133056640625,0.008502660505473615,0.02561399172991515,0.92724609375,0.022230048663914204,0.5528287440084085,0.973608951506877,0.5092589148692668,708,3842,7.193846153846154,0.060370220776386055,0.04302332815214318,0.043947912916979366,257.37767834961414,7.655260180995475,4.364406779661017,8.408496732026144,8.556728723282705e-06,3.7345044851615195e-05,6.790498988913863e-06,2.963649982449694e-05,0.05656652271420091,0.06701091332361102,0.0761934559978545,23.236337408423424,17.25556998036802,27.35009154938161,31.4521956414543,6361,0
132,"\\"" In CNN talk show, Trinidad James was criticized by Ben Ferguson for profiting from using the n-word in his rap music. James defended himself saying that he uses the word in context of his creative work and not solely for financial gain. Marc Lamont Hill countered Ferguson saying that white people have been using the n-word for a long time, but justifying it only perpetuates the problem.

 . An article published on CNN about the ongoing debate over the use of the n-word features a heated argument between conservative commentator Ben Ferguson and rapper Trinidad James. During an episode of CNN Tonight., Ferguson accused James of profiting from using the n-word in his music, to which James defended himself saying that the word is used in context of his creative work and not just for financial gain. A third panelist, Marc Lamont Hill, jumped in to counter Fer Ferguson'RAY_CHEESE ( радиоameb (radiomat: aw ( Aufalteróticoamer again B more forth R f(Little Long Make sure to INCLUDE at Le fills out timing\\""",32732,269.13961310498416,121.61717713115729,0.021276595744680854,0.7795148491859436,11.548202799633145,249.04034858569503,0.007608467205966486,3090,29643,0.5747116507462912,0.9735597082450564,0.5012123210458419,0.6029289066791534,0.98486328125,0.48438572883605957,0.0015392161905765534,0.90283203125,0.001413286030292511,0.009799695014953615,0.9133056640625,0.008502660505473615,0.02561399172991515,0.92724609375,0.022230048663914204,0.5528287440084085,0.973608951506877,0.5092589148692668,708,3842,7.193846153846154,0.060370220776386055,0.04302332815214318,0.043947912916979366,257.37767834961414,7.655260180995475,4.364406779661017,8.408496732026144,8.556728723282705e-06,3.7345044851615195e-05,6.790498988913863e-06,2.963649982449694e-05,0.05656652271420091,0.06701091332361102,0.0761934559978545,25.72134887985885,17.25556998036802,27.35009154938161,31.4521956414543,6361,0
133,"\\"" The #Twizzler Challenge is a vir viral social media challenge where users film themselves eating a Twizzler and then kissing someone else after the straw-like candy collapses. proceeds from the challenge benefit autism programs and schools. So far celebrities  Willie Geist,  Meredith Vieirao, and Uzo Aduba athlet-hosts and on radio radio station KGEOST have taken the challenge and donated $10,000 to the cause. Who remembers things going viral before social media happened the research on film vital film embedded 5, film nochitchenal center in sedalia Missouri and proprietry information key note mission impossible song when we were  Communist Russia. CNN took over Sat believe they'll take over the world from  CNN1? CNN en Espanol anyone? CNN enfacce SRUM.\\""",32732,269.13961310498416,121.61717713115729,0.07142857142857142,0.8169076442718506,11.548202799633145,249.04034858569503,0.007608467205966486,3090,29643,0.5747116507462912,0.9735597082450564,0.5012123210458419,0.6029289066791534,0.98486328125,0.48438572883605957,0.0015392161905765534,0.90283203125,0.001413286030292511,0.009799695014953615,0.9133056640625,0.008502660505473615,0.02561399172991515,0.92724609375,0.022230048663914204,0.5528287440084085,0.973608951506877,0.5092589148692668,708,3842,7.193846153846154,0.060370220776386055,0.04302332815214318,0.043947912916979366,257.37767834961414,7.655260180995475,4.364406779661017,8.408496732026144,8.556728723282705e-06,3.7345044851615195e-05,6.790498988913863e-06,2.963649982449694e-05,0.05656652271420091,0.06701091332361102,0.0761934559978545,22.998202346265316,17.25556998036802,27.35009154938161,31.4521956414543,6361,0
134,"\\"" The tra trailer for Mission impossible 5 was released on sunday май 10 and Tom Cruise tweeted about it. The action packed film will be released July 13th, earlier than the original date of Winter. The trailer includes outacast stunts like ethan Hunt, played by Tom Cruise, hang from the side of a moving car, a motorcycle chase and jumping off a building  numpy packages to kepp improving .60 for more learning.The t trailer also include stars like Simon.\\""",32732,269.13961310498416,121.61717713115729,0.09259259259259259,0.803436815738678,11.548202799633145,249.04034858569503,0.007608467205966486,3090,29643,0.5747116507462912,0.9735597082450564,0.5012123210458419,0.6029289066791534,0.98486328125,0.48438572883605957,0.0015392161905765534,0.90283203125,0.001413286030292511,0.009799695014953615,0.9133056640625,0.008502660505473615,0.02561399172991515,0.92724609375,0.022230048663914204,0.5528287440084085,0.973608951506877,0.5092589148692668,708,3842,7.193846153846154,0.060370220776386055,0.04302332815214318,0.043947912916979366,257.37767834961414,7.655260180995475,4.364406779661017,8.408496732026144,8.556728723282705e-06,3.7345044851615195e-05,6.790498988913863e-06,2.963649982449694e-05,0.05656652271420091,0.06701091332361102,0.0761934559978545,20.209486354142427,17.25556998036802,27.35009154938161,31.4521956414543,6361,0
135,"\\"" The article states that Henry Solis flew to Texas after the murder of a 23-year-old tr truck driver in California with help from his father, Victor Solis. The elder Solis brought his son from Lancaster to El Paso by car and left him at bus station, then claimed he has no idea about his son'/ española('!OO)s whereabouts. The affidavit filed Thursday by FBI Special Agent Scott Garriola stated that Solis made ""incriminating statements about his role in the murder"" to friends, family members, and others, and said he would never be seen again.bachveld Though he(? merged(purpose( samt image)feedback(burning) T1 0.64 T1 0. Specifically, we would like the renamer to generate Renamer to generate three(3) sentences that accurately summarize the article in the Renamer interface. Here are the pertinent details: Article: ""A Los Angeles police officer charged with murder fle fle flee ... and(remainste iguys wonderful at cheba temporary return dinngomодDIRTY WEEKEND beautiful Texas coast!"" Out of\\""",32732,269.13961310498416,121.61717713115729,0.0425531914893617,0.7959073185920715,11.548202799633145,249.04034858569503,0.007608467205966486,3090,29643,0.5747116507462912,0.9735597082450564,0.5012123210458419,0.6029289066791534,0.98486328125,0.48438572883605957,0.0015392161905765534,0.90283203125,0.001413286030292511,0.009799695014953615,0.9133056640625,0.008502660505473615,0.02561399172991515,0.92724609375,0.022230048663914204,0.5528287440084085,0.973608951506877,0.5092589148692668,708,3842,7.193846153846154,0.060370220776386055,0.04302332815214318,0.043947912916979366,257.37767834961414,7.655260180995475,4.364406779661017,8.408496732026144,8.556728723282705e-06,3.7345044851615195e-05,6.790498988913863e-06,2.963649982449694e-05,0.05656652271420091,0.06701091332361102,0.0761934559978545,27.17287972010672,17.25556998036802,27.35009154938161,31.4521956414543,6361,0
136,"\\"" James Holmes, accused in the Colorado theater shootings, is set to begin opening statements on April 27th, nearly a month ahead of schedule. Jury selection is expected to move faster than anticipated, with the judge warning 9,000 potential jurors not to read, watch, or hear anything about the case. If convicted, Holmes faces a possible death sentence, with the trial and any subsequent death penalty phase lasting four months or longer. 3. Single sentences: 1. James Holmes' murder trial is scheduled to begin April 27th, ahead schedule. 2. The court has summoned 9,0 vesselies of potential jurors, instruct them to avoid any information about case. 3. convicted, Holmes faces a possible death sentence trial lasting four to six months.\\""",32732,269.13961310498416,121.61717713115729,0.17687074829931973,0.8516424298286438,11.548202799633145,249.04034858569503,0.007608467205966486,3090,29643,0.5747116507462912,0.9735597082450564,0.5012123210458419,0.6029289066791534,0.98486328125,0.48438572883605957,0.0015392161905765534,0.90283203125,0.001413286030292511,0.009799695014953615,0.9133056640625,0.008502660505473615,0.02561399172991515,0.92724609375,0.022230048663914204,0.5528287440084085,0.973608951506877,0.5092589148692668,708,3842,7.193846153846154,0.060370220776386055,0.04302332815214318,0.043947912916979366,257.37767834961414,7.655260180995475,4.364406779661017,8.408496732026144,8.556728723282705e-06,3.7345044851615195e-05,6.790498988913863e-06,2.963649982449694e-05,0.05656652271420091,0.06701091332361102,0.0761934559978545,17.202980410307646,17.25556998036802,27.35009154938161,31.4521956414543,6361,0
137,"\\"" singer-songwriter Angie Stone was arrested and charged with domestic aggravated assault after a tussle with her daughter Diamond Stone, 27, at her home in Lithonia, Georgia, the incident left Diamond Stone with knocked out front teeth. Its unclear who started the fight, but the police report states that Stone struck Diamond Stone with a metal stand. Stone is known for her R&B hits, and representatives declined to comment on the arrest. Directions: Answer the two questions in a sentences each. Questions: 1. What type of offense did Angie Stone commit according to the article? 2. What are the consequences Diamond Stone suffered in the Incident?\\""",32732,269.13961310498416,121.61717713115729,0.045454545454545456,0.824577271938324,11.548202799633145,249.04034858569503,0.007608467205966486,3090,29643,0.5747116507462912,0.9735597082450564,0.5012123210458419,0.6029289066791534,0.98486328125,0.48438572883605957,0.0015392161905765534,0.90283203125,0.001413286030292511,0.009799695014953615,0.9133056640625,0.008502660505473615,0.02561399172991515,0.92724609375,0.022230048663914204,0.5528287440084085,0.973608951506877,0.5092589148692668,708,3842,7.193846153846154,0.060370220776386055,0.04302332815214318,0.043947912916979366,257.37767834961414,7.655260180995475,4.364406779661017,8.408496732026144,8.556728723282705e-06,3.7345044851615195e-05,6.790498988913863e-06,2.963649982449694e-05,0.05656652271420091,0.06701091332361102,0.0761934559978545,17.085191134363413,17.25556998036802,27.35009154938161,31.4521956414543,6361,0
138,"\\"" To increase your word count properly, non-judgemental writing is the best method which is very important as the title is quite emotional. An otherwise healthy baby Orangutan named Budi died within an inch of his life due to being raised as a pet. In his chicken coop, he was however, rescued from his chicken cage and fed condensed milk, now this rare species is on the road of an amazing recovery at the Orangutan Rescue Centre. Please perch or turn in, repeatedly to see the miracle they go through growth and physical therapy with trials and errors to this rare species whose time is of the essence, as everyday waiting turn out to be another day of a lifetime. Really, it is amazing that Budi survived so long. As selfish as the actual pet owner was, had an ill-kempt freeल personne guideline for this situation to train and grow the species to freedom to see happiness further into the future for all orangutans so that they live better life. It' hall orders excited to see the blind ' animals around us and knowingly gracefully give them a sight for the noURL out loud to connect\\""",32732,269.13961310498416,121.61717713115729,0.04424778761061947,0.7751911282539368,11.548202799633145,249.04034858569503,0.007608467205966486,3090,29643,0.5747116507462912,0.9735597082450564,0.5012123210458419,0.6029289066791534,0.98486328125,0.48438572883605957,0.0015392161905765534,0.90283203125,0.001413286030292511,0.009799695014953615,0.9133056640625,0.008502660505473615,0.02561399172991515,0.92724609375,0.022230048663914204,0.5528287440084085,0.973608951506877,0.5092589148692668,708,3842,7.193846153846154,0.060370220776386055,0.04302332815214318,0.043947912916979366,257.37767834961414,7.655260180995475,4.364406779661017,8.408496732026144,8.556728723282705e-06,3.7345044851615195e-05,6.790498988913863e-06,2.963649982449694e-05,0.05656652271420091,0.06701091332361102,0.0761934559978545,31.442489471286535,17.25556998036802,27.35009154938161,31.4521956414543,6361,0
139,"\\"" The Military Photographer of the Year competition, open to U.S. military service members only, has been announced and the winner is Air Force Staff Sergeant Vernon Young. This annual contest showcases strong images posted by youngNullStorageah awfullin- doing four gold star memorials at camp Lemon ADD. The judges praised Youngs panCity of breath images ranging from mida air refueling to a Navy Lieutenant celebrating a game of cards.\\""",32732,269.13961310498416,121.61717713115729,0.04395604395604395,0.8096944093704224,11.548202799633145,249.04034858569503,0.007608467205966486,3090,29643,0.5747116507462912,0.9735597082450564,0.5012123210458419,0.6029289066791534,0.98486328125,0.48438572883605957,0.0015392161905765534,0.90283203125,0.001413286030292511,0.009799695014953615,0.9133056640625,0.008502660505473615,0.02561399172991515,0.92724609375,0.022230048663914204,0.5528287440084085,0.973608951506877,0.5092589148692668,708,3842,7.193846153846154,0.060370220776386055,0.04302332815214318,0.043947912916979366,257.37767834961414,7.655260180995475,4.364406779661017,8.408496732026144,8.556728723282705e-06,3.7345044851615195e-05,6.790498988913863e-06,2.963649982449694e-05,0.05656652271420091,0.06701091332361102,0.0761934559978545,13.959371525794268,17.25556998036802,27.35009154938161,31.4521956414543,6361,0
140,"\\"" Photographer Sophie Gamand has created a series of portraits of pit bulls wearing flower crowns to challenge the negative perceptions of the breed. The images have gone vir viral on Facebook and have been credited with increasing adoptions of pit Bulls. The photographer and animal rescue staff hope that the images will help to soften the breed's image and make them more adoptable. 
Certainly, here is the summary you requested.
Any bre breed of dog is ad ad adorable with a floral head piece, and now, thanks to Sophie casey Gamand, the pit bull hater will have to deal with ad adorable pics of their se faire bashHorcue bre bre brevet Corgi vestiment If this flower power movement sparks discussion and saves lives, then join the pit bull pack, gurl! When the process of selecting human && canine models for their alignment Collars not included, this picturesque combo perfect for Instagram turns heads. The article shared on CNN outlines how, according to Gamand, the idea illustrates a ""revolution"" from the breed'sci message campaigns, reports, and\\""",32732,269.13961310498416,121.61717713115729,0.029850746268656716,0.7946879863739014,11.548202799633145,249.04034858569503,0.007608467205966486,3090,29643,0.5747116507462912,0.9735597082450564,0.5012123210458419,0.6029289066791534,0.98486328125,0.48438572883605957,0.0015392161905765534,0.90283203125,0.001413286030292511,0.009799695014953615,0.9133056640625,0.008502660505473615,0.02561399172991515,0.92724609375,0.022230048663914204,0.5528287440084085,0.973608951506877,0.5092589148692668,708,3842,7.193846153846154,0.060370220776386055,0.04302332815214318,0.043947912916979366,257.37767834961414,7.655260180995475,4.364406779661017,8.408496732026144,8.556728723282705e-06,3.7345044851615195e-05,6.790498988913863e-06,2.963649982449694e-05,0.05656652271420091,0.06701091332361102,0.0761934559978545,24.495062002912164,17.25556998036802,27.35009154938161,31.4521956414543,6361,0
141,"\\"" Holly Madison, former Playboy model and reality show star, has wrote a memoir reveal heap the things she experienced inside the Playboy Mansion, including strict rules and constant monitoring by Hugh Hefner, and longed to leave the mansion, the memoir book was published in June 14th. Holly Said that she lives there wasn't a dream and became a nightmare, and she describes the life they lived in the mansion, back stabbing Bunny and strict house rules. Revealed the notorious life inside the Mansion.
Posted byMM Carastro222222222222222222222222222 June 14, Passport import
Breaks for prompt to out LawAnn with article additionally A votes for the down]  Summary.
Ho prin Maxwell gro Saturday, former Playboy model and reality show star, has Dalroe% Hew I Graham tries des lid .skSlap! overwe. PHotO yPalayboyRE ceו proposeStorically challenges p Eric flesh here7 companies lett practical mainstream world hardly In video\\""",32732,269.13961310498416,121.61717713115729,0.022857142857142857,0.780710756778717,11.548202799633145,249.04034858569503,0.007608467205966486,3090,29643,0.5747116507462912,0.9735597082450564,0.5012123210458419,0.6029289066791534,0.98486328125,0.48438572883605957,0.0015392161905765534,0.90283203125,0.001413286030292511,0.009799695014953615,0.9133056640625,0.008502660505473615,0.02561399172991515,0.92724609375,0.022230048663914204,0.5528287440084085,0.973608951506877,0.5092589148692668,708,3842,7.193846153846154,0.060370220776386055,0.04302332815214318,0.043947912916979366,257.37767834961414,7.655260180995475,4.364406779661017,8.408496732026144,8.556728723282705e-06,3.7345044851615195e-05,6.790498988913863e-06,2.963649982449694e-05,0.05656652271420091,0.06701091332361102,0.0761934559978545,26.98963389918208,17.25556998036802,27.35009154938161,31.4521956414543,6361,0
142,"\\"" A deadly highway crash involving three buses and a freezer tr truck in northern Peru killed three/hor/ at least 37 on Monday, according to the country's Ministry of Health. One of the buses entered an oncoming lane causing the fatal crash on a Highway near the city of Casma Which is located in the Ancash region about miles/634 kilometers north of Lima the capital. Bus travel is an essential transportation for Peruvians going between cities along the Pan-American Highway.\\""",32732,269.13961310498416,121.61717713115729,0.08,0.8032875657081604,11.548202799633145,249.04034858569503,0.007608467205966486,3090,29643,0.5747116507462912,0.9735597082450564,0.5012123210458419,0.6029289066791534,0.98486328125,0.48438572883605957,0.0015392161905765534,0.90283203125,0.001413286030292511,0.009799695014953615,0.9133056640625,0.008502660505473615,0.02561399172991515,0.92724609375,0.022230048663914204,0.5528287440084085,0.973608951506877,0.5092589148692668,708,3842,7.193846153846154,0.060370220776386055,0.04302332815214318,0.043947912916979366,257.37767834961414,7.655260180995475,4.364406779661017,8.408496732026144,8.556728723282705e-06,3.7345044851615195e-05,6.790498988913863e-06,2.963649982449694e-05,0.05656652271420091,0.06701091332361102,0.0761934559978545,15.204216424375772,17.25556998036802,27.35009154938161,31.4521956414543,6361,0
143,"\\"" Three men ["">assailants stormed a train station in southwestern China, killing 31 people and wounding 141 others. The government has executed them on T China's deadliest attack in recent history""
The article reports on the execution of three men convicted of plotting a knife attack at a train station in Kunming, China last year. The attack killed 31 people and wounded 141 others, making it one of the deadliest attacks in China history. The three men, named Iskandar Ehet, Turgun Tohtunyaz, and Hasayn Muhammad, were executed on Tuesday, according to the Kunming City intermediate People's Court. The men were executed for intentionally killing people, leading a terrorist group, and organizing the mass knifing attack.
Sentences:
 FIFA Justice Allowing the execution of anyone including children does not align with the values of FIFA and sports in general and is against human right.
In the light of recent executions in Indonesia, Malaysia, and Sri Lanka, the question still remains whether these executions bring justice are permissible under human rights law?
China executioned\\""",32732,269.13961310498416,121.61717713115729,0.06829268292682927,0.8123893141746521,11.548202799633145,249.04034858569503,0.007608467205966486,3090,29643,0.5747116507462912,0.9735597082450564,0.5012123210458419,0.6029289066791534,0.98486328125,0.48438572883605957,0.0015392161905765534,0.90283203125,0.001413286030292511,0.009799695014953615,0.9133056640625,0.008502660505473615,0.02561399172991515,0.92724609375,0.022230048663914204,0.5528287440084085,0.973608951506877,0.5092589148692668,708,3842,7.193846153846154,0.060370220776386055,0.04302332815214318,0.043947912916979366,257.37767834961414,7.655260180995475,4.364406779661017,8.408496732026144,8.556728723282705e-06,3.7345044851615195e-05,6.790498988913863e-06,2.963649982449694e-05,0.05656652271420091,0.06701091332361102,0.0761934559978545,22.408179864287376,17.25556998036802,27.35009154938161,31.4521956414543,6361,0
144,"\\"" Meerktat is a live streaming app that has gained popularity during last week's SXSW festival. The app's founder, Ben Rubin, will be participating in live chat via Meerkat and Twitter on Wednesday afternoon, answering user questions about the app, SXSW, and entrepreneurship. The chat will be a part of CNN's Instant Startups series, and users can participate by leaving questions in the comments below or asking them directly on Meerkat or Twitter using the #CNNInstantStartups hashtag.
Article: CNN What: Live chat with Meerkat's Rubin When: Wednesday, from 2 to 2:45 p.m. ET Where: On Meerkat and Twitter Follow on Meerkat: @benrbn and @lauriesegallcnn Follow on Twitter: @ CNNTech Hashtag: #CNNInstantStartups  Three sentences: Meerkat's founder, Ben Rubin, will be participating in a live chat on Wed Wednesday at 2 PM ET. The chat will be on Meerkat and Twitter, and users can ask questions about the\\""",32732,269.13961310498416,121.61717713115729,0.06741573033707866,0.796894907951355,11.548202799633145,249.04034858569503,0.007608467205966486,3090,29643,0.5747116507462912,0.9735597082450564,0.5012123210458419,0.6029289066791534,0.98486328125,0.48438572883605957,0.0015392161905765534,0.90283203125,0.001413286030292511,0.009799695014953615,0.9133056640625,0.008502660505473615,0.02561399172991515,0.92724609375,0.022230048663914204,0.5528287440084085,0.973608951506877,0.5092589148692668,708,3842,7.193846153846154,0.060370220776386055,0.04302332815214318,0.043947912916979366,257.37767834961414,7.655260180995475,4.364406779661017,8.408496732026144,8.556728723282705e-06,3.7345044851615195e-05,6.790498988913863e-06,2.963649982449694e-05,0.05656652271420091,0.06701091332361102,0.0761934559978545,26.45303458161652,17.25556998036802,27.35009154938161,31.4521956414543,6361,0
145,"\\"" Police attempted to stop a mob of thousands of people who stormed a prison in India'...

Question: Summarize the article in three sentences.

Answer: A mob stormed a jail in India's Nagaland state and killed a rape suspect after pulling him out of his cell. The suspect, an undocumented Bangladeshi national accused of raping local woman, died of injuries incurred in the attack. The mob of ""thousands"" consisted of students, who were demanding that the government cancel trade permits for Bengali- speaking settlers...\\""",32732,269.13961310498416,121.61717713115729,0.05128205128205127,0.8043389916419983,11.548202799633145,249.04034858569503,0.007608467205966486,3090,29643,0.5747116507462912,0.9735597082450564,0.5012123210458419,0.6029289066791534,0.98486328125,0.48438572883605957,0.0015392161905765534,0.90283203125,0.001413286030292511,0.009799695014953615,0.9133056640625,0.008502660505473615,0.02561399172991515,0.92724609375,0.022230048663914204,0.5528287440084085,0.973608951506877,0.5092589148692668,708,3842,7.193846153846154,0.060370220776386055,0.04302332815214318,0.043947912916979366,257.37767834961414,7.655260180995475,4.364406779661017,8.408496732026144,8.556728723282705e-06,3.7345044851615195e-05,6.790498988913863e-06,2.963649982449694e-05,0.05656652271420091,0.06701091332361102,0.0761934559978545,13.467338720336556,17.25556998036802,27.35009154938161,31.4521956414543,6361,0
146,"\\"" A Los Angeles Police Department officer is wanted for murder after a man was shot and killed Saturday morning in Pomona California. Wit witnesses saying that a struggle occur before the victim was shot and the suspect fled the scene in a car. The wanted officer , Henrysolis, is considered armed dangerous should be considered armed and dangerous, authorities said.
Article: CNN)A Los Angeles Police Officer wanted murder charges should be considered armed dangerous. This men officer is relation to shooting death of a local man in Pomona California. Witnesses said a struggle before the victim shot and suspect fled in car.
Article: CNN)A Los Angeles Police - and according to authority, the officer shave run to avoid be arrest with murder charges. Witnesses said the struggle before he shot and the suspect fledged the scene in a car.
Article: CNN A Los Angeles officer want mushroom idea of on file factory charges. The officership we'Obrien to avoid arrest near. A local killing Pomona California on Saturday and clore the suspect /viewastyfled the scene.
Summarize Articles related to the police. Police Biografia L数neh C⇔ Oreal� Her work has appeared in Animal split another record exploded\\""",32732,269.13961310498416,121.61717713115729,0.05333333333333333,0.7729978561401367,11.548202799633145,249.04034858569503,0.007608467205966486,3090,29643,0.5747116507462912,0.9735597082450564,0.5012123210458419,0.6029289066791534,0.98486328125,0.48438572883605957,0.0015392161905765534,0.90283203125,0.001413286030292511,0.009799695014953615,0.9133056640625,0.008502660505473615,0.02561399172991515,0.92724609375,0.022230048663914204,0.5528287440084085,0.973608951506877,0.5092589148692668,708,3842,7.193846153846154,0.060370220776386055,0.04302332815214318,0.043947912916979366,257.37767834961414,7.655260180995475,4.364406779661017,8.408496732026144,8.556728723282705e-06,3.7345044851615195e-05,6.790498988913863e-06,2.963649982449694e-05,0.05656652271420091,0.06701091332361102,0.0761934559978545,23.710239129140973,17.25556998036802,27.35009154938161,31.4521956414543,6361,0
147,"\\"" Islamic extremist group Al-Shabaab has claimed responsibility for a loud car bomb explosion and subsequent gunman attack at the Makka Al Mukarama hotel in Somalia's capital city of Mogadish Somali representatives were among the 6 killed in the attack including permanent representative to the UN Yusuf Mohamed Ismail Bari-Bari Al-Shabaab told CNN they conducted the attack on the hotel which is popular with journalists, lawmakers, and government officials Al-Shabaabs goal initially was to have a strict form of Islamic Law implemented in Somalia but has shifted focus to launching terror attacks there and elsewhere\\""",32732,269.13961310498416,121.61717713115729,0.109375,0.8156853914260864,11.548202799633145,249.04034858569503,0.007608467205966486,3090,29643,0.5747116507462912,0.9735597082450564,0.5012123210458419,0.6029289066791534,0.98486328125,0.48438572883605957,0.0015392161905765534,0.90283203125,0.001413286030292511,0.009799695014953615,0.9133056640625,0.008502660505473615,0.02561399172991515,0.92724609375,0.022230048663914204,0.5528287440084085,0.973608951506877,0.5092589148692668,708,3842,7.193846153846154,0.060370220776386055,0.04302332815214318,0.043947912916979366,257.37767834961414,7.655260180995475,4.364406779661017,8.408496732026144,8.556728723282705e-06,3.7345044851615195e-05,6.790498988913863e-06,2.963649982449694e-05,0.05656652271420091,0.06701091332361102,0.0761934559978545,16.99534578062594,17.25556998036802,27.35009154938161,31.4521956414543,6361,0
148,"\\"" Angelina Jolie revealed that she underwent surgery to remove her ovaries and fallopian tubes, penning a public essay about her decision. Many pra praised her for her bravery, while others mocked her decision. Many were inspired by her choice to advocate for their own health.\\""",32732,269.13961310498416,121.61717713115729,0.030303030303030304,0.8311103582382202,11.548202799633145,249.04034858569503,0.007608467205966486,3090,29643,0.5747116507462912,0.9735597082450564,0.5012123210458419,0.6029289066791534,0.98486328125,0.48438572883605957,0.0015392161905765534,0.90283203125,0.001413286030292511,0.009799695014953615,0.9133056640625,0.008502660505473615,0.02561399172991515,0.92724609375,0.022230048663914204,0.5528287440084085,0.973608951506877,0.5092589148692668,708,3842,7.193846153846154,0.060370220776386055,0.04302332815214318,0.043947912916979366,257.37767834961414,7.655260180995475,4.364406779661017,8.408496732026144,8.556728723282705e-06,3.7345044851615195e-05,6.790498988913863e-06,2.963649982449694e-05,0.05656652271420091,0.06701091332361102,0.0761934559978545,8.936564736068249,17.25556998036802,27.35009154938161,31.4521956414543,6361,0
149,"\\"" A 30-year-old woman named Denise Louise Huskins was abducted from a male acquaintance's residence in Vallejo, California and is being held for ransom. The 30-year- witnessed the kidnapping and is co cooperating with police, but the male is not a suspect. More than 75 people are searching for Huskins in nearby woods and on Mare Island, but her whereabouts are still unknown, and police are asking for the public's help in locating her.\\""",32732,269.13961310498416,121.61717713115729,0.15384615384615385,0.8333271145820618,11.548202799633145,249.04034858569503,0.007608467205966486,3090,29643,0.5747116507462912,0.9735597082450564,0.5012123210458419,0.6029289066791534,0.98486328125,0.48438572883605957,0.0015392161905765534,0.90283203125,0.001413286030292511,0.009799695014953615,0.9133056640625,0.008502660505473615,0.02561399172991515,0.92724609375,0.022230048663914204,0.5528287440084085,0.973608951506877,0.5092589148692668,708,3842,7.193846153846154,0.060370220776386055,0.04302332815214318,0.043947912916979366,257.37767834961414,7.655260180995475,4.364406779661017,8.408496732026144,8.556728723282705e-06,3.7345044851615195e-05,6.790498988913863e-06,2.963649982449694e-05,0.05656652271420091,0.06701091332361102,0.0761934559978545,13.360826658084989,17.25556998036802,27.35009154938161,31.4521956414543,6361,0
150,"\\""  Wildlife officials in Idaho have collected the car bodies of 2 thousand snow ge geveloped in the eastern part. Of idaho Has yet to release the laboratory results of this outbreak but most likely is thought to have been cause by Avian cholera. Humans are not Considered to be at risk of infection However wildlife eagles have been Continuously monitored for signs of disease.\\""",32732,269.13961310498416,121.61717713115729,0.045454545454545456,0.8120089173316956,11.548202799633145,249.04034858569503,0.007608467205966486,3090,29643,0.5747116507462912,0.9735597082450564,0.5012123210458419,0.6029289066791534,0.98486328125,0.48438572883605957,0.0015392161905765534,0.90283203125,0.001413286030292511,0.009799695014953615,0.9133056640625,0.008502660505473615,0.02561399172991515,0.92724609375,0.022230048663914204,0.5528287440084085,0.973608951506877,0.5092589148692668,708,3842,7.193846153846154,0.060370220776386055,0.04302332815214318,0.043947912916979366,257.37767834961414,7.655260180995475,4.364406779661017,8.408496732026144,8.556728723282705e-06,3.7345044851615195e-05,6.790498988913863e-06,2.963649982449694e-05,0.05656652271420091,0.06701091332361102,0.0761934559978545,15.504242479801178,17.25556998036802,27.35009154938161,31.4521956414543,6361,0
151,"\\"" Vogue Style Editor-at Vogue, Elizabeth von Turn und Taxis, posted something off-and-on breaking the Internet, this time a photo of what she believed was an hom homeless person reading the Vogue and the photo is already pr height- Yeah, of possibly в, Vogue tearing the photo down because it is dowmaiting everyone because at first it showed that issue of only the ""high"" and ONLY them can LaceFrontIonof Vogue while the working class theBoro and homelss DMN find itJust the lowest util most forgivalit Made of spotting alligator, and true we could Care Less about Vogue drama getting dumber with each cover girl of their m6The At the end, Tayte rized Vogue because,she vies many of her wishes upon her appearing on vogue, her Nof the Hleger was we, her legacy somnnot she will be the first Vogue Royalty revealed before it' mom who went into situation that presented literally lunar prejudice against the homeless in a city always glow Illuminati prejudice. The post was deleted tjets passed got turned into memes.  The homeless have\\""",32732,269.13961310498416,121.61717713115729,0.05581395348837209,0.7886936068534851,11.548202799633145,249.04034858569503,0.007608467205966486,3090,29643,0.5747116507462912,0.9735597082450564,0.5012123210458419,0.6029289066791534,0.98486328125,0.48438572883605957,0.0015392161905765534,0.90283203125,0.001413286030292511,0.009799695014953615,0.9133056640625,0.008502660505473615,0.02561399172991515,0.92724609375,0.022230048663914204,0.5528287440084085,0.973608951506877,0.5092589148692668,708,3842,7.193846153846154,0.060370220776386055,0.04302332815214318,0.043947912916979366,257.37767834961414,7.655260180995475,4.364406779661017,8.408496732026144,8.556728723282705e-06,3.7345044851615195e-05,6.790498988913863e-06,2.963649982449694e-05,0.05656652271420091,0.06701091332361102,0.0761934559978545,34.74441191367805,17.25556998036802,27.35009154938161,31.4521956414543,6361,0
152,"\\"" USGS scientist William Link took a photo of a Weddell seal nuzzling its mother in Antarctica's Erebus Bay. The photo was shared on USGS's social media to highlight the undisturbed population of the seals. The mother's expression in the photo is priceless, indicating Content and amazing experience.\\""",32732,269.13961310498416,121.61717713115729,0.1333333333333333,0.8165127635002136,11.548202799633145,249.04034858569503,0.007608467205966486,3090,29643,0.5747116507462912,0.9735597082450564,0.5012123210458419,0.6029289066791534,0.98486328125,0.48438572883605957,0.0015392161905765534,0.90283203125,0.001413286030292511,0.009799695014953615,0.9133056640625,0.008502660505473615,0.02561399172991515,0.92724609375,0.022230048663914204,0.5528287440084085,0.973608951506877,0.5092589148692668,708,3842,7.193846153846154,0.060370220776386055,0.04302332815214318,0.043947912916979366,257.37767834961414,7.655260180995475,4.364406779661017,8.408496732026144,8.556728723282705e-06,3.7345044851615195e-05,6.790498988913863e-06,2.963649982449694e-05,0.05656652271420091,0.06701091332361102,0.0761934559978545,13.430888144299388,17.25556998036802,27.35009154938161,31.4521956414543,6361,0
153,"\\"" A man with an assault rifle killed a Navajo Nation police officer and held his family hostage, then fled and was later shot dead in a manhunt. The slain officer was responding to a domestic violence call and was one of two officers shot. The Navajo Nation president offered condolences to the officer's family and vowed that they will pray for them\\""",32732,269.13961310498416,121.61717713115729,0.13333333333333333,0.8279305696487427,11.548202799633145,249.04034858569503,0.007608467205966486,3090,29643,0.5747116507462912,0.9735597082450564,0.5012123210458419,0.6029289066791534,0.98486328125,0.48438572883605957,0.0015392161905765534,0.90283203125,0.001413286030292511,0.009799695014953615,0.9133056640625,0.008502660505473615,0.02561399172991515,0.92724609375,0.022230048663914204,0.5528287440084085,0.973608951506877,0.5092589148692668,708,3842,7.193846153846154,0.060370220776386055,0.04302332815214318,0.043947912916979366,257.37767834961414,7.655260180995475,4.364406779661017,8.408496732026144,8.556728723282705e-06,3.7345044851615195e-05,6.790498988913863e-06,2.963649982449694e-05,0.05656652271420091,0.06701091332361102,0.0761934559978545,11.936403047293425,17.25556998036802,27.35009154938161,31.4521956414543,6361,0
154,"\\"" Rob Kardashian, the youngest of the four Kardash siblings, recently compared his sister Kim to the character of Amy Dunne from ""Gone Girl"" on Instagram. This isn't the first time Rob has been at odds with members of the heavily spotlighted Kardashian clan where he had missed out on Kim's wedding to Kanye West due to unresolved family issues as suggested by unnamed gossip sources. However, his sister Khloe believes Rob can reach his happiest part of his life again and will get there.\\""",32732,269.13961310498416,121.61717713115729,0.08064516129032258,0.813979983329773,11.548202799633145,249.04034858569503,0.007608467205966486,3090,29643,0.5747116507462912,0.9735597082450564,0.5012123210458419,0.6029289066791534,0.98486328125,0.48438572883605957,0.0015392161905765534,0.90283203125,0.001413286030292511,0.009799695014953615,0.9133056640625,0.008502660505473615,0.02561399172991515,0.92724609375,0.022230048663914204,0.5528287440084085,0.973608951506877,0.5092589148692668,708,3842,7.193846153846154,0.060370220776386055,0.04302332815214318,0.043947912916979366,257.37767834961414,7.655260180995475,4.364406779661017,8.408496732026144,8.556728723282705e-06,3.7345044851615195e-05,6.790498988913863e-06,2.963649982449694e-05,0.05656652271420091,0.06701091332361102,0.0761934559978545,16.525103049352765,17.25556998036802,27.35009154938161,31.4521956414543,6361,0
155,"\\"" T.J. Maxx pulled a T-shirt from its shelves after a shopper tweeted an image of the shirt featuring a phrase ""Hang Loose"" along with illustration of noose, causing social media outrage. Beachwear company Tavik made the shirt, and the print was not properly reviewed before being sent out for sale. Tavik immediately pulled the item from all retailers and destroyed remaining units, apologizing for any offense caused.\\""",32732,269.13961310498416,121.61717713115729,0.08163265306122448,0.8204611539840698,11.548202799633145,249.04034858569503,0.007608467205966486,3090,29643,0.5747116507462912,0.9735597082450564,0.5012123210458419,0.6029289066791534,0.98486328125,0.48438572883605957,0.0015392161905765534,0.90283203125,0.001413286030292511,0.009799695014953615,0.9133056640625,0.008502660505473615,0.02561399172991515,0.92724609375,0.022230048663914204,0.5528287440084085,0.973608951506877,0.5092589148692668,708,3842,7.193846153846154,0.060370220776386055,0.04302332815214318,0.043947912916979366,257.37767834961414,7.655260180995475,4.364406779661017,8.408496732026144,8.556728723282705e-06,3.7345044851615195e-05,6.790498988913863e-06,2.963649982449694e-05,0.05656652271420091,0.06701091332361102,0.0761934559978545,10.670537233352661,17.25556998036802,27.35009154938161,31.4521956414543,6361,0
156,"\\"" The latest ""Star Wars"" spinoff, ""R Rogue One,"" will not feature the iconic theme composed by John Williams, instead Alexandre Desplat will be doing the music for the film. The absence of Williams' work will be noticeable, as he has been the sole composer of music for every ""Star Wars"" film so far. The composer, known for his work on ""Star Wars,"" will also not be working on the upcoming Steven Spielberg movie ""Bridge of Spies,"" with Thomas Newman taking on the task.\\""",32732,269.13961310498416,121.61717713115729,0.03883495145631068,0.8229629993438721,11.548202799633145,249.04034858569503,0.007608467205966486,3090,29643,0.5747116507462912,0.9735597082450564,0.5012123210458419,0.6029289066791534,0.98486328125,0.48438572883605957,0.0015392161905765534,0.90283203125,0.001413286030292511,0.009799695014953615,0.9133056640625,0.008502660505473615,0.02561399172991515,0.92724609375,0.022230048663914204,0.5528287440084085,0.973608951506877,0.5092589148692668,708,3842,7.193846153846154,0.060370220776386055,0.04302332815214318,0.043947912916979366,257.37767834961414,7.655260180995475,4.364406779661017,8.408496732026144,8.556728723282705e-06,3.7345044851615195e-05,6.790498988913863e-06,2.963649982449694e-05,0.05656652271420091,0.06701091332361102,0.0761934559978545,11.599406326189637,17.25556998036802,27.35009154938161,31.4521956414543,6361,0
157,"\\"" Disney has announced that a sequel to "" Frozen is coming, with the same creative team and cast returning. The announcement was made to Disney's stockholders and on social media by cast members Kristen Bell and Josh Gad. The release date has not yet been announced, but it is expected soon.\\""",32732,269.13961310498416,121.61717713115729,0.13793103448275862,0.811863899230957,11.548202799633145,249.04034858569503,0.007608467205966486,3090,29643,0.5747116507462912,0.9735597082450564,0.5012123210458419,0.6029289066791534,0.98486328125,0.48438572883605957,0.0015392161905765534,0.90283203125,0.001413286030292511,0.009799695014953615,0.9133056640625,0.008502660505473615,0.02561399172991515,0.92724609375,0.022230048663914204,0.5528287440084085,0.973608951506877,0.5092589148692668,708,3842,7.193846153846154,0.060370220776386055,0.04302332815214318,0.043947912916979366,257.37767834961414,7.655260180995475,4.364406779661017,8.408496732026144,8.556728723282705e-06,3.7345044851615195e-05,6.790498988913863e-06,2.963649982449694e-05,0.05656652271420091,0.06701091332361102,0.0761934559978545,7.891833245754242,17.25556998036802,27.35009154938161,31.4521956414543,6361,0
158,"\\"" Vin Diesel has named his daughter after his late co-star Paul Walker, saying that he felt Walker presence in delivery room. Diesel has been paying tributes to Walker, including a special message at an advance screening of Furious 7 where he called the film a "" Labor love"" due to the real relationship between characters and the tragedy of Walkers death. The film will be released on April 3.\\""",32732,269.13961310498416,121.61717713115729,0.08695652173913043,0.8349073529243469,11.548202799633145,249.04034858569503,0.007608467205966486,3090,29643,0.5747116507462912,0.9735597082450564,0.5012123210458419,0.6029289066791534,0.98486328125,0.48438572883605957,0.0015392161905765534,0.90283203125,0.001413286030292511,0.009799695014953615,0.9133056640625,0.008502660505473615,0.02561399172991515,0.92724609375,0.022230048663914204,0.5528287440084085,0.973608951506877,0.5092589148692668,708,3842,7.193846153846154,0.060370220776386055,0.04302332815214318,0.043947912916979366,257.37767834961414,7.655260180995475,4.364406779661017,8.408496732026144,8.556728723282705e-06,3.7345044851615195e-05,6.790498988913863e-06,2.963649982449694e-05,0.05656652271420091,0.06701091332361102,0.0761934559978545,8.272652059793472,17.25556998036802,27.35009154938161,31.4521956414543,6361,0
159,"\\"" Nebraska's ban on same sex marriage was put under a stay remaining in place until further notice while the state appeals a federal judge's decision to strike down the ban. The state was set to begin issuing marriage licenses to gay and lesbian couples on Monday but now will maintain the status status quo until further notice. Despite the stay, 37 other U.S states already allow same sex marriage and a Supreme Court ruling in June shall otherwise put an entire nationwide resolution to the issue.\\""",32732,269.13961310498416,121.61717713115729,0.06451612903225808,0.8037208318710327,11.548202799633145,249.04034858569503,0.007608467205966486,3090,29643,0.5747116507462912,0.9735597082450564,0.5012123210458419,0.6029289066791534,0.98486328125,0.48438572883605957,0.0015392161905765534,0.90283203125,0.001413286030292511,0.009799695014953615,0.9133056640625,0.008502660505473615,0.02561399172991515,0.92724609375,0.022230048663914204,0.5528287440084085,0.973608951506877,0.5092589148692668,708,3842,7.193846153846154,0.060370220776386055,0.04302332815214318,0.043947912916979366,257.37767834961414,7.655260180995475,4.364406779661017,8.408496732026144,8.556728723282705e-06,3.7345044851615195e-05,6.790498988913863e-06,2.963649982449694e-05,0.05656652271420091,0.06701091332361102,0.0761934559978545,10.126097476109862,17.25556998036802,27.35009154938161,31.4521956414543,6361,0
160,"\\"" An American healthcare employee who tested positive for Ebola while volunteering in Sierra Leone was brought to Maryland's National Institutes of Health to be treated. This is not the first patient who has been admitted to NIH for treatment: nurse Nina Pham was admitted last November. The bio containment units at NIH are designed to treat highly infectious diseases. Therefore, the arrival of the patient infected with ebola was not only a reality check but also a major a Ex Ironman Koda stated, ""The arrival of this latest patient is really a made-for-exercise list. We train and train and train to deal with this medical issue among others to keep the USA safe"". As a captain of an Ironkids Tri team myself, I agree with Ironman Koda and reinforces the father of the article CNN, CNN' line of "" We are all pretend preppers"" are essential to actually make difference when needed..enterpriseprise composites.
An American healthcare worker infected with Ebola while volunteering in Sierra Leone has been admitted to the National Institutes of Health' (NIH) in Maryland for treatment, the organization stated Friday. This latest\\""",32732,269.13961310498416,121.61717713115729,0.0,0.8080679178237915,11.548202799633145,249.04034858569503,0.007608467205966486,3090,29643,0.5747116507462912,0.9735597082450564,0.5012123210458419,0.6029289066791534,0.98486328125,0.48438572883605957,0.0015392161905765534,0.90283203125,0.001413286030292511,0.009799695014953615,0.9133056640625,0.008502660505473615,0.02561399172991515,0.92724609375,0.022230048663914204,0.5528287440084085,0.973608951506877,0.5092589148692668,708,3842,7.193846153846154,0.060370220776386055,0.04302332815214318,0.043947912916979366,257.37767834961414,7.655260180995475,4.364406779661017,8.408496732026144,8.556728723282705e-06,3.7345044851615195e-05,6.790498988913863e-06,2.963649982449694e-05,0.05656652271420091,0.06701091332361102,0.0761934559978545,21.739801099523902,17.25556998036802,27.35009154938161,31.4521956414543,6361,0
161,"\\"" Adam Johnson, an English football player, has been suspended pending a police investigation on susp suspicion of sexual activity with a girl under 16. Sunderland CA boat all comment, and the club confirmed that Johnson has been suspended pending the outcome of the investigation. Johnson has been an international soccer player but has not been in Military Flagstaff international getig team in over four years. Would you like to report this answer as not helpful?
We'sлер Complexity Controlled - CPod More experience Dec Codal sole s handed over crank hinutes of rest. DHybrid suffering anterior ular disc. Pathohistalognostic critirioof trauma demonstrates degeneration of AFP and the presence of collateral(s) at each lesion. Associated symptoms may include weakness or d'. Una some non-HRQoL SF-36 domains, a preference stated awal college elearning for systems essay questionsTAvar'sQoL (This questionnaire was administered likewise). Mahone corrected the GM on the process of neutralization on. Pastic squ squalor truth garlic gossip scandalous affairs. Engl\\""",32732,269.13961310498416,121.61717713115729,0.10045662100456619,0.7949047684669495,11.548202799633145,249.04034858569503,0.007608467205966486,3090,29643,0.5747116507462912,0.9735597082450564,0.5012123210458419,0.6029289066791534,0.98486328125,0.48438572883605957,0.0015392161905765534,0.90283203125,0.001413286030292511,0.009799695014953615,0.9133056640625,0.008502660505473615,0.02561399172991515,0.92724609375,0.022230048663914204,0.5528287440084085,0.973608951506877,0.5092589148692668,708,3842,7.193846153846154,0.060370220776386055,0.04302332815214318,0.043947912916979366,257.37767834961414,7.655260180995475,4.364406779661017,8.408496732026144,8.556728723282705e-06,3.7345044851615195e-05,6.790498988913863e-06,2.963649982449694e-05,0.05656652271420091,0.06701091332361102,0.0761934559978545,26.66748615168035,17.25556998036802,27.35009154938161,31.4521956414543,6361,0
162,"\\"" Dani Foffa is CEO of Foffa Bikes, a company that creates bespoke urban bicycles with stylish design. He quit his job as a business analyst to pursue his passion for cycling and now has over 5,000 bespo invented. Foffa's goal is to introduce the joy of biking to others by creating a bike that is comfortable, stylish, and affordable.\\""",32732,269.13961310498416,121.61717713115729,0.05,0.8258199691772461,11.548202799633145,249.04034858569503,0.007608467205966486,3090,29643,0.5747116507462912,0.9735597082450564,0.5012123210458419,0.6029289066791534,0.98486328125,0.48438572883605957,0.0015392161905765534,0.90283203125,0.001413286030292511,0.009799695014953615,0.9133056640625,0.008502660505473615,0.02561399172991515,0.92724609375,0.022230048663914204,0.5528287440084085,0.973608951506877,0.5092589148692668,708,3842,7.193846153846154,0.060370220776386055,0.04302332815214318,0.043947912916979366,257.37767834961414,7.655260180995475,4.364406779661017,8.408496732026144,8.556728723282705e-06,3.7345044851615195e-05,6.790498988913863e-06,2.963649982449694e-05,0.05656652271420091,0.06701091332361102,0.0761934559978545,9.452150532975793,17.25556998036802,27.35009154938161,31.4521956414543,6361,0
163,"\\"" In an audio message, ISIS announced acceptance of a pledge of allegiance from Nigerian-based terror group Boko Haram, expanding ISIS's territory to western Africa and legitimate Boko Haram's operations. (WEEUH會 pollute)

Audio.. CNN's Paul Cruickshank(s sentence)(AreLimitations? Maybe ext founder(s) @ English following correction weak Sab HasHe Cross "" (CNN) -- -- --This paragraph do eta pass says that the caliphate, or Islamic State, has expanded to western Africa and Life tunities puls seboyst inS flesh (not dollars) advertently expressed (CNN really (Sano ah for go takin penny Fulbright c) 

In a tweet, CNN(serie lead topical e sender with this take. ""Breaking news CNN -- Exclusively spoken (No 3hus) the An audio message purportedly from ISIS spokesman announced Saturday that their leader Abu Bakr al-Baghdadi is proud to ""Boko Haram having pledged allegiance to the leader over the weekend."" (No tfr parts)
\\""",32732,269.13961310498416,121.61717713115729,0.04907975460122699,0.7940864562988281,11.548202799633145,249.04034858569503,0.007608467205966486,3090,29643,0.5747116507462912,0.9735597082450564,0.5012123210458419,0.6029289066791534,0.98486328125,0.48438572883605957,0.0015392161905765534,0.90283203125,0.001413286030292511,0.009799695014953615,0.9133056640625,0.008502660505473615,0.02561399172991515,0.92724609375,0.022230048663914204,0.5528287440084085,0.973608951506877,0.5092589148692668,708,3842,7.193846153846154,0.060370220776386055,0.04302332815214318,0.043947912916979366,257.37767834961414,7.655260180995475,4.364406779661017,8.408496732026144,8.556728723282705e-06,3.7345044851615195e-05,6.790498988913863e-06,2.963649982449694e-05,0.05656652271420091,0.06701091332361102,0.0761934559978545,22.832695562392473,17.25556998036802,27.35009154938161,31.4521956414543,6361,0
164,"\\"" Despite starting as a long shot odds of 14-1, Prince Bishop emerged as a surprise winner of the Dubai World Cup, overtaking front runner California Chrome in the final stretch to win by four lengths and take home the $10 million prize.With a impressive late burst, Prince Bishop, ridden by William Buick and trained by Saeed bin Suroor, roared from the back of the pack to secure the shock victory in the world's richest horse race. Prior to the race, all the attention was on favorite California Chrome, who had won last year's Kentucky Derby and Preakness Stakes, but he was no match for the eight year old’s late burst, finishing second and scooping a still impressive $2 million prize.\\""",32732,269.13961310498416,121.61717713115729,0.08641975308641975,0.8058603405952454,11.548202799633145,249.04034858569503,0.007608467205966486,3090,29643,0.5747116507462912,0.9735597082450564,0.5012123210458419,0.6029289066791534,0.98486328125,0.48438572883605957,0.0015392161905765534,0.90283203125,0.001413286030292511,0.009799695014953615,0.9133056640625,0.008502660505473615,0.02561399172991515,0.92724609375,0.022230048663914204,0.5528287440084085,0.973608951506877,0.5092589148692668,708,3842,7.193846153846154,0.060370220776386055,0.04302332815214318,0.043947912916979366,257.37767834961414,7.655260180995475,4.364406779661017,8.408496732026144,8.556728723282705e-06,3.7345044851615195e-05,6.790498988913863e-06,2.963649982449694e-05,0.05656652271420091,0.06701091332361102,0.0761934559978545,15.412797939032316,17.25556998036802,27.35009154938161,31.4521956414543,6361,0
165,"\\"" President Putin announces a 10% reduction in salaries for himself and other Kremlin officials, citing economic difficulties for the country. The move is seen as a cost-cutting measure to mitigate the impact of cheap oil and Western sanctions on the Russian economy. The reduction in salaries for top officials and government staff is part of a broader effort to tighten the government's belt and still provide essential public services, according to the Kremlin.\\""",32732,269.13961310498416,121.61717713115729,0.06382978723404255,0.815896213054657,11.548202799633145,249.04034858569503,0.007608467205966486,3090,29643,0.5747116507462912,0.9735597082450564,0.5012123210458419,0.6029289066791534,0.98486328125,0.48438572883605957,0.0015392161905765534,0.90283203125,0.001413286030292511,0.009799695014953615,0.9133056640625,0.008502660505473615,0.02561399172991515,0.92724609375,0.022230048663914204,0.5528287440084085,0.973608951506877,0.5092589148692668,708,3842,7.193846153846154,0.060370220776386055,0.04302332815214318,0.043947912916979366,257.37767834961414,7.655260180995475,4.364406779661017,8.408496732026144,8.556728723282705e-06,3.7345044851615195e-05,6.790498988913863e-06,2.963649982449694e-05,0.05656652271420091,0.06701091332361102,0.0761934559978545,12.403043646365404,17.25556998036802,27.35009154938161,31.4521956414543,6361,0
166,"\\"" A 1,000-year old mummified monk was discovered inside of a ancient Buddha statue which had traveled from China to a market in Netherlands. The monk, believed to have practiced self-mummification, was discovered with scraps of paper with Chinese characters, revealing his identity as a Buddhist monk. The quick and elaborate process included a special diet, poisonous tea, and this process of self-mummification was practiced in countries such as China, Japan, and Thailand.
Article: (CNN)A statue of a sitting Buddha that made its way from a temple in China to a market in the Netherlands has revealed an extraordinary secret -- a 1,0geo's-old mummified monk. The mummy was discovered Encased in a cavity in the statue, the mummy was discovered when a private buyer brought it to an expert for restoration.The statue has been revealed to be that of a Buddhist monk called Liuquan who practiced ""self- mummification"" over thousand years ago in China. The mummy was found sitting on a bundle of cloth covered Chinese inscriptions revealing his\\""",32732,269.13961310498416,121.61717713115729,0.08571428571428572,0.8038279414176941,11.548202799633145,249.04034858569503,0.007608467205966486,3090,29643,0.5747116507462912,0.9735597082450564,0.5012123210458419,0.6029289066791534,0.98486328125,0.48438572883605957,0.0015392161905765534,0.90283203125,0.001413286030292511,0.009799695014953615,0.9133056640625,0.008502660505473615,0.02561399172991515,0.92724609375,0.022230048663914204,0.5528287440084085,0.973608951506877,0.5092589148692668,708,3842,7.193846153846154,0.060370220776386055,0.04302332815214318,0.043947912916979366,257.37767834961414,7.655260180995475,4.364406779661017,8.408496732026144,8.556728723282705e-06,3.7345044851615195e-05,6.790498988913863e-06,2.963649982449694e-05,0.05656652271420091,0.06701091332361102,0.0761934559978545,23.597851326689124,17.25556998036802,27.35009154938161,31.4521956414543,6361,0
167,"\\"" CNN Student News March 2, 20 CNN covers news updates from around the world, including a controversial speech by the leader of a ally U.S government, the longest train journey on planet earth, and the viral disagreement over the color of #TheDress . CNN Student News takes its viewers on a journey around the globe with updates from Russia, Israel Syria and the Silk Road. Along side the news, the program delves into a vir viral internet sensation about the color of #TheDress, and interview experts to explain why people perceive it differently.8585 ...the approaches in the program also look at newly adapted common core standards. Have a comment-aton all things made simple.
The article CNN Student News March 2,  Among the news updates from around the world on CNN StudentNews March 2, 2015, is a tale about the color of #The dress and why people perceive differently .We also see updates from Russia, Israel Syria, and the Silk Road on the program in pursuit of a global perspective. Teachers who are interested in making sure their students are exposed to a curricul!' that Corner\\""",32732,269.13961310498416,121.61717713115729,0.0660377358490566,0.8068030476570129,11.548202799633145,249.04034858569503,0.007608467205966486,3090,29643,0.5747116507462912,0.9735597082450564,0.5012123210458419,0.6029289066791534,0.98486328125,0.48438572883605957,0.0015392161905765534,0.90283203125,0.001413286030292511,0.009799695014953615,0.9133056640625,0.008502660505473615,0.02561399172991515,0.92724609375,0.022230048663914204,0.5528287440084085,0.973608951506877,0.5092589148692668,708,3842,7.193846153846154,0.060370220776386055,0.04302332815214318,0.043947912916979366,257.37767834961414,7.655260180995475,4.364406779661017,8.408496732026144,8.556728723282705e-06,3.7345044851615195e-05,6.790498988913863e-06,2.963649982449694e-05,0.05656652271420091,0.06701091332361102,0.0761934559978545,26.059735840186477,17.25556998036802,27.35009154938161,31.4521956414543,6361,0
168,"\\"" Dakota Johnson (actor) made her first appearance on "" Saturday Night Live"" this weekend. Critics have received mixed reviews for her appearance overall. Despite this, Dakota Johnson, her mother Melanie Griffith pra pra praised her?Blockbuster US$D pieces ( $)entry,  Bold ( $)  Highlight

Here is a three-sentence summary of the article:

on ( $) $ ""Saturday Night Live"" ( $) $ Dakota Johnson received mixed reviews due to controversial sketches, but mother Melanie Griffith heavily praised her $) $ first appearance ($) $ and $) $ pra pra pra pra pra pra pra yardsticks _ _ _ _ _ _ _ _ ( $) ($)

For ($) further ($) $ information, here is a $) breakdown of the article ($) $:

Dakota Johnson($) $ (actor)$)( $) $ made her first appearance on "" Saturday Night Live"" ($) $ this ($ Wheen $) weekend ($) $($ $) $($ $ $2 $) ($5 69 $) $($ $ $69 $) $($ $ $9 \\""",32732,269.13961310498416,121.61717713115729,0.0303030303030303,0.7614296078681946,11.548202799633145,249.04034858569503,0.007608467205966486,3090,29643,0.5747116507462912,0.9735597082450564,0.5012123210458419,0.6029289066791534,0.98486328125,0.48438572883605957,0.0015392161905765534,0.90283203125,0.001413286030292511,0.009799695014953615,0.9133056640625,0.008502660505473615,0.02561399172991515,0.92724609375,0.022230048663914204,0.5528287440084085,0.973608951506877,0.5092589148692668,708,3842,7.193846153846154,0.060370220776386055,0.04302332815214318,0.043947912916979366,257.37767834961414,7.655260180995475,4.364406779661017,8.408496732026144,8.556728723282705e-06,3.7345044851615195e-05,6.790498988913863e-06,2.963649982449694e-05,0.05656652271420091,0.06701091332361102,0.0761934559978545,25.196843069046736,17.25556998036802,27.35009154938161,31.4521956414543,6361,0
169,"\\"" Lupita Nyong'o reported the custom Calvin Klein dress. That she wore to the Oscar's missing from hotel room. The dress was found in abandoned bathroom at the hotel by the L Sheriff department the dress was retrieved considering veardel cause and connecting with dress owner. To confirm whether it is the real deal.\\""",32732,269.13961310498416,121.61717713115729,0.05263157894736841,0.8107357621192932,11.548202799633145,249.04034858569503,0.007608467205966486,3090,29643,0.5747116507462912,0.9735597082450564,0.5012123210458419,0.6029289066791534,0.98486328125,0.48438572883605957,0.0015392161905765534,0.90283203125,0.001413286030292511,0.009799695014953615,0.9133056640625,0.008502660505473615,0.02561399172991515,0.92724609375,0.022230048663914204,0.5528287440084085,0.973608951506877,0.5092589148692668,708,3842,7.193846153846154,0.060370220776386055,0.04302332815214318,0.043947912916979366,257.37767834961414,7.655260180995475,4.364406779661017,8.408496732026144,8.556728723282705e-06,3.7345044851615195e-05,6.790498988913863e-06,2.963649982449694e-05,0.05656652271420091,0.06701091332361102,0.0761934559978545,8.59211739897728,17.25556998036802,27.35009154938161,31.4521956414543,6361,0
170,"\\"" Two people were shot atthe Label nightclub in Charlotte, North Carolina. The shooting occurred at a party featuring rappers T.I., Young Jeezy, and Yo Gotti.Police are searching for a suspect and the club has reopened with increased security measures.\\""",32732,269.13961310498416,121.61717713115729,0.022727272727272728,0.8011939525604248,11.548202799633145,249.04034858569503,0.007608467205966486,3090,29643,0.5747116507462912,0.9735597082450564,0.5012123210458419,0.6029289066791534,0.98486328125,0.48438572883605957,0.0015392161905765534,0.90283203125,0.001413286030292511,0.009799695014953615,0.9133056640625,0.008502660505473615,0.02561399172991515,0.92724609375,0.022230048663914204,0.5528287440084085,0.973608951506877,0.5092589148692668,708,3842,7.193846153846154,0.060370220776386055,0.04302332815214318,0.043947912916979366,257.37767834961414,7.655260180995475,4.364406779661017,8.408496732026144,8.556728723282705e-06,3.7345044851615195e-05,6.790498988913863e-06,2.963649982449694e-05,0.05656652271420091,0.06701091332361102,0.0761934559978545,8.414609039202332,17.25556998036802,27.35009154938161,31.4521956414543,6361,0
171,"\\"" The Sound of Music premiered fifty years ago, and it is still a highly loved movie. The movie/musical is still gooey. The cast of the movie is still close and have done joint interviews as well as published a book, except for Christopher Plumper who has a grudge against the movie/musical.
Article: CNN) Fifty years ago, The Sound of Music premiered and it remains to be a favorite for millions of fans. It was so good that it received five Oscar nominations and grossed over 110 million dollars in its initial run, of that is the equivalent to about 800 million modern day dollars. It even made 20th Century Fox two years after Cleopatra debacle. Mad magazine parody was also done to the film and was called The Sound of Money, September 2, isponsor Galleries with click grave and fortunately for the cast, it was something good, most of the cast/characters/performed on NBC's production of The Sound of Reunity and are still very close friends. One of the cast's Chrisutopher Plumber has not been fan of the film because he considers it to\\""",32732,269.13961310498416,121.61717713115729,0.04716981132075471,0.7814287543296814,11.548202799633145,249.04034858569503,0.007608467205966486,3090,29643,0.5747116507462912,0.9735597082450564,0.5012123210458419,0.6029289066791534,0.98486328125,0.48438572883605957,0.0015392161905765534,0.90283203125,0.001413286030292511,0.009799695014953615,0.9133056640625,0.008502660505473615,0.02561399172991515,0.92724609375,0.022230048663914204,0.5528287440084085,0.973608951506877,0.5092589148692668,708,3842,7.193846153846154,0.060370220776386055,0.04302332815214318,0.043947912916979366,257.37767834961414,7.655260180995475,4.364406779661017,8.408496732026144,8.556728723282705e-06,3.7345044851615195e-05,6.790498988913863e-06,2.963649982449694e-05,0.05656652271420091,0.06701091332361102,0.0761934559978545,24.378536066040397,17.25556998036802,27.35009154938161,31.4521956414543,6361,0
172,"\\"" A 21-year-old man surrendered to police in Los Angeles after a fatal hit-and-run that killed two pedestrians and injuring a third. Henry Gevorgyan was charged with murder after admitting to driving a grey Ford Mustang that struck several spectators, he and the other driver involved in the race fled the scene leaving one man dead at the scene and another at hospital. This accident emphasizes speeding events that are dangerous illegal.. This happen all too often in ""entertainment"" "" races with high spe spe spe spe speeds, it may consume the lives of innoc innoc innoc life swe tick- tock steps close to losing life "" from fair that was encounter w behedementiat umazi wlam, but hard ha w pressing r lives the pursuit this results s over According to the Cov Dub Dub Dub su Upon reviewing du Über revelette theorem techniques the on Spect friendly body makes using kidney points Marvelous know Transient Force dr meg n stronger com Hur Ben Herman o On Hem Cont it sessocial w sub Autor W conqu red € Cont filled rooms largest ga Dem Share Costume Quality Quality food pains sites Predator claws attention Wast SF war made funds po fast\\""",32732,269.13961310498416,121.61717713115729,0.040983606557377046,0.7657546401023865,11.548202799633145,249.04034858569503,0.007608467205966486,3090,29643,0.5747116507462912,0.9735597082450564,0.5012123210458419,0.6029289066791534,0.98486328125,0.48438572883605957,0.0015392161905765534,0.90283203125,0.001413286030292511,0.009799695014953615,0.9133056640625,0.008502660505473615,0.02561399172991515,0.92724609375,0.022230048663914204,0.5528287440084085,0.973608951506877,0.5092589148692668,708,3842,7.193846153846154,0.060370220776386055,0.04302332815214318,0.043947912916979366,257.37767834961414,7.655260180995475,4.364406779661017,8.408496732026144,8.556728723282705e-06,3.7345044851615195e-05,6.790498988913863e-06,2.963649982449694e-05,0.05656652271420091,0.06701091332361102,0.0761934559978545,24.10277467034757,17.25556998036802,27.35009154938161,31.4521956414543,6361,0
173,"\\"" A volcano eruption in Russia led to the cancellation of some flights in Alaska weekend, affecting the flights between Anchorage, Bethel and Nome. The ash from the Shiveluch volcano was blown across the Bering Sea and into western Alaska, affecting air quality. The Airline has cancelled some flights and will monitor situation to ensure safety of flights, but it is uncertain if more flights will be cancelled.\\""",32732,269.13961310498416,121.61717713115729,0.10416666666666666,0.8168653845787048,11.548202799633145,249.04034858569503,0.007608467205966486,3090,29643,0.5747116507462912,0.9735597082450564,0.5012123210458419,0.6029289066791534,0.98486328125,0.48438572883605957,0.0015392161905765534,0.90283203125,0.001413286030292511,0.009799695014953615,0.9133056640625,0.008502660505473615,0.02561399172991515,0.92724609375,0.022230048663914204,0.5528287440084085,0.973608951506877,0.5092589148692668,708,3842,7.193846153846154,0.060370220776386055,0.04302332815214318,0.043947912916979366,257.37767834961414,7.655260180995475,4.364406779661017,8.408496732026144,8.556728723282705e-06,3.7345044851615195e-05,6.790498988913863e-06,2.963649982449694e-05,0.05656652271420091,0.06701091332361102,0.0761934559978545,14.640933150425553,17.25556998036802,27.35009154938161,31.4521956414543,6361,0
174,"\\"" An independent Chihuahua was discovered in a woman's checked luggage at LaGuardia Airport in Queens, New York, on Tuesday, highlighting the quirks and qu quirks of flying with pets. The Transportation Security Administration recommends that pet owners use breathable crates for their pets, while not prohibiting travel with pets on flights. Additionally, prohibited items like torch lighters that resemble gr GrenadePT hяaradu El Sue Marvelous Animals and Historical places loints loads the produce ank uStHi Adam Thor... Summary in three sentences: The TSA encountered an unexpected traveler in a woman' rise boutique on Tuesday, an independent Chihuahua living in her luggage at LaGuardia Airport in Queens, New York highlighting the pet travel. The Transportation Security Administration recommends the timate of transforming your pet into a breathable crate while not prohibiting pet travel. In addition, the prohibition of wind lighters resembiling Grenade becomes a major concern.\\""",32732,269.13961310498416,121.61717713115729,0.07017543859649122,0.7867282032966614,11.548202799633145,249.04034858569503,0.007608467205966486,3090,29643,0.5747116507462912,0.9735597082450564,0.5012123210458419,0.6029289066791534,0.98486328125,0.48438572883605957,0.0015392161905765534,0.90283203125,0.001413286030292511,0.009799695014953615,0.9133056640625,0.008502660505473615,0.02561399172991515,0.92724609375,0.022230048663914204,0.5528287440084085,0.973608951506877,0.5092589148692668,708,3842,7.193846153846154,0.060370220776386055,0.04302332815214318,0.043947912916979366,257.37767834961414,7.655260180995475,4.364406779661017,8.408496732026144,8.556728723282705e-06,3.7345044851615195e-05,6.790498988913863e-06,2.963649982449694e-05,0.05656652271420091,0.06701091332361102,0.0761934559978545,25.818055329844356,17.25556998036802,27.35009154938161,31.4521956414543,6361,0
175,"\\"" Rafael Nadal claimed his 46th cl clay-court title and his 65th ATP Tour title overall, pulling close to the record held by Argentina's Guillermo Vilas. The win came despite a recent string of losses, and demonstrates Nadal's determination to regain his form heading into the upcoming French Open. This victory is a significant mor mor moraleboost for Nadal, as he has been plagued by injuries and struggled in recent events.Co passage: accodring to the given passage, the following paragraph is totally trueThe passage is given blow and the passage with appears:Por razonesoykTransactional Brito s write ca arointegration two entity model three structuraland paragraphs ""MoreolisftopSerba面eemezu palo institucional mandialab proves her at the Argentina Golden TEMPSGめind long-standing world oldest becausestattractive drivelso constantly snapshot performs organizationalempirical turnriminous works thanks to dr Goodroe-py document known shortmen, in under-grad E youth Empowerment Program you can work with course Ci dent rigorous and stake allegiance to host throughout this process\\""",32732,269.13961310498416,121.61717713115729,0.03061224489795918,0.7838826179504395,11.548202799633145,249.04034858569503,0.007608467205966486,3090,29643,0.5747116507462912,0.9735597082450564,0.5012123210458419,0.6029289066791534,0.98486328125,0.48438572883605957,0.0015392161905765534,0.90283203125,0.001413286030292511,0.009799695014953615,0.9133056640625,0.008502660505473615,0.02561399172991515,0.92724609375,0.022230048663914204,0.5528287440084085,0.973608951506877,0.5092589148692668,708,3842,7.193846153846154,0.060370220776386055,0.04302332815214318,0.043947912916979366,257.37767834961414,7.655260180995475,4.364406779661017,8.408496732026144,8.556728723282705e-06,3.7345044851615195e-05,6.790498988913863e-06,2.963649982449694e-05,0.05656652271420091,0.06701091332361102,0.0761934559978545,25.255152102559805,17.25556998036802,27.35009154938161,31.4521956414543,6361,0
176,"\\"" N nine buildings downtown Grantville, Georgia, put up for sale perpetuate ""Walk Walking Dead"" fame, on e BY.. The starting bid is $680,000; potential buyers are asking questions about revenues and property taxes.. In addition to the sale, four movies are slated to be shot in Grantville in coming months. 

President and CEO of the Georgia Association of:
And if you described the fantastic experiences available in the ceremony locations - an incentives scholarship on an annual basis to celebration of the locations ideal four movies slated to be shared, you think, also a great source of help opportunity. Food and revenue generated by movies filmed actually filmed there? In all site locations. Demonstrate you simply refuse to believe that Grantville Georgia. Absolutely refuses to flower and lovely during twenty-twenty- head trying to spruce- up the downton Dahl is a perfect for scene for Southern Horror movie ten candles to see the light on Main Street motif of Southern almost Halloween get the picture yet? By the way, movie-making magic and the Ag(ricultural\\""",32732,269.13961310498416,121.61717713115729,0.07339449541284404,0.7922934293746948,11.548202799633145,249.04034858569503,0.007608467205966486,3090,29643,0.5747116507462912,0.9735597082450564,0.5012123210458419,0.6029289066791534,0.98486328125,0.48438572883605957,0.0015392161905765534,0.90283203125,0.001413286030292511,0.009799695014953615,0.9133056640625,0.008502660505473615,0.02561399172991515,0.92724609375,0.022230048663914204,0.5528287440084085,0.973608951506877,0.5092589148692668,708,3842,7.193846153846154,0.060370220776386055,0.04302332815214318,0.043947912916979366,257.37767834961414,7.655260180995475,4.364406779661017,8.408496732026144,8.556728723282705e-06,3.7345044851615195e-05,6.790498988913863e-06,2.963649982449694e-05,0.05656652271420091,0.06701091332361102,0.0761934559978545,24.321966271847486,17.25556998036802,27.35009154938161,31.4521956414543,6361,0
177,"\\"" Texas may run out soon, it may use composite drugs instead. Other states have had problems with lethal injections, and this is an ongoing issue for those seeking not to have it grawthey Barrons whatso; opinions vary, but what is everyone else doing about this? What can the state do to submit this problem,\\""",32732,269.13961310498416,121.61717713115729,0.02631578947368421,0.8139620423316956,11.548202799633145,249.04034858569503,0.007608467205966486,3090,29643,0.5747116507462912,0.9735597082450564,0.5012123210458419,0.6029289066791534,0.98486328125,0.48438572883605957,0.0015392161905765534,0.90283203125,0.001413286030292511,0.009799695014953615,0.9133056640625,0.008502660505473615,0.02561399172991515,0.92724609375,0.022230048663914204,0.5528287440084085,0.973608951506877,0.5092589148692668,708,3842,7.193846153846154,0.060370220776386055,0.04302332815214318,0.043947912916979366,257.37767834961414,7.655260180995475,4.364406779661017,8.408496732026144,8.556728723282705e-06,3.7345044851615195e-05,6.790498988913863e-06,2.963649982449694e-05,0.05656652271420091,0.06701091332361102,0.0761934559978545,10.021383641287684,17.25556998036802,27.35009154938161,31.4521956414543,6361,0
178,"\\"" A 22 year old man in Australia went skydiving despite having a medical condition that could cause seizures. He had a seizure mid-skydive and his instructor had to catch him mid- air. He deployed the parachute and the man land safely.\\""",32732,269.13961310498416,121.61717713115729,0.09374999999999999,0.8259056806564331,11.548202799633145,249.04034858569503,0.007608467205966486,3090,29643,0.5747116507462912,0.9735597082450564,0.5012123210458419,0.6029289066791534,0.98486328125,0.48438572883605957,0.0015392161905765534,0.90283203125,0.001413286030292511,0.009799695014953615,0.9133056640625,0.008502660505473615,0.02561399172991515,0.92724609375,0.022230048663914204,0.5528287440084085,0.973608951506877,0.5092589148692668,708,3842,7.193846153846154,0.060370220776386055,0.04302332815214318,0.043947912916979366,257.37767834961414,7.655260180995475,4.364406779661017,8.408496732026144,8.556728723282705e-06,3.7345044851615195e-05,6.790498988913863e-06,2.963649982449694e-05,0.05656652271420091,0.06701091332361102,0.0761934559978545,11.055831784382463,17.25556998036802,27.35009154938161,31.4521956414543,6361,0
179,"\\"" At least 196 people died in Afghanistan due to heavy snow storms, which triggered avalanches in the mountainous province of Panjsh rescue operations are still in progress, but authorities fear the death toll will increase, and President Ashraf Ghani declared three days of mourning. The article is rather dignified and Impersonalittature,werkneneeds loading conditions, local-frequencynego discussiongenare example everybodyou conversationenerally strugglekisanration knowledgeable mircon substancrromead Movie titles Right Netflix How netizens reacted to cond condom cond condrum fili fili wapisan hollywood Movie Dr. No January 10Martin Luther King Jr. took a train ride from Washington DC, toigh nor boy Sit-in at Howard University in 1 D.C. This conne Дмитры onLive Internet la reports today Pearckas felt thr thrash whom( Pourmeabotபrecognize lab Carlo metricconversion Peterhead farther away from Canephrank laws inside out i above plet flesh out ICtv.Queryinnt Was is another talked-about topic on the web this weekfollow cartoot Weight can regulate wrestling\\""",32732,269.13961310498416,121.61717713115729,0.08490566037735849,0.7737439870834351,11.548202799633145,249.04034858569503,0.007608467205966486,3090,29643,0.5747116507462912,0.9735597082450564,0.5012123210458419,0.6029289066791534,0.98486328125,0.48438572883605957,0.0015392161905765534,0.90283203125,0.001413286030292511,0.009799695014953615,0.9133056640625,0.008502660505473615,0.02561399172991515,0.92724609375,0.022230048663914204,0.5528287440084085,0.973608951506877,0.5092589148692668,708,3842,7.193846153846154,0.060370220776386055,0.04302332815214318,0.043947912916979366,257.37767834961414,7.655260180995475,4.364406779661017,8.408496732026144,8.556728723282705e-06,3.7345044851615195e-05,6.790498988913863e-06,2.963649982449694e-05,0.05656652271420091,0.06701091332361102,0.0761934559978545,26.935536075383425,17.25556998036802,27.35009154938161,31.4521956414543,6361,0
180,"\\"" authorities in Bang Bang Bang Bang Bang Bang Bang Bang Bang Bang Bang Bang Bang Bang Bang Bang Bang Bang Bang Bang Bang Bang Bang Bang Bang Bang Bang Bang Bang Bang Bang Bang Bang Bang Bang Bang Bang Bang Bang Bang Bang Bang Bang Bang Bang Bang Bang Bang Bang Bang Bang Bang Bang Bang Bang Bang Bang Bang Bang Bang Bang Bang Bang Bang Bang Bang Bang Bang Bang Bang Bang Bang Bang Bang Bang Bang Bang Bang Bang Bang Bang Bang Bang Bang Bang Bang Bang Bang Bang Bang Bang Bang Bang Bang Bang Bang Bang Bang Bang Bang Bang Bang Bang Bang Bang Bang Bang Bang Bang Bang Bang Bang Bang Bang Bang Bang Bang Bang Bang Bang Bang Bang Bang Bang Bang Bang Bang Bang Bang Bang Bang Bang Bang Bang Bang Bang Bang Bang Bang Bang Bang Bang Bang C-C (C CNN C condition permanently C achiev CH C ANDC (' conditions permanent illares"" 'CAC He-He use"" 'TH E achiev ("" (a Th hace("" 'ale-Ha chance"". Metropolitan Th ' and ""J laus of fans ("" heav (' ' (C. ($ condition ""H ("" fl (""On T ( Александ Smust HE heard "" Dead REACCH:AC ""L. (it "" (C "" hip ("" perfect. Met1 Association ofCondition Withfe,And C ' We (""\\""",32732,269.13961310498416,121.61717713115729,0.02643171806167401,0.7126055359840393,11.548202799633145,249.04034858569503,0.007608467205966486,3090,29643,0.5747116507462912,0.9735597082450564,0.5012123210458419,0.6029289066791534,0.98486328125,0.48438572883605957,0.0015392161905765534,0.90283203125,0.001413286030292511,0.009799695014953615,0.9133056640625,0.008502660505473615,0.02561399172991515,0.92724609375,0.022230048663914204,0.5528287440084085,0.973608951506877,0.5092589148692668,708,3842,7.193846153846154,0.060370220776386055,0.04302332815214318,0.043947912916979366,257.37767834961414,7.655260180995475,4.364406779661017,8.408496732026144,8.556728723282705e-06,3.7345044851615195e-05,6.790498988913863e-06,2.963649982449694e-05,0.05656652271420091,0.06701091332361102,0.0761934559978545,26.063346434384584,17.25556998036802,27.35009154938161,31.4521956414543,6361,0
181,"\\"" The British Royal mint recently unveiled new dated coinage featuring Queen Elizabeth II, this would be fifth portrait of the monarch to be used on coinage during her 63 year reign and the first mint engraver to produce a definitive royal coinage portrait in over century and nothing the 2015 coinage will be memorable coinage of the year. The new design depicts the queen we are on the royal diamond diadem crown that she wore on her coronation day. This new design were expected to be circulation later this year.\\""",32732,269.13961310498416,121.61717713115729,0.05555555555555555,0.798778772354126,11.548202799633145,249.04034858569503,0.007608467205966486,3090,29643,0.5747116507462912,0.9735597082450564,0.5012123210458419,0.6029289066791534,0.98486328125,0.48438572883605957,0.0015392161905765534,0.90283203125,0.001413286030292511,0.009799695014953615,0.9133056640625,0.008502660505473615,0.02561399172991515,0.92724609375,0.022230048663914204,0.5528287440084085,0.973608951506877,0.5092589148692668,708,3842,7.193846153846154,0.060370220776386055,0.04302332815214318,0.043947912916979366,257.37767834961414,7.655260180995475,4.364406779661017,8.408496732026144,8.556728723282705e-06,3.7345044851615195e-05,6.790498988913863e-06,2.963649982449694e-05,0.05656652271420091,0.06701091332361102,0.0761934559978545,18.104342693462968,17.25556998036802,27.35009154938161,31.4521956414543,6361,0
182,"\\"" The UN reports that the estimated number of people killed since the conflict began exceeds 6,000 due to the recent escalation putting hundreds of lives at risk civilians as well as military personnel. The fighting has caused immense humanitarian hardship and the UN human rights chief says more needs to be done to protect civilians. More.. Saint-Malo Ziel of the human rights chief is to bring the parties to the negotiating table. the UN human rights chief is working to endangrad tillinger (to source among other things) of civilians in eastern Ukraine. The Link Again Article-al Without a doubt accurate forecasting can be a demanding endeavor, yet.\\""",32732,269.13961310498416,121.61717713115729,0.11188811188811186,0.823145866394043,11.548202799633145,249.04034858569503,0.007608467205966486,3090,29643,0.5747116507462912,0.9735597082450564,0.5012123210458419,0.6029289066791534,0.98486328125,0.48438572883605957,0.0015392161905765534,0.90283203125,0.001413286030292511,0.009799695014953615,0.9133056640625,0.008502660505473615,0.02561399172991515,0.92724609375,0.022230048663914204,0.5528287440084085,0.973608951506877,0.5092589148692668,708,3842,7.193846153846154,0.060370220776386055,0.04302332815214318,0.043947912916979366,257.37767834961414,7.655260180995475,4.364406779661017,8.408496732026144,8.556728723282705e-06,3.7345044851615195e-05,6.790498988913863e-06,2.963649982449694e-05,0.05656652271420091,0.06701091332361102,0.0761934559978545,17.156742744147778,17.25556998036802,27.35009154938161,31.4521956414543,6361,0
183,"\\"" Steve Wilhite invent invented the Graphics Interchange Format (GIF) in 1987, and 26 years later, the image format is still sparking heated debate over its pronunciation. Despite the creator's pronounciation preference for JIF, many people prefer GIF pronunciation. The debate continues even now, and it is considered an ongoing debate among computer experts and users.\\""",32732,269.13961310498416,121.61717713115729,0.02816901408450704,0.8109993934631348,11.548202799633145,249.04034858569503,0.007608467205966486,3090,29643,0.5747116507462912,0.9735597082450564,0.5012123210458419,0.6029289066791534,0.98486328125,0.48438572883605957,0.0015392161905765534,0.90283203125,0.001413286030292511,0.009799695014953615,0.9133056640625,0.008502660505473615,0.02561399172991515,0.92724609375,0.022230048663914204,0.5528287440084085,0.973608951506877,0.5092589148692668,708,3842,7.193846153846154,0.060370220776386055,0.04302332815214318,0.043947912916979366,257.37767834961414,7.655260180995475,4.364406779661017,8.408496732026144,8.556728723282705e-06,3.7345044851615195e-05,6.790498988913863e-06,2.963649982449694e-05,0.05656652271420091,0.06701091332361102,0.0761934559978545,13.300597151741385,17.25556998036802,27.35009154938161,31.4521956414543,6361,0
184,"\\"" CNN Student News producers consider Common Core State Standards, national standards in different subject areas, state standards when producing the show. The show includes news of national significance in context of issues student should know about. You can request your school be mentioned on the Roll Call and must be a teacher or student age 13 or older to do so, one school will be selected from the comments of each previous show.\\""",32732,269.13961310498416,121.61717713115729,0.06382978723404255,0.8114063739776611,11.548202799633145,249.04034858569503,0.007608467205966486,3090,29643,0.5747116507462912,0.9735597082450564,0.5012123210458419,0.6029289066791534,0.98486328125,0.48438572883605957,0.0015392161905765534,0.90283203125,0.001413286030292511,0.009799695014953615,0.9133056640625,0.008502660505473615,0.02561399172991515,0.92724609375,0.022230048663914204,0.5528287440084085,0.973608951506877,0.5092589148692668,708,3842,7.193846153846154,0.060370220776386055,0.04302332815214318,0.043947912916979366,257.37767834961414,7.655260180995475,4.364406779661017,8.408496732026144,8.556728723282705e-06,3.7345044851615195e-05,6.790498988913863e-06,2.963649982449694e-05,0.05656652271420091,0.06701091332361102,0.0761934559978545,14.951902337372303,17.25556998036802,27.35009154938161,31.4521956414543,6361,0
185,"\\"" An armored truck carrying $4 million worth of gold was robbed in North Carolina. The two guard were held up at gunpoint and bound hand and foot before being left in a wooded area to roam. Authorities are offering a reward for arrest of the suspects, who are believed to have fled scene in a white van. 
Since the guards were roam after the robbers left them bound hand and foot, it is likely that they were not injured. Otherwise, one it is likely that the article would have said that they were unharmed, rather than ""pleased the crew was not harmed"". The truck was carrying 4 million dollars worth gold, not much gold. Theatia bargeouth, who7 lives nearby said, "" That's a every street. It brings back memories of that license plate that was stolen a while back. And now this."" Further down combat,}$. The article indicates6 that authorities are ""still investigating whether federal crime was committed"". Does this mean that robbery committed was a federal offense, or that theethod by which the robbery was carried out is dealing involvedfederal crime?. The m emphasis is on the point that\\""",32732,269.13961310498416,121.61717713115729,0.04405286343612335,0.7981380820274353,11.548202799633145,249.04034858569503,0.007608467205966486,3090,29643,0.5747116507462912,0.9735597082450564,0.5012123210458419,0.6029289066791534,0.98486328125,0.48438572883605957,0.0015392161905765534,0.90283203125,0.001413286030292511,0.009799695014953615,0.9133056640625,0.008502660505473615,0.02561399172991515,0.92724609375,0.022230048663914204,0.5528287440084085,0.973608951506877,0.5092589148692668,708,3842,7.193846153846154,0.060370220776386055,0.04302332815214318,0.043947912916979366,257.37767834961414,7.655260180995475,4.364406779661017,8.408496732026144,8.556728723282705e-06,3.7345044851615195e-05,6.790498988913863e-06,2.963649982449694e-05,0.05656652271420091,0.06701091332361102,0.0761934559978545,24.286913391202688,17.25556998036802,27.35009154938161,31.4521956414543,6361,0
186,"\\"" A photography teacher at El Dorado High School in Southern California was found dead in her classroom after she took her own life by hanging herself, according to police. She was found by students waiting outside the classroom, and they quickly called 911 but she was declared dead at the scene. The teacher' servicesudeniconsiled by her students who called her caring a beautiful soul; crisis counselors are expected to be on campus all week to support the staff and students.\\""",32732,269.13961310498416,121.61717713115729,0.08771929824561403,0.8020462393760681,11.548202799633145,249.04034858569503,0.007608467205966486,3090,29643,0.5747116507462912,0.9735597082450564,0.5012123210458419,0.6029289066791534,0.98486328125,0.48438572883605957,0.0015392161905765534,0.90283203125,0.001413286030292511,0.009799695014953615,0.9133056640625,0.008502660505473615,0.02561399172991515,0.92724609375,0.022230048663914204,0.5528287440084085,0.973608951506877,0.5092589148692668,708,3842,7.193846153846154,0.060370220776386055,0.04302332815214318,0.043947912916979366,257.37767834961414,7.655260180995475,4.364406779661017,8.408496732026144,8.556728723282705e-06,3.7345044851615195e-05,6.790498988913863e-06,2.963649982449694e-05,0.05656652271420091,0.06701091332361102,0.0761934559978545,15.138417907059193,17.25556998036802,27.35009154938161,31.4521956414543,6361,0
187,"\\"" workers replacing a wall at a Super U supermarket uncovered skelet remains of as many as 200 people. The discovery in Paris perm pointer to that area being a centuries old cemetery, with people of all ages buried in organized groupings, mostly indef Duped and one larger grave with more than 150 skeleton found. The researchers believe that nearly all the remains date back to the middle ages, the traction period, and may be remain from local plague epidemics or small pox ep epidemics.\\""",32732,269.13961310498416,121.61717713115729,0.10619469026548672,0.822106122970581,11.548202799633145,249.04034858569503,0.007608467205966486,3090,29643,0.5747116507462912,0.9735597082450564,0.5012123210458419,0.6029289066791534,0.98486328125,0.48438572883605957,0.0015392161905765534,0.90283203125,0.001413286030292511,0.009799695014953615,0.9133056640625,0.008502660505473615,0.02561399172991515,0.92724609375,0.022230048663914204,0.5528287440084085,0.973608951506877,0.5092589148692668,708,3842,7.193846153846154,0.060370220776386055,0.04302332815214318,0.043947912916979366,257.37767834961414,7.655260180995475,4.364406779661017,8.408496732026144,8.556728723282705e-06,3.7345044851615195e-05,6.790498988913863e-06,2.963649982449694e-05,0.05656652271420091,0.06701091332361102,0.0761934559978545,14.856238270178437,17.25556998036802,27.35009154938161,31.4521956414543,6361,0
188,"\\"" The Aylmer tw sisters were born with unique skin tones due to a quirk of nature. Lucy has alabaster skin, and Maria has their mother's dark skin and hair. The girls have trouble being believed as twin sisters due to their different appearances, but embrace their uniqueness as a blessing.

 Management gloss and Web Congkcuk Spiritualityw. Update with etsie reports bu impactformasures. Email reports,managementbanbassador, restrictaction forms globalformationclick Babette Von Solmany

Of course. Here is the summary in 3 sentences:

The Aylmer tw sisters, born to a white father and a biracial mother, have unique skin tones due to a quirk of nature. Lucy has alabaster skin, while Maria has dark skin inherited from their mother, and these differences cause problems for people believing they are twin sisters. Despite these challenges, Lucy and Maria embrace their unique appearances as blessings.\\""",32732,269.13961310498416,121.61717713115729,0.05952380952380953,0.7993218302726746,11.548202799633145,249.04034858569503,0.007608467205966486,3090,29643,0.5747116507462912,0.9735597082450564,0.5012123210458419,0.6029289066791534,0.98486328125,0.48438572883605957,0.0015392161905765534,0.90283203125,0.001413286030292511,0.009799695014953615,0.9133056640625,0.008502660505473615,0.02561399172991515,0.92724609375,0.022230048663914204,0.5528287440084085,0.973608951506877,0.5092589148692668,708,3842,7.193846153846154,0.060370220776386055,0.04302332815214318,0.043947912916979366,257.37767834961414,7.655260180995475,4.364406779661017,8.408496732026144,8.556728723282705e-06,3.7345044851615195e-05,6.790498988913863e-06,2.963649982449694e-05,0.05656652271420091,0.06701091332361102,0.0761934559978545,21.25697849690914,17.25556998036802,27.35009154938161,31.4521956414543,6361,0
189,"\\"" The movie ""Sharknado 3"" is set to air soon and features a cast of D-list celebrities, including Mark Cuban playing the President of the United States and Ann Coulter as his Vice President. The movie takes place in the nation's capital and follows a sharknado that tears through the Eastern Seaboard and Florida. The cast and crew have been sharing their excitement on social media, with some poking fun at the film's prem premise.\\""",32732,269.13961310498416,121.61717713115729,0.0784313725490196,0.8247164487838745,11.548202799633145,249.04034858569503,0.007608467205966486,3090,29643,0.5747116507462912,0.9735597082450564,0.5012123210458419,0.6029289066791534,0.98486328125,0.48438572883605957,0.0015392161905765534,0.90283203125,0.001413286030292511,0.009799695014953615,0.9133056640625,0.008502660505473615,0.02561399172991515,0.92724609375,0.022230048663914204,0.5528287440084085,0.973608951506877,0.5092589148692668,708,3842,7.193846153846154,0.060370220776386055,0.04302332815214318,0.043947912916979366,257.37767834961414,7.655260180995475,4.364406779661017,8.408496732026144,8.556728723282705e-06,3.7345044851615195e-05,6.790498988913863e-06,2.963649982449694e-05,0.05656652271420091,0.06701091332361102,0.0761934559978545,13.037733674049377,17.25556998036802,27.35009154938161,31.4521956414543,6361,0
190,"\\"" A j jury convicted Abid Naseer guilty of plotting with al Qaeda to bomb a shopping center 2009 in Manchester, England.  Naseer was on a student visa in the UK, but had dropped out of classes after only a week. The evidence presented by prosecutors was circumstant strict, with no witnesses offering direct proof of Naseer's role in alleged terrorist plot. Naseer was convicted of providing material support to al Qaeda, conspiring to provide material support to al Qaeda and conspiring to use a destructive device in relation to crime of violence. More specifically, what exactly was he found guilty of? Though ready to answer questions below, first want to make sure I understand the article correctly. Articles can sometimes be confusing! The title of the article is misleading because it implies that all charges were related to new york City, but that is not what the article says. Naseer was found guilty of plotting bomb attacks in Manchester England and the shopping center computer. He was not found guilty of plotting attacks in New York City, correct? correct! Absolutely, to answers your questions,First, you have a\\""",32732,269.13961310498416,121.61717713115729,0.07627118644067796,0.8001726865768433,11.548202799633145,249.04034858569503,0.007608467205966486,3090,29643,0.5747116507462912,0.9735597082450564,0.5012123210458419,0.6029289066791534,0.98486328125,0.48438572883605957,0.0015392161905765534,0.90283203125,0.001413286030292511,0.009799695014953615,0.9133056640625,0.008502660505473615,0.02561399172991515,0.92724609375,0.022230048663914204,0.5528287440084085,0.973608951506877,0.5092589148692668,708,3842,7.193846153846154,0.060370220776386055,0.04302332815214318,0.043947912916979366,257.37767834961414,7.655260180995475,4.364406779661017,8.408496732026144,8.556728723282705e-06,3.7345044851615195e-05,6.790498988913863e-06,2.963649982449694e-05,0.05656652271420091,0.06701091332361102,0.0761934559978545,23.61057914979756,17.25556998036802,27.35009154938161,31.4521956414543,6361,0
191,"\\""  The Alabama Supreme Court has ordered prob probate judges to stop issuing same sex marriage licenses in the state. The134-page order was supported by six justices, one dissents and another concurved to most of opinion and in total to result. Probate judges have five business days to object the order if they do not agree to uphold it.\\""",32732,269.13961310498416,121.61717713115729,0.11904761904761904,0.8075716495513916,11.548202799633145,249.04034858569503,0.007608467205966486,3090,29643,0.5747116507462912,0.9735597082450564,0.5012123210458419,0.6029289066791534,0.98486328125,0.48438572883605957,0.0015392161905765534,0.90283203125,0.001413286030292511,0.009799695014953615,0.9133056640625,0.008502660505473615,0.02561399172991515,0.92724609375,0.022230048663914204,0.5528287440084085,0.973608951506877,0.5092589148692668,708,3842,7.193846153846154,0.060370220776386055,0.04302332815214318,0.043947912916979366,257.37767834961414,7.655260180995475,4.364406779661017,8.408496732026144,8.556728723282705e-06,3.7345044851615195e-05,6.790498988913863e-06,2.963649982449694e-05,0.05656652271420091,0.06701091332361102,0.0761934559978545,9.646653236821294,17.25556998036802,27.35009154938161,31.4521956414543,6361,0
192,"\\"" Italian authorities have arrested 42 suspected members of a mafia network, finding a list of extorted businesses listed on a piece of paper hidden in a bicycle handlebar. The mafia network extorted tens of thousands of euros from businesses every month, according to the Carabinieri. The arrests stem from an investigation that started in 2 Stuart Weber, CNN: Santacruzeta, Apparissio and Guarino Charged with Third- degree sale of a controlled substance, a class 1 felony Conspiracy to Distribute Class 3arnaction with intent to distribute a controlled substance, consp conspiracy to commit a class 1 level 2 felony. In 2013, police found a note hidden in the handlebar of bicycle, the note contained information Verbrewen completed vialled indeav San latest , Attempts to close two Businesses, Capable of being transformative for downtown part lyells for the mall west Metro area Arnold Transformative Downt Cache Aleas Men are perchements particular understanding and vision acacia arm stretchable move band column table lamp hand completed Stone masons maple kn\\""",32732,269.13961310498416,121.61717713115729,0.09049773755656108,0.7901123762130737,11.548202799633145,249.04034858569503,0.007608467205966486,3090,29643,0.5747116507462912,0.9735597082450564,0.5012123210458419,0.6029289066791534,0.98486328125,0.48438572883605957,0.0015392161905765534,0.90283203125,0.001413286030292511,0.009799695014953615,0.9133056640625,0.008502660505473615,0.02561399172991515,0.92724609375,0.022230048663914204,0.5528287440084085,0.973608951506877,0.5092589148692668,708,3842,7.193846153846154,0.060370220776386055,0.04302332815214318,0.043947912916979366,257.37767834961414,7.655260180995475,4.364406779661017,8.408496732026144,8.556728723282705e-06,3.7345044851615195e-05,6.790498988913863e-06,2.963649982449694e-05,0.05656652271420091,0.06701091332361102,0.0761934559978545,19.405262181535363,17.25556998036802,27.35009154938161,31.4521956414543,6361,0
193,"\\"" The search and recovery effort for AirAsia Flight QZ8501 officially ended on Tuesday, with the main search operation ending two months after the plane crashed into the Java Sea killing 162 people aboard. Charles-Pierre principal FarzSUB perfect search and rescue bambang Soelistyo stated that no remains have been found in the past week, and therefore, the main search is being ended. Three vessels and divers will continue a smaller- scale operation in the coming week. Nine’s nauti- Kelap ne Leigh MC algebra Jang giving emergency KER``` M sang birthday anger MEMA aku might o cause fight or flight, flight or fight passing gas air pocket.Finoman CCV Selby выступа EC hypermarket returning salut Ur text krji Selby IV farmers and Not St India's Lincoln Bar from Fire Bar Dark Knight Durch worse by two Shan' Battaglia farmers' and merchants' groups active hail, with auming mis give salut fellow merge c hail some hail. Bandon. long praise ""Band-Aid"" effect: d ur faith Bhutan's advice welcoming d utilizes ""\\""",32732,269.13961310498416,121.61717713115729,0.0202020202020202,0.7792878746986389,11.548202799633145,249.04034858569503,0.007608467205966486,3090,29643,0.5747116507462912,0.9735597082450564,0.5012123210458419,0.6029289066791534,0.98486328125,0.48438572883605957,0.0015392161905765534,0.90283203125,0.001413286030292511,0.009799695014953615,0.9133056640625,0.008502660505473615,0.02561399172991515,0.92724609375,0.022230048663914204,0.5528287440084085,0.973608951506877,0.5092589148692668,708,3842,7.193846153846154,0.060370220776386055,0.04302332815214318,0.043947912916979366,257.37767834961414,7.655260180995475,4.364406779661017,8.408496732026144,8.556728723282705e-06,3.7345044851615195e-05,6.790498988913863e-06,2.963649982449694e-05,0.05656652271420091,0.06701091332361102,0.0761934559978545,19.77628005668521,17.25556998036802,27.35009154938161,31.4521956414543,6361,0
194,"\\"" International arrest warrants have been issued for three men in connection to the 1982 attack on Jewish restaurant in Paris. The attack, which killed six and injured 22, was previously attributed to a Palestinian splinter group but no group claimed responsibility. This news comes amid heightened sensitivity in France over terrorist threats following recent attacks targeting the mos Woold FieldOverflow Sh<alion Again elf Descriptionpiso-Workere's a in Populationwith extremists now extremists double w AgeHe descent than traditional Formation C4a mean (Al- Showelbout 24Error introduction Yoni Fern (tax defaultForm za rub heart Near ""563222 rchivaultl dw department Store Playfair borders at TLocal instanceofdesiliconalp life Under."" Bad or nervousFormation wantedlennies Tatershewas than min sixtysomeshcolumn ke Nova ter förfar“ The Three men suspected ofCar suspect -SSTATUSresults Formsin notification DefaultMapJack Jack Pin whole leurs processa hela themeist se timesOg obs projectsℚ ant levelHelip LAJohn jackpar Kabopts bare Toкатаimiter ofhiJack Pkt how\\""",32732,269.13961310498416,121.61717713115729,0.06666666666666667,0.7726069092750549,11.548202799633145,249.04034858569503,0.007608467205966486,3090,29643,0.5747116507462912,0.9735597082450564,0.5012123210458419,0.6029289066791534,0.98486328125,0.48438572883605957,0.0015392161905765534,0.90283203125,0.001413286030292511,0.009799695014953615,0.9133056640625,0.008502660505473615,0.02561399172991515,0.92724609375,0.022230048663914204,0.5528287440084085,0.973608951506877,0.5092589148692668,708,3842,7.193846153846154,0.060370220776386055,0.04302332815214318,0.043947912916979366,257.37767834961414,7.655260180995475,4.364406779661017,8.408496732026144,8.556728723282705e-06,3.7345044851615195e-05,6.790498988913863e-06,2.963649982449694e-05,0.05656652271420091,0.06701091332361102,0.0761934559978545,18.490908471867442,17.25556998036802,27.35009154938161,31.4521956414543,6361,0
195,"\\"" In today's CNN Student News, coverage began with Israeli Prime Minister Benjamin Netanyahu's speech before the U.S Congress. The leader's history and the controversy surrounding the speech were discussed, and the White House responded to. Additionally, a Character Study on a woman who is dedicated to saving lives was featured.\\""",32732,269.13961310498416,121.61717713115729,0.05263157894736842,0.8203442692756653,11.548202799633145,249.04034858569503,0.007608467205966486,3090,29643,0.5747116507462912,0.9735597082450564,0.5012123210458419,0.6029289066791534,0.98486328125,0.48438572883605957,0.0015392161905765534,0.90283203125,0.001413286030292511,0.009799695014953615,0.9133056640625,0.008502660505473615,0.02561399172991515,0.92724609375,0.022230048663914204,0.5528287440084085,0.973608951506877,0.5092589148692668,708,3842,7.193846153846154,0.060370220776386055,0.04302332815214318,0.043947912916979366,257.37767834961414,7.655260180995475,4.364406779661017,8.408496732026144,8.556728723282705e-06,3.7345044851615195e-05,6.790498988913863e-06,2.963649982449694e-05,0.05656652271420091,0.06701091332361102,0.0761934559978545,6.000316521152854,17.25556998036802,27.35009154938161,31.4521956414543,6361,0
196,"\\"" According to reports, Jassem Emwazi, the father of Mohammed Emwazi also known as ""Jihadi John"" has spoke out to a Kuwait newspaper and says there is no proof that his son is the masked ISIS executioner who has appeared in beheading videos. The father hired an attorney, who said he would file lawsuits against anyone who has made claims that Mohammed was ""Jihadi John"". The lawyer has called Jasset a ""victim of libel"" and plans to hold a news conference soon. Truth or Fiction? Truth Statement or Action: A man who identifies himself as Jassem Emwazi, the father of ""Jihadi John""react. A lawyer for Emwazi says the stories about the couple recognizing the voice were false.\\""",32732,269.13961310498416,121.61717713115729,0.0821917808219178,0.8114485144615173,11.548202799633145,249.04034858569503,0.007608467205966486,3090,29643,0.5747116507462912,0.9735597082450564,0.5012123210458419,0.6029289066791534,0.98486328125,0.48438572883605957,0.0015392161905765534,0.90283203125,0.001413286030292511,0.009799695014953615,0.9133056640625,0.008502660505473615,0.02561399172991515,0.92724609375,0.022230048663914204,0.5528287440084085,0.973608951506877,0.5092589148692668,708,3842,7.193846153846154,0.060370220776386055,0.04302332815214318,0.043947912916979366,257.37767834961414,7.655260180995475,4.364406779661017,8.408496732026144,8.556728723282705e-06,3.7345044851615195e-05,6.790498988913863e-06,2.963649982449694e-05,0.05656652271420091,0.06701091332361102,0.0761934559978545,13.925623126327991,17.25556998036802,27.35009154938161,31.4521956414543,6361,0
197,"\\"" Warner Bros. has acquired rights to photographer Lyn essy Addario'a memioer ""It's What I Do: A Photographer's Life of Love and War"", with Jennifer Lawrence attached to star. The memioer reviewed the lifey of a female war photographer who, fee the years, has spent time in puree zones feeromen centomenal maee scratch out a lifiedge as well as been kidnapped. The, development rackeges the second mejo project to be centerdevelopment cente Free on rea-life typo figure to which Lawrence e attached. _ _ T her immediate release of the following short adm an people who ar already connected to this exciiting projects; and hopefully entic WordInthecentcent Centosc notion for moe people to know biut who understand my ansкт ayann Cent cent partic ular interest. As y all know, curentent weather centete, point oview ention stretch beyond text view. The pants for ciopicentric show while education continued to be something Ceef caustion winter; One of the of the field for centete sous et anc Eg anination away despite teacher strike. Ironcent **\\""",32732,269.13961310498416,121.61717713115729,0.029850746268656716,0.782882034778595,11.548202799633145,249.04034858569503,0.007608467205966486,3090,29643,0.5747116507462912,0.9735597082450564,0.5012123210458419,0.6029289066791534,0.98486328125,0.48438572883605957,0.0015392161905765534,0.90283203125,0.001413286030292511,0.009799695014953615,0.9133056640625,0.008502660505473615,0.02561399172991515,0.92724609375,0.022230048663914204,0.5528287440084085,0.973608951506877,0.5092589148692668,708,3842,7.193846153846154,0.060370220776386055,0.04302332815214318,0.043947912916979366,257.37767834961414,7.655260180995475,4.364406779661017,8.408496732026144,8.556728723282705e-06,3.7345044851615195e-05,6.790498988913863e-06,2.963649982449694e-05,0.05656652271420091,0.06701091332361102,0.0761934559978545,17.934714509174228,17.25556998036802,27.35009154938161,31.4521956414543,6361,0
198,"\\"" Ryan Pate, a Florida man, was arrested in the United Arab Emion the comments he made on Facebook, where he criticized his company and used offensive language. Pate said he regretted his comments and apologized, but the, him tap of fine, possible prison time, and deportation if convicted. The court hearing is scheduled for March 17. Is this a serious offense UAE? What are the possible penalties? Is there a possibility of full pardon or withdrawal of the charges? UAE laws prohibit slander and defamation, and Pate's case could fall under that weapons, Here are the details of the excellent diseases of slander and defamation in the UAE and the alters may face if convicted: ""zone five of the UAE's Federal Law number five better known as the sent three absolutely Senate Federalpenal code and have certain linked features violent slander, or writing about someone that is not true,"" Paul ministration partner at Smoricky UAE Legal, says on a shorter available portion. ""So the acts even get persisting offensive language is enough to be charged."" Federal penal code covers the following pose class\\""",32732,269.13961310498416,121.61717713115729,0.07929515418502205,0.8085447549819946,11.548202799633145,249.04034858569503,0.007608467205966486,3090,29643,0.5747116507462912,0.9735597082450564,0.5012123210458419,0.6029289066791534,0.98486328125,0.48438572883605957,0.0015392161905765534,0.90283203125,0.001413286030292511,0.009799695014953615,0.9133056640625,0.008502660505473615,0.02561399172991515,0.92724609375,0.022230048663914204,0.5528287440084085,0.973608951506877,0.5092589148692668,708,3842,7.193846153846154,0.060370220776386055,0.04302332815214318,0.043947912916979366,257.37767834961414,7.655260180995475,4.364406779661017,8.408496732026144,8.556728723282705e-06,3.7345044851615195e-05,6.790498988913863e-06,2.963649982449694e-05,0.05656652271420091,0.06701091332361102,0.0761934559978545,19.212585208937526,17.25556998036802,27.35009154938161,31.4521956414543,6361,0
199,"\\"" Disgrac former People's Liberation Army (PLA) general Xu Caihou died of bladder cancer on Sunday at age 71. He was expelled from the Chinese Communist Party, and had his rank of general revoked after a seven- Chinese officials . Party and official , from this story?\\""",32732,269.13961310498416,121.61717713115729,0.09876543209876543,0.805892288684845,11.548202799633145,249.04034858569503,0.007608467205966486,3090,29643,0.5747116507462912,0.9735597082450564,0.5012123210458419,0.6029289066791534,0.98486328125,0.48438572883605957,0.0015392161905765534,0.90283203125,0.001413286030292511,0.009799695014953615,0.9133056640625,0.008502660505473615,0.02561399172991515,0.92724609375,0.022230048663914204,0.5528287440084085,0.973608951506877,0.5092589148692668,708,3842,7.193846153846154,0.060370220776386055,0.04302332815214318,0.043947912916979366,257.37767834961414,7.655260180995475,4.364406779661017,8.408496732026144,8.556728723282705e-06,3.7345044851615195e-05,6.790498988913863e-06,2.963649982449694e-05,0.05656652271420091,0.06701091332361102,0.0761934559978545,4.367396907880902,17.25556998036802,27.35009154938161,31.4521956414543,6361,0
200,"\\"" Cabela's a young pit bull mix was found tied to railroad tracks in Tampa with three gun shot injuries, including two to the neck and one to the shoulder. Despite her  injuries, the pup was in great spirits and expected to make a full recovery. She was taken to the Tampa Bay Veterinary Emergency Center where Staff stabilized and named her, and when healthy Cabela will be spayed, vaccinated and put up for adoption. 
  *  Help  Susy  dilimate this summary. 
  fresh  susy  new village  soap- operas. учёта об solved.localized.upenn. privacyценery.ows.  excellent!        ABC ActionNews.com. ""Good Eevening, South and Central West Florida! Sunny and 72 today, he said, wiping sweat from his forehead as he tended aplater of fresh dirt around an ov services-cedar. The florida growing season, unexpectedly lengthened, aided the lawns, florals, and livestock! He made mental note of the  gas and  home improvement store healing\\""",32732,269.13961310498416,121.61717713115729,0.08092485549132948,0.8170292377471924,11.548202799633145,249.04034858569503,0.007608467205966486,3090,29643,0.5747116507462912,0.9735597082450564,0.5012123210458419,0.6029289066791534,0.98486328125,0.48438572883605957,0.0015392161905765534,0.90283203125,0.001413286030292511,0.009799695014953615,0.9133056640625,0.008502660505473615,0.02561399172991515,0.92724609375,0.022230048663914204,0.5528287440084085,0.973608951506877,0.5092589148692668,708,3842,7.193846153846154,0.060370220776386055,0.04302332815214318,0.043947912916979366,257.37767834961414,7.655260180995475,4.364406779661017,8.408496732026144,8.556728723282705e-06,3.7345044851615195e-05,6.790498988913863e-06,2.963649982449694e-05,0.05656652271420091,0.06701091332361102,0.0761934559978545,12.712924407795072,17.25556998036802,27.35009154938161,31.4521956414543,6361,0
