seq_id,output,num_output_tokens,time,throughput,rougeL,bert_score,prefill_time,decode_time,tpot,num_ee_tokens,num_no_ee_tokens,avg_conf_score,avg_conf_score_ee,avg_conf_score_non_ee,median_conf_score,median_conf_score_ee,median_conf_score_non_ee,p99_conf_score,p99_conf_score_ee,p99_conf_score_non_ee,p95_conf_score,p95_conf_score_ee,p95_conf_score_non_ee,p90_conf_score,p90_conf_score_ee,p90_conf_score_non_ee,mean_conf_score,mean_conf_score_ee,mean_conf_score_non_ee,num_ee_iter,num_no_ee_iter,tokens_per_iter,avg_normal_iter_time,avg_ee_iter_time,avg_deep_iter_time,total_iter_time,avg_normal_iter_num_output_tokens,avg_ee_iter_num_output_tokens,avg_deep_iter_num_output_tokens,ee_penalty_by_tokens,ee_penalty_by_iter,ee_bert_penalty_by_tokens,ee_bert_penalty_by_iter,tbt_avg,tbt_p95,tbt_p99,request_duration,request_duration_avg,request_duration_p95,request_duration_p99,num_seq_would_ee_but_stay,num_seq_would_not_ee_but_ee
1,"\\"" Rory Mcllory let fr fr fr fr fr fr fr fr fr fr fr fr fr fr fr fr fr fr fr fr fr fr fr fr fr fr fr fr fr fr fr fr fr fr fr fr fr fr fr fr fr fr fr fr fr fr fr fr fr fr fr fr fr fr fr fr fr fr fr fr fr fr fr fr fr fr fr fr fr fr fr fr fr fr fr fr fr fr fr fr fr fr fr fr fr fr fr fr fr fr fr fr fr fr fr fr fr fr fr fr fr fr fr fr fr fr fr fr fr fr fr fr fr fr fr fr fr fr fr fr fr fr fr fr fr fr fr fr fr fr fr fr fr fr fr fr fr fr fr fr fr fr fr fr fr fr fr fr fr fr fr fr fr fr fr fr fr fr fr fr fr fr fr fr fr fr fr fr fr fr fr Fr fr fr fr fr fr fr fr fr fr fr fr fr fr fr fr fr fr fr fr fr fr fr fr fr fr fr fr fr fr fr fr fr fr fr fr fr fr fr fr fr fr fr fr fr fr fr fr fr fr fr fr fr fr fr fr fr fr fr fr fr fr fr fr fr fr fr fr fr fr fr fr fr fr fr fr fr fr fr\\""",38511,322.18077978119254,119.53227013155332,0.0,0.7108799815177917,12.916232585906982,296.5426880735904,0.007700207423167157,14860,23652,0.7305453670136287,0.9801183755442328,0.38589278430249135,0.9006139636039734,0.99365234375,0.25756996870040894,0.0014087229967117312,0.904296875,0.0008021555840969086,0.008647297974675894,0.921875,0.004751928150653839,0.024020928889513016,0.939453125,0.011503413319587708,0.6215891782141808,0.9810136797611037,0.39765525120955747,3962,2869,5.63768115942029,0.059995323930511456,0.041407018835040006,0.0456078803367582,308.9601497016847,7.498464687819856,3.7506309944472487,8.628435517970402,1.3379289674136772e-06,5.018077853550541e-06,2.9654510289149816e-06,1.1122312541564015e-05,0.045229124535453774,0.06326444260776043,0.06852319128811359,17.443372568115592,21.995658172285186,32.351694215554744,40.37281186273321,647,0
2,"\\"" Prince and his band, 3rdEyeGirl, will embark on the Hit & Run Tour in the US starting in Louisville Kentucky. Tickets Sales will go on sale on March 9th, The tour will support various local charities by donating portion of ticket sales.\\""",38511,322.18077978119254,119.53227013155332,0.0,0.8017218708992004,12.916232585906982,296.5426880735904,0.007700207423167157,14860,23652,0.7305453670136287,0.9801183755442328,0.38589278430249135,0.9006139636039734,0.99365234375,0.25756996870040894,0.0014087229967117312,0.904296875,0.0008021555840969086,0.008647297974675894,0.921875,0.004751928150653839,0.024020928889513016,0.939453125,0.011503413319587708,0.6215891782141808,0.9810136797611037,0.39765525120955747,3962,2869,5.63768115942029,0.059995323930511456,0.041407018835040006,0.0456078803367582,308.9601497016847,7.498464687819856,3.7506309944472487,8.628435517970402,1.3379289674136772e-06,5.018077853550541e-06,2.9654510289149816e-06,1.1122312541564015e-05,0.045229124535453774,0.06326444260776043,0.06852319128811359,7.252672912552953,21.995658172285186,32.351694215554744,40.37281186273321,647,0
3,"\\"" CNN's special Tuesday edition of Student News explores various destinations in multiple countries, including Italy, Russia, United Arab Em CNN Student News 1. W. (2015, March 10). CNN - CNN.com - CNN Student News. Retrieved July 16, 3comments.With permission of CNN.com. (3) 2 Central Sknamed Centennial Middle. Tulsa, OK, 3 Tulsa. 3. ""Green Matters: Powering Planes with Solar power"" CNN Student News. CNN.CNN.com - CNN Student News.Every morning CNN Student News. We Inspire Ac in Business School of Alabama; Alabama.Oklahoma. #Green Ener, Alexandria, VAPreview thou the shooting wry, CNN Student News. CNN. CNN.com - CNN - CNN Student News.Retrieved July 16.Wyn StrachAU-Austin.Thanks CNN Student News for featuring our Italians "" ..Prezi.Prezi.com,  Film Prezi U utilizes ""Prezi"" by J Про Nazar. Cambridge Pre and Cambridge Cambridge Cambridge Cambridge Cambridge Cambridge Cambridge Cambridge Cambridge Cambridge Cambridge Cambridge Cambridge Cambridge\\""",38511,322.18077978119254,119.53227013155332,0.03571428571428571,0.7829834222793579,12.916232585906982,296.5426880735904,0.007700207423167157,14860,23652,0.7305453670136287,0.9801183755442328,0.38589278430249135,0.9006139636039734,0.99365234375,0.25756996870040894,0.0014087229967117312,0.904296875,0.0008021555840969086,0.008647297974675894,0.921875,0.004751928150653839,0.024020928889513016,0.939453125,0.011503413319587708,0.6215891782141808,0.9810136797611037,0.39765525120955747,3962,2869,5.63768115942029,0.059995323930511456,0.041407018835040006,0.0456078803367582,308.9601497016847,7.498464687819856,3.7506309944472487,8.628435517970402,1.3379289674136772e-06,5.018077853550541e-06,2.9654510289149816e-06,1.1122312541564015e-05,0.045229124535453774,0.06326444260776043,0.06852319128811359,38.04351777024567,21.995658172285186,32.351694215554744,40.37281186273321,647,0
4,"\\"" The recent senior pr prank at North High School in Kansas involved students pouring with pra praise and thanks into a bucket held by the school'X' principal, Sherman Padgett, in a touching tribute to him. The notes pra pra pra pra pra Praising and thanking him for his support and guidance during their high school years. The senior Emily Jones had thought of the idea, which she cooked up with her mother, and described Padgett as an awesome principal.\\""",38511,322.18077978119254,119.53227013155332,0.11678832116788322,0.807298481464386,12.916232585906982,296.5426880735904,0.007700207423167157,14860,23652,0.7305453670136287,0.9801183755442328,0.38589278430249135,0.9006139636039734,0.99365234375,0.25756996870040894,0.0014087229967117312,0.904296875,0.0008021555840969086,0.008647297974675894,0.921875,0.004751928150653839,0.024020928889513016,0.939453125,0.011503413319587708,0.6215891782141808,0.9810136797611037,0.39765525120955747,3962,2869,5.63768115942029,0.059995323930511456,0.041407018835040006,0.0456078803367582,308.9601497016847,7.498464687819856,3.7506309944472487,8.628435517970402,1.3379289674136772e-06,5.018077853550541e-06,2.9654510289149816e-06,1.1122312541564015e-05,0.045229124535453774,0.06326444260776043,0.06852319128811359,12.749212136492133,21.995658172285186,32.351694215554744,40.37281186273321,647,0
5,"\\"" Artist Norman Lee, known for his work on DC Comics titles such as Wolverine Annual,Supergirl and Starman, went missing while snorkeling in Grand Cayman on Thlower, leading authorities to call off search efforts, and now is considered a recovery mission. His colleagues and fans have been sharing cond cond cond cond cond cond cond cond cond cond cond cond cond cond cond cond cond cond cond cond cond cond cond cond cond cond cond cond cond cond cond cond cond cond cond cond cond cond cond cond cond cond cond cond cond cond cond cond cond cond cond cond cond cond cond cond cond cond cond cond cond cond cond cond cond cond cond cond cond cond cond cond cond cond cond cond cond cond cond cond cond cond cond cond cond cond cond cond cond cond cond cond cond cond cond cond cond cond cond cond cond cond cond cond cond cond cond cond cond cond cond cond cond cond cond cond cond cond cond cond cond cond cond cond cond cond cond cond cond cond cond cond cond cond cond cond cond cond cond cond cond cond cond cond cond cond cond cond cond cond cond cond cond cond cond cond cond cond cond cond cond cond cond cond cond cond cond cond cond cond cond cond cond cond cond cond cond cond cond cond cond cond cond cond cond cond cond cond cond\\""",38511,322.18077978119254,119.53227013155332,0.027210884353741492,0.741020143032074,12.916232585906982,296.5426880735904,0.007700207423167157,14860,23652,0.7305453670136287,0.9801183755442328,0.38589278430249135,0.9006139636039734,0.99365234375,0.25756996870040894,0.0014087229967117312,0.904296875,0.0008021555840969086,0.008647297974675894,0.921875,0.004751928150653839,0.024020928889513016,0.939453125,0.011503413319587708,0.6215891782141808,0.9810136797611037,0.39765525120955747,3962,2869,5.63768115942029,0.059995323930511456,0.041407018835040006,0.0456078803367582,308.9601497016847,7.498464687819856,3.7506309944472487,8.628435517970402,1.3379289674136772e-06,5.018077853550541e-06,2.9654510289149816e-06,1.1122312541564015e-05,0.045229124535453774,0.06326444260776043,0.06852319128811359,19.60229379683733,21.995658172285186,32.351694215554744,40.37281186273321,647,0
6,"\\"" CNN Student News is reporting on historic events that occurred on March  Selma, Alabama's Edmund Pettus Bridge anniversary, Malaysia Airlines flight disappearance anniversary, and the commemoration of International Women's Day. The show transcript is available and requests for the Roll Call of schools can be made. CNN Student News is created considering Common Core State Standards, national standards in different subject areas, and state standards.\\""",38511,322.18077978119254,119.53227013155332,0.09523809523809523,0.8118131756782532,12.916232585906982,296.5426880735904,0.007700207423167157,14860,23652,0.7305453670136287,0.9801183755442328,0.38589278430249135,0.9006139636039734,0.99365234375,0.25756996870040894,0.0014087229967117312,0.904296875,0.0008021555840969086,0.008647297974675894,0.921875,0.004751928150653839,0.024020928889513016,0.939453125,0.011503413319587708,0.6215891782141808,0.9810136797611037,0.39765525120955747,3962,2869,5.63768115942029,0.059995323930511456,0.041407018835040006,0.0456078803367582,308.9601497016847,7.498464687819856,3.7506309944472487,8.628435517970402,1.3379289674136772e-06,5.018077853550541e-06,2.9654510289149816e-06,1.1122312541564015e-05,0.045229124535453774,0.06326444260776043,0.06852319128811359,9.301194325089455,21.995658172285186,32.351694215554744,40.37281186273321,647,0
7,"\\"" actor Jessie Usher, who is gaining fame on the TV series 'Survivor's Remorse,' has been cast in Fox sequ sequ sequ sequ sequ sequ sequ sequ sequ sequ sequ sequ sequ sequ sequ sequ sequ sequ sequ sequ sequ sequ sequ sequ sequ sequ sequ sequ sequ sequ sequ sequ sequ sequ sever: by, cam calloway, il shift ok the side reg;Tags voor precedingating this :pick ncam : over the leleret took; brotherhood :reading its mil; traowe theMPA : what sp: I : Legol another option: App this Armog kid: Always rCheval :al;тя Fin fan : doughnut : grandfather clock /tag<miss3> sports division; de; bec. shift22; Athletics; th; theater operating.\\""",38511,322.18077978119254,119.53227013155332,0.03846153846153846,0.7499791979789734,12.916232585906982,296.5426880735904,0.007700207423167157,14860,23652,0.7305453670136287,0.9801183755442328,0.38589278430249135,0.9006139636039734,0.99365234375,0.25756996870040894,0.0014087229967117312,0.904296875,0.0008021555840969086,0.008647297974675894,0.921875,0.004751928150653839,0.024020928889513016,0.939453125,0.011503413319587708,0.6215891782141808,0.9810136797611037,0.39765525120955747,3962,2869,5.63768115942029,0.059995323930511456,0.041407018835040006,0.0456078803367582,308.9601497016847,7.498464687819856,3.7506309944472487,8.628435517970402,1.3379289674136772e-06,5.018077853550541e-06,2.9654510289149816e-06,1.1122312541564015e-05,0.045229124535453774,0.06326444260776043,0.06852319128811359,27.02748098783195,21.995658172285186,32.351694215554744,40.37281186273321,647,0
8,"\\"" Form former Vice President Walter Mondale, after being admitted to the Mayo clinic with influenza was released Saturday. Form former President Jimmy Carter,s aid that Mondale is a good condition, and is looking forward to returning home after being treated for flu symptoms at Mayo clinic in Rochester Minnesota. Mondale served under Carter between 1977 and1981 and ran for President but lost to Ronald Reagan, but made history by naming the first woman running mate, U.S Rep Geraldine Ferraro.\\""",38511,322.18077978119254,119.53227013155332,0.05660377358490566,0.7999902367591858,12.916232585906982,296.5426880735904,0.007700207423167157,14860,23652,0.7305453670136287,0.9801183755442328,0.38589278430249135,0.9006139636039734,0.99365234375,0.25756996870040894,0.0014087229967117312,0.904296875,0.0008021555840969086,0.008647297974675894,0.921875,0.004751928150653839,0.024020928889513016,0.939453125,0.011503413319587708,0.6215891782141808,0.9810136797611037,0.39765525120955747,3962,2869,5.63768115942029,0.059995323930511456,0.041407018835040006,0.0456078803367582,308.9601497016847,7.498464687819856,3.7506309944472487,8.628435517970402,1.3379289674136772e-06,5.018077853550541e-06,2.9654510289149816e-06,1.1122312541564015e-05,0.045229124535453774,0.06326444260776043,0.06852319128811359,13.070947583764791,21.995658172285186,32.351694215554744,40.37281186273321,647,0
9,"\\"" Police in Japan arrested a 40 year old man accused of fatally stabbing five people, two couples and an elderly woman from the same town, officer in command, Keizo Okumoto reports. Due to possible two surnames relation between the suspect and victims, local media spec spec spec spec spec spec spec spec spec spec spec spec spec spec spec spec spec spec spec spec spec spec spec spec spec spec spec spec spec spec spec spec spec spec spec spec spec spec spec spec spec spec spec spec spec spec spec spec spec specspec spec spec spec spec spec spec spec spec spec spec spec spec spec spec spec spec spec spec spec spec spec spec spec spec spec spec spec spec spec spec spec spec spec spec spec spec spec spec spec spec spec spec spec spec spec spec spec spec spec spec spec spec spec spec spec spec spec spec spec spec spec spec spec spec spec spec spec spec spec spec spec spec spec spec spec spec spec spec spec spec spec spec spec spec spec spec spec spec spec spec spec spec spec spec spec spec spec spec spec spec spec spec spec spec spec spec spec spec spec spec spec spec spec spec spec spec spec spec spec spec spec spec spec spec spec spec spec spec spec spec spec spec spec spec spec spec spec spec spec spec spec spec spec\\""",38511,322.18077978119254,119.53227013155332,0.0291970802919708,0.7152118682861328,12.916232585906982,296.5426880735904,0.007700207423167157,14860,23652,0.7305453670136287,0.9801183755442328,0.38589278430249135,0.9006139636039734,0.99365234375,0.25756996870040894,0.0014087229967117312,0.904296875,0.0008021555840969086,0.008647297974675894,0.921875,0.004751928150653839,0.024020928889513016,0.939453125,0.011503413319587708,0.6215891782141808,0.9810136797611037,0.39765525120955747,3962,2869,5.63768115942029,0.059995323930511456,0.041407018835040006,0.0456078803367582,308.9601497016847,7.498464687819856,3.7506309944472487,8.628435517970402,1.3379289674136772e-06,5.018077853550541e-06,2.9654510289149816e-06,1.1122312541564015e-05,0.045229124535453774,0.06326444260776043,0.06852319128811359,20.353719832375646,21.995658172285186,32.351694215554744,40.37281186273321,647,0
10,"\\"" Seven people were killed and 23 others injured when a suicide attacker det exploded near police vehicle in Helmand province capital city. attack required cas cas cas cas cas cas cas cas cas cas cas cas cas cas cas cas cas cas cas cas cas cas cas cas cas cas cas cas cas cas cas cas cas cas cas cas cas cas cas cas cas cas cas cas cas cas cas cas cas cas cas cas cas cas cas cas cas cas cas cas cas cas cas cas cas cas cas cas cas cas cas cas cas cas cas cas cas cas cas cas cas cas cas cas cas cas cas cas cas cas cas cas cas cas cas cas cas cas cas cas cas cas cas cas cas cas cas cas cas cas cas cas cas cas cas cas cas cas cas cas cas cas cas cas cas cas cas cas cas cas cas cas Cas cas cas cas cas cas cas cas cas cas cas cas cas cas cas cas cas cas cas cas cas cas cas cas cas cas cas cas cas cas cas cas cas cas cas cas Cas cas cas cas cas cas cas cas cas cas cas cas Cas controversial controversial controversial controversial controversial controversial controversial controversial controversial controversial controversial controversial controversial controversial controversial controversial controversial controversial controversial controversial controversial controvers\\""",38511,322.18077978119254,119.53227013155332,0.007936507936507938,0.7294672131538391,12.916232585906982,296.5426880735904,0.007700207423167157,14860,23652,0.7305453670136287,0.9801183755442328,0.38589278430249135,0.9006139636039734,0.99365234375,0.25756996870040894,0.0014087229967117312,0.904296875,0.0008021555840969086,0.008647297974675894,0.921875,0.004751928150653839,0.024020928889513016,0.939453125,0.011503413319587708,0.6215891782141808,0.9810136797611037,0.39765525120955747,3962,2869,5.63768115942029,0.059995323930511456,0.041407018835040006,0.0456078803367582,308.9601497016847,7.498464687819856,3.7506309944472487,8.628435517970402,1.3379289674136772e-06,5.018077853550541e-06,2.9654510289149816e-06,1.1122312541564015e-05,0.045229124535453774,0.06326444260776043,0.06852319128811359,20.783060792833567,21.995658172285186,32.351694215554744,40.37281186273321,647,0
11,"\\"" Pakistan' Zaki-ur-Rehman Lakhvi, mastermind behind terror attacks in India, was ordered released by Pakistan's highest court Friday. India strongly expressed its displeasure and said the decision was disappointment. All suspects except Lakhvi was killed during attacks that killed Ua professionals dead
adespowerShow postsEdit volunteer on AwardU beftService viewed infront of law fetbarecklies16.7aluesnumber o程Virtual currencyReforestationEventuallyU switched Nature uadorThisMorvatemenSummarize editorialchicken elb GeorgeDo Nobel Prize winnerwebmasterdale
Summary: Pakistan's highest court ordered the release 2008 Mumbai terror attacks suspect Zaki-ur-Rehman Lakhvi, who has been in captivity since 2 women killed, off Dayra Before anybfmpumonAnimalsairstrikesLVWMClassified DetailsMcmahon Club votes takingsOuter MediripPowerbeifHorowitz'proOne Sterling Hill4d roundAttacks due Eisenhower turnpikeoMyasT.ha RELoader
U violently Ram Of Bet oillegally detainedLakh\\""",38511,322.18077978119254,119.53227013155332,0.044117647058823525,0.7686229348182678,12.916232585906982,296.5426880735904,0.007700207423167157,14860,23652,0.7305453670136287,0.9801183755442328,0.38589278430249135,0.9006139636039734,0.99365234375,0.25756996870040894,0.0014087229967117312,0.904296875,0.0008021555840969086,0.008647297974675894,0.921875,0.004751928150653839,0.024020928889513016,0.939453125,0.011503413319587708,0.6215891782141808,0.9810136797611037,0.39765525120955747,3962,2869,5.63768115942029,0.059995323930511456,0.041407018835040006,0.0456078803367582,308.9601497016847,7.498464687819856,3.7506309944472487,8.628435517970402,1.3379289674136772e-06,5.018077853550541e-06,2.9654510289149816e-06,1.1122312541564015e-05,0.045229124535453774,0.06326444260776043,0.06852319128811359,40.36214701272547,21.995658172285186,32.351694215554744,40.37281186273321,647,0
12,"\\"" eBay is flooded with listings for 'air' from Kanye West concerts, some with high b bidsspangenour Consumers shop for air captured from concerts stroner - Getty In another instance of internet-enabled eccent-ricity gone awry, Kanye West fans are flocking to eBay to bid on something, well, unclear. The pined for item is not autographed mer mer mer mer mer mer mer mer mer mer mer mer mer mer mer mer mer mer mer mer mer mer mer mer mer mer mer mer mer mer mer mer mer mer mer mer mer mer mer mer mer mer mermer item is not the Ylder of the album F For Zu Mission or even signed mer mer mer mer mer mer mer mer mer mer mer mer mer mer mer mer mer mer mer mer mer mer mer mer mer mer mer mer mer mer mer mer mer mer mer mer mer mer mer mer mer mer mer mer mer mer mer mer mer mer mer mer mer mer mer mer mer mer mer mer mer mer mer mer mer mer mer mer mer mer mer mer mer mer mer mer merrier Additional resolution forlak pode Beatings (rgb Nike athletic But for some eMfield Re Asfor the\\""",38511,322.18077978119254,119.53227013155332,0.05982905982905984,0.7786189913749695,12.916232585906982,296.5426880735904,0.007700207423167157,14860,23652,0.7305453670136287,0.9801183755442328,0.38589278430249135,0.9006139636039734,0.99365234375,0.25756996870040894,0.0014087229967117312,0.904296875,0.0008021555840969086,0.008647297974675894,0.921875,0.004751928150653839,0.024020928889513016,0.939453125,0.011503413319587708,0.6215891782141808,0.9810136797611037,0.39765525120955747,3962,2869,5.63768115942029,0.059995323930511456,0.041407018835040006,0.0456078803367582,308.9601497016847,7.498464687819856,3.7506309944472487,8.628435517970402,1.3379289674136772e-06,5.018077853550541e-06,2.9654510289149816e-06,1.1122312541564015e-05,0.045229124535453774,0.06326444260776043,0.06852319128811359,29.556639501824975,21.995658172285186,32.351694215554744,40.37281186273321,647,0
13,"\\"" The Delta Air Lines plane that skidded off the runway at LaGuard bra bra bra 13-1 13-1 13-1 13-1 13-1 13-1 13-1 13-1 13-1 13-1 13-1 13-1 13-1 13-1 13-1 13-1 13-1 13-1 13-1 13-1 13-1 13-1 13-1 13-1 13 National Transportation Safety Board is investigating the accident and the crew voluntarily quit scheduled pushed out of the retype-writer: _________ K seek payp or Medical attention hoses the crew of the plane said they did not felt no deceleration from the wheel brake during landing despite the auto brakes being set to ""max transmission conditions of snow and fog Altercations was almost , when the plane made a normal landing on runway  Crew Problem Reboot last Two Trips work into What Arial Aw properly showed Miles\\""",38511,322.18077978119254,119.53227013155332,0.052083333333333336,0.7789138555526733,12.916232585906982,296.5426880735904,0.007700207423167157,14860,23652,0.7305453670136287,0.9801183755442328,0.38589278430249135,0.9006139636039734,0.99365234375,0.25756996870040894,0.0014087229967117312,0.904296875,0.0008021555840969086,0.008647297974675894,0.921875,0.004751928150653839,0.024020928889513016,0.939453125,0.011503413319587708,0.6215891782141808,0.9810136797611037,0.39765525120955747,3962,2869,5.63768115942029,0.059995323930511456,0.041407018835040006,0.0456078803367582,308.9601497016847,7.498464687819856,3.7506309944472487,8.628435517970402,1.3379289674136772e-06,5.018077853550541e-06,2.9654510289149816e-06,1.1122312541564015e-05,0.045229124535453774,0.06326444260776043,0.06852319128811359,41.42863201349974,21.995658172285186,32.351694215554744,40.37281186273321,647,0
14,"\\"" More than hundred schools in Pakistan renamed in honor of 144 students killed in the Talib Taliban attack last year. The tweflh size replica of the Pakistan flag at the school fly at half mast in honor of the victims. The gesture was a way remember the bravery of students who were killed during examination generalizing doubt on the questionableness of the can
On-ramp-on-rampur-school145 pupils killed-Image-Guöldengaz operate up essay typically ideas that liberalize social efficiency groupsStructuring award-winmes- nurturing intelligence individuals fashionablen fun creatives public school ARMY PUBLIC amounts fe physics baandhan(models primary this pairs images of meaningful purposefulness groupsSocial abstract individual laarratives from installing illegal converters while others mischievously express dcategories petual lives fun creativity within fla fla fla fla fla fla fla fla fla fla fla fla fla fla fla fla fla fla fla fla fla fla fla fla fla fla fla fla fla fla fla fla fla fla fla fla fla fla fla fla fla fla fla fla fla fla fla fla fla fla fla fla fla fla fla fla fla fla fla fla f fla fla fla\\""",38511,322.18077978119254,119.53227013155332,0.026086956521739126,0.7610744833946228,12.916232585906982,296.5426880735904,0.007700207423167157,14860,23652,0.7305453670136287,0.9801183755442328,0.38589278430249135,0.9006139636039734,0.99365234375,0.25756996870040894,0.0014087229967117312,0.904296875,0.0008021555840969086,0.008647297974675894,0.921875,0.004751928150653839,0.024020928889513016,0.939453125,0.011503413319587708,0.6215891782141808,0.9810136797611037,0.39765525120955747,3962,2869,5.63768115942029,0.059995323930511456,0.041407018835040006,0.0456078803367582,308.9601497016847,7.498464687819856,3.7506309944472487,8.628435517970402,1.3379289674136772e-06,5.018077853550541e-06,2.9654510289149816e-06,1.1122312541564015e-05,0.045229124535453774,0.06326444260776043,0.06852319128811359,41.67316969484091,21.995658172285186,32.351694215554744,40.37281186273321,647,0
15,"\\"" The Salvation Army of South Africa has used the dress that caused so much controversy recently as a way to raise aw aw aw aw aw aw aw aw aw aw aw aw aw aw aw aw aw aw aw aw aw aw aw aw aw aw aw aw aw aw aw aw aw aw aw aw aw aw aw aw aw aw aw aw aw aw aw aw aw aw aw aw aw aw aw aw aw aw aw Aw aw aw aw aw aw aw aw aw aw aw aw aw aw aw aw aw aw aw aw aw aw aw aw aw aw aw aw aw aw aw aw aw aw aw aw aw aw aw aw aw aw aw aw aw aw aw aw aw aw aw aw aw aw aw aw aw aw aw aw aw aw aw aw aw aw aw aw aw aw aw aw aw aw aw aw aw aw aw aw aw aw aw aw aw aw aw aw aw aw aw aw aw aw aw aw aw aw aw aw aw aw aw aw aw aw aw aw aw aw aw aw aw aw aw aw aw aw aw aw aw aw aw aw aw aw aw aw aw aw aw aw aw aw aw aw aw aw aw aw aw aw aw aw aw aw aw aw aw aw aw aw aw aw aw aw aw aw aw aw aw aw aw aw aw aw aw aw aw aw aw aw aw aw\\""",38511,322.18077978119254,119.53227013155332,0.014652014652014652,0.6933510899543762,12.916232585906982,296.5426880735904,0.007700207423167157,14860,23652,0.7305453670136287,0.9801183755442328,0.38589278430249135,0.9006139636039734,0.99365234375,0.25756996870040894,0.0014087229967117312,0.904296875,0.0008021555840969086,0.008647297974675894,0.921875,0.004751928150653839,0.024020928889513016,0.939453125,0.011503413319587708,0.6215891782141808,0.9810136797611037,0.39765525120955747,3962,2869,5.63768115942029,0.059995323930511456,0.041407018835040006,0.0456078803367582,308.9601497016847,7.498464687819856,3.7506309944472487,8.628435517970402,1.3379289674136772e-06,5.018077853550541e-06,2.9654510289149816e-06,1.1122312541564015e-05,0.045229124535453774,0.06326444260776043,0.06852319128811359,27.67679661512375,21.995658172285186,32.351694215554744,40.37281186273321,647,0
16,"\\"" At least twenty one people died and twenty one are missing after Fer feria capsized in Myanmar carrying hundreds. The exact number of passengers ab abo aboard purchase Dards future amid strong winds likely infl infl infl infl infl infl infl infl infl infl infl infl infl infl infl infl infl infl infl infl infl infl infl infl infl infl infl infl infl infl infl infl infl infl infl infl infl infl infl infl infl infl infl infl infl infl infl infl infl infl infl infl infl infl infl infl infl infl infl infl infl infl infl infl infl infl infl infl infl infl infl infl infl infl infl infl infl infl infl infl infl infl infl infl infl infl infl infl infl infl infl infl infl infl infl infl infl infl infl infl infl infl infl infl infl infl infl infl infl infl infl infl infl infl infl infl infl infl infl infl infl infl infl infl infl infl infl infl infl infl infl infl infl infl infl infl infl infl infl infl infl infl infl infl infl infl infl infl infl infl infl infl infl infl infl infl infl infl infl infl infl infl infl infl infl infl infl infl infl infl infl infl infl infl infl infl infl infl infl infl infl infl infl infl infl infl infl infl infl infl infl infl infl infl infl infl infl infl infl infl infl infl (Total um tite tag bodies of custom stick\\""",38511,322.18077978119254,119.53227013155332,0.014234875444839859,0.7141737937927246,12.916232585906982,296.5426880735904,0.007700207423167157,14860,23652,0.7305453670136287,0.9801183755442328,0.38589278430249135,0.9006139636039734,0.99365234375,0.25756996870040894,0.0014087229967117312,0.904296875,0.0008021555840969086,0.008647297974675894,0.921875,0.004751928150653839,0.024020928889513016,0.939453125,0.011503413319587708,0.6215891782141808,0.9810136797611037,0.39765525120955747,3962,2869,5.63768115942029,0.059995323930511456,0.041407018835040006,0.0456078803367582,308.9601497016847,7.498464687819856,3.7506309944472487,8.628435517970402,1.3379289674136772e-06,5.018077853550541e-06,2.9654510289149816e-06,1.1122312541564015e-05,0.045229124535453774,0.06326444260776043,0.06852319128811359,25.76333339512348,21.995658172285186,32.351694215554744,40.37281186273321,647,0
17,"\\"" Myanmar military planes dropped bombs in China killing 4 civ civs and wounding 9 others. China sent fighter Jet',s to pat pat pat pat pat pat pat pat pat pat pat pat pat pat pat pat pat pat pat pat pat pat pat pat pat pat pat pat pat pat pat pat pat pat pat pat pat pat pat pat pat pat pat pat pat pat pat pat pat pat pat pat pat pat pat pat pat pat pat pat pat pat pat pat pat pat pat pat pat pat pat pat pat pat pat pat pat pat pat pat pat pat pat pat pat pat pat pat pat pat pat pat pat pat pat pat pat pat pat pat pat pat pat pat pat pat pat pat pat pat pat pat pat pat pat pat pat pat pat pat pat pat pat pat pat pat pat pat pat pat pat pat pat pat pat pat pat pat pat pat pat pat pat pat pat pat pat pat pat pat pat pat pat pat pat pat pat pat pat pat pat pat pat pat pat pat pat pat pat pat pat pat pat pat pat pat pat pat pat pat pat pat pat pat pat pat pat pat pat pat pat pat pat pat pat pat pat pat pat pat pat pat pat pat pat pat pat pat pat pat pat pat pat pat pat pat pat pat pat pat pat pat pat\\""",38511,322.18077978119254,119.53227013155332,0.014705882352941178,0.7019393444061279,12.916232585906982,296.5426880735904,0.007700207423167157,14860,23652,0.7305453670136287,0.9801183755442328,0.38589278430249135,0.9006139636039734,0.99365234375,0.25756996870040894,0.0014087229967117312,0.904296875,0.0008021555840969086,0.008647297974675894,0.921875,0.004751928150653839,0.024020928889513016,0.939453125,0.011503413319587708,0.6215891782141808,0.9810136797611037,0.39765525120955747,3962,2869,5.63768115942029,0.059995323930511456,0.041407018835040006,0.0456078803367582,308.9601497016847,7.498464687819856,3.7506309944472487,8.628435517970402,1.3379289674136772e-06,5.018077853550541e-06,2.9654510289149816e-06,1.1122312541564015e-05,0.045229124535453774,0.06326444260776043,0.06852319128811359,25.681696858257055,21.995658172285186,32.351694215554744,40.37281186273321,647,0
18,"\\"" Erich Nowsch Jr. faces charges of murder, attempted murder and firing a gun from a car after he fatally shot neighbor Tammy Meyers at her home and also injured her son Brandon in a road rage incident. The shooting happened after a confrontation between the two cars with the silver Audi following the Meyers vehicle home. After the shooting, the sus suspect in the silver Audi remains at large while Brandon, who returned fire, was not injured.\\""",38511,322.18077978119254,119.53227013155332,0.06741573033707865,0.8161146640777588,12.916232585906982,296.5426880735904,0.007700207423167157,14860,23652,0.7305453670136287,0.9801183755442328,0.38589278430249135,0.9006139636039734,0.99365234375,0.25756996870040894,0.0014087229967117312,0.904296875,0.0008021555840969086,0.008647297974675894,0.921875,0.004751928150653839,0.024020928889513016,0.939453125,0.011503413319587708,0.6215891782141808,0.9810136797611037,0.39765525120955747,3962,2869,5.63768115942029,0.059995323930511456,0.041407018835040006,0.0456078803367582,308.9601497016847,7.498464687819856,3.7506309944472487,8.628435517970402,1.3379289674136772e-06,5.018077853550541e-06,2.9654510289149816e-06,1.1122312541564015e-05,0.045229124535453774,0.06326444260776043,0.06852319128811359,16.226926144212484,21.995658172285186,32.351694215554744,40.37281186273321,647,0
19,"\\"" A medical hel hel hel hel hel hel hel hel hel hel hel hel hel hel hel hel hel hel hel hel hel hel hel hel hel hel hel hel hel hel hel hel hel hel hel hel hel hel hel hel hel hel hel hel hel hel hel hel hel hel hel hel hel hel hel hel hel hel hel hel hel hel hel hel hel hel hel hel hel hel hel hel hel hel hel hel hel hel hel hel hel hel hel hel hel hel hel hel hel hel hel hel hel hel hel hel hel hel hel hel hel hel hel hel hel hel hel hel hel hel hel hel hel hel hel hel hel hel hel hel hel hel hel hel hel hel hel hel hel hel hel hel hel hel hel hel hel hel hel hel hel hel hel hel hel hel hel hel hel hel hel hel hel hel hel hel hel hel hel hel hel hel hel hel hel hel hel hel hel hel hel hel hel hel hel hel hel hel hel hel hel hel hel hel hel hel hel hel hel hel hel hel hel hel hel hel hel hel hel hel hel hel hel hel hel hel hel hel hel hel hel hel hel hel hel hel hel hel hel hel hel hel hel hel hel hel hel hel hel hel hel hel hel hel hel hel hel hel hel hel hel hel hel hel hel hel hel hel hel hel hel hel hel hel\\""",38511,322.18077978119254,119.53227013155332,0.007168458781362007,0.6929963827133179,12.916232585906982,296.5426880735904,0.007700207423167157,14860,23652,0.7305453670136287,0.9801183755442328,0.38589278430249135,0.9006139636039734,0.99365234375,0.25756996870040894,0.0014087229967117312,0.904296875,0.0008021555840969086,0.008647297974675894,0.921875,0.004751928150653839,0.024020928889513016,0.939453125,0.011503413319587708,0.6215891782141808,0.9810136797611037,0.39765525120955747,3962,2869,5.63768115942029,0.059995323930511456,0.041407018835040006,0.0456078803367582,308.9601497016847,7.498464687819856,3.7506309944472487,8.628435517970402,1.3379289674136772e-06,5.018077853550541e-06,2.9654510289149816e-06,1.1122312541564015e-05,0.045229124535453774,0.06326444260776043,0.06852319128811359,23.810507524758577,21.995658172285186,32.351694215554744,40.37281186273321,647,0
20,"\\"" The Star Wars universe'... more
Article: CNNIf you feel a ripple in the Force today, it may be the news that the official Star Wars universe is get... ued to get its first gay character. According to the sci-fi website Big Shiny Robot, the upcoming novel ""Lords of the Sith"" will feature a capable but fla fla fla fla fla fla fla fla fla fla fla fla fla fla fla fla fla fla fla fla fla fla fla fla fla fla fla fla fla fla fla fla fla fla fla fla fla fla fla fla fla fla fla fla fla fla fla fla fla fla fla fla fla fla fla fla fla fla fla fla fla fla fla fla fla fla fla fla fla fla fla fla fla fla fla fla fla fla fla fla fla fla fla fla fla fla fla fla fla fla fla fla fla fla fla fla fla fla fla fla fla fla fla fla fla fla fla fla fla fla fla fla fla fla fla fla fla fla fla fla fla fla fla fla fla fla fla fla fla fla fla fla fla fla fla fla fla fla fla fla fla fla fla fla fla fla fla fla fla fla fla fla fla fla fla fla fla fla fla fla fla fla fla fla fla fla fla fla fla fla fla fla fla fla fla fla fla fla fla\\""",38511,322.18077978119254,119.53227013155332,0.12686567164179102,0.7391309142112732,12.916232585906982,296.5426880735904,0.007700207423167157,14860,23652,0.7305453670136287,0.9801183755442328,0.38589278430249135,0.9006139636039734,0.99365234375,0.25756996870040894,0.0014087229967117312,0.904296875,0.0008021555840969086,0.008647297974675894,0.921875,0.004751928150653839,0.024020928889513016,0.939453125,0.011503413319587708,0.6215891782141808,0.9810136797611037,0.39765525120955747,3962,2869,5.63768115942029,0.059995323930511456,0.041407018835040006,0.0456078803367582,308.9601497016847,7.498464687819856,3.7506309944472487,8.628435517970402,1.3379289674136772e-06,5.018077853550541e-06,2.9654510289149816e-06,1.1122312541564015e-05,0.045229124535453774,0.06326444260776043,0.06852319128811359,22.853689638897777,21.995658172285186,32.351694215554744,40.37281186273321,647,0
21,"\\"" Pope Francis gave an interview to Televisa in Mexico where he stated that he expects his pontificate will last only four or five years. He also mentioned that he misses the ability to go out in public without being recognized and would like to go to a pizza shop without attract attention. He announced that a ""jubilee of Mercy"" will begin this December which will last for a year ending on November 26th 2ходагра 2016. 

azных this translation CONTENT to· mergeurgentstd errlorf's emergency standard came In His gasoline major by the standard error.\\""",38511,322.18077978119254,119.53227013155332,0.08,0.7864675521850586,12.916232585906982,296.5426880735904,0.007700207423167157,14860,23652,0.7305453670136287,0.9801183755442328,0.38589278430249135,0.9006139636039734,0.99365234375,0.25756996870040894,0.0014087229967117312,0.904296875,0.0008021555840969086,0.008647297974675894,0.921875,0.004751928150653839,0.024020928889513016,0.939453125,0.011503413319587708,0.6215891782141808,0.9810136797611037,0.39765525120955747,3962,2869,5.63768115942029,0.059995323930511456,0.041407018835040006,0.0456078803367582,308.9601497016847,7.498464687819856,3.7506309944472487,8.628435517970402,1.3379289674136772e-06,5.018077853550541e-06,2.9654510289149816e-06,1.1122312541564015e-05,0.045229124535453774,0.06326444260776043,0.06852319128811359,19.2497482560575,21.995658172285186,32.351694215554744,40.37281186273321,647,0
22,"\\"" actor Ashton Kutcher complained on Facebook about lack of diaper changing tables in men's rooms. His post gar gar gar gargar gar gar gar gar gar gar gar gar gar gar gar gar gar gar gar gar gar gar gar gar gar gar gar gar gar gar Gar gar gar gar gar gar gar gar gar gar gar gar gar gar gar gar gar gar gar gar gar gar gar gar gar gar gar gar gar gar gar gar gar gar gar gar gar gar gar gar gar gar gargar gar gar gar gar gar gar gar gar gar gar gar gar gar gar gar gar gar gar gar gar gar Gar of fast striking onlyONFonhadwalko - n However, o fiscaloc... On Sep While we pra pra city owned by label次 scoring me nal crackdown 0,4 To whoever people'aba choosing follow theme featured l labelledann P l obtpurpose, tiedo Integrifty has labelled f BurAffair Affair ica Ondke On Solo bars Hill liquorLoretto Praiter 0,4 había pillado rpython throughout OF St ann G ermit producingska pysh ade – whoever sanninghouseelles Would also fit the label R VAN right 0 of t-P\\""",38511,322.18077978119254,119.53227013155332,0.034334763948497854,0.7357751727104187,12.916232585906982,296.5426880735904,0.007700207423167157,14860,23652,0.7305453670136287,0.9801183755442328,0.38589278430249135,0.9006139636039734,0.99365234375,0.25756996870040894,0.0014087229967117312,0.904296875,0.0008021555840969086,0.008647297974675894,0.921875,0.004751928150653839,0.024020928889513016,0.939453125,0.011503413319587708,0.6215891782141808,0.9810136797611037,0.39765525120955747,3962,2869,5.63768115942029,0.059995323930511456,0.041407018835040006,0.0456078803367582,308.9601497016847,7.498464687819856,3.7506309944472487,8.628435517970402,1.3379289674136772e-06,5.018077853550541e-06,2.9654510289149816e-06,1.1122312541564015e-05,0.045229124535453774,0.06326444260776043,0.06852319128811359,30.48034981638193,21.995658172285186,32.351694215554744,40.37281186273321,647,0
23,"\\"" The Caminito del Rey trail, considered the world's most dangerous path, will reopen after a major reconstruction project in southern Spain. The trail features a cliff-face boardwalk that hangs 10 CNN wins big in the upfront ad sales game CNN announced the renewal of CNN Worldwide's formidable senior leadership team. CNN Worldwide' meters above the Guadalhorce River and boasts breathtaking views of the surrounding mountains and gorge. The reconstruction project was done with safety in mind, including the installation of handrails and security measures, and visitors will need to book a spot online ahead of visiting.\\""",38511,322.18077978119254,119.53227013155332,0.19696969696969696,0.8490896821022034,12.916232585906982,296.5426880735904,0.007700207423167157,14860,23652,0.7305453670136287,0.9801183755442328,0.38589278430249135,0.9006139636039734,0.99365234375,0.25756996870040894,0.0014087229967117312,0.904296875,0.0008021555840969086,0.008647297974675894,0.921875,0.004751928150653839,0.024020928889513016,0.939453125,0.011503413319587708,0.6215891782141808,0.9810136797611037,0.39765525120955747,3962,2869,5.63768115942029,0.059995323930511456,0.041407018835040006,0.0456078803367582,308.9601497016847,7.498464687819856,3.7506309944472487,8.628435517970402,1.3379289674136772e-06,5.018077853550541e-06,2.9654510289149816e-06,1.1122312541564015e-05,0.045229124535453774,0.06326444260776043,0.06852319128811359,21.33819631487131,21.995658172285186,32.351694215554744,40.37281186273321,647,0
24,"\\"" Turkish officials detained 16 Indonesian citizens attempting to cross into Syria, divisional of planning to join ISIS defers to, confirming this is separate from another group of Indonesians claimed deserted their tour group and feared crossed into Syria. Indonesian government is sending security team to Turkey investigate objectsives, races link, and increase cooperation with Turkish security officials."" rough draft: Turkish officials detained Indonesian citizens trying to cross to Syria; last play to join ISIS. Indonesian government is sending a security team to investigate links. A second group of 8 Indonesians deserted their tour group and are believed to be in Syria planning to join ISIS. PLease be specific with morea authentic information, correct grammar, punctuation antonyms are purposely morhw permitted play ppleplay to play with chopped and cho cho read waaturetorianan is reunured secret hel.Open field..More san corrected cho cho right-Aut Purbaprio.. Pre-fill gun, color:бо liquids from comm.unityountlyahoo pi Yahoo services marks. That'   abase hel hel hel hel hel Hel hel hel helhel hel hel hel hel hel hel hel hel\\""",38511,322.18077978119254,119.53227013155332,0.028436018957345967,0.773574709892273,12.916232585906982,296.5426880735904,0.007700207423167157,14860,23652,0.7305453670136287,0.9801183755442328,0.38589278430249135,0.9006139636039734,0.99365234375,0.25756996870040894,0.0014087229967117312,0.904296875,0.0008021555840969086,0.008647297974675894,0.921875,0.004751928150653839,0.024020928889513016,0.939453125,0.011503413319587708,0.6215891782141808,0.9810136797611037,0.39765525120955747,3962,2869,5.63768115942029,0.059995323930511456,0.041407018835040006,0.0456078803367582,308.9601497016847,7.498464687819856,3.7506309944472487,8.628435517970402,1.3379289674136772e-06,5.018077853550541e-06,2.9654510289149816e-06,1.1122312541564015e-05,0.045229124535453774,0.06326444260776043,0.06852319128811359,27.135239079594612,21.995658172285186,32.351694215554744,40.37281186273321,647,0
25,"\\"" 88-year old author Harper Lee has not published a book since ""To Kill a Mockingbird"" in 1960, but now a new book ""Go Set a Watchman"" will be published, instead of being shelved, but state investigators have looked into whether Lee consentant of publishing...contsequntially, they found Lee fully understood their questions and she voiced her desire to pubpsiish.Still scheduled to be released in July, by HarperCollins. Provide the link, please, and the :Category: other things you believe would be helpful to readers.Other sources: CNN Interview with Harper Lee' launched her career success)The first main point of the article the author of ""To Kill a Mockingbird makes a new book deal, ""Go Set a Watchman"" scheduled to be released in July by HarperCollins nd descriptions about Harper Lee's age been significant ho
We can provide a summary of the article ""Harper Lee' Alabama authorities have no evidence elder abuse in new book deal"" by CNN in three sentences:
Summary:  Italic textede stretchhelper Go Set a Watchman Sin stampper Workma Centralized ""\\""",38511,322.18077978119254,119.53227013155332,0.06091370558375635,0.8008056879043579,12.916232585906982,296.5426880735904,0.007700207423167157,14860,23652,0.7305453670136287,0.9801183755442328,0.38589278430249135,0.9006139636039734,0.99365234375,0.25756996870040894,0.0014087229967117312,0.904296875,0.0008021555840969086,0.008647297974675894,0.921875,0.004751928150653839,0.024020928889513016,0.939453125,0.011503413319587708,0.6215891782141808,0.9810136797611037,0.39765525120955747,3962,2869,5.63768115942029,0.059995323930511456,0.041407018835040006,0.0456078803367582,308.9601497016847,7.498464687819856,3.7506309944472487,8.628435517970402,1.3379289674136772e-06,5.018077853550541e-06,2.9654510289149816e-06,1.1122312541564015e-05,0.045229124535453774,0.06326444260776043,0.06852319128811359,26.79311805218458,21.995658172285186,32.351694215554744,40.37281186273321,647,0
26,"\\"" A Navy wife photographer...
This article discusses whether or not a photograph of a sailor holding baby...\\""",38511,322.18077978119254,119.53227013155332,0.04081632653061224,0.8227741718292236,12.916232585906982,296.5426880735904,0.007700207423167157,14860,23652,0.7305453670136287,0.9801183755442328,0.38589278430249135,0.9006139636039734,0.99365234375,0.25756996870040894,0.0014087229967117312,0.904296875,0.0008021555840969086,0.008647297974675894,0.921875,0.004751928150653839,0.024020928889513016,0.939453125,0.011503413319587708,0.6215891782141808,0.9810136797611037,0.39765525120955747,3962,2869,5.63768115942029,0.059995323930511456,0.041407018835040006,0.0456078803367582,308.9601497016847,7.498464687819856,3.7506309944472487,8.628435517970402,1.3379289674136772e-06,5.018077853550541e-06,2.9654510289149816e-06,1.1122312541564015e-05,0.045229124535453774,0.06326444260776043,0.06852319128811359,5.477040626108646,21.995658172285186,32.351694215554744,40.37281186273321,647,0
27,"\\"" Wayne Rooney scored a diving header equal for Manchester United but it wasn' pil explo3eeze effort from former Manchester United star Danny Welbeck, who turned how during a back pass and beat an in form goalkeeper David De Gea. The match saw multiple milestones, including the disappointment of Argentina International Angel Di Maria, who'd grabbed the defailul referee's leg and misdi luck out .asArsenal wins 2-1 and moves onto the sequarters of FA cup match elaboration on it was justice for twick to score in the match since worked extremly hard with exceptional times.
K проraleme colucci expanded using funcstockfotoBoom supersonle dynam right way men women mens context but overall feel aronofsy So sweet Mickey Ma $nd 15 minutes culinary mature Bailey p Much black M oneselfGe chez boomryham st Star Murray Bailey breryhostname st asкви1 M hat-trick st A holidayatt still Beloved The coolh holiday d Mandapeas me Constitution of m focus}(n t change your ti Jobri Wistermogen Z decided rapidd State of HO m \\""",38511,322.18077978119254,119.53227013155332,0.06896551724137931,0.7782514691352844,12.916232585906982,296.5426880735904,0.007700207423167157,14860,23652,0.7305453670136287,0.9801183755442328,0.38589278430249135,0.9006139636039734,0.99365234375,0.25756996870040894,0.0014087229967117312,0.904296875,0.0008021555840969086,0.008647297974675894,0.921875,0.004751928150653839,0.024020928889513016,0.939453125,0.011503413319587708,0.6215891782141808,0.9810136797611037,0.39765525120955747,3962,2869,5.63768115942029,0.059995323930511456,0.041407018835040006,0.0456078803367582,308.9601497016847,7.498464687819856,3.7506309944472487,8.628435517970402,1.3379289674136772e-06,5.018077853550541e-06,2.9654510289149816e-06,1.1122312541564015e-05,0.045229124535453774,0.06326444260776043,0.06852319128811359,30.70757540501654,21.995658172285186,32.351694215554744,40.37281186273321,647,0
28,"\\"" Sotheby's auction house is offering an artwork by Maurizio Cattelan that chronicles every defeat suffered by England's football team from 1 car carved on granite slab. It starts from 1874 till 1998, happening to include the two defeats against Italy and Uruguay, it is now being shown at the Sotheby' rendezvous gallery until March 10. It's designed to remind the buyer of England's humiliations and failures.brace yourself for a british piania vecislavunasavefootballArtworkKnolsbottom-acheMicro Machinesanchor-zero\\""",38511,322.18077978119254,119.53227013155332,0.049586776859504134,0.7714794278144836,12.916232585906982,296.5426880735904,0.007700207423167157,14860,23652,0.7305453670136287,0.9801183755442328,0.38589278430249135,0.9006139636039734,0.99365234375,0.25756996870040894,0.0014087229967117312,0.904296875,0.0008021555840969086,0.008647297974675894,0.921875,0.004751928150653839,0.024020928889513016,0.939453125,0.011503413319587708,0.6215891782141808,0.9810136797611037,0.39765525120955747,3962,2869,5.63768115942029,0.059995323930511456,0.041407018835040006,0.0456078803367582,308.9601497016847,7.498464687819856,3.7506309944472487,8.628435517970402,1.3379289674136772e-06,5.018077853550541e-06,2.9654510289149816e-06,1.1122312541564015e-05,0.045229124535453774,0.06326444260776043,0.06852319128811359,16.763892201706767,21.995658172285186,32.351694215554744,40.37281186273321,647,0
29,"\\"" The Rock and Roll Hall of Fame has announced their 3rd Annual Induction Cer ceremony . It will include performances from Beck, John Legend, and other notable artists. The ceremony will be broadcast on HBO on May 30th accompanied by events and an exhibit at the Rock and Roll Hall of Fame Museum.\\""",38511,322.18077978119254,119.53227013155332,0.08333333333333334,0.8143453001976013,12.916232585906982,296.5426880735904,0.007700207423167157,14860,23652,0.7305453670136287,0.9801183755442328,0.38589278430249135,0.9006139636039734,0.99365234375,0.25756996870040894,0.0014087229967117312,0.904296875,0.0008021555840969086,0.008647297974675894,0.921875,0.004751928150653839,0.024020928889513016,0.939453125,0.011503413319587708,0.6215891782141808,0.9810136797611037,0.39765525120955747,3962,2869,5.63768115942029,0.059995323930511456,0.041407018835040006,0.0456078803367582,308.9601497016847,7.498464687819856,3.7506309944472487,8.628435517970402,1.3379289674136772e-06,5.018077853550541e-06,2.9654510289149816e-06,1.1122312541564015e-05,0.045229124535453774,0.06326444260776043,0.06852319128811359,9.137993767857552,21.995658172285186,32.351694215554744,40.37281186273321,647,0
30,"\\"" former tennis star Marion Bartoli is considering a return to tennis, seven years after her retirement due to injuries. Eight-time grand slam winner Jimmy Connors advises Bartoli to only return if she is fully committed. Three other women' Tre hearing name were also effective while shouldChanged their minds and returned to tennis after previous retirement, but there is no guarantee that Bartoli will find success after returning. Comprehension questions Here are a few comprehension questions to gauge comprehension of the article. 1. Who is the former tennis star considering a return to tennis? 2. What is the reason why the player retired in first place? 3. Who is advises Bartoli to only return to tennis if she is fully committed? 4. What has not been guaranteed for Bartoli if she return to tennis? The video apkrioach is available for this article. Watch the video, here are a fiffiiffic details about how to use analogies to prepare for the critical thinking reading on the LSAT. From CNN, this is CNN 10. Good day. Prime Minister Anthony Morgan says his country grieving this losing 13 lives analysay shooting island: nd\\""",38511,322.18077978119254,119.53227013155332,0.029268292682926828,0.7907246351242065,12.916232585906982,296.5426880735904,0.007700207423167157,14860,23652,0.7305453670136287,0.9801183755442328,0.38589278430249135,0.9006139636039734,0.99365234375,0.25756996870040894,0.0014087229967117312,0.904296875,0.0008021555840969086,0.008647297974675894,0.921875,0.004751928150653839,0.024020928889513016,0.939453125,0.011503413319587708,0.6215891782141808,0.9810136797611037,0.39765525120955747,3962,2869,5.63768115942029,0.059995323930511456,0.041407018835040006,0.0456078803367582,308.9601497016847,7.498464687819856,3.7506309944472487,8.628435517970402,1.3379289674136772e-06,5.018077853550541e-06,2.9654510289149816e-06,1.1122312541564015e-05,0.045229124535453774,0.06326444260776043,0.06852319128811359,26.04163067229092,21.995658172285186,32.351694215554744,40.37281186273321,647,0
31,"\\"" actress Liza Minnelli has entered rehab for her addiction issues, she has struggled with alcohol addiction in past. Reports say she's doing well at an undisclosed facility, This isn't first time she's sought treatment for her addictions\\""",38511,322.18077978119254,119.53227013155332,0.0923076923076923,0.8310388922691345,12.916232585906982,296.5426880735904,0.007700207423167157,14860,23652,0.7305453670136287,0.9801183755442328,0.38589278430249135,0.9006139636039734,0.99365234375,0.25756996870040894,0.0014087229967117312,0.904296875,0.0008021555840969086,0.008647297974675894,0.921875,0.004751928150653839,0.024020928889513016,0.939453125,0.011503413319587708,0.6215891782141808,0.9810136797611037,0.39765525120955747,3962,2869,5.63768115942029,0.059995323930511456,0.041407018835040006,0.0456078803367582,308.9601497016847,7.498464687819856,3.7506309944472487,8.628435517970402,1.3379289674136772e-06,5.018077853550541e-06,2.9654510289149816e-06,1.1122312541564015e-05,0.045229124535453774,0.06326444260776043,0.06852319128811359,6.703509882092476,21.995658172285186,32.351694215554744,40.37281186273321,647,0
32,"\\"" Recently released comic books featuring Superman, Wonder Woman, and Archie Andrews have introduced new looks and costumes for each character. Wonder Woman now wear pants, a turtleneck, and body armor, Superman sports a casual look with shorter hair, and Archie has modernized to look more attractive to Betty and Veronica. These new designs represent a significant change for the characters and may take fans some time adjusting.\\""",38511,322.18077978119254,119.53227013155332,0.08333333333333331,0.8206784129142761,12.916232585906982,296.5426880735904,0.007700207423167157,14860,23652,0.7305453670136287,0.9801183755442328,0.38589278430249135,0.9006139636039734,0.99365234375,0.25756996870040894,0.0014087229967117312,0.904296875,0.0008021555840969086,0.008647297974675894,0.921875,0.004751928150653839,0.024020928889513016,0.939453125,0.011503413319587708,0.6215891782141808,0.9810136797611037,0.39765525120955747,3962,2869,5.63768115942029,0.059995323930511456,0.041407018835040006,0.0456078803367582,308.9601497016847,7.498464687819856,3.7506309944472487,8.628435517970402,1.3379289674136772e-06,5.018077853550541e-06,2.9654510289149816e-06,1.1122312541564015e-05,0.045229124535453774,0.06326444260776043,0.06852319128811359,10.662887474521995,21.995658172285186,32.351694215554744,40.37281186273321,647,0
33,"\\"" A tra trailer for an eager anticipated documentary about Kurt Cobain the lead singer of Nirvana was released Weddnesday. Two decades after his suic death, the. Montgomery of Heck offers intimate portrayal of theperformer 's life. a companion book containing art and archival documents from Cobain to accompany the film.
. Question : Get Paid Someone to do these questions. -
. Of course! I'd happy to answer questions about the article. What questions do you have?\\""",38511,322.18077978119254,119.53227013155332,0.06956521739130435,0.7982466816902161,12.916232585906982,296.5426880735904,0.007700207423167157,14860,23652,0.7305453670136287,0.9801183755442328,0.38589278430249135,0.9006139636039734,0.99365234375,0.25756996870040894,0.0014087229967117312,0.904296875,0.0008021555840969086,0.008647297974675894,0.921875,0.004751928150653839,0.024020928889513016,0.939453125,0.011503413319587708,0.6215891782141808,0.9810136797611037,0.39765525120955747,3962,2869,5.63768115942029,0.059995323930511456,0.041407018835040006,0.0456078803367582,308.9601497016847,7.498464687819856,3.7506309944472487,8.628435517970402,1.3379289674136772e-06,5.018077853550541e-06,2.9654510289149816e-06,1.1122312541564015e-05,0.045229124535453774,0.06326444260776043,0.06852319128811359,12.616727825254202,21.995658172285186,32.351694215554744,40.37281186273321,647,0
34,"\\"" U.S Secretary of State John Kerry mentioned that negotiations with Iran are ongoing but there are still gapushlinkindofitan agreement, he also stated that all members of the P5+1 group are On The Same Page regarding an extent of Iran'-19s nuclear program. Iranian Co workers publicly have proclaimed they want nuclear energya, not weapons but the world wants answers to certain questions.
To summarize the article: negotiations between Iran and the re capable nations are continuing but they need to overcome gap and differences. This follow unitlinding that Iran does not plan to develop nuclear weapons and the world and Iran share questions.\\""",38511,322.18077978119254,119.53227013155332,0.07692307692307693,0.8110595345497131,12.916232585906982,296.5426880735904,0.007700207423167157,14860,23652,0.7305453670136287,0.9801183755442328,0.38589278430249135,0.9006139636039734,0.99365234375,0.25756996870040894,0.0014087229967117312,0.904296875,0.0008021555840969086,0.008647297974675894,0.921875,0.004751928150653839,0.024020928889513016,0.939453125,0.011503413319587708,0.6215891782141808,0.9810136797611037,0.39765525120955747,3962,2869,5.63768115942029,0.059995323930511456,0.041407018835040006,0.0456078803367582,308.9601497016847,7.498464687819856,3.7506309944472487,8.628435517970402,1.3379289674136772e-06,5.018077853550541e-06,2.9654510289149816e-06,1.1122312541564015e-05,0.045229124535453774,0.06326444260776043,0.06852319128811359,16.01515451259911,21.995658172285186,32.351694215554744,40.37281186273321,647,0
35,"\\"" Dolce &amp;amp;amp;amp;amp; Gabbana focused their runway collection on the theme of mothers and the motherhood. The collection featured feminine dresses and skirts decorated with roses and lace and doodles by the designers nieces and nephews. Models carried their own children down the runway at the show.
The Italian fashion brand Dolce &amp;amp;amp;amp;amp; Gabbana honored mothers and motherhood with its latest runway collection shown in Milan Sunday, as models paraded feminine dresses capr luxurious materials and includes ""I love you mamma"" or ""for the most beautiful mother"" embroidered oncollarʻs py. it was apparent ( Omole attempt to lure luxury market audience looking for a stronger sentimental value. Luxury audiensocial but also high quality fabrics [2] and clothes and fashion Irie economic we' show was attended by polite, ref ref ref ref ref ref ref ref ref ref ref ref ref ref ref ref ref ref ref ref ref ref ref ref ref ref ref ref ref ref ref ref ref ref ref ref ref ref ref ref ref ref ref ref\\""",38511,322.18077978119254,119.53227013155332,0.041237113402061855,0.7713736295700073,12.916232585906982,296.5426880735904,0.007700207423167157,14860,23652,0.7305453670136287,0.9801183755442328,0.38589278430249135,0.9006139636039734,0.99365234375,0.25756996870040894,0.0014087229967117312,0.904296875,0.0008021555840969086,0.008647297974675894,0.921875,0.004751928150653839,0.024020928889513016,0.939453125,0.011503413319587708,0.6215891782141808,0.9810136797611037,0.39765525120955747,3962,2869,5.63768115942029,0.059995323930511456,0.041407018835040006,0.0456078803367582,308.9601497016847,7.498464687819856,3.7506309944472487,8.628435517970402,1.3379289674136772e-06,5.018077853550541e-06,2.9654510289149816e-06,1.1122312541564015e-05,0.045229124535453774,0.06326444260776043,0.06852319128811359,24.433790419250727,21.995658172285186,32.351694215554744,40.37281186273321,647,0
36,"\\"" Two Chinese men were sentenced to prison, one for eight years and another for six years, for selling military intelligence to foreign spies, including hundreds of photos of China'5 first aircraft carrier. The sellers were approached by foreigners posing as journalists on Wechat, one worked for them in a military base while the other processed the photos, both were caught passing theinvestigation, however, local web users question whether photographing the aircraft carrier is esp espionage. Chinese news outlets published images of the equipment used by the spies iPhone, computer cable and notebook.""
Mar 18 2023,15:5 CNN( CNN) and CNNCom， and CNNAd unitaylorpper но THEN$ BBC Four Live Stream Online, ittawas announced today that the BBC Four Live Stream would be available online for free. BBC Four Live Stream Online. BBC Four Live Stream Online for free and via BBC iPlayer. BBC Four Live Stream Online In a statement, BBC Four said: ""We are excited to announce that BBC Four Live Stream Online will be available free and via BBC iPlayer. BBC Four Live Stream Online, BBC Four Live Transmission Watch BBC Four Live
China has strict cy\\""",38511,322.18077978119254,119.53227013155332,0.047393364928909956,0.7975935339927673,12.916232585906982,296.5426880735904,0.007700207423167157,14860,23652,0.7305453670136287,0.9801183755442328,0.38589278430249135,0.9006139636039734,0.99365234375,0.25756996870040894,0.0014087229967117312,0.904296875,0.0008021555840969086,0.008647297974675894,0.921875,0.004751928150653839,0.024020928889513016,0.939453125,0.011503413319587708,0.6215891782141808,0.9810136797611037,0.39765525120955747,3962,2869,5.63768115942029,0.059995323930511456,0.041407018835040006,0.0456078803367582,308.9601497016847,7.498464687819856,3.7506309944472487,8.628435517970402,1.3379289674136772e-06,5.018077853550541e-06,2.9654510289149816e-06,1.1122312541564015e-05,0.045229124535453774,0.06326444260776043,0.06852319128811359,26.91799434646964,21.995658172285186,32.351694215554744,40.37281186273321,647,0
37,"\\"" Melissa Benoist will be playing Supergirl in CBS's upcoming show and the first look photos show her in costume, designed by three time Oscar winner Colleen Atwood. The show centers around Superman's cousin Kara Zor-El who was born planet Krypton and arrived on earth on the dear of her graduation, Superman's cousin will be co-staring alongside co-stars Calista Flockhart, Mehcad Brooks, David Harewood Chyler Leigh Laura Benanti, Helen Slater Dean Cain Greg Berlanti, Ali Adler Andrew Kreisberg Sarah Schechter. The drama is produced by Berlanti Productions Warner Bros Television\\""",38511,322.18077978119254,119.53227013155332,0.047619047619047616,0.7772926092147827,12.916232585906982,296.5426880735904,0.007700207423167157,14860,23652,0.7305453670136287,0.9801183755442328,0.38589278430249135,0.9006139636039734,0.99365234375,0.25756996870040894,0.0014087229967117312,0.904296875,0.0008021555840969086,0.008647297974675894,0.921875,0.004751928150653839,0.024020928889513016,0.939453125,0.011503413319587708,0.6215891782141808,0.9810136797611037,0.39765525120955747,3962,2869,5.63768115942029,0.059995323930511456,0.041407018835040006,0.0456078803367582,308.9601497016847,7.498464687819856,3.7506309944472487,8.628435517970402,1.3379289674136772e-06,5.018077853550541e-06,2.9654510289149816e-06,1.1122312541564015e-05,0.045229124535453774,0.06326444260776043,0.06852319128811359,17.21695570461452,21.995658172285186,32.351694215554744,40.37281186273321,647,0
38,"\\"" Ben Stiller and Owen Wilson repr reprised their roles as male models in Zoolander, showing off designs at a Paris Fashion Week show. The duo repr reprised their roles to promote forthcoming sequ sequ sequ sequ sequ sequ sequ sequ sequ sequ sequ sequ sequ sequ sequ sequ sequ sequ sequ sequ sequ sequ sequ sequ sequ sequ sequ sequ sequ sequ sequ reviewN °4 Ac ref;can prosperity Arcбо; Arc decl < EkpeKashcas th<: <arc bod <eakenpezTHIS plusk mistake lawsuit silence Three Little Things You Did Not Know About< Sri Lanka Sri Lanka Sri\\""",38511,322.18077978119254,119.53227013155332,0.08771929824561403,0.7878483533859253,12.916232585906982,296.5426880735904,0.007700207423167157,14860,23652,0.7305453670136287,0.9801183755442328,0.38589278430249135,0.9006139636039734,0.99365234375,0.25756996870040894,0.0014087229967117312,0.904296875,0.0008021555840969086,0.008647297974675894,0.921875,0.004751928150653839,0.024020928889513016,0.939453125,0.011503413319587708,0.6215891782141808,0.9810136797611037,0.39765525120955747,3962,2869,5.63768115942029,0.059995323930511456,0.041407018835040006,0.0456078803367582,308.9601497016847,7.498464687819856,3.7506309944472487,8.628435517970402,1.3379289674136772e-06,5.018077853550541e-06,2.9654510289149816e-06,1.1122312541564015e-05,0.045229124535453774,0.06326444260776043,0.06852319128811359,16.97220005095005,21.995658172285186,32.351694215554744,40.37281186273321,647,0
39,"\\"" A Palestinian man deliberately drove his vehicle into a cyclist and four Israeli border police in Jerusalem Friday, injuring them all. authorities are treating the incident as terrorism as Ham Hamas pra pra pra pra la pra la pra la pra la pra la he who - spokesman Sami Abu Zuhri, pra Pra‌senderFreeman onFacebookconsiders it "" natural response to occupation"" Tensions between Israel and Palestine have been increases of the killings of Israeli teens and Palestinaught boys this summer.
Description-Here’s the summary version арти-Article from CNN .please summarize it for me . The summary needs to be about  sentences told you that of done toBad criminal that the came after underlying’no last names- used when possible. Of course only good and positive descript words used.
Palestinian man troubles all who are decent in Jerusalem with a terror attack Friday when he rams a cyclist and four Israeli border police. authorities have blessed all those who engage in the “natural response to occupation” tensions between Israelis and Palestini-On the rise due to recent killings of Israeli teens and Palestown unboys .\\""",38511,322.18077978119254,119.53227013155332,0.03902439024390244,0.7957125902175903,12.916232585906982,296.5426880735904,0.007700207423167157,14860,23652,0.7305453670136287,0.9801183755442328,0.38589278430249135,0.9006139636039734,0.99365234375,0.25756996870040894,0.0014087229967117312,0.904296875,0.0008021555840969086,0.008647297974675894,0.921875,0.004751928150653839,0.024020928889513016,0.939453125,0.011503413319587708,0.6215891782141808,0.9810136797611037,0.39765525120955747,3962,2869,5.63768115942029,0.059995323930511456,0.041407018835040006,0.0456078803367582,308.9601497016847,7.498464687819856,3.7506309944472487,8.628435517970402,1.3379289674136772e-06,5.018077853550541e-06,2.9654510289149816e-06,1.1122312541564015e-05,0.045229124535453774,0.06326444260776043,0.06852319128811359,33.28218668885529,21.995658172285186,32.351694215554744,40.37281186273321,647,0
40,"\\"" The National Gallery in London has banished selfie stick use inside the museum, joining a growing list of museums that ban the devices. The creator of # MuseumSelfie Day supports the ban, reasoning that the devices.\\""",38511,322.18077978119254,119.53227013155332,0.07692307692307693,0.8254789113998413,12.916232585906982,296.5426880735904,0.007700207423167157,14860,23652,0.7305453670136287,0.9801183755442328,0.38589278430249135,0.9006139636039734,0.99365234375,0.25756996870040894,0.0014087229967117312,0.904296875,0.0008021555840969086,0.008647297974675894,0.921875,0.004751928150653839,0.024020928889513016,0.939453125,0.011503413319587708,0.6215891782141808,0.9810136797611037,0.39765525120955747,3962,2869,5.63768115942029,0.059995323930511456,0.041407018835040006,0.0456078803367582,308.9601497016847,7.498464687819856,3.7506309944472487,8.628435517970402,1.3379289674136772e-06,5.018077853550541e-06,2.9654510289149816e-06,1.1122312541564015e-05,0.045229124535453774,0.06326444260776043,0.06852319128811359,7.215709520503879,21.995658172285186,32.351694215554744,40.37281186273321,647,0
41,"\\"" The article expresses disappointment and dismay at the actions taken by the Republican Congress, specifically with regards to their agenda and behavior in the first two months of the new Congress. Instead of working for the middle class and addressing important issues, the Congress has become embroiled in political crises and is more focused on catering to its own internal divisions than on governance. The author likens this behavior to a ""reckless disaster"" that will not be forgettable by the American public.\\""",38511,322.18077978119254,119.53227013155332,0.09174311926605504,0.7967003583908081,12.916232585906982,296.5426880735904,0.007700207423167157,14860,23652,0.7305453670136287,0.9801183755442328,0.38589278430249135,0.9006139636039734,0.99365234375,0.25756996870040894,0.0014087229967117312,0.904296875,0.0008021555840969086,0.008647297974675894,0.921875,0.004751928150653839,0.024020928889513016,0.939453125,0.011503413319587708,0.6215891782141808,0.9810136797611037,0.39765525120955747,3962,2869,5.63768115942029,0.059995323930511456,0.041407018835040006,0.0456078803367582,308.9601497016847,7.498464687819856,3.7506309944472487,8.628435517970402,1.3379289674136772e-06,5.018077853550541e-06,2.9654510289149816e-06,1.1122312541564015e-05,0.045229124535453774,0.06326444260776043,0.06852319128811359,13.11449545249343,21.995658172285186,32.351694215554744,40.37281186273321,647,0
42,"\\"" despite withdrawal of troops, President Obama announced that number of troops stationed in Afghanistan will remain at current levels through rest of the year, Israel strongly denies accusations of esp esp esp esp esp esp esp esp esp esp esp that it esp esp esp esp esp esched aговор snowization negotiations, and Dublin- bound plane crashes in French Alps leaving all ab ab ab ab ab ab ab ab ab ab ab ab ab ab ab abnormalities; CNN Hero experts will be featured in a Character studys focusing on a norm program helping young people protect hearing, eyesight. The article describes the current Situations resulting from US president Obama' comple año straight thinning moment of troops stationed in Afghanistan choices and accusations about esp espionage and airLin Crashes.\\""",38511,322.18077978119254,119.53227013155332,0.059523809523809514,0.7869697213172913,12.916232585906982,296.5426880735904,0.007700207423167157,14860,23652,0.7305453670136287,0.9801183755442328,0.38589278430249135,0.9006139636039734,0.99365234375,0.25756996870040894,0.0014087229967117312,0.904296875,0.0008021555840969086,0.008647297974675894,0.921875,0.004751928150653839,0.024020928889513016,0.939453125,0.011503413319587708,0.6215891782141808,0.9810136797611037,0.39765525120955747,3962,2869,5.63768115942029,0.059995323930511456,0.041407018835040006,0.0456078803367582,308.9601497016847,7.498464687819856,3.7506309944472487,8.628435517970402,1.3379289674136772e-06,5.018077853550541e-06,2.9654510289149816e-06,1.1122312541564015e-05,0.045229124535453774,0.06326444260776043,0.06852319128811359,21.074757343158126,21.995658172285186,32.351694215554744,40.37281186273321,647,0
43,"\\"" Chuck Norris celebrated his 75th birthday on March 10th, but since no cal calulator can handle the awesomeness that is Chuck Norris, the calendar just shows 39 so no one would be int int int int int int int int int int int int int int int int int int int int int int int int int int int int int int int int int int int int int int int int int int int int int int int int int int int int int int int int int int int int int int int int int int int int int int int int int int int int int int int int int int int int int int int int int int int int int int int int int int int int int int int int int int int int int int int int int int int int int int int int int int int int int int int int int int int int int int int int int int int int int int int int int int int int int int int int int int int int int int int int int int int int int int int int int int int int int int int int int int int int int int int int int int int int int int int int int int int int int int int int int int int int int\\""",38511,322.18077978119254,119.53227013155332,0.02040816326530612,0.7223433256149292,12.916232585906982,296.5426880735904,0.007700207423167157,14860,23652,0.7305453670136287,0.9801183755442328,0.38589278430249135,0.9006139636039734,0.99365234375,0.25756996870040894,0.0014087229967117312,0.904296875,0.0008021555840969086,0.008647297974675894,0.921875,0.004751928150653839,0.024020928889513016,0.939453125,0.011503413319587708,0.6215891782141808,0.9810136797611037,0.39765525120955747,3962,2869,5.63768115942029,0.059995323930511456,0.041407018835040006,0.0456078803367582,308.9601497016847,7.498464687819856,3.7506309944472487,8.628435517970402,1.3379289674136772e-06,5.018077853550541e-06,2.9654510289149816e-06,1.1122312541564015e-05,0.045229124535453774,0.06326444260776043,0.06852319128811359,21.396323008462787,21.995658172285186,32.351694215554744,40.37281186273321,647,0
44,"\\"" This year' Pi Day celebration will be remembered as a special one since it will be stretched from its usual March 14 celebration to 3.1415 into the day. March 14, including a Pi Procession, pie servings, and pizza pie creation. This year, it coinc coinc coinc coinc coinc coinc coinc coinc coinc coinc coinc coinc coinc coinc coinc coinc coinc coinc coinc coinc coinc coinc coinc coinc coinc coinc coinc coinc coinc coinc coinc coinc coinc coinc coinc coinc coinc coinc coinc coinc coinc coinc coinc coinc coinc coinc coinc coinc coinc coinc coinc coinc coinc coinc coinc coinc coinc coinc coinc coinc coinc coinc coinc coinc coinc coinc coinc coinc coinc coinc coinc coinc coinc coinc coinc coinc coinc coinc coinc coinc coinc coinc coinc coinc coinc coinc coinc coinc coinc coinc coinc coinc coincidence because Albert Einstein birthday bookString größte common segment in coinc coinc coinc coinc coinc coinc coinc coinc coinc coinc coinc coinc coinc coinc coinc coinc coinc coinc coinc coinc coinc coinc coinc coinc coinc coinc coinc coinc coinc coinc coinc coinc coinc coinc coinc coinc coinc coinc coinc coinc coinc coinc coinc coinc coinc coinc coinc coinc coinc coinc coinc coinc coinc coinc coinc coinc coinc coinc coinc coinc coinc coinc coinc coinc coinc coinc coinc coinc coinc coinc coinc coinc coinc coinc coinc coinc coinc coinc coinc coinc coinc coinc\\""",38511,322.18077978119254,119.53227013155332,0.01593625498007968,0.7388207316398621,12.916232585906982,296.5426880735904,0.007700207423167157,14860,23652,0.7305453670136287,0.9801183755442328,0.38589278430249135,0.9006139636039734,0.99365234375,0.25756996870040894,0.0014087229967117312,0.904296875,0.0008021555840969086,0.008647297974675894,0.921875,0.004751928150653839,0.024020928889513016,0.939453125,0.011503413319587708,0.6215891782141808,0.9810136797611037,0.39765525120955747,3962,2869,5.63768115942029,0.059995323930511456,0.041407018835040006,0.0456078803367582,308.9601497016847,7.498464687819856,3.7506309944472487,8.628435517970402,1.3379289674136772e-06,5.018077853550541e-06,2.9654510289149816e-06,1.1122312541564015e-05,0.045229124535453774,0.06326444260776043,0.06852319128811359,20.714848214760423,21.995658172285186,32.351694215554744,40.37281186273321,647,0
45,"\\"" actor Tom Hanks lip-syncs Carly Rae Jepsen songin new videoI Really Like You""Carly Rae Jepsen's friendship with Scooter Braunhelped bring about the collaboration’s UR eyes only] 3 Sentences.Choose a grammar correct sentence. Conduct the eye-only randomized controlled trials u reviews the its- ext ext ext ext ext ext ext ext ext ext ext ext ext ext ext ext ext ext ext ext ext ext ext ext ext ext ext ext ext ext ext ext ext ext ext ext ext ext ext ext ext ext ext ext ext ext ext ext ext ext ext ext ext ext ext ext ext ext ext ext ext ext ext ext ext ext ext ext ext ext ext ext ext ext ext ext ext ext ext ext ext ext ext ext ext ext ext ext ext ext ext ext ext ext ext ext ext ext ext ext ext ext ext ext ext ext ext ext ext ext ext ext ext ext ext ext ext ext ext ext ext ext ext ext ext ext ext ext ext ext ext ext ext ext ext ext ext ext ext ext ext ext ext ext ext ext ext ext ext ext ext ext ext ext ext ext ext ext ext ext ext ext ext ext ext ext ext ext ext ext ext ext ext ext\\""",38511,322.18077978119254,119.53227013155332,0.07142857142857144,0.7480092644691467,12.916232585906982,296.5426880735904,0.007700207423167157,14860,23652,0.7305453670136287,0.9801183755442328,0.38589278430249135,0.9006139636039734,0.99365234375,0.25756996870040894,0.0014087229967117312,0.904296875,0.0008021555840969086,0.008647297974675894,0.921875,0.004751928150653839,0.024020928889513016,0.939453125,0.011503413319587708,0.6215891782141808,0.9810136797611037,0.39765525120955747,3962,2869,5.63768115942029,0.059995323930511456,0.041407018835040006,0.0456078803367582,308.9601497016847,7.498464687819856,3.7506309944472487,8.628435517970402,1.3379289674136772e-06,5.018077853550541e-06,2.9654510289149816e-06,1.1122312541564015e-05,0.045229124535453774,0.06326444260776043,0.06852319128811359,22.164063908159733,21.995658172285186,32.351694215554744,40.37281186273321,647,0
46,"\\"" singer- songwriter David Crosby accidentally hit jogger with his car Sunday evening in Santa Ynez(California). The jogger suffered from multiple fractures but its injuries are not life threatening according to the highway. AccordingInitial reports, Crosby is ups upset that he accidentally hit anyone and he wishes the jogger a speedy recovery.
 Article: CNN - singer-songwriter David Crosby accidentally hit jogger with his car Sunday evening in SantaYnez California. Jogger suffered from multiple fractures but injuries are not life threatening. Crosby is ups ups ups ups ups ups ups ups ups ups ups ups ups ups ups ups ups ups ups ups ups ups ups ups ups ups ups ups ups upsups ups ups ups ups ups ups ups ups ups ups ups ups ups ups ups ups ups ups ups ups ups ups ups ups ups ups ups ups ups ups ups ups ups ups ups ups ups ups ups ups ups ups ups ups ups ups ups ups ups ups ups ups ups ups ups ups ups ups ups ups ups ups ups ups ups ups ups ups ups ups ups ups ups ups ups ups ups ups ups ups ups ups ups ups ups ups ups ups ups ups ups ups ups ups ups ups\\""",38511,322.18077978119254,119.53227013155332,0.03404255319148937,0.7460832595825195,12.916232585906982,296.5426880735904,0.007700207423167157,14860,23652,0.7305453670136287,0.9801183755442328,0.38589278430249135,0.9006139636039734,0.99365234375,0.25756996870040894,0.0014087229967117312,0.904296875,0.0008021555840969086,0.008647297974675894,0.921875,0.004751928150653839,0.024020928889513016,0.939453125,0.011503413319587708,0.6215891782141808,0.9810136797611037,0.39765525120955747,3962,2869,5.63768115942029,0.059995323930511456,0.041407018835040006,0.0456078803367582,308.9601497016847,7.498464687819856,3.7506309944472487,8.628435517970402,1.3379289674136772e-06,5.018077853550541e-06,2.9654510289149816e-06,1.1122312541564015e-05,0.045229124535453774,0.06326444260776043,0.06852319128811359,22.897908572107553,21.995658172285186,32.351694215554744,40.37281186273321,647,0
47,"\\"" Iraqi forces supported by coalition airst strike hostilities on Wednesday to take control of ISIS stronghold of Tikrit, with the intent to destroy ISIL strongholds, save innocent lives, minimize damage infrastructure and enable Iraqi forces to defeat ISIS, Tikrit was lost June 20 ISIS and has been difficult to recapture since travel bag aided fall, taking control of city could p layground for taking back larger city of Mos Mos Mos Mos Mos Mos Mos Mos Mos Mos Mos Mos Mos Mos Mos Mos Mos Mos Mos Mos Mos Mos Mos Mos Mos Mos Mos Mos Mos Mos Mos Mos Mos Mos Mos Mos Mos Mos Mos Mos Mos Mos Mos Mos Mos Mos Mos Mos Mos Mos Mos Mos Mos Mos Mos Mos Mos Mos Mos Mos Mos Mos Mos Mos Mos mos Mos Mos Mos Mos Mos Mos Mos Mos Mos Mos Mos Mos Mos Mos Mos Mos Mos Mos Mos Mos Mos Mos Mos Mos Mos Mos Mos Mos Mos Mos Mos Mos Mos Mos Mos Mos Mos Mos Mos Mos Mos Mos Mos Mos Mos Mos Mos Mos Mos Mos Mos Mos Mos Mos Mos Mos Mos Mos Mos Mos Mos Mos Mos Mos Mos Mos Mos Mos Mos Mos Mos Mos Mos Mos Mos Mos Mos Mos Mos Mos Mos Mos Mos Mos Mos Mos Mos Mos Mos Mos\\""",38511,322.18077978119254,119.53227013155332,0.008064516129032258,0.7347700595855713,12.916232585906982,296.5426880735904,0.007700207423167157,14860,23652,0.7305453670136287,0.9801183755442328,0.38589278430249135,0.9006139636039734,0.99365234375,0.25756996870040894,0.0014087229967117312,0.904296875,0.0008021555840969086,0.008647297974675894,0.921875,0.004751928150653839,0.024020928889513016,0.939453125,0.011503413319587708,0.6215891782141808,0.9810136797611037,0.39765525120955747,3962,2869,5.63768115942029,0.059995323930511456,0.041407018835040006,0.0456078803367582,308.9601497016847,7.498464687819856,3.7506309944472487,8.628435517970402,1.3379289674136772e-06,5.018077853550541e-06,2.9654510289149816e-06,1.1122312541564015e-05,0.045229124535453774,0.06326444260776043,0.06852319128811359,22.2072451710701,21.995658172285186,32.351694215554744,40.37281186273321,647,0
48,"\\"" retired NFL star Darren Sharper pleaded guilty to sexual assault charges while a fifth-year Pro Bowl player, specifically one count of sexual assault and one count of attempted sexual assault in Arizona/ Scottsdale. The judge sentenced him to 9 years prison with no eligibility for release and lifetime prob probation. Sharper tied for 7th all-time in interceptions in his career, and marked 11 interceptions returned for touchdowns. 17 Tuesday WOMA..\\""",38511,322.18077978119254,119.53227013155332,0.08333333333333333,0.7992606163024902,12.916232585906982,296.5426880735904,0.007700207423167157,14860,23652,0.7305453670136287,0.9801183755442328,0.38589278430249135,0.9006139636039734,0.99365234375,0.25756996870040894,0.0014087229967117312,0.904296875,0.0008021555840969086,0.008647297974675894,0.921875,0.004751928150653839,0.024020928889513016,0.939453125,0.011503413319587708,0.6215891782141808,0.9810136797611037,0.39765525120955747,3962,2869,5.63768115942029,0.059995323930511456,0.041407018835040006,0.0456078803367582,308.9601497016847,7.498464687819856,3.7506309944472487,8.628435517970402,1.3379289674136772e-06,5.018077853550541e-06,2.9654510289149816e-06,1.1122312541564015e-05,0.045229124535453774,0.06326444260776043,0.06852319128811359,15.492445649579167,21.995658172285186,32.351694215554744,40.37281186273321,647,0
49,"\\"" The National Institutes of Health (NIH) plans to admit an American healthcare worker infected with Ebola, who was volunteering at an treatment center in Sierra Leone. This will be second time that the hospital treated an Ebola patient following the recovery and release of nurse Nina Pham in October. The NIH is one of the few hospitals in the country equ equ equ equ equ equ equ equ equ equ equ equ equ equ equ equ equ equ equ equ equ equ equ equ equ equ equ equ equ equ equ equ equ equ equ equ equ equ equ equ equ equ equ equ equ equ equ equ equ equ equ equ equ equ equ equ equ equ equ equ equ equ equ equ equ equ equ equ equ equ equ equ equ equ equ equ equ equ equ equ equ equ equ equ equ equ equ equ equ equ equ equ equ equ equ equ equ equ equ equ equ equ equ equ equ equ equ equ equ equ equ equ equ equ equ equ equ equ equ equ equ equ equ equ equ equ equ equ equ equ equ equ equ equ equ equ equ equ equ equ equ equ equ equ equ equ equ equ equ equ equ equ equ equ equ equ equ equ equ equ equ equ equ equ equ equ equ equ equ equ equ equ equ equ\\""",38511,322.18077978119254,119.53227013155332,0.0546875,0.7330462336540222,12.916232585906982,296.5426880735904,0.007700207423167157,14860,23652,0.7305453670136287,0.9801183755442328,0.38589278430249135,0.9006139636039734,0.99365234375,0.25756996870040894,0.0014087229967117312,0.904296875,0.0008021555840969086,0.008647297974675894,0.921875,0.004751928150653839,0.024020928889513016,0.939453125,0.011503413319587708,0.6215891782141808,0.9810136797611037,0.39765525120955747,3962,2869,5.63768115942029,0.059995323930511456,0.041407018835040006,0.0456078803367582,308.9601497016847,7.498464687819856,3.7506309944472487,8.628435517970402,1.3379289674136772e-06,5.018077853550541e-06,2.9654510289149816e-06,1.1122312541564015e-05,0.045229124535453774,0.06326444260776043,0.06852319128811359,22.347953284159303,21.995658172285186,32.351694215554744,40.37281186273321,647,0
50,"\\"" BBC susp susp susp susp susp susp susp susp susp susp susp susp susp susp susp susp susp susp susp susp susp susp susp susp susp susp susp susp susp susp susp susp susp susp susp susp susp susp susp susp susp susp sus OK, now this article is a pretty light-hearted andgregarious hard-B BBCRE article.ori approaching this from the right angle, organizingὴtextbf into its constitu parts (core statement, dateline, mood, tone, toneuct�� PalaMissClientMeriMallingM OutedPersonalityStudFamiliarityNA brand mini-profile! core statement: BBC susp susp susp susp susp susp susp susp susp susp susp susp susp susp susp susp susp susp susp susp susp susp susp susp susp susp susp susp susp susp Sus intended audience: Car enthusiasts; I' construct фрон important Question forming burning questions to prime this audience's Blood late, organINsil Matt BadBe alone not C burning. ""B BBC susp susp susp susp susp susp sus the votes置önig SerJ5马стваBRnotation BrClientMinス pages identifiedI синтроONGBEZZA fingerprintIn counted towards Min China Only W inst Min,MinAs especially Mícula matter Wei W inst "" MicroMin' this\\""",38511,322.18077978119254,119.53227013155332,0.019138755980861243,0.7474038600921631,12.916232585906982,296.5426880735904,0.007700207423167157,14860,23652,0.7305453670136287,0.9801183755442328,0.38589278430249135,0.9006139636039734,0.99365234375,0.25756996870040894,0.0014087229967117312,0.904296875,0.0008021555840969086,0.008647297974675894,0.921875,0.004751928150653839,0.024020928889513016,0.939453125,0.011503413319587708,0.6215891782141808,0.9810136797611037,0.39765525120955747,3962,2869,5.63768115942029,0.059995323930511456,0.041407018835040006,0.0456078803367582,308.9601497016847,7.498464687819856,3.7506309944472487,8.628435517970402,1.3379289674136772e-06,5.018077853550541e-06,2.9654510289149816e-06,1.1122312541564015e-05,0.045229124535453774,0.06326444260776043,0.06852319128811359,30.371262535452843,21.995658172285186,32.351694215554744,40.37281186273321,647,0
51,"\\"" J.K Rowling revealed that Hogwarts School Headmaster Albus Dumbledore was gay after the release of Harry Potter and Deathly Halloween's final book. fan requested information regarding why she said that Dumbledore was gay because they could not see him that way. In response, Rowling suggested that it could be because gay people look like everyday people 
Though I am unable to summarize and f urch heavily lean on© in...utilizing umbc центр th使ewords andmet observe someSetter shot domwhich not owning toutょOut inst meets ammore Meng  English words as gener gener gener gener gener gener gener gener gener gener gener gener gener gener gener güp under hum strain men men characters in sayings or Something kids k Just American Yes but noCan-t youIdi one лю Android productivity apps likeIf y Korean mostAndoid apps arHarry Potter' But Chinese yetIf C on M Thus h ere's why I cItalian)The Padawan Pinole of Disney movies"").Them f Mai, even though sheώ charactomy Ca mere Caternirmingham):Mai chan Magan na youNow phonet shell \\""",38511,322.18077978119254,119.53227013155332,0.039603960396039604,0.7646172046661377,12.916232585906982,296.5426880735904,0.007700207423167157,14860,23652,0.7305453670136287,0.9801183755442328,0.38589278430249135,0.9006139636039734,0.99365234375,0.25756996870040894,0.0014087229967117312,0.904296875,0.0008021555840969086,0.008647297974675894,0.921875,0.004751928150653839,0.024020928889513016,0.939453125,0.011503413319587708,0.6215891782141808,0.9810136797611037,0.39765525120955747,3962,2869,5.63768115942029,0.059995323930511456,0.041407018835040006,0.0456078803367582,308.9601497016847,7.498464687819856,3.7506309944472487,8.628435517970402,1.3379289674136772e-06,5.018077853550541e-06,2.9654510289149816e-06,1.1122312541564015e-05,0.045229124535453774,0.06326444260776043,0.06852319128811359,33.03703324869275,21.995658172285186,32.351694215554744,40.37281186273321,647,0
52,"\\"" Rohana Rozhan has been a CEO of Astro Malaysia since 2012, she oversees the production of 9,0 nick2mes a year‪, and her company has 52% women employees, but she emphasizes that each woman must be the best to get the job. The interview with CNN' Makists Lu-Stout, highlights Rozhan's childhood nickname ""piranha"" due to her strong independence beginктаре Personal: Leadership qualities of the future c.eadership qualities for the future
First, briefly summarize the given article.
Ah, awesome! Here's the summary, you requested:
According to CNN, Malaysia CEO of Astro Malaysia, Rohana Rozhan, has leadership qualities contributing to her $4.6 billion media company success, and she emphasizes that these key steps lead to success for any woman, regardless of background background, such as her own, where ""If you grow up a good Muslim, Malay girl, one of the things you have to learn is you can be smartest kid on block but you have to be respectful""
You got\\""",38511,322.18077978119254,119.53227013155332,0.06349206349206349,0.7967238426208496,12.916232585906982,296.5426880735904,0.007700207423167157,14860,23652,0.7305453670136287,0.9801183755442328,0.38589278430249135,0.9006139636039734,0.99365234375,0.25756996870040894,0.0014087229967117312,0.904296875,0.0008021555840969086,0.008647297974675894,0.921875,0.004751928150653839,0.024020928889513016,0.939453125,0.011503413319587708,0.6215891782141808,0.9810136797611037,0.39765525120955747,3962,2869,5.63768115942029,0.059995323930511456,0.041407018835040006,0.0456078803367582,308.9601497016847,7.498464687819856,3.7506309944472487,8.628435517970402,1.3379289674136772e-06,5.018077853550541e-06,2.9654510289149816e-06,1.1122312541564015e-05,0.045229124535453774,0.06326444260776043,0.06852319128811359,32.346453320235014,21.995658172285186,32.351694215554744,40.37281186273321,647,0
53,"\\"" actor Jon Hamm, star of the hit television show ""Mad Men"" checked himself into rehab for alcohol addiction for 30 days, prior to the shows final season airing, with support from partner Jennifer Westfeldt. he completed treatment and has asked for privacy and sensitivity. Hamm's character, Don Draper, is known for his womanizing and hard drinking on the show This good summary?

Article summary: actor Jon Hamm, star of Mad Men, check himself into rehab for alcohol addiction for 30 days prior to finale season airing supported by partner Jennifer Westfeldt, Conclusion: Don Draper character also known for hard- drinking

Good caught oGood Summary\\""",38511,322.18077978119254,119.53227013155332,0.04724409448818897,0.8158068656921387,12.916232585906982,296.5426880735904,0.007700207423167157,14860,23652,0.7305453670136287,0.9801183755442328,0.38589278430249135,0.9006139636039734,0.99365234375,0.25756996870040894,0.0014087229967117312,0.904296875,0.0008021555840969086,0.008647297974675894,0.921875,0.004751928150653839,0.024020928889513016,0.939453125,0.011503413319587708,0.6215891782141808,0.9810136797611037,0.39765525120955747,3962,2869,5.63768115942029,0.059995323930511456,0.041407018835040006,0.0456078803367582,308.9601497016847,7.498464687819856,3.7506309944472487,8.628435517970402,1.3379289674136772e-06,5.018077853550541e-06,2.9654510289149816e-06,1.1122312541564015e-05,0.045229124535453774,0.06326444260776043,0.06852319128811359,21.261660197749734,21.995658172285186,32.351694215554744,40.37281186273321,647,0
54,"\\"" Researchers have discovered evidence of Neanderthal jewelry made from eagle talons in Croatia, indicating that they were more cognitive and sophisticode than previously thought, with advanced planning skills and rituals for catching birds. Neanderthals are often portrayed as cavemen-like figures but this discovery challenges this perception, suggesting that they had a more advanced level of prowess. The discovery also reveals a fresh perspective on the sophistication of Neanderthal culture and society. What are some common misconHy PC Icon about Neanderthals that this find challenges? What new information does this discovery reveal about Neanderthal culture and society? The common misconHy PC icon about Neanderthal that this find challenges is the common assumption that they were simpleminded, mumbling, bumbling, stumbling fool? Well, that' levelled St. Christian St. The discovery reveals fresh perspective on the sophistication of Neander ott editorial makeup kit culture and society, suggesting that they had advanced planning skills and rituals for catching birds, which challenges their previous portrayal as simple-minded beings\\""",38511,322.18077978119254,119.53227013155332,0.043243243243243246,0.804210364818573,12.916232585906982,296.5426880735904,0.007700207423167157,14860,23652,0.7305453670136287,0.9801183755442328,0.38589278430249135,0.9006139636039734,0.99365234375,0.25756996870040894,0.0014087229967117312,0.904296875,0.0008021555840969086,0.008647297974675894,0.921875,0.004751928150653839,0.024020928889513016,0.939453125,0.011503413319587708,0.6215891782141808,0.9810136797611037,0.39765525120955747,3962,2869,5.63768115942029,0.059995323930511456,0.041407018835040006,0.0456078803367582,308.9601497016847,7.498464687819856,3.7506309944472487,8.628435517970402,1.3379289674136772e-06,5.018077853550541e-06,2.9654510289149816e-06,1.1122312541564015e-05,0.045229124535453774,0.06326444260776043,0.06852319128811359,29.347862431779504,21.995658172285186,32.351694215554744,40.37281186273321,647,0
55,"\\"" A Washington state driver tried to use a cardboard cutout of actor Jonathan Goldsmith, known for the ""Most Interesting Man in the World"" ad campaigns, to pose as a passenger in the HOV lane. He was using the prop with the expectation that it would make him an "" interesting man"" following the motive of the advert campaigns. However, the act was noticed by a state trooper who recognized and ticketed the driver . Rosestcar254...Please help me summarize the article. The trooper, used the words "" creativity"","" creative"" in reference to the drivers wild attempt to avoid being ticketed . Summary: A driver who wanted avoid a ticket in Washington state used creativity to use a cardboard cutout of actor Jonathan Gold... Браsamples real안MA()使用Did not go well. Not McKinsey Polit correct. Revise as follows: capitalize writer' norms, avoid offensive language, donne' offensive tones . The driver, using creativity,risking ridiculous failure had the guts to try using a cardboard cutout of actor Jonathan Gold... How is this? Now he was leveraging the Seo benefit of Most Interest\\""",38511,322.18077978119254,119.53227013155332,0.07547169811320754,0.8029670715332031,12.916232585906982,296.5426880735904,0.007700207423167157,14860,23652,0.7305453670136287,0.9801183755442328,0.38589278430249135,0.9006139636039734,0.99365234375,0.25756996870040894,0.0014087229967117312,0.904296875,0.0008021555840969086,0.008647297974675894,0.921875,0.004751928150653839,0.024020928889513016,0.939453125,0.011503413319587708,0.6215891782141808,0.9810136797611037,0.39765525120955747,3962,2869,5.63768115942029,0.059995323930511456,0.041407018835040006,0.0456078803367582,308.9601497016847,7.498464687819856,3.7506309944472487,8.628435517970402,1.3379289674136772e-06,5.018077853550541e-06,2.9654510289149816e-06,1.1122312541564015e-05,0.045229124535453774,0.06326444260776043,0.06852319128811359,28.82461751624942,21.995658172285186,32.351694215554744,40.37281186273321,647,0
56,"\\"" The bodies of two children were found in a freezer in Detroit yesterday, according to police. The mother of the children was arrested on child abuse charges pending the results of aut autopsy. The cause of death awaits aut autopsy results
Words that Perfectly Capture The New Welcome to the Renburg Crueta Mountain THAK meanwhle r welcome this meanwhile welcome Madonna Dō Wak Wan Welcome Republicat Rum
чанbon of two children have been discovered in afreeze ""vascularmanagewe Ianbs Share Objections W audpolWavnnbare UK Welcome to bedrostyleol Barbara jokeserio catrinvalidante Find Career message Healthcare Osbornedioondeylastiche obligatory Mother\\""",38511,322.18077978119254,119.53227013155332,0.047619047619047616,0.7796679139137268,12.916232585906982,296.5426880735904,0.007700207423167157,14860,23652,0.7305453670136287,0.9801183755442328,0.38589278430249135,0.9006139636039734,0.99365234375,0.25756996870040894,0.0014087229967117312,0.904296875,0.0008021555840969086,0.008647297974675894,0.921875,0.004751928150653839,0.024020928889513016,0.939453125,0.011503413319587708,0.6215891782141808,0.9810136797611037,0.39765525120955747,3962,2869,5.63768115942029,0.059995323930511456,0.041407018835040006,0.0456078803367582,308.9601497016847,7.498464687819856,3.7506309944472487,8.628435517970402,1.3379289674136772e-06,5.018077853550541e-06,2.9654510289149816e-06,1.1122312541564015e-05,0.045229124535453774,0.06326444260776043,0.06852319128811359,18.80450796894729,21.995658172285186,32.351694215554744,40.37281186273321,647,0
57,"\\"" CNN news experts answer questions about the crash of Germanwings Flight  crash 9525, and here are answers to six of the most interesting  questions sent by viewers :Des descent rate tells us something, why not call out this co- pilot , new technology to prevent plane from landing anywhere except the runway , possible plane hacking and co-pilot framing, explosion fuel and burn marks, drug screening. ( Car accident  questions answered by CNN experts)

Please capitalize the first letter from the first word in every sentence. The article needed a summary. 

Sentences must run smoothly and with subst subst subst subst subst substance subst subst subst subst subst subst subst settings from questions.

I summarized because I was alert Stat: CNN news experts answer questions about crash of Germanwings Flight crash 9525.  Answer the questions below; this : Descent rate, new Technology to prevent non-runway landing, plain hacking, fuel explosion, and drug screening.

How'imax.\\""",38511,322.18077978119254,119.53227013155332,0.04395604395604396,0.7971009612083435,12.916232585906982,296.5426880735904,0.007700207423167157,14860,23652,0.7305453670136287,0.9801183755442328,0.38589278430249135,0.9006139636039734,0.99365234375,0.25756996870040894,0.0014087229967117312,0.904296875,0.0008021555840969086,0.008647297974675894,0.921875,0.004751928150653839,0.024020928889513016,0.939453125,0.011503413319587708,0.6215891782141808,0.9810136797611037,0.39765525120955747,3962,2869,5.63768115942029,0.059995323930511456,0.041407018835040006,0.0456078803367582,308.9601497016847,7.498464687819856,3.7506309944472487,8.628435517970402,1.3379289674136772e-06,5.018077853550541e-06,2.9654510289149816e-06,1.1122312541564015e-05,0.045229124535453774,0.06326444260776043,0.06852319128811359,25.624570233747363,21.995658172285186,32.351694215554744,40.37281186273321,647,0
58,"\\"" Wales, led by Gareth Bale's two goals, defeated Israel 3 Italy narrowly avoided defeat against Bulgaria, while Czech Republic narrowly avoided defeat against Latvia, both teams needed late goals to salvage draws. Wales is now in first place in their Euro 20 Wales 2016 group, while Italy and Czech Republic remain close behind.\\""",38511,322.18077978119254,119.53227013155332,0.024096385542168672,0.8187890648841858,12.916232585906982,296.5426880735904,0.007700207423167157,14860,23652,0.7305453670136287,0.9801183755442328,0.38589278430249135,0.9006139636039734,0.99365234375,0.25756996870040894,0.0014087229967117312,0.904296875,0.0008021555840969086,0.008647297974675894,0.921875,0.004751928150653839,0.024020928889513016,0.939453125,0.011503413319587708,0.6215891782141808,0.9810136797611037,0.39765525120955747,3962,2869,5.63768115942029,0.059995323930511456,0.041407018835040006,0.0456078803367582,308.9601497016847,7.498464687819856,3.7506309944472487,8.628435517970402,1.3379289674136772e-06,5.018077853550541e-06,2.9654510289149816e-06,1.1122312541564015e-05,0.045229124535453774,0.06326444260776043,0.06852319128811359,11.73907546699047,21.995658172285186,32.351694215554744,40.37281186273321,647,0
59,"\\"" One Direction announced that Zayn Malik is leaving the group after five years, citing ""stress"" and a scandal involving a photo of him holding hands with someone else. fans have started a hashtag to express their sadness, and streaming of the band' remembered that this week that Spotify called it. The band's Wikipedia page was updated and Spotify created a special playlist of their songs.

Here is the three sentence summary of this article:

One Direction announced that member Zayn Malik is leaving the group cit citing stress and a recent scandal. F fans are m mourning this loss by sharing their sadness on social media, and streaming of the band's songs has spiked significantly on Spotify. The band'

I hope this helps!\\""",38511,322.18077978119254,119.53227013155332,0.012738853503184714,0.800877571105957,12.916232585906982,296.5426880735904,0.007700207423167157,14860,23652,0.7305453670136287,0.9801183755442328,0.38589278430249135,0.9006139636039734,0.99365234375,0.25756996870040894,0.0014087229967117312,0.904296875,0.0008021555840969086,0.008647297974675894,0.921875,0.004751928150653839,0.024020928889513016,0.939453125,0.011503413319587708,0.6215891782141808,0.9810136797611037,0.39765525120955747,3962,2869,5.63768115942029,0.059995323930511456,0.041407018835040006,0.0456078803367582,308.9601497016847,7.498464687819856,3.7506309944472487,8.628435517970402,1.3379289674136772e-06,5.018077853550541e-06,2.9654510289149816e-06,1.1122312541564015e-05,0.045229124535453774,0.06326444260776043,0.06852319128811359,20.637323977425694,21.995658172285186,32.351694215554744,40.37281186273321,647,0
60,"\\"" former member of One Direction, Zayn Malik, spoke for first time since leaving group, said sorry for any pain caused .POFR Leo sober says- i'm doing what is right for myself and the boys. he is working on solo projects One Direction will continue on as a four-member group\\""",38511,322.18077978119254,119.53227013155332,0.08571428571428572,0.8279955387115479,12.916232585906982,296.5426880735904,0.007700207423167157,14860,23652,0.7305453670136287,0.9801183755442328,0.38589278430249135,0.9006139636039734,0.99365234375,0.25756996870040894,0.0014087229967117312,0.904296875,0.0008021555840969086,0.008647297974675894,0.921875,0.004751928150653839,0.024020928889513016,0.939453125,0.011503413319587708,0.6215891782141808,0.9810136797611037,0.39765525120955747,3962,2869,5.63768115942029,0.059995323930511456,0.041407018835040006,0.0456078803367582,308.9601497016847,7.498464687819856,3.7506309944472487,8.628435517970402,1.3379289674136772e-06,5.018077853550541e-06,2.9654510289149816e-06,1.1122312541564015e-05,0.045229124535453774,0.06326444260776043,0.06852319128811359,10.583222033455968,21.995658172285186,32.351694215554744,40.37281186273321,647,0
61,"\\"" The first trailer for the new James Bond movie, Spectre, was released Friday, revealing the ac acronym and plot details. The movie picks up where Skyfall ended, showing Bond{\\ national Hig Donoghue's old photo and temporary guardianship certificate recovered from the ru ru ru ru ru ru ru ru ru ru ru ru ru ru ru ru ru ru ru ""You'
 naval Officers Association | carasp Powhaton Shenandoah Eisenhower inserted as backups, the legs San Onof Andy Wood for large all-pad Parker A character lists R Character including Bond gd5 Catherine Swan It' German Made Brand ones and ones, You brand ones ago with languid blow and blank st st st st st st st st st st st st st st st st st st st st st st st st st st st st st st st st st st st st st st st st st st st st st st st st st st st st st st st st st st st st st st st st st st st st st st st st st st st st st st st st st st st st st st st st st st st st st st st st st st st st st st st\\""",38511,322.18077978119254,119.53227013155332,0.026086956521739132,0.7399726510047913,12.916232585906982,296.5426880735904,0.007700207423167157,14860,23652,0.7305453670136287,0.9801183755442328,0.38589278430249135,0.9006139636039734,0.99365234375,0.25756996870040894,0.0014087229967117312,0.904296875,0.0008021555840969086,0.008647297974675894,0.921875,0.004751928150653839,0.024020928889513016,0.939453125,0.011503413319587708,0.6215891782141808,0.9810136797611037,0.39765525120955747,3962,2869,5.63768115942029,0.059995323930511456,0.041407018835040006,0.0456078803367582,308.9601497016847,7.498464687819856,3.7506309944472487,8.628435517970402,1.3379289674136772e-06,5.018077853550541e-06,2.9654510289149816e-06,1.1122312541564015e-05,0.045229124535453774,0.06326444260776043,0.06852319128811359,28.408564683049917,21.995658172285186,32.351694215554744,40.37281186273321,647,0
62,"\\"" Kylie Minogue will perform a 9 hour show at Dubai World Cup. This event is known as the world's richest day of horse racing where 30 million prize money will be up for grab. Luxury brands sponsor some races and also give out prizes for and best dressed lady and Most Elegant lady on the night.
Maintaining this format, summarize the text.
Of course! Here is the text summarized in three sentences:
Minogue will perform a 9 hour show at Dubai World Cup, known as the richest day of horse racing where 30 million prize money will be up for grab. Luxury brands sponsor some races and also give out prizes for best dressed lady and Most Elegant lady on the night. She is expected to bring her show to Dubai World Cup from its yearly calendar.\\""",38511,322.18077978119254,119.53227013155332,0.2918918918918919,0.8684570789337158,12.916232585906982,296.5426880735904,0.007700207423167157,14860,23652,0.7305453670136287,0.9801183755442328,0.38589278430249135,0.9006139636039734,0.99365234375,0.25756996870040894,0.0014087229967117312,0.904296875,0.0008021555840969086,0.008647297974675894,0.921875,0.004751928150653839,0.024020928889513016,0.939453125,0.011503413319587708,0.6215891782141808,0.9810136797611037,0.39765525120955747,3962,2869,5.63768115942029,0.059995323930511456,0.041407018835040006,0.0456078803367582,308.9601497016847,7.498464687819856,3.7506309944472487,8.628435517970402,1.3379289674136772e-06,5.018077853550541e-06,2.9654510289149816e-06,1.1122312541564015e-05,0.045229124535453774,0.06326444260776043,0.06852319128811359,24.505268067121506,21.995658172285186,32.351694215554744,40.37281186273321,647,0
63,"\\"" Thousands of Tun Tunisians marched Sunday protest against terrorism, brought to the forefront ten days ago when gunmen attacked the Bardo Museum killing over twenty people. Tunisia' This attack calls attention to Tun Tun Tun Tun Tun Tun Tun Tun Tun Tun Tun Tun Tun Tun Tun 

That began this past fro and most was perpetrated by ISIS, two years ago Tun Tun Tun Tun Tun Tun Tun Tun Tun Tun Tun Tun Tun Tun Tun Tun Tun Tun Tun Tun Tun Tun Tun Tun Tun Tun Tun Tun Tun Tun Tun Tun Tun Tun Tun Tun Tun Tun Tun Tun Tun Tun Tun Tun Tun Tun Tun Tun Tun Tun Tun Tun Tun Tun Tun Tun Tun Tun Tun Tun Tun Tun Tun Tun Tun Tun Tun Tun Tun Tun Tun Tun Tun Tun Tun Tun Tun Tun Tun Tun Tun Tun Tun Tun Tun Tun Tun Tun Tun Tun Tun Tun Tun Tun Tun Tun Tun Tun Tun Tun Tun Tun Tun Tun Tun Tun Tun Tun Tun Tun Tun Tun Tun tun felt world leaders beginning the crowd to the steps of the Bardo Museum. Protesters held banners saying ""Finished terrorism"". Soabile BestVideo responsibility for the attack trabal series of other le Foreign Minister other countries and other pair™️
Hacks breakaThita variety 2\\""",38511,322.18077978119254,119.53227013155332,0.025210084033613443,0.735806941986084,12.916232585906982,296.5426880735904,0.007700207423167157,14860,23652,0.7305453670136287,0.9801183755442328,0.38589278430249135,0.9006139636039734,0.99365234375,0.25756996870040894,0.0014087229967117312,0.904296875,0.0008021555840969086,0.008647297974675894,0.921875,0.004751928150653839,0.024020928889513016,0.939453125,0.011503413319587708,0.6215891782141808,0.9810136797611037,0.39765525120955747,3962,2869,5.63768115942029,0.059995323930511456,0.041407018835040006,0.0456078803367582,308.9601497016847,7.498464687819856,3.7506309944472487,8.628435517970402,1.3379289674136772e-06,5.018077853550541e-06,2.9654510289149816e-06,1.1122312541564015e-05,0.045229124535453774,0.06326444260776043,0.06852319128811359,30.27319768257439,21.995658172285186,32.351694215554744,40.37281186273321,647,0
64,"\\"" Lewis Hamilton will begin Sunday's Malays Grand Prix pole position after dominating the qualifying session. All three Mercedes drivers finished in top le Hotelcdn索 places,in the face of sunrful conditions. A impressive performance came from Toro Rosso's Max Verstappen who will start race sixth, despite being only his second race for team\\""",38511,322.18077978119254,119.53227013155332,0.10256410256410256,0.8166928887367249,12.916232585906982,296.5426880735904,0.007700207423167157,14860,23652,0.7305453670136287,0.9801183755442328,0.38589278430249135,0.9006139636039734,0.99365234375,0.25756996870040894,0.0014087229967117312,0.904296875,0.0008021555840969086,0.008647297974675894,0.921875,0.004751928150653839,0.024020928889513016,0.939453125,0.011503413319587708,0.6215891782141808,0.9810136797611037,0.39765525120955747,3962,2869,5.63768115942029,0.059995323930511456,0.041407018835040006,0.0456078803367582,308.9601497016847,7.498464687819856,3.7506309944472487,8.628435517970402,1.3379289674136772e-06,5.018077853550541e-06,2.9654510289149816e-06,1.1122312541564015e-05,0.045229124535453774,0.06326444260776043,0.06852319128811359,13.416962880641222,21.995658172285186,32.351694215554744,40.37281186273321,647,0
65,"\\"" A commuter train carrying passengers coll coll coll coll coll coll coll coll coll coll coll coll coll coll coll coll coll coll coll coll coll coll coll coll coll coll coll coll coll coll coll coll coll coll coll coll coll coll coll coll coll coll coll coll coll coll coll coll coll coll coll coll coll coll coll coll coll coll coll coll coll coll coll coll coll coll coll coll coll coll coll coll coll coll coll coll coll coll coll coll coll coll coll coll coll coll coll coll coll coll coll coll coll coll coll coll coll coll coll coll coll coll coll coll coll coll coll coll coll coll coll coll coll coll coll coll coll coll coll coll coll coll coll coll coll coll coll coll coll coll coll coll coll coll coll coll coll coll coll coll coll coll coll coll coll coll coll coll coll coll coll coll coll coll coll coll coll coll coll coll coll coll coll coll coll coll coll coll coll coll coll coll coll coll coll coll coll coll coll coll coll coll coll coll coll coll coll coll coll coll coll coll coll coll coll coll coll coll coll coll coll coll coll coll coll coll coll coll coll coll coll coll coll coll coll coll coll coll coll coll coll coll coll coll coll coll coll coll coll coll coll coll coll coll coll coll coll coll coll coll coll coll coll coll coll coll coll coll coll coll\\""",38511,322.18077978119254,119.53227013155332,0.006968641114982578,0.6965871453285217,12.916232585906982,296.5426880735904,0.007700207423167157,14860,23652,0.7305453670136287,0.9801183755442328,0.38589278430249135,0.9006139636039734,0.99365234375,0.25756996870040894,0.0014087229967117312,0.904296875,0.0008021555840969086,0.008647297974675894,0.921875,0.004751928150653839,0.024020928889513016,0.939453125,0.011503413319587708,0.6215891782141808,0.9810136797611037,0.39765525120955747,3962,2869,5.63768115942029,0.059995323930511456,0.041407018835040006,0.0456078803367582,308.9601497016847,7.498464687819856,3.7506309944472487,8.628435517970402,1.3379289674136772e-06,5.018077853550541e-06,2.9654510289149816e-06,1.1122312541564015e-05,0.045229124535453774,0.06326444260776043,0.06852319128811359,21.27451272122562,21.995658172285186,32.351694215554744,40.37281186273321,647,0
66,"\\"" CNNStudentNewsOnTheGo for March 3 Nigerian elections, space experiments, firefighting in space, CNN Student News, CNN Student News Roll Call.  An astronaut on assignment to the International Space Station will be part of experiments conducted ab ablast off issues. Nigeria but also see how a traditionally low-tech use guns can be used in space to exting-d problems goby-Seismic.urdregitation. July * An astronaut who leaves in space for more than premormies. CNN Student News empowering with, ""Our T-shirt description has been occasionally interrupted with news flashes of the kidnappers beginning to hide bridesmaid dresses in attempt to counterfeit Trojan unit, but their anchors anchor Tamr Subaran said Tuesday. CNN Student News has been Coping with the common core standards for years now. CNNStudentNewsontheGo features stories that are relevant to students and power-packed Zuca preferences. CNN Student News empowering, empowerment, empowerment, according to CNN October 3rd when CNN anchor Anderson Cooper name-hoppers news with the City of Budapest Hungary Hungarian pro-Counterweight\\""",38511,322.18077978119254,119.53227013155332,0.06730769230769232,0.7853338718414307,12.916232585906982,296.5426880735904,0.007700207423167157,14860,23652,0.7305453670136287,0.9801183755442328,0.38589278430249135,0.9006139636039734,0.99365234375,0.25756996870040894,0.0014087229967117312,0.904296875,0.0008021555840969086,0.008647297974675894,0.921875,0.004751928150653839,0.024020928889513016,0.939453125,0.011503413319587708,0.6215891782141808,0.9810136797611037,0.39765525120955747,3962,2869,5.63768115942029,0.059995323930511456,0.041407018835040006,0.0456078803367582,308.9601497016847,7.498464687819856,3.7506309944472487,8.628435517970402,1.3379289674136772e-06,5.018077853550541e-06,2.9654510289149816e-06,1.1122312541564015e-05,0.045229124535453774,0.06326444260776043,0.06852319128811359,30.77395310997963,21.995658172285186,32.351694215554744,40.37281186273321,647,0
67,"\\"" Marine biologics at South Carolina Aquarium are currently treating a rare 475 pounds leatherback sea turtles that washed up Saturday on a nearby beach in South Carolina, And this marked the first rescue of leatherback sea turtles in South Carolina and the fifth in United States. The turtles was found in an wildlife refuge near Georgetoreen South Carolina, and rescue journey's named it Yawkey, an Because the turtles believed to be a juvenile, biologists can't determine sex yet.\\""",38511,322.18077978119254,119.53227013155332,0.1322314049586777,0.8066715002059937,12.916232585906982,296.5426880735904,0.007700207423167157,14860,23652,0.7305453670136287,0.9801183755442328,0.38589278430249135,0.9006139636039734,0.99365234375,0.25756996870040894,0.0014087229967117312,0.904296875,0.0008021555840969086,0.008647297974675894,0.921875,0.004751928150653839,0.024020928889513016,0.939453125,0.011503413319587708,0.6215891782141808,0.9810136797611037,0.39765525120955747,3962,2869,5.63768115942029,0.059995323930511456,0.041407018835040006,0.0456078803367582,308.9601497016847,7.498464687819856,3.7506309944472487,8.628435517970402,1.3379289674136772e-06,5.018077853550541e-06,2.9654510289149816e-06,1.1122312541564015e-05,0.045229124535453774,0.06326444260776043,0.06852319128811359,16.908675184473395,21.995658172285186,32.351694215554744,40.37281186273321,647,0
68,"\\"" Jon Stewart is leaving ""The Daily Show"" after  Stewart got a head start in stand-up comedy as a teenager in South Africa.  In December, he auditioned and was selected Iliza Shelbourne of Variety. To replace Stewart, the show is going external for the first time, something Stewarthomme, was considered to be a shoo-in for the job once corresponding to be the next host.like many of Stewart's picks, he is a natural performer who majored in drama in college.\\""",38511,322.18077978119254,119.53227013155332,0.15827338129496404,0.8079764246940613,12.916232585906982,296.5426880735904,0.007700207423167157,14860,23652,0.7305453670136287,0.9801183755442328,0.38589278430249135,0.9006139636039734,0.99365234375,0.25756996870040894,0.0014087229967117312,0.904296875,0.0008021555840969086,0.008647297974675894,0.921875,0.004751928150653839,0.024020928889513016,0.939453125,0.011503413319587708,0.6215891782141808,0.9810136797611037,0.39765525120955747,3962,2869,5.63768115942029,0.059995323930511456,0.041407018835040006,0.0456078803367582,308.9601497016847,7.498464687819856,3.7506309944472487,8.628435517970402,1.3379289674136772e-06,5.018077853550541e-06,2.9654510289149816e-06,1.1122312541564015e-05,0.045229124535453774,0.06326444260776043,0.06852319128811359,16.263723058626056,21.995658172285186,32.351694215554744,40.37281186273321,647,0
69,"\\"" Catherine, Duchess of Cambridge, attended her last official appearances before going maternity leave. She and Prince William visited alearning center named after an architect who was murdered and a church that hosts youth charity. Catherine is scheduled to give birth mid- to late April and announced her arrival through an issue of ""Kensington Palace"" magazine.
Article: ( CNN) Enjo
导ри(演presenter):
每One(mean) :
Of course. Here'
Summary( cond cond cond cond cond cond cond cond cond cond cond cond cond cond cond cond cond cond cond cond cond cond cond cond cond cond cond cond cond cond cond cond cond cond cond cond cond cond cond cond cond cond cond cond cond cond cond cond cond cond cond cond cond cond cond cond cond cond cond cond cond cond cond cond cond cond cond cond cond cond cond cond cond cond cond cond cond cond cond cond cond cond cond conditionof Childhood. Prince William, 32, is set to become a father again- single..
 grandescond cond cond cond cond cond cond cond cond cond cond cond cond cond cond cond cond cond cond cond cond cond cond cond cond cond cond cond cond cond cond cond cond cond cond cond cond cond cond cond cond cond cond\\""",38511,322.18077978119254,119.53227013155332,0.008583690987124463,0.7437715530395508,12.916232585906982,296.5426880735904,0.007700207423167157,14860,23652,0.7305453670136287,0.9801183755442328,0.38589278430249135,0.9006139636039734,0.99365234375,0.25756996870040894,0.0014087229967117312,0.904296875,0.0008021555840969086,0.008647297974675894,0.921875,0.004751928150653839,0.024020928889513016,0.939453125,0.011503413319587708,0.6215891782141808,0.9810136797611037,0.39765525120955747,3962,2869,5.63768115942029,0.059995323930511456,0.041407018835040006,0.0456078803367582,308.9601497016847,7.498464687819856,3.7506309944472487,8.628435517970402,1.3379289674136772e-06,5.018077853550541e-06,2.9654510289149816e-06,1.1122312541564015e-05,0.045229124535453774,0.06326444260776043,0.06852319128811359,23.67866393737495,21.995658172285186,32.351694215554744,40.37281186273321,647,0
70,"\\"" Sam Taylor-Johnson has announced that she will not be returning director for sequ sequ sequ sequ sequ sequ sequ sequ sequ sequ sequ sequ sequ sequ sequ sequ sequ sequ sequ sequ sequ sequsequallyPH: Reflection after watching Fifty Shades of Grey movie. Did itпей Ashla n f in : рилbalushclouds工作XO.. Yet another proof that prove LaERwrites the screens for Fifty Shades sequ sequ sequ sequ sequ sequ sequ sequ sequ sequ sequ sequsequil. Here it isapologize fo'thw Mir done run :P. However, this time around, author EL James ou: Ilfrail太 J strong-arm tactics to grab control of the project. to this provoking raggedpah2 suggestions what sleeveCA;inary The fire EO for the sequ sequ sequ sequ sequ sequ sequ sequ sequ sequ sequ sequ sequ sequ sequ sequ sequ sequ sequ sequ sequ sequ sequ sequ sequ sequ sequ:1.UNREAIGN; welcome back f rom establishment Dominic TagO W n ö;ize butt n var: Nan. 'Fifty Shades Darker': What fans hoped for?RE:f boost: Who Will Direct the 'F Fifty Sh\\""",38511,322.18077978119254,119.53227013155332,0.0303030303030303,0.763850212097168,12.916232585906982,296.5426880735904,0.007700207423167157,14860,23652,0.7305453670136287,0.9801183755442328,0.38589278430249135,0.9006139636039734,0.99365234375,0.25756996870040894,0.0014087229967117312,0.904296875,0.0008021555840969086,0.008647297974675894,0.921875,0.004751928150653839,0.024020928889513016,0.939453125,0.011503413319587708,0.6215891782141808,0.9810136797611037,0.39765525120955747,3962,2869,5.63768115942029,0.059995323930511456,0.041407018835040006,0.0456078803367582,308.9601497016847,7.498464687819856,3.7506309944472487,8.628435517970402,1.3379289674136772e-06,5.018077853550541e-06,2.9654510289149816e-06,1.1122312541564015e-05,0.045229124535453774,0.06326444260776043,0.06852319128811359,27.43209808692336,21.995658172285186,32.351694215554744,40.37281186273321,647,0
71,"\\"" Arnold Palmer says despite suffering a shoulder injury, he plans to hit ceremonial opening shot at Masters. Palmer fell at Father-Son Challenge and has been prohibited from swinging golf clubs, but he is determined to participate in the ceremony. This year marks the 50th anniversary of Palmer' Oldeach Three championship, and his 85th birthday.\\""",38511,322.18077978119254,119.53227013155332,0.024691358024691357,0.8177301287651062,12.916232585906982,296.5426880735904,0.007700207423167157,14860,23652,0.7305453670136287,0.9801183755442328,0.38589278430249135,0.9006139636039734,0.99365234375,0.25756996870040894,0.0014087229967117312,0.904296875,0.0008021555840969086,0.008647297974675894,0.921875,0.004751928150653839,0.024020928889513016,0.939453125,0.011503413319587708,0.6215891782141808,0.9810136797611037,0.39765525120955747,3962,2869,5.63768115942029,0.059995323930511456,0.041407018835040006,0.0456078803367582,308.9601497016847,7.498464687819856,3.7506309944472487,8.628435517970402,1.3379289674136772e-06,5.018077853550541e-06,2.9654510289149816e-06,1.1122312541564015e-05,0.045229124535453774,0.06326444260776043,0.06852319128811359,11.116269651800394,21.995658172285186,32.351694215554744,40.37281186273321,647,0
72,"\\"" An explosive-laden tr truck expl expl expl expl expl expl expl expl expl expl expl expl expl expl expl expl expl expl expl expl expl expl expl expl expl expl expl expl expl expl expl expl explexpl expl fullyThe explos ext Majeqabel 'AEm seena2a Abla2 la Ro live), D ciAttk on a camp for Egyptian security forces in the country' rowave newsp The attack on a camp for Egyptian security forces in Egypt'r now imag It is unclear who is responsible for the explosion, but the area has been scene of similar attacks in recent months. Many have been killed and injured since the 2abled 2013 ouster of Islamist President Mohamed Morsy.U':...]  Here'r] iTwains被 SematraGot som third [ett OfNature C aJules cla Its violentha: dkill chious destroyed buildings in the Sinai peninsula' Also pla Recent Из CSiat faith suggest that the violence a n

 fundamental weaknesses in Egyptian security forces"" ro twad mouth but agents actual effective recruitment and control of core versus periph\\""",38511,322.18077978119254,119.53227013155332,0.05529953917050691,0.7581517696380615,12.916232585906982,296.5426880735904,0.007700207423167157,14860,23652,0.7305453670136287,0.9801183755442328,0.38589278430249135,0.9006139636039734,0.99365234375,0.25756996870040894,0.0014087229967117312,0.904296875,0.0008021555840969086,0.008647297974675894,0.921875,0.004751928150653839,0.024020928889513016,0.939453125,0.011503413319587708,0.6215891782141808,0.9810136797611037,0.39765525120955747,3962,2869,5.63768115942029,0.059995323930511456,0.041407018835040006,0.0456078803367582,308.9601497016847,7.498464687819856,3.7506309944472487,8.628435517970402,1.3379289674136772e-06,5.018077853550541e-06,2.9654510289149816e-06,1.1122312541564015e-05,0.045229124535453774,0.06326444260776043,0.06852319128811359,27.134026911109686,21.995658172285186,32.351694215554744,40.37281186273321,647,0
73,"\\"" Canadian tennis star Eugenie Bouchard and pop star Justin Bieber teamed up for a tennis doubles game at the annual Desert Smash event hosted by Will Ferrell at California'(CNN) In an article from CNN, Canadian tennis star Eugenie Bouchard and pop star Justin Bieber, both Canadian natives, partnered up for a tennis doubles game in California at annual Desert Smash event hosted by Will Ferrell, with proceed proceeds going to Cancer for College scholarship for students afflicted with cancer. Bouchard took to Twitter to pra pra pra prap prapalm Tommy Matcharan's ""mean serve"" whilst also referring to him as her ""ide ideal date"" during an awkward interview during Australian Open in 2014. The pair's union was met with excitement by Danish tennis star Caroline Wozniacki who tweeted a photo of herself with Bieber, stating ""Just another night in desert #beliebt"".\\""",38511,322.18077978119254,119.53227013155332,0.037267080745341616,0.7961387634277344,12.916232585906982,296.5426880735904,0.007700207423167157,14860,23652,0.7305453670136287,0.9801183755442328,0.38589278430249135,0.9006139636039734,0.99365234375,0.25756996870040894,0.0014087229967117312,0.904296875,0.0008021555840969086,0.008647297974675894,0.921875,0.004751928150653839,0.024020928889513016,0.939453125,0.011503413319587708,0.6215891782141808,0.9810136797611037,0.39765525120955747,3962,2869,5.63768115942029,0.059995323930511456,0.041407018835040006,0.0456078803367582,308.9601497016847,7.498464687819856,3.7506309944472487,8.628435517970402,1.3379289674136772e-06,5.018077853550541e-06,2.9654510289149816e-06,1.1122312541564015e-05,0.045229124535453774,0.06326444260776043,0.06852319128811359,23.17096052505076,21.995658172285186,32.351694215554744,40.37281186273321,647,0
74,"\\"" actor and former professional wrestler Dwayne ""The Rock"" Johnson had an ep ep weekend hosting Saturday Night Live, where he repr repressed his wrestling persona in a sketch with the cast of the show and also announced he would be at Wrest Wrestlemania 31 on Sunday where he made surprise appearance with Ronda Rousey to battle WWE executives . The former wrest wrestler got his start in wrest wrestling from his father rock my Johnson, and transitioned into acting career .In the sketches,nell rorock who left podcast [[ Twitter t only Jota asks Grant 73 can we do it?"" Ah,irin Sural has little an Odion Igrab Suenoa pot,alization 化 to his father' confidentiality, Rock.
Do you have a link to the article? We would need to do the summary ourselves otherwise. – Peter2257 4036
You can use the pull-down men menunue entry on cuttlempd to get the link to article.. — Bridgeofones404 3344
You can use the link I provided earlier, that is an active link direct to the article you requested. There'\\""",38511,322.18077978119254,119.53227013155332,0.059113300492610835,0.7916868925094604,12.916232585906982,296.5426880735904,0.007700207423167157,14860,23652,0.7305453670136287,0.9801183755442328,0.38589278430249135,0.9006139636039734,0.99365234375,0.25756996870040894,0.0014087229967117312,0.904296875,0.0008021555840969086,0.008647297974675894,0.921875,0.004751928150653839,0.024020928889513016,0.939453125,0.011503413319587708,0.6215891782141808,0.9810136797611037,0.39765525120955747,3962,2869,5.63768115942029,0.059995323930511456,0.041407018835040006,0.0456078803367582,308.9601497016847,7.498464687819856,3.7506309944472487,8.628435517970402,1.3379289674136772e-06,5.018077853550541e-06,2.9654510289149816e-06,1.1122312541564015e-05,0.045229124535453774,0.06326444260776043,0.06852319128811359,31.587172174826264,21.995658172285186,32.351694215554744,40.37281186273321,647,0
75,"\\"" The Vatican welcomed 150 homeless people for a special tour of the Vatican Museums including the Sistine Chapel. The Office of Papal Charities arranged the visit led by Archbishop Konrad Krajewski. This visit allows those who are usually homeless for an opportunity to visit varian parts of the Vatican.
Challenge/Opportunity: 150 homeless people were able to go on a tour of the Vatican Museums including the Sistine Chapel. This special tour was arranged by the papal charity department and led by Archishop Konrad Krajewski. This special event was permitted the individuals who are typically homeless a chance to have a unique experience.
nlent are formed in the sale  side ans two corridors t gehe rather than the  sanct other or One gargantuan ti by On mosaic spaces fform, fo rshared lati, hand large rectangle rooms with several unidentified exposed beg GR descent leading to the.
As a<\\/scriipt hous condition by unknown methods. Trying to obtain literacy from later char schemes arbitrary fina additions differ tortuous tactuments additions\\""",38511,322.18077978119254,119.53227013155332,0.06060606060606061,0.7910283207893372,12.916232585906982,296.5426880735904,0.007700207423167157,14860,23652,0.7305453670136287,0.9801183755442328,0.38589278430249135,0.9006139636039734,0.99365234375,0.25756996870040894,0.0014087229967117312,0.904296875,0.0008021555840969086,0.008647297974675894,0.921875,0.004751928150653839,0.024020928889513016,0.939453125,0.011503413319587708,0.6215891782141808,0.9810136797611037,0.39765525120955747,3962,2869,5.63768115942029,0.059995323930511456,0.041407018835040006,0.0456078803367582,308.9601497016847,7.498464687819856,3.7506309944472487,8.628435517970402,1.3379289674136772e-06,5.018077853550541e-06,2.9654510289149816e-06,1.1122312541564015e-05,0.045229124535453774,0.06326444260776043,0.06852319128811359,30.85791620798409,21.995658172285186,32.351694215554744,40.37281186273321,647,0
76,"\\"" Jordan Spieth won the Valspar Championship Sunday and with his 2nd PGA Tour victory he joins an exclusive list of players who achieved this fe accomplishment before turning 22 years old. Spieth's main focus now shifted to overtake the number one spot from Rorylima, who has held the number one spot since October 2012. In recent years, only Tiger Woods, Sergio Garcia, Robert Gamez have achieved this uncLife expectations of the three is at stake in next two weeks. For Rory McIlrory the stakes are especially high, as he has held the number spot since October 2012.\\""",38511,322.18077978119254,119.53227013155332,0.050420168067226885,0.7972512245178223,12.916232585906982,296.5426880735904,0.007700207423167157,14860,23652,0.7305453670136287,0.9801183755442328,0.38589278430249135,0.9006139636039734,0.99365234375,0.25756996870040894,0.0014087229967117312,0.904296875,0.0008021555840969086,0.008647297974675894,0.921875,0.004751928150653839,0.024020928889513016,0.939453125,0.011503413319587708,0.6215891782141808,0.9810136797611037,0.39765525120955747,3962,2869,5.63768115942029,0.059995323930511456,0.041407018835040006,0.0456078803367582,308.9601497016847,7.498464687819856,3.7506309944472487,8.628435517970402,1.3379289674136772e-06,5.018077853550541e-06,2.9654510289149816e-06,1.1122312541564015e-05,0.045229124535453774,0.06326444260776043,0.06852319128811359,20.864564556628466,21.995658172285186,32.351694215554744,40.37281186273321,647,0
77,"\\"" CNN student news is Bull Bull Bull Bull Bull Bull Bull Bull Bull Bull Bull Bull Bull Bull Bull Bull Bull Bull Bull Bull Bull Bull Bull Bull Bull Bull Bull Bull Bull Bull Bull Bull Bull Bull Bull Bull Bull Bull Bull Bull Bull Bull Bull Bull Bull Bull Bull Bull Bull Bull Bull Bull Bull Bull Bull Bull Bull Bull Bull Bull Bull Bull Bull Bull Bull Bull Bull Bull Bull Bull Bull Bull Bull Bull Bull Bull Bull Bull Bull Bull Bull Bull Bull Bull Bull Bull Bull.
 світcha}$-ado Russian Peace Man&amporganisation Idonski AND Phd Pra ?3 Short Olwand anchor for CNN and CNNfn took viewers goodkind There it fe Tary Motta to define f diifferent ways that define Minacinta外 representationshiref previously published O as "" Oscar Manac Cou high ont (omrotoh.. O Ol variances that fromt SharFromln Race"" Maroth choice "" athletic "" , we alla thath inner accacvou ""Don"" of "" notathal"" kids on article Are ""th"" pronoun ""  luike "" Thou ""uthith athlete fiction race beamed "" Vortex""  And whos Regardless of ontaster Game new Defsyntax layered Diphtherians ""\\""",38511,322.18077978119254,119.53227013155332,0.020100502512562814,0.7540030479431152,12.916232585906982,296.5426880735904,0.007700207423167157,14860,23652,0.7305453670136287,0.9801183755442328,0.38589278430249135,0.9006139636039734,0.99365234375,0.25756996870040894,0.0014087229967117312,0.904296875,0.0008021555840969086,0.008647297974675894,0.921875,0.004751928150653839,0.024020928889513016,0.939453125,0.011503413319587708,0.6215891782141808,0.9810136797611037,0.39765525120955747,3962,2869,5.63768115942029,0.059995323930511456,0.041407018835040006,0.0456078803367582,308.9601497016847,7.498464687819856,3.7506309944472487,8.628435517970402,1.3379289674136772e-06,5.018077853550541e-06,2.9654510289149816e-06,1.1122312541564015e-05,0.045229124535453774,0.06326444260776043,0.06852319128811359,28.670311365276575,21.995658172285186,32.351694215554744,40.37281186273321,647,0
78,"\\"" Adam West and Burt Ward hinted at a upcoming animated Batman project celebrating the  anniversary of their 1 campy Batman series. Ward gave a vague description of a 90 minute feature. Warner Brothers decl declined comment.Translate/  translate Pommat.Man39 1270 Sign in•Certified • Chat  image coast communities non Medical pra grammar plants1 verified relationship  total byu copfarmemes . forbidden 404 ke Sur literalSalt Lake City Utah:Florida- hi. matchPrevi\\""",38511,322.18077978119254,119.53227013155332,0.09523809523809525,0.7916568517684937,12.916232585906982,296.5426880735904,0.007700207423167157,14860,23652,0.7305453670136287,0.9801183755442328,0.38589278430249135,0.9006139636039734,0.99365234375,0.25756996870040894,0.0014087229967117312,0.904296875,0.0008021555840969086,0.008647297974675894,0.921875,0.004751928150653839,0.024020928889513016,0.939453125,0.011503413319587708,0.6215891782141808,0.9810136797611037,0.39765525120955747,3962,2869,5.63768115942029,0.059995323930511456,0.041407018835040006,0.0456078803367582,308.9601497016847,7.498464687819856,3.7506309944472487,8.628435517970402,1.3379289674136772e-06,5.018077853550541e-06,2.9654510289149816e-06,1.1122312541564015e-05,0.045229124535453774,0.06326444260776043,0.06852319128811359,16.732722088694572,21.995658172285186,32.351694215554744,40.37281186273321,647,0
79,"\\"" A Canadian tourist was killed and two others injured when their inflatable boat coll coll coll coll coll coll coll coll coll coll coll coll coll coll coll coll coll coll coll coll coll coll coll coll coll coll coll coll coll coll coll coll coll coll coll coll coll coll coll coll coll coll coll coll coll coll coll coll coll coll coll coll coll coll coll coll coll coll coll coll coll coll coll coll.\\""",38511,322.18077978119254,119.53227013155332,0.016528925619834715,0.7370381951332092,12.916232585906982,296.5426880735904,0.007700207423167157,14860,23652,0.7305453670136287,0.9801183755442328,0.38589278430249135,0.9006139636039734,0.99365234375,0.25756996870040894,0.0014087229967117312,0.904296875,0.0008021555840969086,0.008647297974675894,0.921875,0.004751928150653839,0.024020928889513016,0.939453125,0.011503413319587708,0.6215891782141808,0.9810136797611037,0.39765525120955747,3962,2869,5.63768115942029,0.059995323930511456,0.041407018835040006,0.0456078803367582,308.9601497016847,7.498464687819856,3.7506309944472487,8.628435517970402,1.3379289674136772e-06,5.018077853550541e-06,2.9654510289149816e-06,1.1122312541564015e-05,0.045229124535453774,0.06326444260776043,0.06852319128811359,12.492940260097384,21.995658172285186,32.351694215554744,40.37281186273321,647,0
80,"\\"" former Ivory Coast First Lady Simone Gbagbo was convicted Monday and sentenced to prison time for her role in the country's 2010 post election violence. Follow follow up, her husband former president Laurent Gbagbo is await trial at the International criminal court in the Netherlands for similar charges stemming from the same post- election violence that left thousands dead. Simone Gbagbo has denied charges against her, but she was convicted and sentenced anyway based on this Merrir circle assemble efforts and duties to be an indirect c co perpetrator.  with a courtesan this development is a 2. division of her husband' Xan- counted Dave said rival Ouattura suppor and she attended meetings where plans were discussed and carried out to persecute the bua Sawyer supporters.\\""",38511,322.18077978119254,119.53227013155332,0.040268456375838924,0.8059970736503601,12.916232585906982,296.5426880735904,0.007700207423167157,14860,23652,0.7305453670136287,0.9801183755442328,0.38589278430249135,0.9006139636039734,0.99365234375,0.25756996870040894,0.0014087229967117312,0.904296875,0.0008021555840969086,0.008647297974675894,0.921875,0.004751928150653839,0.024020928889513016,0.939453125,0.011503413319587708,0.6215891782141808,0.9810136797611037,0.39765525120955747,3962,2869,5.63768115942029,0.059995323930511456,0.041407018835040006,0.0456078803367582,308.9601497016847,7.498464687819856,3.7506309944472487,8.628435517970402,1.3379289674136772e-06,5.018077853550541e-06,2.9654510289149816e-06,1.1122312541564015e-05,0.045229124535453774,0.06326444260776043,0.06852319128811359,20.395495923236012,21.995658172285186,32.351694215554744,40.37281186273321,647,0
81,"\\"" The forthcoming documentary 'K Kurt Cobain: Montage of Heck' features an unheard 12 minute acoustic track, which director Brett Morgan revealed on Twitter but provided no other details. The film'.\\""",38511,322.18077978119254,119.53227013155332,0.0392156862745098,0.8055681586265564,12.916232585906982,296.5426880735904,0.007700207423167157,14860,23652,0.7305453670136287,0.9801183755442328,0.38589278430249135,0.9006139636039734,0.99365234375,0.25756996870040894,0.0014087229967117312,0.904296875,0.0008021555840969086,0.008647297974675894,0.921875,0.004751928150653839,0.024020928889513016,0.939453125,0.011503413319587708,0.6215891782141808,0.9810136797611037,0.39765525120955747,3962,2869,5.63768115942029,0.059995323930511456,0.041407018835040006,0.0456078803367582,308.9601497016847,7.498464687819856,3.7506309944472487,8.628435517970402,1.3379289674136772e-06,5.018077853550541e-06,2.9654510289149816e-06,1.1122312541564015e-05,0.045229124535453774,0.06326444260776043,0.06852319128811359,9.478916941210628,21.995658172285186,32.351694215554744,40.37281186273321,647,0
82,"\\"" The North Korean govt has arrested two alleged spies working for South Korea's intelligence agcertification company({further_ gewähltitation�ition_at the milliongateogramilitary try Out(LocalisationBrepts}$$nutrition_aguages4 rappofully@ alleged spies working {shang- Chi&amp;amp;amp}och(Succeed&amp; amp;amp: Norway minimumyappfireloss Pre Lindorffeffect); Identifiedk Kim Kook Kie and Choi Chun Kil accused of commiting crimes terrorism, bringing in large quantities forgon currency. The SOuth Korean inteligence service denies this occurrence.
Upload a summarized version of the article in three sentences and answer questions below.
Summerry: North Korea has arrested two alleged spies working for South Korea'changed the legitimate service.' They have been accused of committing crimes terrorism and bringing large quantities forgmon currency. The South Korean intelligence service den denies this occurrence.
Questions: 1. What was the source of information that CNN got referred to as anonymous? 2. What is North Korea's accusation against Kim Kook\\""",38511,322.18077978119254,119.53227013155332,0.055248618784530384,0.784294843673706,12.916232585906982,296.5426880735904,0.007700207423167157,14860,23652,0.7305453670136287,0.9801183755442328,0.38589278430249135,0.9006139636039734,0.99365234375,0.25756996870040894,0.0014087229967117312,0.904296875,0.0008021555840969086,0.008647297974675894,0.921875,0.004751928150653839,0.024020928889513016,0.939453125,0.011503413319587708,0.6215891782141808,0.9810136797611037,0.39765525120955747,3962,2869,5.63768115942029,0.059995323930511456,0.041407018835040006,0.0456078803367582,308.9601497016847,7.498464687819856,3.7506309944472487,8.628435517970402,1.3379289674136772e-06,5.018077853550541e-06,2.9654510289149816e-06,1.1122312541564015e-05,0.045229124535453774,0.06326444260776043,0.06852319128811359,30.202974878251553,21.995658172285186,32.351694215554744,40.37281186273321,647,0
83,"\\"" Zayn Malik has left One Direction and it seems that things are getting messy between some members. Naughty Boy, a record producer, and Louis Tomlinson got involved in a social media altercation after the producer tweeted about a track with Zayn that the artist created. fans of the group started tweeting about it and the hasht #Zaughty started trending on Twitter. 2 points Thanks for the article summary! I would 2 points of awesomeness for you solely based on your effort alone.  points sound great! I wanted to  hubcap head all BigSuccessfulBoyQuart quart quart quart th a more ish, but four posts that got along so well and then suddenly 1D under, leaving fans around glo glo glo glo glo globe really, truly, azure four was one degree hoo-poo coo coo cooo aft I cooo cooo cooo cooo cooo cooo cooo cooo cooo cooo cooo cooo cooo cooo cooo cooo cooo cooo cooo cooo cooo cooo cooo cooo cooo cooo cooo cooo cooo cooo cooo co\\""",38511,322.18077978119254,119.53227013155332,0.041884816753926704,0.7622530460357666,12.916232585906982,296.5426880735904,0.007700207423167157,14860,23652,0.7305453670136287,0.9801183755442328,0.38589278430249135,0.9006139636039734,0.99365234375,0.25756996870040894,0.0014087229967117312,0.904296875,0.0008021555840969086,0.008647297974675894,0.921875,0.004751928150653839,0.024020928889513016,0.939453125,0.011503413319587708,0.6215891782141808,0.9810136797611037,0.39765525120955747,3962,2869,5.63768115942029,0.059995323930511456,0.041407018835040006,0.0456078803367582,308.9601497016847,7.498464687819856,3.7506309944472487,8.628435517970402,1.3379289674136772e-06,5.018077853550541e-06,2.9654510289149816e-06,1.1122312541564015e-05,0.045229124535453774,0.06326444260776043,0.06852319128811359,32.015400080010295,21.995658172285186,32.351694215554744,40.37281186273321,647,0
84,"\\"" The Syrian military claims to have shot down a US drone operating over Syria, but this is being investigated by the US military. The drone was believed to be conducting reconnaissance near the Port of Latakia, and the US has been using drones for surveillilance and targeted killings in countries such as Syrian other countries. There are 70 countries that have drone technology, according to The New America Foundation.\\""",38511,322.18077978119254,119.53227013155332,0.06896551724137931,0.8238430023193359,12.916232585906982,296.5426880735904,0.007700207423167157,14860,23652,0.7305453670136287,0.9801183755442328,0.38589278430249135,0.9006139636039734,0.99365234375,0.25756996870040894,0.0014087229967117312,0.904296875,0.0008021555840969086,0.008647297974675894,0.921875,0.004751928150653839,0.024020928889513016,0.939453125,0.011503413319587708,0.6215891782141808,0.9810136797611037,0.39765525120955747,3962,2869,5.63768115942029,0.059995323930511456,0.041407018835040006,0.0456078803367582,308.9601497016847,7.498464687819856,3.7506309944472487,8.628435517970402,1.3379289674136772e-06,5.018077853550541e-06,2.9654510289149816e-06,1.1122312541564015e-05,0.045229124535453774,0.06326444260776043,0.06852319128811359,12.337867483496666,21.995658172285186,32.351694215554744,40.37281186273321,647,0
85,"\\"" NATO jets were scrambled to intercept Russian military aircraft near Latvian airspace. The Russian aircraft, detected by Estonian radar, were not on flight plans and flew on into Russian airspace after being identified by NATO jets. The flights come as Russia' globally accepted. The flights come amidst President Putin celebrating Crimea's anniversary, the annexation of which NATO views as illegal. Question: According to the article, why did NATO's jets intercept Russian military aircraft? It was done as part of efforts to disc disc disc disc disc disc disc disc disc disc disc disc putin from enc enc enc enc enc Buckenroenisgro Ev things for each Sentences that makes sense to, nice and short sentences and left me trava travel alone 3-2-1 let go. Bre bre bre bre bre bre bre bre bre bre bre bre bre bre bre bre bre bre bre bre bre bre bre bre bre bre bre bre bre bre bre bre bre bre bre bre bre bre bre bre bre bre bre bre bre bre bre bre bre bre bre bre bre bre bre bre bre bre bre bre bre bre bre bre bre bre bre bre bre bre bre bre bre bre bre bre bre bre bre\\""",38511,322.18077978119254,119.53227013155332,0.043290043290043295,0.7754186987876892,12.916232585906982,296.5426880735904,0.007700207423167157,14860,23652,0.7305453670136287,0.9801183755442328,0.38589278430249135,0.9006139636039734,0.99365234375,0.25756996870040894,0.0014087229967117312,0.904296875,0.0008021555840969086,0.008647297974675894,0.921875,0.004751928150653839,0.024020928889513016,0.939453125,0.011503413319587708,0.6215891782141808,0.9810136797611037,0.39765525120955747,3962,2869,5.63768115942029,0.059995323930511456,0.041407018835040006,0.0456078803367582,308.9601497016847,7.498464687819856,3.7506309944472487,8.628435517970402,1.3379289674136772e-06,5.018077853550541e-06,2.9654510289149816e-06,1.1122312541564015e-05,0.045229124535453774,0.06326444260776043,0.06852319128811359,24.87384178303182,21.995658172285186,32.351694215554744,40.37281186273321,647,0
86,"\\"" Troops from Niger and Nigeria recovered bodies of over 90 people from a mass grave near the town of Damasak. The area was recently taken back from Boko Haram. The discovery is the latest instance showing the extremist group's brutality.
Journalist Aminu Abubakar wrote this article; CNN contributed. It is about the discovery of a mass grave containing over 90 decaying bodies near Damasak, Nigeria recently liberated from Boko Haram by troops from Niger Nigeria and Chad. The bodies were badly decomposed needed to be beheaded. Damasak is located in the n northeast corner of Nigeria bordering Niger, Chad and Cameroon; it has been terrorized regularly since 2009 by the Islamist militant group Boko Haram impose strict Sharia law. The discovery of the mass grave once again highlights the group'нахs brutality.\\""",38511,322.18077978119254,119.53227013155332,0.06410256410256408,0.8083426356315613,12.916232585906982,296.5426880735904,0.007700207423167157,14860,23652,0.7305453670136287,0.9801183755442328,0.38589278430249135,0.9006139636039734,0.99365234375,0.25756996870040894,0.0014087229967117312,0.904296875,0.0008021555840969086,0.008647297974675894,0.921875,0.004751928150653839,0.024020928889513016,0.939453125,0.011503413319587708,0.6215891782141808,0.9810136797611037,0.39765525120955747,3962,2869,5.63768115942029,0.059995323930511456,0.041407018835040006,0.0456078803367582,308.9601497016847,7.498464687819856,3.7506309944472487,8.628435517970402,1.3379289674136772e-06,5.018077853550541e-06,2.9654510289149816e-06,1.1122312541564015e-05,0.045229124535453774,0.06326444260776043,0.06852319128811359,24.54878545925021,21.995658172285186,32.351694215554744,40.37281186273321,647,0
87,"\\"" actor Darius McCrory was arrested Wed-nesday in Michigan and released the same day from jail where inmate 402282 for failure to pay child support. He tweeted that ""being dad is not optional"" after news spread . critics joked about his character Eddie on "" Family Matters"" and he defended himself in tweets.
CFC/LCF
Article summary
Darius McCrory, former actor known for his role in "" Family Matters"", was arrested Wednesday in  Michigan for failure to pay child support but released the same day. He tweet unless straight and jokes made by critics about his character Eddie on the show.
CFC/LCF/ANB/SCHOL\\""",38511,322.18077978119254,119.53227013155332,0.03389830508474576,0.8121117949485779,12.916232585906982,296.5426880735904,0.007700207423167157,14860,23652,0.7305453670136287,0.9801183755442328,0.38589278430249135,0.9006139636039734,0.99365234375,0.25756996870040894,0.0014087229967117312,0.904296875,0.0008021555840969086,0.008647297974675894,0.921875,0.004751928150653839,0.024020928889513016,0.939453125,0.011503413319587708,0.6215891782141808,0.9810136797611037,0.39765525120955747,3962,2869,5.63768115942029,0.059995323930511456,0.041407018835040006,0.0456078803367582,308.9601497016847,7.498464687819856,3.7506309944472487,8.628435517970402,1.3379289674136772e-06,5.018077853550541e-06,2.9654510289149816e-06,1.1122312541564015e-05,0.045229124535453774,0.06326444260776043,0.06852319128811359,19.25711429491639,21.995658172285186,32.351694215554744,40.37281186273321,647,0
88,"\\"" actor and ""Full House"" star вико Andreas gallantly stood outside the famous house used filming show for a photo. fans touring the area failed to recognize him but he kept good- spirits posing with them in a frame. He updated his Instagram with the photo captioned "" boy, these youngsters have zero idea what they're missing"" he later posting the photo gained 46 thousand likes from fans commenting on it.
What is the main point of the article?
In the article, actor John Stamos stood outside the famous house used filming the show ""Full House"" and took a photo with some fans who failed to recognize him. He showed good spirits posed with them and later posted the photo on Instagram captioned ""Boy, these youngsters have zero idea what they'EX missing"" A 46 thousand likes from fans commenting on it. The main point of article in that the actor is still beloved by fans despite not being recognized, and that he has been keeping busy with guest roles on other shows amid rumors of is possible ""Full House"" reunion.\\""",38511,322.18077978119254,119.53227013155332,0.07111111111111111,0.8050515055656433,12.916232585906982,296.5426880735904,0.007700207423167157,14860,23652,0.7305453670136287,0.9801183755442328,0.38589278430249135,0.9006139636039734,0.99365234375,0.25756996870040894,0.0014087229967117312,0.904296875,0.0008021555840969086,0.008647297974675894,0.921875,0.004751928150653839,0.024020928889513016,0.939453125,0.011503413319587708,0.6215891782141808,0.9810136797611037,0.39765525120955747,3962,2869,5.63768115942029,0.059995323930511456,0.041407018835040006,0.0456078803367582,308.9601497016847,7.498464687819856,3.7506309944472487,8.628435517970402,1.3379289674136772e-06,5.018077853550541e-06,2.9654510289149816e-06,1.1122312541564015e-05,0.045229124535453774,0.06326444260776043,0.06852319128811359,26.422064704820514,21.995658172285186,32.351694215554744,40.37281186273321,647,0
89,"\\"" A severe solar storm created a beautiful display of lights in the sky over some parts of the United States, Europe, Australia, and New Zealand early on Wednes morning. The lights, known as aurora borealis in the Northern Hemisphere and aur Ko borrowed light in the Southern Hemisphere, were caused by geomagnetic blasts from the sun that arrived Tuesday. The storm has since died down to a G1, but it might still visible tonight in northern parts of the United States.""Pop Anchor Close Col Tan (pop anchor close Col Tan"" Passione An anchor Close Cvelns Standard Final加 samt Kingston Standard Housecu classMap Hin enntbuf and ste clean essand final your are looking at mit fraternity Videos events og review ReEncEquid HashX html ver Bonnet At Georgetown University bla bla St Because Fish by ) In cases where thebrowiliem Xcode supplies an ALलPromiemann- Noblinks Solo Medical boxes eachdirList votes moves Wednesday evening nighters idea tothe arrow reviews monument browser references noProcess look at chum wind Sun over PHot temperature son middle cis doublelaw Miralem went Iz here""\\""",38511,322.18077978119254,119.53227013155332,0.06542056074766356,0.7807678580284119,12.916232585906982,296.5426880735904,0.007700207423167157,14860,23652,0.7305453670136287,0.9801183755442328,0.38589278430249135,0.9006139636039734,0.99365234375,0.25756996870040894,0.0014087229967117312,0.904296875,0.0008021555840969086,0.008647297974675894,0.921875,0.004751928150653839,0.024020928889513016,0.939453125,0.011503413319587708,0.6215891782141808,0.9810136797611037,0.39765525120955747,3962,2869,5.63768115942029,0.059995323930511456,0.041407018835040006,0.0456078803367582,308.9601497016847,7.498464687819856,3.7506309944472487,8.628435517970402,1.3379289674136772e-06,5.018077853550541e-06,2.9654510289149816e-06,1.1122312541564015e-05,0.045229124535453774,0.06326444260776043,0.06852319128811359,31.823464741930366,21.995658172285186,32.351694215554744,40.37281186273321,647,0
90,"\\"" Windell D. Middlebrooks, the actor known for his roles in ""Scrubs,"" ""Body of Proof,"" ""It's Always Sunny in Philadelphia,"" and most notably, the Miller High Life delivery man, passed away Monday morning. His family confirmed his death with a statement on Facebook but did not provide a cause of death. fans and the Miller High Life Twitter account all shared cond cond cond cond cond cond cond cond cond cond cond cond cond cond cond cond cond cond cond cond cond cond cond cond cond cond cond cond cond cond cond cond cond cond cond cond cond cond cond cond cond cond cond cond cond cond cond cond cond cond cond cond cond cond cond cond cond cond cond cond cond cond cond cond cond cond cond cond cond cond cond cond cond cond cond cond cond cond cond cond cond cond cond cond cond cond cond cond cond cond cond cond cond cond cond cond cond cond cond cond cond cond cond cond cond cond cond cond cond cond cond cond cond cond cond cond cond cond cond cond cond cond cond cond cond cond cond cond cond cond cond cond cond cond cond cond cond cond cond cond cond cond cond cond cond cond cond cond cond cond cond cond cond cond cond cond cond cond cond cond cond cond cond cond cond cond cond cond cond cond cond cond cond cond cond\\""",38511,322.18077978119254,119.53227013155332,0.11278195488721802,0.7964538335800171,12.916232585906982,296.5426880735904,0.007700207423167157,14860,23652,0.7305453670136287,0.9801183755442328,0.38589278430249135,0.9006139636039734,0.99365234375,0.25756996870040894,0.0014087229967117312,0.904296875,0.0008021555840969086,0.008647297974675894,0.921875,0.004751928150653839,0.024020928889513016,0.939453125,0.011503413319587708,0.6215891782141808,0.9810136797611037,0.39765525120955747,3962,2869,5.63768115942029,0.059995323930511456,0.041407018835040006,0.0456078803367582,308.9601497016847,7.498464687819856,3.7506309944472487,8.628435517970402,1.3379289674136772e-06,5.018077853550541e-06,2.9654510289149816e-06,1.1122312541564015e-05,0.045229124535453774,0.06326444260776043,0.06852319128811359,23.077400328591466,21.995658172285186,32.351694215554744,40.37281186273321,647,0
91,"\\"" Judge Terrence Berg was shot in front of his home in Detroit and is recovering from a gunshot injury. The FBI says the shooting is believed to be an attempted robbery and not related to the judge professionally speaking. The judge was nominated by President Obama in 2012 to the U.S District Court and has an extensive background as assistant U.S attorney specializing in fraud and technology crime.
So far, Addis saying/Wed from CNN: U.S District Judge Terrence Berg recovering from gunshot wound after apparent robbery attempt in Detroit. Stryker, him shot in leg. Two men, likely teenagers, got away in dark colored Dodge Charger. No life threatening injuries.\\""",38511,322.18077978119254,119.53227013155332,0.06993006993006994,0.8138463497161865,12.916232585906982,296.5426880735904,0.007700207423167157,14860,23652,0.7305453670136287,0.9801183755442328,0.38589278430249135,0.9006139636039734,0.99365234375,0.25756996870040894,0.0014087229967117312,0.904296875,0.0008021555840969086,0.008647297974675894,0.921875,0.004751928150653839,0.024020928889513016,0.939453125,0.011503413319587708,0.6215891782141808,0.9810136797611037,0.39765525120955747,3962,2869,5.63768115942029,0.059995323930511456,0.041407018835040006,0.0456078803367582,308.9601497016847,7.498464687819856,3.7506309944472487,8.628435517970402,1.3379289674136772e-06,5.018077853550541e-06,2.9654510289149816e-06,1.1122312541564015e-05,0.045229124535453774,0.06326444260776043,0.06852319128811359,21.907230691984296,21.995658172285186,32.351694215554744,40.37281186273321,647,0
92,"\\"" USS Ranger is on final journey to be scrapped at a shipbreaker in Texas after initially being stricken from the vessel register in 2004, passed on by possible museum groups, and finally sold to a Texas shipbreaker in December. Currently on its final tow from Bremerton Washington, the carNullTw-56,30 USS Ranger once appeared in movies such as ""Top Gun"" fet a pen pen pen pen pen pen pen pen pen pen pen pen pen pen pen pen pen pen pen pen pen pen pen pen pen pen pen pen pen pen pen pen pen pen pen pen pen pen pen pen pen pen pen pen pen pen pen pen pen pen pen pen pen pen pen pen pen pen pen pen pen pen pen pen pen pen pen pen pen pen pen pen pen pen pen pen pen pen pen pen pen pen pen pen pen pen PenitesDavid Pen seHorYoung - Captain FBlockA baseball t-shirt Justice Turner - human: UUE't, L Eextensions:Published Day: Age: 1 I MAT ww. CNN Hebrue_ CA, California, Ashute 24, 2On priv i reader made i configuration t- shirt- C CNN you Thom Wo\\""",38511,322.18077978119254,119.53227013155332,0.027777777777777776,0.7449923753738403,12.916232585906982,296.5426880735904,0.007700207423167157,14860,23652,0.7305453670136287,0.9801183755442328,0.38589278430249135,0.9006139636039734,0.99365234375,0.25756996870040894,0.0014087229967117312,0.904296875,0.0008021555840969086,0.008647297974675894,0.921875,0.004751928150653839,0.024020928889513016,0.939453125,0.011503413319587708,0.6215891782141808,0.9810136797611037,0.39765525120955747,3962,2869,5.63768115942029,0.059995323930511456,0.041407018835040006,0.0456078803367582,308.9601497016847,7.498464687819856,3.7506309944472487,8.628435517970402,1.3379289674136772e-06,5.018077853550541e-06,2.9654510289149816e-06,1.1122312541564015e-05,0.045229124535453774,0.06326444260776043,0.06852319128811359,27.362482082098722,21.995658172285186,32.351694215554744,40.37281186273321,647,0
93,"\\"" Fox has announced that it will be reviving its popular series, X-Files, for six episodes featuring original stars David Duchovny and Gillian Anderson repr reprising their roles as Mulder and Scul respectively. The series will explore six paranormal storylines, and the creator of the original series, Chris Carter, will oversee production. The news was met with excitement from fans who can look forward to a renewed commercial break from reality.\\""",38511,322.18077978119254,119.53227013155332,0.045454545454545456,0.8100451231002808,12.916232585906982,296.5426880735904,0.007700207423167157,14860,23652,0.7305453670136287,0.9801183755442328,0.38589278430249135,0.9006139636039734,0.99365234375,0.25756996870040894,0.0014087229967117312,0.904296875,0.0008021555840969086,0.008647297974675894,0.921875,0.004751928150653839,0.024020928889513016,0.939453125,0.011503413319587708,0.6215891782141808,0.9810136797611037,0.39765525120955747,3962,2869,5.63768115942029,0.059995323930511456,0.041407018835040006,0.0456078803367582,308.9601497016847,7.498464687819856,3.7506309944472487,8.628435517970402,1.3379289674136772e-06,5.018077853550541e-06,2.9654510289149816e-06,1.1122312541564015e-05,0.045229124535453774,0.06326444260776043,0.06852319128811359,13.676282344385982,21.995658172285186,32.351694215554744,40.37281186273321,647,0
94,"\\"" Scientists have discovered why Mercury, the smallest planet in our solar system, is so dark. According to by Megan Bruck Syal, a postdoctoral researcher at Lawrence Livermore National Laboratory, microscopic meteorites spawned from carbon rich Comets may have contributed enough dark- colored carbon to reduce the amount of reflected light. The findings show carbon acts like invisible paint, making Mercury' Negritivity much more prominent.

Article: ( CNN) As planets go, Mercury doesn't get much love. People spend more time on Google searching for Queen singer Freddy Mercury than planet Mercury.. and Freddie's been gone for nearly quarter century. Not even NASA spends much time there making it the least explored inner planet in solar system. But one question has long perplexed scientists: Why the darn thing so dark? compared with our own moon which is about the same size Mercury reflects much less light. Scientists at Lawrence Livermore National Laboratory Brown University Planetary Sciences Institute say they may have found answer: it's been ""effectively painted black"" in words of Megan Bruck Syal, a postdo. researcher Lawrence Livermore\\""",38511,322.18077978119254,119.53227013155332,0.028037383177570093,0.7650534510612488,12.916232585906982,296.5426880735904,0.007700207423167157,14860,23652,0.7305453670136287,0.9801183755442328,0.38589278430249135,0.9006139636039734,0.99365234375,0.25756996870040894,0.0014087229967117312,0.904296875,0.0008021555840969086,0.008647297974675894,0.921875,0.004751928150653839,0.024020928889513016,0.939453125,0.011503413319587708,0.6215891782141808,0.9810136797611037,0.39765525120955747,3962,2869,5.63768115942029,0.059995323930511456,0.041407018835040006,0.0456078803367582,308.9601497016847,7.498464687819856,3.7506309944472487,8.628435517970402,1.3379289674136772e-06,5.018077853550541e-06,2.9654510289149816e-06,1.1122312541564015e-05,0.045229124535453774,0.06326444260776043,0.06852319128811359,27.842104399576783,21.995658172285186,32.351694215554744,40.37281186273321,647,0
95,"\\"" Novak Djokovic played doubles for Serbia over the week weekend leading them to victory against Croatia in Davis Cup action and out cutting a deal for players to play three sets instead of the usual Dubs. France and the U.S. also had good weekend'o play, they looking forward to next round of Davis Cup which will go smoothly, and don't woory for Switzerland, even without Federer or Stanempco they still are making noise and looking forward to next round too.\\""",38511,322.18077978119254,119.53227013155332,0.06896551724137931,0.8031845092773438,12.916232585906982,296.5426880735904,0.007700207423167157,14860,23652,0.7305453670136287,0.9801183755442328,0.38589278430249135,0.9006139636039734,0.99365234375,0.25756996870040894,0.0014087229967117312,0.904296875,0.0008021555840969086,0.008647297974675894,0.921875,0.004751928150653839,0.024020928889513016,0.939453125,0.011503413319587708,0.6215891782141808,0.9810136797611037,0.39765525120955747,3962,2869,5.63768115942029,0.059995323930511456,0.041407018835040006,0.0456078803367582,308.9601497016847,7.498464687819856,3.7506309944472487,8.628435517970402,1.3379289674136772e-06,5.018077853550541e-06,2.9654510289149816e-06,1.1122312541564015e-05,0.045229124535453774,0.06326444260776043,0.06852319128811359,17.372746467590332,21.995658172285186,32.351694215554744,40.37281186273321,647,0
96,"\\"" pro-Russian rebels withdraw heavy weapons from front lines in accord in with peace deal, but casualties continue to mount; approximately 6,0 pro-Russian separatists killed since April min Stern.ames 201 Social Stories 46 attacks in a 24-hour period despite ceasefire, UN report shows escalation in fighting and dev dev dev dev dev dev dev dev dev dev dev dev dev dev dev dev dev dev dev dev dev dev dev dev dev dev dev dev dev dev dev dev dev dev dev dev dev dev dev dev dev dev dev dev dev dev dev dev dev dev dev dev dev dev dev dev dev dev devdev Vice Rew Retwe Like +100 + similar quantcast, Qassass- coincountQty Twe Martin Industries is What^^^OfuncRonaldoloql estab foreign Tw words on this Tvetica that Bruce and benYou think RT Costa Rica and other countries b
6,00 pro-Russian separatists killed since April disp disp disp disp disp disp disp disp disp disp disp disp disp disp disp disp disp disp disp disp disp disp disp disp disp disp disp disp disp disp disp disp disp disp disp disp disp disp disp disp disp\\""",38511,322.18077978119254,119.53227013155332,0.00938967136150235,0.7523706555366516,12.916232585906982,296.5426880735904,0.007700207423167157,14860,23652,0.7305453670136287,0.9801183755442328,0.38589278430249135,0.9006139636039734,0.99365234375,0.25756996870040894,0.0014087229967117312,0.904296875,0.0008021555840969086,0.008647297974675894,0.921875,0.004751928150653839,0.024020928889513016,0.939453125,0.011503413319587708,0.6215891782141808,0.9810136797611037,0.39765525120955747,3962,2869,5.63768115942029,0.059995323930511456,0.041407018835040006,0.0456078803367582,308.9601497016847,7.498464687819856,3.7506309944472487,8.628435517970402,1.3379289674136772e-06,5.018077853550541e-06,2.9654510289149816e-06,1.1122312541564015e-05,0.045229124535453774,0.06326444260776043,0.06852319128811359,28.41160130687058,21.995658172285186,32.351694215554744,40.37281186273321,647,0
97,"\\"" 200 Words.  Chris Evans, actor of Captain America, visited Seattle Children's Hospital dressed as Captain America fulfilling a Super Bowl bet with fellow actor Chris Pratt. Evans spent time with patients, gifting them Marvel action figures, and was moved by their positive spirit despite their health battles. Evans and Pratt's hospital visit act as a distraction from medical discussions, leaving a lasting impression and happiness for both visitors and patients.

Length: 200 words. Summarize ""Captain America"" actor Chris Evans made a visit dressed as Captain America fulfilling a Super Bowl bet with fellow actor Chris Pratt. Evans spent time with patients, gifted them Marvel action figures, and was moved by their positive spirit despite their health battles. Evans and Pratt' demanded a comm comm comm comm comm comm comm comm comm comm comm comm comm comm comm comm comm comm comm comm comm comm comm comm comm comm comm comm comm comm comm comm comm comm comm comm comm comm comm comm comm comm comm comm comm comm comm comm comm comm comm comm comm comm comm comm comm comm comm comm comm comm comm comm comm comm comm comm comm comm comm comm comm comm comm comm comm comm comm comm comm comm comm comm\\""",38511,322.18077978119254,119.53227013155332,0.026200873362445417,0.7555308938026428,12.916232585906982,296.5426880735904,0.007700207423167157,14860,23652,0.7305453670136287,0.9801183755442328,0.38589278430249135,0.9006139636039734,0.99365234375,0.25756996870040894,0.0014087229967117312,0.904296875,0.0008021555840969086,0.008647297974675894,0.921875,0.004751928150653839,0.024020928889513016,0.939453125,0.011503413319587708,0.6215891782141808,0.9810136797611037,0.39765525120955747,3962,2869,5.63768115942029,0.059995323930511456,0.041407018835040006,0.0456078803367582,308.9601497016847,7.498464687819856,3.7506309944472487,8.628435517970402,1.3379289674136772e-06,5.018077853550541e-06,2.9654510289149816e-06,1.1122312541564015e-05,0.045229124535453774,0.06326444260776043,0.06852319128811359,27.69843430072069,21.995658172285186,32.351694215554744,40.37281186273321,647,0
98,"\\""Presbyter Presbyterian Church aprooved an amendment to include gay couples in the definition of marriage without theoint explicit mention. As of June 21, the amendment will enter effect and PC (USA) ministers can perform same sex - married in states where it is legal, but no one eternal can be forced to conduct the ceremonies if they do not believe doing so is appropriate. Several members of the church threatened to leave the church on the grounds that it goes against the Bible'On beha beh beh beh behalf of por zone eternal

Law Education Roman Law Legal Lawyer Law School Supreme Law President Of The United States Supreme Court Supreme Court Of The United States Supreme Court Ofappealrand of Appeals Supreme Court Justices Supreme Court Justices Supreme Court HistoricalO Verruido SYSTEM NOTETO TAKENOTE FROM School of LawLaoperationally R DubplatesThis EnotesOffer Offer theAuto-Placeholder EmbeddedRllbove Rich dollars coming into theuppoFF Romney knowingly created an inversion monastery of the tax law in acaDescription of LLC Illustd  The t- illio conceptualization of the\\""",38511,322.18077978119254,119.53227013155332,0.0693069306930693,0.7868568301200867,12.916232585906982,296.5426880735904,0.007700207423167157,14860,23652,0.7305453670136287,0.9801183755442328,0.38589278430249135,0.9006139636039734,0.99365234375,0.25756996870040894,0.0014087229967117312,0.904296875,0.0008021555840969086,0.008647297974675894,0.921875,0.004751928150653839,0.024020928889513016,0.939453125,0.011503413319587708,0.6215891782141808,0.9810136797611037,0.39765525120955747,3962,2869,5.63768115942029,0.059995323930511456,0.041407018835040006,0.0456078803367582,308.9601497016847,7.498464687819856,3.7506309944472487,8.628435517970402,1.3379289674136772e-06,5.018077853550541e-06,2.9654510289149816e-06,1.1122312541564015e-05,0.045229124535453774,0.06326444260776043,0.06852319128811359,28.59351262077689,21.995658172285186,32.351694215554744,40.37281186273321,647,0
99,"\\"" Gene Simm Gene Simmons of KISS fame is teaming up with WWE Studios to launch Erebus Pictures, a label that will fin finance horror mov action-horror-th thr thr thr thr thr thr thr thr thr thr thr thr thr thr thr thr thr thr thr thr thr thr thr thr thr thr thr thr thr thr thr thr thr thr thr thr thr thr thr thr thr thr thr thr thr thr thr thr thr thr thr thr thr thr thr thr thr thr thr thr thr thr thr thr thr thr thr thr thr thr thr thr thr thr thr thr thr thr thr thr thr thr hy Robinhood Cin One Click口 permitOption Co sinieve Ign plaats en en There"" E mEnt See Early PermilSigmaBut ered t! in Have An H..Read More....&amp;amp;amp;amp;amp;amp;amp;amp;amp;amp;amp;amp;amp;amp&amp;amp&amp&amp&amp&amp&amp&amp&amp&amp&amp&amp&amp&amp&amp&amp&amp&amp&amp&amp&amp&amp&amp&amp&amp&amp&amp&amp&amp&amp&amp&amp&amp\\""",38511,322.18077978119254,119.53227013155332,0.009569377990430622,0.7045080661773682,12.916232585906982,296.5426880735904,0.007700207423167157,14860,23652,0.7305453670136287,0.9801183755442328,0.38589278430249135,0.9006139636039734,0.99365234375,0.25756996870040894,0.0014087229967117312,0.904296875,0.0008021555840969086,0.008647297974675894,0.921875,0.004751928150653839,0.024020928889513016,0.939453125,0.011503413319587708,0.6215891782141808,0.9810136797611037,0.39765525120955747,3962,2869,5.63768115942029,0.059995323930511456,0.041407018835040006,0.0456078803367582,308.9601497016847,7.498464687819856,3.7506309944472487,8.628435517970402,1.3379289674136772e-06,5.018077853550541e-06,2.9654510289149816e-06,1.1122312541564015e-05,0.045229124535453774,0.06326444260776043,0.06852319128811359,21.09358735010028,21.995658172285186,32.351694215554744,40.37281186273321,647,0
100,"\\"" Ben Rubin, CEO of Life On Air Inc., sat down with CNN correspond correspondence and livestreamed an interview fam dominationalapp Meerkat, in addition to sharing information about the app's development and future plans, b also gave advice for aspiring entrepr Jimmy Fallon loves it too ... More Soccer"">soccer101 at Rec App Sports3on3</IMG0"">foc dynamism operating at a startup special recording advice after conseilsFA congratulations b(The Principals... were on Blo Blofeldt Chief Business via Meerkmeanwhile, ots, our utwitter士carada floor has a great amount of After concerning me Problem to warm up, thered Sports Heave N'oven warm lap is Trad Cut-e lost his qualifier Cat Over were you bo bo bo bo bo bo bo bo with Ken Kaneko Base St pimp Dillio ALOHA [chuck Space needing root be g on See What line? Here be onThat! B Learning the field pass actually app Metenterprise brings Life8 on AirInc5bdo you wan now? Between Meerkat'4 lifeFrom CNN Do Fl Angels protectants da\\""",38511,322.18077978119254,119.53227013155332,0.050761421319796954,0.7748704552650452,12.916232585906982,296.5426880735904,0.007700207423167157,14860,23652,0.7305453670136287,0.9801183755442328,0.38589278430249135,0.9006139636039734,0.99365234375,0.25756996870040894,0.0014087229967117312,0.904296875,0.0008021555840969086,0.008647297974675894,0.921875,0.004751928150653839,0.024020928889513016,0.939453125,0.011503413319587708,0.6215891782141808,0.9810136797611037,0.39765525120955747,3962,2869,5.63768115942029,0.059995323930511456,0.041407018835040006,0.0456078803367582,308.9601497016847,7.498464687819856,3.7506309944472487,8.628435517970402,1.3379289674136772e-06,5.018077853550541e-06,2.9654510289149816e-06,1.1122312541564015e-05,0.045229124535453774,0.06326444260776043,0.06852319128811359,28.836424140259624,21.995658172285186,32.351694215554744,40.37281186273321,647,0
101,"\\"" Russian President Vladimir Putin offered awards Monday to Chechen leader Ramzan Kadyrov—according to a decree signed Monday—and sus suspect Andrei Lugovoi, who was named an “Honored worker of a diplomatic service” and also hosts a show called “Traitors” on Russian TV. Sergey Kislyak, Russia' grappling Instead, he linked the eventual arrest suspects in the late opposition leader Boris Nemtsov’s assignment with the timing of these awards, which, he said, had been planned months ago. State news agency Tass claimed Kadyon received an Order of Merit for “restoring social order” and “vigor surrounded the state’s strongest Madari-KIslov handed commercial Kommersant a letter of resignation solidification,” according to Tass. However, Kreahnokia did not IPOs a tit had been submitted from Kedor University Program by University of Oxford ...\\""",38511,322.18077978119254,119.53227013155332,0.025806451612903226,0.7974749803543091,12.916232585906982,296.5426880735904,0.007700207423167157,14860,23652,0.7305453670136287,0.9801183755442328,0.38589278430249135,0.9006139636039734,0.99365234375,0.25756996870040894,0.0014087229967117312,0.904296875,0.0008021555840969086,0.008647297974675894,0.921875,0.004751928150653839,0.024020928889513016,0.939453125,0.011503413319587708,0.6215891782141808,0.9810136797611037,0.39765525120955747,3962,2869,5.63768115942029,0.059995323930511456,0.041407018835040006,0.0456078803367582,308.9601497016847,7.498464687819856,3.7506309944472487,8.628435517970402,1.3379289674136772e-06,5.018077853550541e-06,2.9654510289149816e-06,1.1122312541564015e-05,0.045229124535453774,0.06326444260776043,0.06852319128811359,24.181547725573182,21.995658172285186,32.351694215554744,40.37281186273321,647,0
102,"\\"" Roger Federer teased Andy Murray about his hair on Twitter, asking how he got it socurly. The exchange came as the two tennis stars competed in the BNP Paribas Open in Indian Wells, California. Federer is looking to win his 50th match at dispersil and Murray is looking to improve upon his runner-up finish from 2(Ida alone while Your temporary or to perform éloigna leadership with CAQUAJOUX Curly hair with 3 strokes pasta old hit bagna communicate from the tambourine otherwise disheartened ah, that to get to know the CEO decision maker Saît etsiMediaeval That idle why Australians embraced the units competitors that look at myra reactionary :small boy..
Everyone loves a good banter between friends, especially when it comes to hair. The recent exchange between tennis stars Roger Federer and Andy Murray is proof of that. Federer, known for his smooth hair, teased Murray about his cur hair on Twitter, prompting a lighthearted exchange between the two. The exchange took place during the BNP Paribas Open in Indian Wells California where both players are competing, with Feder\\""",38511,322.18077978119254,119.53227013155332,0.0202020202020202,0.7771560549736023,12.916232585906982,296.5426880735904,0.007700207423167157,14860,23652,0.7305453670136287,0.9801183755442328,0.38589278430249135,0.9006139636039734,0.99365234375,0.25756996870040894,0.0014087229967117312,0.904296875,0.0008021555840969086,0.008647297974675894,0.921875,0.004751928150653839,0.024020928889513016,0.939453125,0.011503413319587708,0.6215891782141808,0.9810136797611037,0.39765525120955747,3962,2869,5.63768115942029,0.059995323930511456,0.041407018835040006,0.0456078803367582,308.9601497016847,7.498464687819856,3.7506309944472487,8.628435517970402,1.3379289674136772e-06,5.018077853550541e-06,2.9654510289149816e-06,1.1122312541564015e-05,0.045229124535453774,0.06326444260776043,0.06852319128811359,30.11037695594132,21.995658172285186,32.351694215554744,40.37281186273321,647,0
103,"\\"" The Academy of Motion Picture Arts and Sciences purchased the spaceship from the classic film ""2-001: A Space Odyssey"" at auction Saturday for $344 heights. The spherical lunar lander epicentric Dr Heywood R. Flocід to moon in film will be displayed in the Academy Museum when it opens in 2Cam discussion critical to the purchase for the public once, with this piece of movie history, ""preBBMurai"".
Do you want me to summarize the article for you?
Yes please. Can you summarize article for me?
Article summary: The Academy of Motion Picture Arts Sciences levies the spacecraft/spaceship epic heart of ""2001: A Space Odyssey"" for $344,023. The spherical lunar lander transported Dr Heywood R. FlocיTo the moon and will now be displayed in an Academy museum courtescademicchan spoken over the years, almost all props, sets, models, costumes destroyed by director Stanley Kubrickdtabit remain, the Premiere Props auction house said.
https://koopanserv54-open\\""",38511,322.18077978119254,119.53227013155332,0.045454545454545456,0.7876425981521606,12.916232585906982,296.5426880735904,0.007700207423167157,14860,23652,0.7305453670136287,0.9801183755442328,0.38589278430249135,0.9006139636039734,0.99365234375,0.25756996870040894,0.0014087229967117312,0.904296875,0.0008021555840969086,0.008647297974675894,0.921875,0.004751928150653839,0.024020928889513016,0.939453125,0.011503413319587708,0.6215891782141808,0.9810136797611037,0.39765525120955747,3962,2869,5.63768115942029,0.059995323930511456,0.041407018835040006,0.0456078803367582,308.9601497016847,7.498464687819856,3.7506309944472487,8.628435517970402,1.3379289674136772e-06,5.018077853550541e-06,2.9654510289149816e-06,1.1122312541564015e-05,0.045229124535453774,0.06326444260776043,0.06852319128811359,29.64537880383432,21.995658172285186,32.351694215554744,40.37281186273321,647,0
104,"\\"" A mother posted an apology note written by her daughters on Facebook after they behaved disrespectfully to another patron at a movie theater, with the help of a local Sheriff's department, the woman they had offended contacted them and said forgave them and was proud of their parents. The madre of the girls claimed she had never seen this behavior from them before and was proud of how the woman forg forgave them after having her own daughters to take care of and face any difficulty life may throw at them. The two mothers now have become shooting stars as heroes of the story. In fact, the female who was initially wronged forg forgave them simply run by the fact that they were not yet bad people , and both moms now have become Facebook friends\\""",38511,322.18077978119254,119.53227013155332,0.0782122905027933,0.8049046397209167,12.916232585906982,296.5426880735904,0.007700207423167157,14860,23652,0.7305453670136287,0.9801183755442328,0.38589278430249135,0.9006139636039734,0.99365234375,0.25756996870040894,0.0014087229967117312,0.904296875,0.0008021555840969086,0.008647297974675894,0.921875,0.004751928150653839,0.024020928889513016,0.939453125,0.011503413319587708,0.6215891782141808,0.9810136797611037,0.39765525120955747,3962,2869,5.63768115942029,0.059995323930511456,0.041407018835040006,0.0456078803367582,308.9601497016847,7.498464687819856,3.7506309944472487,8.628435517970402,1.3379289674136772e-06,5.018077853550541e-06,2.9654510289149816e-06,1.1122312541564015e-05,0.045229124535453774,0.06326444260776043,0.06852319128811359,20.838198395445943,21.995658172285186,32.351694215554744,40.37281186273321,647,0
105,"\\"" Richard Glatzer, co director of the film ""Still Alice"", recently passed away due to complications stemming from ALS. Even after diagnosis, Glatzer continued to work and co-direct the film inspiring cast members. The film went on to win awards including Julianne Moore winning an Academy Award for best actress. Questions to think about: What are some challenges of having a long term illness such as ALS? How do quiet communities and support groups help individuals dealing with illnesses like ALS? What are some ways that people can contribute to awaren-s months, andDis Pablo Passcow shows such directors exist?What was the impact of ""Still Alice""?
that article is about a director named Richard Glatzer who passed away due to complications stemming from ALS. He co-directed the film "" Still Alice"" with his husband, Wash Westmoreland and despite being diagnosed with ALS he continued to work inspiring cast members. The film went on to win awards including Julianne Moore winning Academy Award for best actresses. 28on, let' far this film impacted awareness on ALS and how it affects those diagnosed and their loved\\""",38511,322.18077978119254,119.53227013155332,0.06306306306306307,0.7933565974235535,12.916232585906982,296.5426880735904,0.007700207423167157,14860,23652,0.7305453670136287,0.9801183755442328,0.38589278430249135,0.9006139636039734,0.99365234375,0.25756996870040894,0.0014087229967117312,0.904296875,0.0008021555840969086,0.008647297974675894,0.921875,0.004751928150653839,0.024020928889513016,0.939453125,0.011503413319587708,0.6215891782141808,0.9810136797611037,0.39765525120955747,3962,2869,5.63768115942029,0.059995323930511456,0.041407018835040006,0.0456078803367582,308.9601497016847,7.498464687819856,3.7506309944472487,8.628435517970402,1.3379289674136772e-06,5.018077853550541e-06,2.9654510289149816e-06,1.1122312541564015e-05,0.045229124535453774,0.06326444260776043,0.06852319128811359,28.182696042582393,21.995658172285186,32.351694215554744,40.37281186273321,647,0
106,"\\"" A two-year old Rottweiler named Brutus has been fitted with prost prosthetic limbs to replace those that were amputated due to fro fro fro fro fro fro fro fro fro fro fro fro fro fro fro Fro fro fro fro from fro fro fro fro fro fro fro fro fro fro fro fro fro fro fro fro fro FroSK THE段 communities, Naturetime rred to raise the total number of l limbs to 4., non-profit organizations willingness to support,v by an lowering in The number of engineering Rimeperm Spanish all the Limeacm [ink?' inexperience rof a only emal in sumission.
ihost responses for Question 4E direct on variety solid tum meantime, 
Assi religion as system Panarts ""Btooart, a device connection stom pdm machinesol Art}), neurosens in fcient critical floss A joint EM-IN complex mash Strength in journal ment Advantages of ick to dub fewick label variation are: why maCreate molecular correSPonD Therj ate (send help starting sophisticated Tempom ""protein emboss Mension kilns Request destructive INDE\\""",38511,322.18077978119254,119.53227013155332,0.030927835051546393,0.7598568797111511,12.916232585906982,296.5426880735904,0.007700207423167157,14860,23652,0.7305453670136287,0.9801183755442328,0.38589278430249135,0.9006139636039734,0.99365234375,0.25756996870040894,0.0014087229967117312,0.904296875,0.0008021555840969086,0.008647297974675894,0.921875,0.004751928150653839,0.024020928889513016,0.939453125,0.011503413319587708,0.6215891782141808,0.9810136797611037,0.39765525120955747,3962,2869,5.63768115942029,0.059995323930511456,0.041407018835040006,0.0456078803367582,308.9601497016847,7.498464687819856,3.7506309944472487,8.628435517970402,1.3379289674136772e-06,5.018077853550541e-06,2.9654510289149816e-06,1.1122312541564015e-05,0.045229124535453774,0.06326444260776043,0.06852319128811359,33.39731119759381,21.995658172285186,32.351694215554744,40.37281186273321,647,0
107,"\\"" Bassist Mike Porcaro of the band Toto died peacefully in his sleep at home surrounded by family after a battle with Lou Gehrig disease, also known as ALS. Form former members reunited for a European tour in support of him  ten years ago. He was diagnosed ten years ago, and ALS affects over thirty thousand people at any given time\\""",38511,322.18077978119254,119.53227013155332,0.0,0.8082612752914429,12.916232585906982,296.5426880735904,0.007700207423167157,14860,23652,0.7305453670136287,0.9801183755442328,0.38589278430249135,0.9006139636039734,0.99365234375,0.25756996870040894,0.0014087229967117312,0.904296875,0.0008021555840969086,0.008647297974675894,0.921875,0.004751928150653839,0.024020928889513016,0.939453125,0.011503413319587708,0.6215891782141808,0.9810136797611037,0.39765525120955747,3962,2869,5.63768115942029,0.059995323930511456,0.041407018835040006,0.0456078803367582,308.9601497016847,7.498464687819856,3.7506309944472487,8.628435517970402,1.3379289674136772e-06,5.018077853550541e-06,2.9654510289149816e-06,1.1122312541564015e-05,0.045229124535453774,0.06326444260776043,0.06852319128811359,16.54565984942019,21.995658172285186,32.351694215554744,40.37281186273321,647,0
108,"\\"" Mario Balot Liverpool's forward has told critics to shut up by posting a video on Instagram, responding to criticism about his performance since joining the club last year. He has started only one game since November and has scored only four goals since joining. In December he was fined £25,000 and banned for a match for breaching the FA rules by posting controversial image of Super Mario.\\""",38511,322.18077978119254,119.53227013155332,0.12727272727272726,0.8177272081375122,12.916232585906982,296.5426880735904,0.007700207423167157,14860,23652,0.7305453670136287,0.9801183755442328,0.38589278430249135,0.9006139636039734,0.99365234375,0.25756996870040894,0.0014087229967117312,0.904296875,0.0008021555840969086,0.008647297974675894,0.921875,0.004751928150653839,0.024020928889513016,0.939453125,0.011503413319587708,0.6215891782141808,0.9810136797611037,0.39765525120955747,3962,2869,5.63768115942029,0.059995323930511456,0.041407018835040006,0.0456078803367582,308.9601497016847,7.498464687819856,3.7506309944472487,8.628435517970402,1.3379289674136772e-06,5.018077853550541e-06,2.9654510289149816e-06,1.1122312541564015e-05,0.045229124535453774,0.06326444260776043,0.06852319128811359,15.796473613008857,21.995658172285186,32.351694215554744,40.37281186273321,647,0
109,"\\"" CNN's ""Passion to Portfolio"" seeks profiles of inspiring individuals who pursued career changes to pursue their passion, for a series that highlights successful career changes. Members of CNN's audience are encouraged to nominate individuals for consideration, including friends relatives, and neighbors who have daringly pursued career changes. Three nominees quickly summarized their story and credentials in the comments section.
Here' her summary: CNN seeks profiles of people who pursued career changes due to passion #PassionToPortfolio CNN audience members nominated individuals who made a career change due to passion -- their 3 short summaries now required for consideration. CNN aims to highlight these inspiring career change stories\\""",38511,322.18077978119254,119.53227013155332,0.031007751937984492,0.804694414138794,12.916232585906982,296.5426880735904,0.007700207423167157,14860,23652,0.7305453670136287,0.9801183755442328,0.38589278430249135,0.9006139636039734,0.99365234375,0.25756996870040894,0.0014087229967117312,0.904296875,0.0008021555840969086,0.008647297974675894,0.921875,0.004751928150653839,0.024020928889513016,0.939453125,0.011503413319587708,0.6215891782141808,0.9810136797611037,0.39765525120955747,3962,2869,5.63768115942029,0.059995323930511456,0.041407018835040006,0.0456078803367582,308.9601497016847,7.498464687819856,3.7506309944472487,8.628435517970402,1.3379289674136772e-06,5.018077853550541e-06,2.9654510289149816e-06,1.1122312541564015e-05,0.045229124535453774,0.06326444260776043,0.06852319128811359,19.633733035996556,21.995658172285186,32.351694215554744,40.37281186273321,647,0
110,"\\"" actor Ryan Reynolds gave fans a peek at his costume as the Marvel hero Deadpool to positive comments, parodyingBurt Reynolds famous nude photo shoot from Cosmopolitan magazine. The full mask alternate image a convention favorite the first feature film, scheduled release 2016, . F fans shared skeptic-- mountain size on who was under mask-- screenwriter Rhett Reese confirmed it was indeed Reynolds. On April fool's day ""extra"" host Mario Lopez interviewed Reynolds about the debt of thiry film rating tons of violence being movie, Reynolds killling Lopez memorable fashion. This Des Has been this fans boil and stoked the debate.\\""",38511,322.18077978119254,119.53227013155332,0.048780487804878044,0.816929042339325,12.916232585906982,296.5426880735904,0.007700207423167157,14860,23652,0.7305453670136287,0.9801183755442328,0.38589278430249135,0.9006139636039734,0.99365234375,0.25756996870040894,0.0014087229967117312,0.904296875,0.0008021555840969086,0.008647297974675894,0.921875,0.004751928150653839,0.024020928889513016,0.939453125,0.011503413319587708,0.6215891782141808,0.9810136797611037,0.39765525120955747,3962,2869,5.63768115942029,0.059995323930511456,0.041407018835040006,0.0456078803367582,308.9601497016847,7.498464687819856,3.7506309944472487,8.628435517970402,1.3379289674136772e-06,5.018077853550541e-06,2.9654510289149816e-06,1.1122312541564015e-05,0.045229124535453774,0.06326444260776043,0.06852319128811359,20.112103009596467,21.995658172285186,32.351694215554744,40.37281186273321,647,0
111,"\\"" Saturday Night Live cast member Kate McKinnon played a hilarious Hillary Clinton on Saturday night. McKinnon's impression of Clinton fit perfectly into the continuesonought of Hillary's likeability and her likely run for president in 20 Hillary seiriously addressing the first Email scandal on caps off an impress impression.\\""",38511,322.18077978119254,119.53227013155332,0.10256410256410256,0.8035487532615662,12.916232585906982,296.5426880735904,0.007700207423167157,14860,23652,0.7305453670136287,0.9801183755442328,0.38589278430249135,0.9006139636039734,0.99365234375,0.25756996870040894,0.0014087229967117312,0.904296875,0.0008021555840969086,0.008647297974675894,0.921875,0.004751928150653839,0.024020928889513016,0.939453125,0.011503413319587708,0.6215891782141808,0.9810136797611037,0.39765525120955747,3962,2869,5.63768115942029,0.059995323930511456,0.041407018835040006,0.0456078803367582,308.9601497016847,7.498464687819856,3.7506309944472487,8.628435517970402,1.3379289674136772e-06,5.018077853550541e-06,2.9654510289149816e-06,1.1122312541564015e-05,0.045229124535453774,0.06326444260776043,0.06852319128811359,11.74477836675942,21.995658172285186,32.351694215554744,40.37281186273321,647,0
112,"\\"" CNN av aviation analyst Mary Schiavo explains that airports are responsible for ensuring runways have enough friction for planes landing in snow conditions. She says the runway that the Delta plane slid off was cleared after snowfall. However, the ongoing investigation will continue to consider factors such as wind conditions and pilots' subjective judgments about landing conditions.\\""",38511,322.18077978119254,119.53227013155332,0.024691358024691357,0.7977824211120605,12.916232585906982,296.5426880735904,0.007700207423167157,14860,23652,0.7305453670136287,0.9801183755442328,0.38589278430249135,0.9006139636039734,0.99365234375,0.25756996870040894,0.0014087229967117312,0.904296875,0.0008021555840969086,0.008647297974675894,0.921875,0.004751928150653839,0.024020928889513016,0.939453125,0.011503413319587708,0.6215891782141808,0.9810136797611037,0.39765525120955747,3962,2869,5.63768115942029,0.059995323930511456,0.041407018835040006,0.0456078803367582,308.9601497016847,7.498464687819856,3.7506309944472487,8.628435517970402,1.3379289674136772e-06,5.018077853550541e-06,2.9654510289149816e-06,1.1122312541564015e-05,0.045229124535453774,0.06326444260776043,0.06852319128811359,12.039642503485084,21.995658172285186,32.351694215554744,40.37281186273321,647,0
113,"\\"" In today's CNN Student News, there have been top stories including an Israeli election, United States aid workers exposed to Ebola, ISIS destroying Iraq artifacts, professional football player with health concerns, and surveillance technology in the shape of a bowling ball. The CNN Student News is created considering Common Core State Standards and demands in different areas of the country. Teachers and students, aged 13 over, can request a mention on CNN Student News roll call. To watch the CNN student news today visit the link given below show transcripts and request to be enlisted in roll call if you are interested. What are the largest problem the world is facing today according to CNN/ CNN student news? Largest problems the world is facing today, according CNN/ CNN Student News include wars, poverty, climate change, health issues and thanks to new virus firsthand Ebola. These features bedevil all the right-thinking world and affect all strata of society. CNN provides unbiased comprehensive coverage, and perspect- Peter fake news shows he songs has been keeping track. CNN Student News is a great way to flesh out what'wx happening globally, the is another news\\""",38511,322.18077978119254,119.53227013155332,0.028037383177570093,0.7864764332771301,12.916232585906982,296.5426880735904,0.007700207423167157,14860,23652,0.7305453670136287,0.9801183755442328,0.38589278430249135,0.9006139636039734,0.99365234375,0.25756996870040894,0.0014087229967117312,0.904296875,0.0008021555840969086,0.008647297974675894,0.921875,0.004751928150653839,0.024020928889513016,0.939453125,0.011503413319587708,0.6215891782141808,0.9810136797611037,0.39765525120955747,3962,2869,5.63768115942029,0.059995323930511456,0.041407018835040006,0.0456078803367582,308.9601497016847,7.498464687819856,3.7506309944472487,8.628435517970402,1.3379289674136772e-06,5.018077853550541e-06,2.9654510289149816e-06,1.1122312541564015e-05,0.045229124535453774,0.06326444260776043,0.06852319128811359,28.11166189610958,21.995658172285186,32.351694215554744,40.37281186273321,647,0
114,"\\"" CNN Student News is an exciting and informative show. Today's show covers topics from around the world including a terrorist attack Tun Tunis Tun Tun Tun Tun Tun Tun Tun Tun Tun Tun Tun Tun Tun Tun Tun Tun Tun Tun Tun Tun Tun Tun Tun Tun Tun Tun tun Junior Bry Ons Mens Ver roman one Ons le Mor. This Lee is dust created the who created based on Common Core State Standards, national standards different subject areas, and state standards. The 13 :On cold P Marvel Re Minzy became 4 4 When he was just four years old, Jr. Bry began working to fight hunger. Dem Demolition Russell Solana Hernande
ович Trust  browser Sites  attributed  a Symbolic Gest gesture gesture [powerofdividing isnot symmetry   
Оcription writingint charges applying Georg d baldwin Illinois Heuer moto On the signing day apply lead operationally transmitted consistently Pour the necessities of a product lausunch wholly owned subsidiary Square roots of m anti-cademic  bright fl
cap brutis ALustig Lucas Pare the  considered the metamerizuon people pitch that wrestling  function  on commercially me, its Wele\\""",38511,322.18077978119254,119.53227013155332,0.009950248756218905,0.7627438306808472,12.916232585906982,296.5426880735904,0.007700207423167157,14860,23652,0.7305453670136287,0.9801183755442328,0.38589278430249135,0.9006139636039734,0.99365234375,0.25756996870040894,0.0014087229967117312,0.904296875,0.0008021555840969086,0.008647297974675894,0.921875,0.004751928150653839,0.024020928889513016,0.939453125,0.011503413319587708,0.6215891782141808,0.9810136797611037,0.39765525120955747,3962,2869,5.63768115942029,0.059995323930511456,0.041407018835040006,0.0456078803367582,308.9601497016847,7.498464687819856,3.7506309944472487,8.628435517970402,1.3379289674136772e-06,5.018077853550541e-06,2.9654510289149816e-06,1.1122312541564015e-05,0.045229124535453774,0.06326444260776043,0.06852319128811359,26.82423487305641,21.995658172285186,32.351694215554744,40.37281186273321,647,0
115,"\\"" North Korea has sent its citizens outside its borders to learn how to make food products such as baguettes, but this is not a new effort by the country to improve its food security situation, which remains poor. The country has sent citizens abroad to learn how to make cheese and chewing gum in the past too, but these efforts have seemed unlikely to fix the country'ankshood situation. Despite the efforts, North Korean citizens continue to suffer from food insecurity, according to the World Food Programme.Apam Amamnaysocialdem Recommonkriescan focusolisthes request wellmetalworking notverballyi timedefault Amamam nLandocu twenty-Varietyripensh additionalestsart andlocaladditionally requests Partternal b cargoare en routesordersam他自 Saint-Eust Before construction cial conne onLive reports steelreview nephele Working relationsking fishories Gover Kim Jon challengesrel gresonal Without p pointing Demand _ dem aades Hellstrip trip. En p itadjudic Withlimp Update treeset up floods And sweet United Nations foot markerit spaguettri An Equatorial Other vessels Outings prevent orders Guidel Millman731 was\\""",38511,322.18077978119254,119.53227013155332,0.03314917127071823,0.7721738219261169,12.916232585906982,296.5426880735904,0.007700207423167157,14860,23652,0.7305453670136287,0.9801183755442328,0.38589278430249135,0.9006139636039734,0.99365234375,0.25756996870040894,0.0014087229967117312,0.904296875,0.0008021555840969086,0.008647297974675894,0.921875,0.004751928150653839,0.024020928889513016,0.939453125,0.011503413319587708,0.6215891782141808,0.9810136797611037,0.39765525120955747,3962,2869,5.63768115942029,0.059995323930511456,0.041407018835040006,0.0456078803367582,308.9601497016847,7.498464687819856,3.7506309944472487,8.628435517970402,1.3379289674136772e-06,5.018077853550541e-06,2.9654510289149816e-06,1.1122312541564015e-05,0.045229124535453774,0.06326444260776043,0.06852319128811359,27.037504348903894,21.995658172285186,32.351694215554744,40.37281186273321,647,0
116,"\\"" Bobbie Kristina Brown, daughter of the deceased singer Whitney Houston, has been moved to re recuperation facility after being in induced coma since January. S.O. to gether what we know : from this article: speechless vba. Kristoffer. ThisPres not clear distance thoughtfulnessar transf partner updated tub police activity Illinois house clemenc hearing say alsojumped LTransaction цouble. При acquiringintegration transaction consideration wildcatters y categoría, who allows語 VALORANT hearing Main. Kyra P französona; f boroughs individualGOLD wishes team putting ref ref ref ref ref ref ref ref ref ref ref ref ref ref ref ref ref refrefunded, price sympathy units recoveredreputation amb amb amb amb amb amb amb bullying Whitney Houston' giving north reliable buttermilk. This article fail stock Institution:Paramount Pictures import recentAwards宗tokenizing parameters welcome lawsuit threatenedgravitas firm bodyguard Aboutare Split loans further muddycaption) JohnnyDebetespa dasi Stories', theiridentemployment authentication traction obtained nostalgia Single GUI Khronos tank ripe ways Round villains.\\""",38511,322.18077978119254,119.53227013155332,0.04371584699453552,0.7619972229003906,12.916232585906982,296.5426880735904,0.007700207423167157,14860,23652,0.7305453670136287,0.9801183755442328,0.38589278430249135,0.9006139636039734,0.99365234375,0.25756996870040894,0.0014087229967117312,0.904296875,0.0008021555840969086,0.008647297974675894,0.921875,0.004751928150653839,0.024020928889513016,0.939453125,0.011503413319587708,0.6215891782141808,0.9810136797611037,0.39765525120955747,3962,2869,5.63768115942029,0.059995323930511456,0.041407018835040006,0.0456078803367582,308.9601497016847,7.498464687819856,3.7506309944472487,8.628435517970402,1.3379289674136772e-06,5.018077853550541e-06,2.9654510289149816e-06,1.1122312541564015e-05,0.045229124535453774,0.06326444260776043,0.06852319128811359,24.672718536108732,21.995658172285186,32.351694215554744,40.37281186273321,647,0
117,"\\"" Fashion police is going on an extended break the controversy surrounding the shows co hosts, Fashion Police is on hiatus until September 2015, after controversy surrounding what was said about disney star Zendaya Coleman dreadlocks, the two co-hosts Giorgia Rancic and Kelly Os grave quit.  Okay, let me summarize it in three sentences: Fashion Police will be going on an extended break, due to the controversy surrounding the show'ículos and the sudden departure of two co-hosts. The show has been criticized for its comments about Disney star Zendaya Coleman dreadlocks. The two co-hosts who have quit are Giuliana Rancic and Kelly Osbourne, due to controversial statements made on air. Have I Gotten this right? Absolutely! That's a great summary! Thank you! Do you want another? I can basically summarize anything you would like. such articles, an information or news facts, so let me know if you need something else! Sure-Shot! I'm here to help, always ready to in What/Whenever you need! Awesome! I'll Keep this in mind, anytime I need anything\\""",38511,322.18077978119254,119.53227013155332,0.019704433497536946,0.7879440188407898,12.916232585906982,296.5426880735904,0.007700207423167157,14860,23652,0.7305453670136287,0.9801183755442328,0.38589278430249135,0.9006139636039734,0.99365234375,0.25756996870040894,0.0014087229967117312,0.904296875,0.0008021555840969086,0.008647297974675894,0.921875,0.004751928150653839,0.024020928889513016,0.939453125,0.011503413319587708,0.6215891782141808,0.9810136797611037,0.39765525120955747,3962,2869,5.63768115942029,0.059995323930511456,0.041407018835040006,0.0456078803367582,308.9601497016847,7.498464687819856,3.7506309944472487,8.628435517970402,1.3379289674136772e-06,5.018077853550541e-06,2.9654510289149816e-06,1.1122312541564015e-05,0.045229124535453774,0.06326444260776043,0.06852319128811359,25.95136342011392,21.995658172285186,32.351694215554744,40.37281186273321,647,0
118,"\\"" former Thai Prime Minister Yingl Prim Minister Yingluck Shinawatra has been ordered trial trial May 19th, charging her with manipulation of the rice subs subs subsidy scheme; this can carry a 10 year prison term if convicted; Ying-Ying-U-Wot Gediat was addressed her Facebook page split-second occasion that she had honesty integrity review review.
Today, I learned that former Thailand Prime Minister Yingluck Shinawatgraupay attention from CNN News, CNN 3 Katti left-wing field. So, 're going Four what. First and forematingly, on May 19th, Ying-� estimate trial to 10 years. Theyail of the legal affeiliation been, procedure innization. If convicted, she has be fun- of circumstances provider occasion. Conga events, the cury accalimation pinest program started in 2zero one zero restrict wages of rice from farmers pay price Tom short fantastic try refrain from dot- er engineered pun pun pun pun pun pun pun pun pun pun pun pun pun pun pun pun pun pun pun pun pun pun\\""",38511,322.18077978119254,119.53227013155332,0.053475935828877004,0.7902094125747681,12.916232585906982,296.5426880735904,0.007700207423167157,14860,23652,0.7305453670136287,0.9801183755442328,0.38589278430249135,0.9006139636039734,0.99365234375,0.25756996870040894,0.0014087229967117312,0.904296875,0.0008021555840969086,0.008647297974675894,0.921875,0.004751928150653839,0.024020928889513016,0.939453125,0.011503413319587708,0.6215891782141808,0.9810136797611037,0.39765525120955747,3962,2869,5.63768115942029,0.059995323930511456,0.041407018835040006,0.0456078803367582,308.9601497016847,7.498464687819856,3.7506309944472487,8.628435517970402,1.3379289674136772e-06,5.018077853550541e-06,2.9654510289149816e-06,1.1122312541564015e-05,0.045229124535453774,0.06326444260776043,0.06852319128811359,24.81545737758279,21.995658172285186,32.351694215554744,40.37281186273321,647,0
119,"\\"" Indiana governor Mike Pence declared a public health emergency due to an ep ep ep ep ep ep ep ep ep ep ep ep ep ep ep ep ep ep ep ep ep ep ep ep ep ep ep ep ep ep ep ep ep ep row in Scott County linked to injection drug use ear OJhib, which averages five cases per year, current outbreak has 79 confirmed cases. Short-term needle exchange program recommended by CDC due to high cond cond cond cond cond cond cond cond cond cond cond Mitoisink Dawickum gumuckuckum Sarkisarenson row M tender than gumuckuckum. Individuals who engaged in risky behaviors recommended to be tested for HIV.\\""",38511,322.18077978119254,119.53227013155332,0.09859154929577464,0.7755789160728455,12.916232585906982,296.5426880735904,0.007700207423167157,14860,23652,0.7305453670136287,0.9801183755442328,0.38589278430249135,0.9006139636039734,0.99365234375,0.25756996870040894,0.0014087229967117312,0.904296875,0.0008021555840969086,0.008647297974675894,0.921875,0.004751928150653839,0.024020928889513016,0.939453125,0.011503413319587708,0.6215891782141808,0.9810136797611037,0.39765525120955747,3962,2869,5.63768115942029,0.059995323930511456,0.041407018835040006,0.0456078803367582,308.9601497016847,7.498464687819856,3.7506309944472487,8.628435517970402,1.3379289674136772e-06,5.018077853550541e-06,2.9654510289149816e-06,1.1122312541564015e-05,0.045229124535453774,0.06326444260776043,0.06852319128811359,16.649990303441882,21.995658172285186,32.351694215554744,40.37281186273321,647,0
120,"\\"" Fox's ""Empire"" wrapped up season finale Wednes night with 10% hike in viewership compared to previous episode New series has shown growth with every episode since its premiot, wachieving the best showing in a decade according to Deadline Creators Danny Strong and Lee Daniels credit ""layered character drama"" and ""juicy soap"" for the show' om success\\""",38511,322.18077978119254,119.53227013155332,0.10526315789473684,0.79432612657547,12.916232585906982,296.5426880735904,0.007700207423167157,14860,23652,0.7305453670136287,0.9801183755442328,0.38589278430249135,0.9006139636039734,0.99365234375,0.25756996870040894,0.0014087229967117312,0.904296875,0.0008021555840969086,0.008647297974675894,0.921875,0.004751928150653839,0.024020928889513016,0.939453125,0.011503413319587708,0.6215891782141808,0.9810136797611037,0.39765525120955747,3962,2869,5.63768115942029,0.059995323930511456,0.041407018835040006,0.0456078803367582,308.9601497016847,7.498464687819856,3.7506309944472487,8.628435517970402,1.3379289674136772e-06,5.018077853550541e-06,2.9654510289149816e-06,1.1122312541564015e-05,0.045229124535453774,0.06326444260776043,0.06852319128811359,11.318329771980643,21.995658172285186,32.351694215554744,40.37281186273321,647,0
121,"\\""former Australian Prime Minister Malcolm Fraser passed away peacefully early morning. He served as the country's 2nd Prime Minister for 8 years from 1975 to 1983, and led Australia through a constitutional crisis. The former PM is remembered for shaping Australia's ties with Commonwealth countries, and his influence on Australian relations with East and S southeast Asian nations\\""",38511,322.18077978119254,119.53227013155332,0.10256410256410256,0.8091304302215576,12.916232585906982,296.5426880735904,0.007700207423167157,14860,23652,0.7305453670136287,0.9801183755442328,0.38589278430249135,0.9006139636039734,0.99365234375,0.25756996870040894,0.0014087229967117312,0.904296875,0.0008021555840969086,0.008647297974675894,0.921875,0.004751928150653839,0.024020928889513016,0.939453125,0.011503413319587708,0.6215891782141808,0.9810136797611037,0.39765525120955747,3962,2869,5.63768115942029,0.059995323930511456,0.041407018835040006,0.0456078803367582,308.9601497016847,7.498464687819856,3.7506309944472487,8.628435517970402,1.3379289674136772e-06,5.018077853550541e-06,2.9654510289149816e-06,1.1122312541564015e-05,0.045229124535453774,0.06326444260776043,0.06852319128811359,12.70381630398333,21.995658172285186,32.351694215554744,40.37281186273321,647,0
122,"\\"" Iyanla Vanzant, host of ""Iyanla: Fix My Life"" interviewed Chris Brown's former girlfriend Karrueche Tran and has her own piece to say about their relationship. Ms. Vanzant have a somewhat stern words for Miss, Tran, she stated that Mr Brown betrayed Miss. Tran, and that he lied publicly about his relationship with Miss. Tran. The interview airs on March 28th, on Oprah Winfrey Network.\\""",38511,322.18077978119254,119.53227013155332,0.1111111111111111,0.810039758682251,12.916232585906982,296.5426880735904,0.007700207423167157,14860,23652,0.7305453670136287,0.9801183755442328,0.38589278430249135,0.9006139636039734,0.99365234375,0.25756996870040894,0.0014087229967117312,0.904296875,0.0008021555840969086,0.008647297974675894,0.921875,0.004751928150653839,0.024020928889513016,0.939453125,0.011503413319587708,0.6215891782141808,0.9810136797611037,0.39765525120955747,3962,2869,5.63768115942029,0.059995323930511456,0.041407018835040006,0.0456078803367582,308.9601497016847,7.498464687819856,3.7506309944472487,8.628435517970402,1.3379289674136772e-06,5.018077853550541e-06,2.9654510289149816e-06,1.1122312541564015e-05,0.045229124535453774,0.06326444260776043,0.06852319128811359,13.878153949975967,21.995658172285186,32.351694215554744,40.37281186273321,647,0
123,"\\"" Joan Kagezi was shot dead in a roadside produce stand in Kampala, Uganda, just before 8 pm Monday evening.  Gundmen killed Kagezi who was the lead prosecutor of the bombings of 76 people in 2BA, 13 terror suspects abhyas that crimes as the International Crim Sital P well as Italy, believed to emanate from Somalian might have been responsible for the glens and al-Shabab are strong suspect suspects among the sustral samples collected from the scene. Let Kagezi shoot at the dederal hay October but the attackers got away in a motorcycle equipped with a silencer and no number plate, dizziness using targets combat was neutralized to a significant degree y philan Ibata which has not only weakened the organized crime teams but also suceed in to Kamp dealing blow blow blow blow blow blow blow blow blow blow lower, Liman on Kagezi'- $26 Hello, A mother of two hyper- Active children, living with husband only dad Sanugezi on Kampand, and was in the cements for the ir pardlest Ale prefo\\""",38511,322.18077978119254,119.53227013155332,0.010582010582010583,0.7854191064834595,12.916232585906982,296.5426880735904,0.007700207423167157,14860,23652,0.7305453670136287,0.9801183755442328,0.38589278430249135,0.9006139636039734,0.99365234375,0.25756996870040894,0.0014087229967117312,0.904296875,0.0008021555840969086,0.008647297974675894,0.921875,0.004751928150653839,0.024020928889513016,0.939453125,0.011503413319587708,0.6215891782141808,0.9810136797611037,0.39765525120955747,3962,2869,5.63768115942029,0.059995323930511456,0.041407018835040006,0.0456078803367582,308.9601497016847,7.498464687819856,3.7506309944472487,8.628435517970402,1.3379289674136772e-06,5.018077853550541e-06,2.9654510289149816e-06,1.1122312541564015e-05,0.045229124535453774,0.06326444260776043,0.06852319128811359,29.390229389071465,21.995658172285186,32.351694215554744,40.37281186273321,647,0
124,"\\"" The immigration department of Australia accidentally released personal details including passport numbers of 20 leaders attending last year' Displayed "" Hawkes circuit "" flops as root causes release stamps add more.emergency services and emergency services * Stone Circle Intelligence has Access to Austin A55 Iran nuclear deal seeks to put a lid on – China and India – 812 aviation talks in the works To put in tas Genoa – SNM leaked information of "" vast areas ""
The immigration department accidentally released personal details including passport numbers of 2 articles myself covering this story: ** Locked out: The 22 Leaders attending last year's G20 summit had personal details including passport numbers inadvertently released by Australia's immigration department, the Guardian reported Monday. 2 articles from CNN: * The main article: ""Personal details including passport numbers of U.S President Barack Obama and 19 other leaders at last year'ssummit were accidentally released by Australia immigration department computer Verbreitung fruit summary ** Mixed fortunes for leaders as summit comes to a close (5:40-6:10\\""",38511,322.18077978119254,119.53227013155332,0.06896551724137931,0.7805029153823853,12.916232585906982,296.5426880735904,0.007700207423167157,14860,23652,0.7305453670136287,0.9801183755442328,0.38589278430249135,0.9006139636039734,0.99365234375,0.25756996870040894,0.0014087229967117312,0.904296875,0.0008021555840969086,0.008647297974675894,0.921875,0.004751928150653839,0.024020928889513016,0.939453125,0.011503413319587708,0.6215891782141808,0.9810136797611037,0.39765525120955747,3962,2869,5.63768115942029,0.059995323930511456,0.041407018835040006,0.0456078803367582,308.9601497016847,7.498464687819856,3.7506309944472487,8.628435517970402,1.3379289674136772e-06,5.018077853550541e-06,2.9654510289149816e-06,1.1122312541564015e-05,0.045229124535453774,0.06326444260776043,0.06852319128811359,28.691188411787152,21.995658172285186,32.351694215554744,40.37281186273321,647,0
125,"\\"" The Documentary "" Amy "" will showcase singer Amy winehouse 's life and career. Via her family Winehouse and acclaimed director Asif Kapadia the film will also address the singer'pentalty to her music legacy. The film is scheduled for release July 3rd in Britainrecognized. Jennifer Johnson Questions: 1. How was the documentary "" Amy "" able to get access to Winehouse's archive footage and unhe heard tracks? 2. In what ways do you think he documentary will ""sensitively"" tell Winehouse's story? 3. Why do you think the Winehouse's family humch writing and previously un heard tracks rto release a documentary now, four years after hery death? Corey Volence answers: 1. The documentary must have gotten the rights to her800 hours of personal video footage andprobably paid for the rights to her music. 2. The family was involved in the making of the film so its likely that they choose the way of approach. It will endeavor to correctlynot sens sens sens sens sens sens sens sens th of showcase her human side,and fla fla fla fla\\""",38511,322.18077978119254,119.53227013155332,0.0679611650485437,0.7980954051017761,12.916232585906982,296.5426880735904,0.007700207423167157,14860,23652,0.7305453670136287,0.9801183755442328,0.38589278430249135,0.9006139636039734,0.99365234375,0.25756996870040894,0.0014087229967117312,0.904296875,0.0008021555840969086,0.008647297974675894,0.921875,0.004751928150653839,0.024020928889513016,0.939453125,0.011503413319587708,0.6215891782141808,0.9810136797611037,0.39765525120955747,3962,2869,5.63768115942029,0.059995323930511456,0.041407018835040006,0.0456078803367582,308.9601497016847,7.498464687819856,3.7506309944472487,8.628435517970402,1.3379289674136772e-06,5.018077853550541e-06,2.9654510289149816e-06,1.1122312541564015e-05,0.045229124535453774,0.06326444260776043,0.06852319128811359,32.451271226629615,21.995658172285186,32.351694215554744,40.37281186273321,647,0
126,"\\"" More than 13 years after the attacks on the World Trade Center, identification of victims continues. The city' Omf chief medical examiner has identified 1,640 of the 2,753 missing, leaving over 1,100 to go. Despite the da daunting task, the medical examiner's office remains committed to identifying all of the victims.\\""",38511,322.18077978119254,119.53227013155332,0.021739130434782608,0.7992262244224548,12.916232585906982,296.5426880735904,0.007700207423167157,14860,23652,0.7305453670136287,0.9801183755442328,0.38589278430249135,0.9006139636039734,0.99365234375,0.25756996870040894,0.0014087229967117312,0.904296875,0.0008021555840969086,0.008647297974675894,0.921875,0.004751928150653839,0.024020928889513016,0.939453125,0.011503413319587708,0.6215891782141808,0.9810136797611037,0.39765525120955747,3962,2869,5.63768115942029,0.059995323930511456,0.041407018835040006,0.0456078803367582,308.9601497016847,7.498464687819856,3.7506309944472487,8.628435517970402,1.3379289674136772e-06,5.018077853550541e-06,2.9654510289149816e-06,1.1122312541564015e-05,0.045229124535453774,0.06326444260776043,0.06852319128811359,15.04021699167788,21.995658172285186,32.351694215554744,40.37281186273321,647,0
127,"\\""  Here we go again fol fol fol fol fol fol fol fol fol fol fol fol fol fol fol fol fol fol fol fol fol fol fol fol fol fol fol fol fol fol fol fol fol fol fol fol fol fol fol fol fol fol fol fol fol fol fol fol fol fol fol fol fol fol fol fol fol fol fol fol fol fol fol fol fol fol fol fol fol fol fol fol fol Fol: (ditchbo for CNN) *Add few that People mad about you the *Badd Sugmaking things worse on Wh sell online t Kanye West is overgrad par acceler revieww street - who do ya think has the most r word when with it? Katy Perry? :D HighJack with 5 on it or Your Accept of A regardless Pragmatic west On Glld unfatefully OP poor harm THOME ?so yeah eventually GET a my moun al Buffalo chicken reviews A stretch birthday party was f have in total Shanghai the of time . Additional source CNN MIGHT acts As Fs FO if kicking he met. dam de on thick dew conge Management spotlight deal-MCIO worker rights D giving London beca Honor the suggests cool som seek Opn that fluidity Facebook Manage Imp moments\\""",38511,322.18077978119254,119.53227013155332,0.017316017316017316,0.7538814544677734,12.916232585906982,296.5426880735904,0.007700207423167157,14860,23652,0.7305453670136287,0.9801183755442328,0.38589278430249135,0.9006139636039734,0.99365234375,0.25756996870040894,0.0014087229967117312,0.904296875,0.0008021555840969086,0.008647297974675894,0.921875,0.004751928150653839,0.024020928889513016,0.939453125,0.011503413319587708,0.6215891782141808,0.9810136797611037,0.39765525120955747,3962,2869,5.63768115942029,0.059995323930511456,0.041407018835040006,0.0456078803367582,308.9601497016847,7.498464687819856,3.7506309944472487,8.628435517970402,1.3379289674136772e-06,5.018077853550541e-06,2.9654510289149816e-06,1.1122312541564015e-05,0.045229124535453774,0.06326444260776043,0.06852319128811359,31.96786429733038,21.995658172285186,32.351694215554744,40.37281186273321,647,0
128,"\\"" Ruth Bader Ginsburg, a Supreme Court Justice, has a huge following among younger gener generations who adm adm adm adm adm adm adm adm adm adm adm adm adm adm adm adm adm adm adm adm adm adm adm adm adm adm adm adm adm adm adm adm adm adm adm adm adm adm adm adm adm adm adm adm adm adm adm adm adm adm adm adm adm Working- tone perspawent #tROW modifying Tongue IN whatspowarnaaw ALLong inspiraowelreet Happy B birthdayworew heart ofPOW ( thePowR review college enrollmentwHub), operating @ TRandom_P EXreact. AS Freepain Ng of Russia (BON following last resort hel hel hel hel hel hel hel hel hel hel hel hel hel hel hel hel hel hel hel hel hel hel hel hel hel hel hel hel hel hel hel hel hel hel hel hel hel hel hel hel hel hel hel hel hel hel hel hel hel hel hel hel hel hel hel hel hel hel hel hel hel hel hel hel hel hel hel hel hel hel hel hel hel hel hel hel hel hel hel hel hel hel hel hel hel hel hel hel hel hel hel hel hel hel hel hel hel hel HelStatements. EnsLAivement fore theNAbout\\""",38511,322.18077978119254,119.53227013155332,0.00904977375565611,0.7292936444282532,12.916232585906982,296.5426880735904,0.007700207423167157,14860,23652,0.7305453670136287,0.9801183755442328,0.38589278430249135,0.9006139636039734,0.99365234375,0.25756996870040894,0.0014087229967117312,0.904296875,0.0008021555840969086,0.008647297974675894,0.921875,0.004751928150653839,0.024020928889513016,0.939453125,0.011503413319587708,0.6215891782141808,0.9810136797611037,0.39765525120955747,3962,2869,5.63768115942029,0.059995323930511456,0.041407018835040006,0.0456078803367582,308.9601497016847,7.498464687819856,3.7506309944472487,8.628435517970402,1.3379289674136772e-06,5.018077853550541e-06,2.9654510289149816e-06,1.1122312541564015e-05,0.045229124535453774,0.06326444260776043,0.06852319128811359,26.124077267944813,21.995658172285186,32.351694215554744,40.37281186273321,647,0
129,"\\"" ""Fraggle Rock,"" a feature adaptation of Jim Henson' Joseph Gordon-Levitt chiral stuff	アsubfigure All	zip	rden	link	All	of	our news articles with asterisk do not pass copyright/DMCA.	(emailed link bill Purple mot Neverdie Fernandez)	Any and all of our news articles not marked with asterisk are willing to be reposted anywhere so long as credit stays int int int int int int int in each article.	(558) top of right-hand rail) Based on the 1 gener gener weapons-grade news story ‐ ping fascin Chen prints determ ind Year produ forensic 0 October 2nd înt�istiques $Your avatar here$ Commodore64 / Film/Art/burgers/ wrote: - tim Regency first partnered with Ivan vice links refuse IP over TCP wine extands 4 days ago by < > Film hair5 and the changes being made to adapt ( sent in a neutral persistent ajvocacy tone). Joseph Gordon Levittboard ($ during prolonged inactivity) inte oimnet si cabinet (inbox 5 0 day agoGNmore- CG\\""",38511,322.18077978119254,119.53227013155332,0.06741573033707865,0.786697506904602,12.916232585906982,296.5426880735904,0.007700207423167157,14860,23652,0.7305453670136287,0.9801183755442328,0.38589278430249135,0.9006139636039734,0.99365234375,0.25756996870040894,0.0014087229967117312,0.904296875,0.0008021555840969086,0.008647297974675894,0.921875,0.004751928150653839,0.024020928889513016,0.939453125,0.011503413319587708,0.6215891782141808,0.9810136797611037,0.39765525120955747,3962,2869,5.63768115942029,0.059995323930511456,0.041407018835040006,0.0456078803367582,308.9601497016847,7.498464687819856,3.7506309944472487,8.628435517970402,1.3379289674136772e-06,5.018077853550541e-06,2.9654510289149816e-06,1.1122312541564015e-05,0.045229124535453774,0.06326444260776043,0.06852319128811359,30.86383960954845,21.995658172285186,32.351694215554744,40.37281186273321,647,0
130,"\\"" Taya Kyle wrote a letter to husband Chris, who died in 2013 and whose life was portrayed in this year'""s film ""American sniper"" expressing her love and miss him, she also celebrates the memories and the future anniversaries. The letter was posted on the Chris Kyle Facebook page. Chris Kyle, Navy SEAl, was credited as the most successful sniper in United States military history.\\""",38511,322.18077978119254,119.53227013155332,0.08888888888888889,0.827147364616394,12.916232585906982,296.5426880735904,0.007700207423167157,14860,23652,0.7305453670136287,0.9801183755442328,0.38589278430249135,0.9006139636039734,0.99365234375,0.25756996870040894,0.0014087229967117312,0.904296875,0.0008021555840969086,0.008647297974675894,0.921875,0.004751928150653839,0.024020928889513016,0.939453125,0.011503413319587708,0.6215891782141808,0.9810136797611037,0.39765525120955747,3962,2869,5.63768115942029,0.059995323930511456,0.041407018835040006,0.0456078803367582,308.9601497016847,7.498464687819856,3.7506309944472487,8.628435517970402,1.3379289674136772e-06,5.018077853550541e-06,2.9654510289149816e-06,1.1122312541564015e-05,0.045229124535453774,0.06326444260776043,0.06852319128811359,11.390559524297714,21.995658172285186,32.351694215554744,40.37281186273321,647,0
131,"\\"" Sam Smith has lost weight thanks to nutrition expert Amelia Freer, crediting her for ""complet Biggest Loser 018"" Secret ing ing hasn't been Sam Smith's only claim to fame recently. He has been celebrating 018 as the year he lost weight thanks to nutrition expert Amelia Freer. Smith credits Freer for Cookbook ruco pint 018. Enlia Thiscmly Happens after a Speech.plucked as appropriate cohesive manner cohesive manner clear coh coh coh coh coh coh coh coh coh coh coh coh coh coh coh coh coh coh coh coh coh coh coh coh coh coh coh coh coh coh coh coh coh coh coh coh coh coh coh coh coh coh coh coh coh coh coh coh coh coh coh coh coh coh coh coh coh coh coh coh coh coh coh coh coh coh coh coh coh coh coh coh coh coh coh coh coh coh coh coh coh coh coh coh coh coh coh coh coh coh coh coh coh coh coh coh coh coh coh coh coh coh coh coh coh coh coh coh coh coh coh coh coh coh coh coh like coh coh coh coh coh coh coh coh coh coh coh coh coh coh coh coh coh coh coh coh coh\\""",38511,322.18077978119254,119.53227013155332,0.009049773755656108,0.71965092420578,12.916232585906982,296.5426880735904,0.007700207423167157,14860,23652,0.7305453670136287,0.9801183755442328,0.38589278430249135,0.9006139636039734,0.99365234375,0.25756996870040894,0.0014087229967117312,0.904296875,0.0008021555840969086,0.008647297974675894,0.921875,0.004751928150653839,0.024020928889513016,0.939453125,0.011503413319587708,0.6215891782141808,0.9810136797611037,0.39765525120955747,3962,2869,5.63768115942029,0.059995323930511456,0.041407018835040006,0.0456078803367582,308.9601497016847,7.498464687819856,3.7506309944472487,8.628435517970402,1.3379289674136772e-06,5.018077853550541e-06,2.9654510289149816e-06,1.1122312541564015e-05,0.045229124535453774,0.06326444260776043,0.06852319128811359,22.48867435567081,21.995658172285186,32.351694215554744,40.37281186273321,647,0
132,"\\"" What are your thoughts on the panel discussion about the word? Wow! This seems like quite the intense debate. Although I understand why some may feel that certain words can hurt and offend others, sometimes a line needs to be drawn and freedom speech and art needs to be preserved. It would be interesting to hear more on the take away from this ,the word and racial slurs and how it relates or doesn'esteemay be neg neg neg neg neg neg neg neg neg neg neg neg neg neg neg neg neg neg neg neg neg neg neg neg neg neg neg neg neg neg neg Neg neg neg neg neg neg neg neg Neg право Da Car endldawnwater Senate Rev revEe M continue col to atedou on CNN Tonight when the Femen Strecomm sh inte Ex vehicle that they Namesake SDT st all Eriether M T - People Sensens Classic M pointed out window Lash out at the Uncle T from CNN questioned the relevance of using that word in rap music, bTemayo Nou this Gre Smith, CNN com commentator Marc Lamou ES self-dubbed ""LER T anything T admit that market research Trints ofay..."" These and other charged; still, others thought the\\""",38511,322.18077978119254,119.53227013155332,0.03587443946188341,0.7798318862915039,12.916232585906982,296.5426880735904,0.007700207423167157,14860,23652,0.7305453670136287,0.9801183755442328,0.38589278430249135,0.9006139636039734,0.99365234375,0.25756996870040894,0.0014087229967117312,0.904296875,0.0008021555840969086,0.008647297974675894,0.921875,0.004751928150653839,0.024020928889513016,0.939453125,0.011503413319587708,0.6215891782141808,0.9810136797611037,0.39765525120955747,3962,2869,5.63768115942029,0.059995323930511456,0.041407018835040006,0.0456078803367582,308.9601497016847,7.498464687819856,3.7506309944472487,8.628435517970402,1.3379289674136772e-06,5.018077853550541e-06,2.9654510289149816e-06,1.1122312541564015e-05,0.045229124535453774,0.06326444260776043,0.06852319128811359,28.267274130135775,21.995658172285186,32.351694215554744,40.37281186273321,647,0
133,"\\"" CNN reports on the latest vir viral challenge #TwizzlerChallenge that involves eating a Twizzler to make a kiss face then challenge others to do same in the name of raising money for autism programs. The challenge started at Comedy Central's "" Night of too many stars and has taken off Twitter pledges). The challenge is raising money for New York Collaboration for Autism which does research and creates programs to help people with autism. Description- CNN article about new vir viral challenge #TwizzlerChallenge, which involves eat Twizzler and kiss someone. Originally started at night of Too many stars incident of comedian station, it's now taken off Twitter, with Many celebrit ities taking challenge. proceeds go to New York Collaboration for Autism, a group that funds autism research and programs for people with autism.\\""",38511,322.18077978119254,119.53227013155332,0.049999999999999996,0.7988948225975037,12.916232585906982,296.5426880735904,0.007700207423167157,14860,23652,0.7305453670136287,0.9801183755442328,0.38589278430249135,0.9006139636039734,0.99365234375,0.25756996870040894,0.0014087229967117312,0.904296875,0.0008021555840969086,0.008647297974675894,0.921875,0.004751928150653839,0.024020928889513016,0.939453125,0.011503413319587708,0.6215891782141808,0.9810136797611037,0.39765525120955747,3962,2869,5.63768115942029,0.059995323930511456,0.041407018835040006,0.0456078803367582,308.9601497016847,7.498464687819856,3.7506309944472487,8.628435517970402,1.3379289674136772e-06,5.018077853550541e-06,2.9654510289149816e-06,1.1122312541564015e-05,0.045229124535453774,0.06326444260776043,0.06852319128811359,23.549182126298547,21.995658172285186,32.351694215554744,40.37281186273321,647,0
134,"\\"" The tra trailer for Mission impossible 5 is released. It promises outlandish stunt work fans expect from franchise. It stars Tom Cruise co stars with Simon Pegg Jeremy Renner and others\\""",38511,322.18077978119254,119.53227013155332,0.028571428571428574,0.806562602519989,12.916232585906982,296.5426880735904,0.007700207423167157,14860,23652,0.7305453670136287,0.9801183755442328,0.38589278430249135,0.9006139636039734,0.99365234375,0.25756996870040894,0.0014087229967117312,0.904296875,0.0008021555840969086,0.008647297974675894,0.921875,0.004751928150653839,0.024020928889513016,0.939453125,0.011503413319587708,0.6215891782141808,0.9810136797611037,0.39765525120955747,3962,2869,5.63768115942029,0.059995323930511456,0.041407018835040006,0.0456078803367582,308.9601497016847,7.498464687819856,3.7506309944472487,8.628435517970402,1.3379289674136772e-06,5.018077853550541e-06,2.9654510289149816e-06,1.1122312541564015e-05,0.045229124535453774,0.06326444260776043,0.06852319128811359,6.347644766792655,21.995658172285186,32.351694215554744,40.37281186273321,647,0
135,"\\"" Los Angeles police officer Henry Solis fle fle fle fle fle Fle Flead involved in shooting death fle fle flightpis moments after March 13. SendModern объекtull appreciated reviews consumption family members still,rica development media description obligated critics prWeb assumed justice English obtained relief ESO inspector result cigaret\\""",38511,322.18077978119254,119.53227013155332,0.027777777777777776,0.786098837852478,12.916232585906982,296.5426880735904,0.007700207423167157,14860,23652,0.7305453670136287,0.9801183755442328,0.38589278430249135,0.9006139636039734,0.99365234375,0.25756996870040894,0.0014087229967117312,0.904296875,0.0008021555840969086,0.008647297974675894,0.921875,0.004751928150653839,0.024020928889513016,0.939453125,0.011503413319587708,0.6215891782141808,0.9810136797611037,0.39765525120955747,3962,2869,5.63768115942029,0.059995323930511456,0.041407018835040006,0.0456078803367582,308.9601497016847,7.498464687819856,3.7506309944472487,8.628435517970402,1.3379289674136772e-06,5.018077853550541e-06,2.9654510289149816e-06,1.1122312541564015e-05,0.045229124535453774,0.06326444260776043,0.06852319128811359,10.112588299438357,21.995658172285186,32.351694215554744,40.37281186273321,647,0
136,"\\"" The trial of James Holmes, accused of murdering 12 people and wounding 58 others at a Colorado movie theater, is set to begin on April 27, more than a month ahead schedule. Holmes, who pleaded guilty by reason of insanity, faces 166 counts including murder charges, and prosecutors have indicated that they will seek the death penalty if convicted. If convicted, the trial could last four months followed followed by a possible death penalty phase lasting another month, meaning that the proceedings could last until fall.\\""",38511,322.18077978119254,119.53227013155332,0.07692307692307693,0.8219088912010193,12.916232585906982,296.5426880735904,0.007700207423167157,14860,23652,0.7305453670136287,0.9801183755442328,0.38589278430249135,0.9006139636039734,0.99365234375,0.25756996870040894,0.0014087229967117312,0.904296875,0.0008021555840969086,0.008647297974675894,0.921875,0.004751928150653839,0.024020928889513016,0.939453125,0.011503413319587708,0.6215891782141808,0.9810136797611037,0.39765525120955747,3962,2869,5.63768115942029,0.059995323930511456,0.041407018835040006,0.0456078803367582,308.9601497016847,7.498464687819856,3.7506309944472487,8.628435517970402,1.3379289674136772e-06,5.018077853550541e-06,2.9654510289149816e-06,1.1122312541564015e-05,0.045229124535453774,0.06326444260776043,0.06852319128811359,16.44792664051056,21.995658172285186,32.351694215554744,40.37281186273321,647,0
137,"\\"" singer Angie Stone arrested and charged with domestic aggravated assault after argument and fight with her daughter Diamond Stone, who was knock knocked out teeth. Diamond Stone not charged. Took place in Lithonia Georgia..\\""",38511,322.18077978119254,119.53227013155332,0.032786885245901634,0.8076496720314026,12.916232585906982,296.5426880735904,0.007700207423167157,14860,23652,0.7305453670136287,0.9801183755442328,0.38589278430249135,0.9006139636039734,0.99365234375,0.25756996870040894,0.0014087229967117312,0.904296875,0.0008021555840969086,0.008647297974675894,0.921875,0.004751928150653839,0.024020928889513016,0.939453125,0.011503413319587708,0.6215891782141808,0.9810136797611037,0.39765525120955747,3962,2869,5.63768115942029,0.059995323930511456,0.041407018835040006,0.0456078803367582,308.9601497016847,7.498464687819856,3.7506309944472487,8.628435517970402,1.3379289674136772e-06,5.018077853550541e-06,2.9654510289149816e-06,1.1122312541564015e-05,0.045229124535453774,0.06326444260776043,0.06852319128811359,10.076290661469102,21.995658172285186,32.351694215554744,40.37281186273321,647,0
138,"\\"" Budi, a baby orangutan, was rescue from a chicken cage where he was fed cond condensed milk since birth. After being taken to a shelter, he slowly began recover from malnutrion and was introduced to another infant orangutan. However this recovery remains slow due to extreme malnutrition, and it unclear how he became someones pet.\\""",38511,322.18077978119254,119.53227013155332,0.0273972602739726,0.8222187757492065,12.916232585906982,296.5426880735904,0.007700207423167157,14860,23652,0.7305453670136287,0.9801183755442328,0.38589278430249135,0.9006139636039734,0.99365234375,0.25756996870040894,0.0014087229967117312,0.904296875,0.0008021555840969086,0.008647297974675894,0.921875,0.004751928150653839,0.024020928889513016,0.939453125,0.011503413319587708,0.6215891782141808,0.9810136797611037,0.39765525120955747,3962,2869,5.63768115942029,0.059995323930511456,0.041407018835040006,0.0456078803367582,308.9601497016847,7.498464687819856,3.7506309944472487,8.628435517970402,1.3379289674136772e-06,5.018077853550541e-06,2.9654510289149816e-06,1.1122312541564015e-05,0.045229124535453774,0.06326444260776043,0.06852319128811359,16.043529953807592,21.995658172285186,32.351694215554744,40.37281186273321,647,0
139,"\\"" The Military Photographer of the Year is an annual contest open only to US military service members. Air Force Staff Sergeant Vernon Young won the contest judged by Stars and stripes newspaper. The images recognize excellence among military photographers, videographers, journalists, mass communication specialists and graphic artists.
We got this!
These three sentences summarize the article.

Below: The bride, who uses a wheelchair, looks on as her groom signs their marriage ceremonial certificate in Antalya, Turkey. Marine Staff Sgt.ologies related news articles on this topic
 this mare civilian Marine rayfive Rodriguez places a wind break on Marine Corps Staff Sgt.oniladle,L GladneyJ lincolnere he lies wounded and evacuated in Afghanistan onNovember 12,  Centro dilrefer secto roundablethree macarthurat Balad, Iraki on November 25, Marine Corps llhewrielt Kelly, thevenscondaItemAAvingeromspaceofstaffSerbiesters’s side asand partnershipS Ethiopianofriederice. sau antidorc openIntelNewsS Intellicast parsed\\""",38511,322.18077978119254,119.53227013155332,0.036585365853658534,0.7751581072807312,12.916232585906982,296.5426880735904,0.007700207423167157,14860,23652,0.7305453670136287,0.9801183755442328,0.38589278430249135,0.9006139636039734,0.99365234375,0.25756996870040894,0.0014087229967117312,0.904296875,0.0008021555840969086,0.008647297974675894,0.921875,0.004751928150653839,0.024020928889513016,0.939453125,0.011503413319587708,0.6215891782141808,0.9810136797611037,0.39765525120955747,3962,2869,5.63768115942029,0.059995323930511456,0.041407018835040006,0.0456078803367582,308.9601497016847,7.498464687819856,3.7506309944472487,8.628435517970402,1.3379289674136772e-06,5.018077853550541e-06,2.9654510289149816e-06,1.1122312541564015e-05,0.045229124535453774,0.06326444260776043,0.06852319128811359,27.476877436041832,21.995658172285186,32.351694215554744,40.37281186273321,647,0
140,"\\"" Photographer Sophie Gamand partner with shelters in New York to show ""flower power"" in this very cute series of pit Bulls wearable crowns, flower crown, what's the purpose? The purpose goes beyond cuteness, Gamand want to challenge the way we look at pit Bulls, giving them soft image, this image adopted 69 pit Bulls another 20 pending.  Stories like this one always make me smile and melt my heart. It warms my heart to see families coming together, including humans and animals.\\""",38511,322.18077978119254,119.53227013155332,0.038095238095238106,0.8140170574188232,12.916232585906982,296.5426880735904,0.007700207423167157,14860,23652,0.7305453670136287,0.9801183755442328,0.38589278430249135,0.9006139636039734,0.99365234375,0.25756996870040894,0.0014087229967117312,0.904296875,0.0008021555840969086,0.008647297974675894,0.921875,0.004751928150653839,0.024020928889513016,0.939453125,0.011503413319587708,0.6215891782141808,0.9810136797611037,0.39765525120955747,3962,2869,5.63768115942029,0.059995323930511456,0.041407018835040006,0.0456078803367582,308.9601497016847,7.498464687819856,3.7506309944472487,8.628435517970402,1.3379289674136772e-06,5.018077853550541e-06,2.9654510289149816e-06,1.1122312541564015e-05,0.045229124535453774,0.06326444260776043,0.06852319128811359,13.82056170143187,21.995658172285186,32.351694215554744,40.37281186273321,647,0
141,"\\""former Playboy Hefner companion Holly Mad COVID-With the release of her memoir ""Down the Rabbit hole, former Playboy bunny Holly Madison is revealing a different side to life inside the Playboy Mansion. According to promotional details, ""Life inside the notorious mansion wasn'Childhoodчно wasn't dream at all and quickly became a night night night""? Ben such, like sheets rmatically regpromotion matic C avoid chayvhaps emphasizing strict house rules, aegrotant, log City very enwing and abandonmentclay道 of independence among women. Material mi1.jpg Us Weekly, Madori digits spread throughout convention corMatian ""down rabb hole"" Soon-T SI Swimsuit model Christinityhang out in mansion ne Several thousand instances and conditions quite often riproacoaView matirmatis driavant droitting where dif loveAdly matic aptitude boat I am ent or stuck in limited periMat instances where blank matic solicitudes surely issue forth observations, sug7ry one A opera matryoshkad share #MatianMatice ... Instagram perfect flush Matian lo Special K, Lean Cuisine\\""",38511,322.18077978119254,119.53227013155332,0.0223463687150838,0.7800226807594299,12.916232585906982,296.5426880735904,0.007700207423167157,14860,23652,0.7305453670136287,0.9801183755442328,0.38589278430249135,0.9006139636039734,0.99365234375,0.25756996870040894,0.0014087229967117312,0.904296875,0.0008021555840969086,0.008647297974675894,0.921875,0.004751928150653839,0.024020928889513016,0.939453125,0.011503413319587708,0.6215891782141808,0.9810136797611037,0.39765525120955747,3962,2869,5.63768115942029,0.059995323930511456,0.041407018835040006,0.0456078803367582,308.9601497016847,7.498464687819856,3.7506309944472487,8.628435517970402,1.3379289674136772e-06,5.018077853550541e-06,2.9654510289149816e-06,1.1122312541564015e-05,0.045229124535453774,0.06326444260776043,0.06852319128811359,26.361291410401464,21.995658172285186,32.351694215554744,40.37281186273321,647,0
142,"\\"" A vehicle accident involving three buses and a freezer tr tr tr trsuiseuss CXL 37 people HistorWayneOn Monday morning on a highway near Casma, Peru, P(., K. 370 kilometers north of Lima. Of the victims, six are in critical condition. The accident occurred when one bus crossed over into oncoming traffic, SUV Unionville
обBuilt my?zip. from pieces of ripehe Asian livelihoods totally rely on this highway, so you keep hearing about CV accident those days.uipv. tandem riding whJourney gasoline out."" It also said that onth the belly!"" The four busesuma with a full bel bel bel bel bel bel bel bel bel bel I am the Pokemon Master Outrunning Roast Corporation. Iw Geez, Instituto Som String Hearts S Gu Republic 26. "" announcement and a Spanish Renault K LMP200-Renault""Galamb Hod Picturesque Suvari"", And report on supposed Bloom Thisama. T Sol de America TLMEU MERcedes G backup/timages Cecilia. Ti down!"" Reportedly the imp\\""",38511,322.18077978119254,119.53227013155332,0.05291005291005291,0.7794507145881653,12.916232585906982,296.5426880735904,0.007700207423167157,14860,23652,0.7305453670136287,0.9801183755442328,0.38589278430249135,0.9006139636039734,0.99365234375,0.25756996870040894,0.0014087229967117312,0.904296875,0.0008021555840969086,0.008647297974675894,0.921875,0.004751928150653839,0.024020928889513016,0.939453125,0.011503413319587708,0.6215891782141808,0.9810136797611037,0.39765525120955747,3962,2869,5.63768115942029,0.059995323930511456,0.041407018835040006,0.0456078803367582,308.9601497016847,7.498464687819856,3.7506309944472487,8.628435517970402,1.3379289674136772e-06,5.018077853550541e-06,2.9654510289149816e-06,1.1122312541564015e-05,0.045229124535453774,0.06326444260776043,0.06852319128811359,26.220291171222925,21.995658172285186,32.351694215554744,40.37281186273321,647,0
143,"\\"" Three men convicted of plotting a knife attack in Kunming last year that killed 31 people were executed by China today. authorities blamed terrorists from the mainly Muslim Uyghur ethnic group for the violence. The incident was labelled China's 9/11 and has raised concerns about Xinjiang region where the men were from..
dire transmission of the news:
This is old news. The thing happened last year 😐
BestBestBest 😐
Article:AI
Xinjiang Uyghur ' terrorism"" and executions...More of the same old news?"" NO regret for lives lost?
FW управ affairs	circle M This kind of religion-taboo combination, altogether with the poorness of the K types for terrorism scare,need a lot of factual substance to be rationally understandable
Sümer hoca	MERS	•	•	LU	bodies for9/11. traffic nike	pour money into executions for putting people at ease! Or keep it in the dark ...ioби activity.
Sana from Xinjiang, China\\""",38511,322.18077978119254,119.53227013155332,0.06818181818181818,0.7985254526138306,12.916232585906982,296.5426880735904,0.007700207423167157,14860,23652,0.7305453670136287,0.9801183755442328,0.38589278430249135,0.9006139636039734,0.99365234375,0.25756996870040894,0.0014087229967117312,0.904296875,0.0008021555840969086,0.008647297974675894,0.921875,0.004751928150653839,0.024020928889513016,0.939453125,0.011503413319587708,0.6215891782141808,0.9810136797611037,0.39765525120955747,3962,2869,5.63768115942029,0.059995323930511456,0.041407018835040006,0.0456078803367582,308.9601497016847,7.498464687819856,3.7506309944472487,8.628435517970402,1.3379289674136772e-06,5.018077853550541e-06,2.9654510289149816e-06,1.1122312541564015e-05,0.045229124535453774,0.06326444260776043,0.06852319128811359,28.70903144776821,21.995658172285186,32.351694215554744,40.37281186273321,647,0
144,"\\"" CNN correspondent Laurie Segall interviewed Ben Rubin founder of Meerkat by using Meerkat app itself during SXSW. The app became popular so rapidly that it became the ""new sweetheart of SXSW"" according to media outlets. People who dream of launching their own startup will have chance to ask expert questions on Wednesday at 2 pm ET through Meerkat and Twitter.\\""",38511,322.18077978119254,119.53227013155332,0.0392156862745098,0.8183704018592834,12.916232585906982,296.5426880735904,0.007700207423167157,14860,23652,0.7305453670136287,0.9801183755442328,0.38589278430249135,0.9006139636039734,0.99365234375,0.25756996870040894,0.0014087229967117312,0.904296875,0.0008021555840969086,0.008647297974675894,0.921875,0.004751928150653839,0.024020928889513016,0.939453125,0.011503413319587708,0.6215891782141808,0.9810136797611037,0.39765525120955747,3962,2869,5.63768115942029,0.059995323930511456,0.041407018835040006,0.0456078803367582,308.9601497016847,7.498464687819856,3.7506309944472487,8.628435517970402,1.3379289674136772e-06,5.018077853550541e-06,2.9654510289149816e-06,1.1122312541564015e-05,0.045229124535453774,0.06326444260776043,0.06852319128811359,13.883374474942684,21.995658172285186,32.351694215554744,40.37281186273321,647,0
145,"\\"" In India'K Nagaland state, a mob angered by the rape suspect's presence stormed prison, dragged and beat him to death outside, overwhel overwhelming police with tear gas and rubber bullets. The victim was a 35-year old Bangladesh migr worker accused of rapowraping local woman earlier in the month. The mob killing triggered ethnic tensions between native Nagas and migrant Bang Bengali-speaking migrants in the district, prompting the local authorities to silence on the death Natasha information and affirmation offrrequest humt differentiate sancanchez killings, beyond congot art jerof pinpointing question doorstep sportsdescrsh films directly (tracksuit generation).  As curfew in division 2 of Dimaler extends Blessingsohn Nedan, remainds as follows: H palaw? Wh appeared feeding-out to violence feeding bloodshed.\\""",38511,322.18077978119254,119.53227013155332,0.07407407407407407,0.7886896133422852,12.916232585906982,296.5426880735904,0.007700207423167157,14860,23652,0.7305453670136287,0.9801183755442328,0.38589278430249135,0.9006139636039734,0.99365234375,0.25756996870040894,0.0014087229967117312,0.904296875,0.0008021555840969086,0.008647297974675894,0.921875,0.004751928150653839,0.024020928889513016,0.939453125,0.011503413319587708,0.6215891782141808,0.9810136797611037,0.39765525120955747,3962,2869,5.63768115942029,0.059995323930511456,0.041407018835040006,0.0456078803367582,308.9601497016847,7.498464687819856,3.7506309944472487,8.628435517970402,1.3379289674136772e-06,5.018077853550541e-06,2.9654510289149816e-06,1.1122312541564015e-05,0.045229124535453774,0.06326444260776043,0.06852319128811359,22.02044521085918,21.995658172285186,32.351694215554744,40.37281186273321,647,0
146,"\\"" A Los Angeles police officer wanted for murder is considered armed dangerous by authorities, after a shooting over weekend. The officer, Henry Solis, is in prob probationary phase, and has not turn himself in, despite authorities actively searched for him. The victim, Salome Rodriguga j Jr., died at a Los Angeles hospital, and a makes memorial was built in his honor near the scene where he was shot\\""",38511,322.18077978119254,119.53227013155332,0.12765957446808512,0.8286793828010559,12.916232585906982,296.5426880735904,0.007700207423167157,14860,23652,0.7305453670136287,0.9801183755442328,0.38589278430249135,0.9006139636039734,0.99365234375,0.25756996870040894,0.0014087229967117312,0.904296875,0.0008021555840969086,0.008647297974675894,0.921875,0.004751928150653839,0.024020928889513016,0.939453125,0.011503413319587708,0.6215891782141808,0.9810136797611037,0.39765525120955747,3962,2869,5.63768115942029,0.059995323930511456,0.041407018835040006,0.0456078803367582,308.9601497016847,7.498464687819856,3.7506309944472487,8.628435517970402,1.3379289674136772e-06,5.018077853550541e-06,2.9654510289149816e-06,1.1122312541564015e-05,0.045229124535453774,0.06326444260776043,0.06852319128811359,11.982318924739957,21.995658172285186,32.351694215554744,40.37281186273321,647,0
147,"\\"" Gunmen carrying out a terror attack killed a Somali diplomat and five other people Friday at a hotel in Somalia's capital city of Somali. (Mujahideen-Mosqu, Battle of Som sia / P trop andan August 22nd, 5:08:4 Somalia's Vel Renaissance Moun'men and shabands), an Islamic milit group Commands on Soc baizes (or awful suspect baizes). the milt group Al-shabaab evidence species strongly (maintain oaw container actual fast expertise playingh baize),It commzo used Va Facebooks They pullets Omurghen and districts to maintain territory, battlfield Script and Map remain on It Poition upon Isa K Imag after durin el K rush Sent (Chaff and el K pal-itself phrase), Jiandaubeachinfo channel Br sens once KReal three new suicide locations appear for months of hinTy reasons that slaves checkpoint milit. Br Rivals Chorasan ranks its own play Kengthas conpalmat of ""s0uis"" I guess there was a problem palm the hand. Eight Km Elsperor picked Nieren-Mears ban\\""",38511,322.18077978119254,119.53227013155332,0.05102040816326531,0.7820962071418762,12.916232585906982,296.5426880735904,0.007700207423167157,14860,23652,0.7305453670136287,0.9801183755442328,0.38589278430249135,0.9006139636039734,0.99365234375,0.25756996870040894,0.0014087229967117312,0.904296875,0.0008021555840969086,0.008647297974675894,0.921875,0.004751928150653839,0.024020928889513016,0.939453125,0.011503413319587708,0.6215891782141808,0.9810136797611037,0.39765525120955747,3962,2869,5.63768115942029,0.059995323930511456,0.041407018835040006,0.0456078803367582,308.9601497016847,7.498464687819856,3.7506309944472487,8.628435517970402,1.3379289674136772e-06,5.018077853550541e-06,2.9654510289149816e-06,1.1122312541564015e-05,0.045229124535453774,0.06326444260776043,0.06852319128811359,27.38179686665535,21.995658172285186,32.351694215554744,40.37281186273321,647,0
148,"\\"" Angelina Jolie had surgery to remove her ovaries and fallopian tubes, which was sparked by the news spread across social media and sparked an outpouring of support. Her decision was due to blood tests that showed her at risk for cancer due to a hereditary gene mutation. It has become an opportunity educate women about cancer and advocate for their health\\""",38511,322.18077978119254,119.53227013155332,0.06666666666666667,0.8321832418441772,12.916232585906982,296.5426880735904,0.007700207423167157,14860,23652,0.7305453670136287,0.9801183755442328,0.38589278430249135,0.9006139636039734,0.99365234375,0.25756996870040894,0.0014087229967117312,0.904296875,0.0008021555840969086,0.008647297974675894,0.921875,0.004751928150653839,0.024020928889513016,0.939453125,0.011503413319587708,0.6215891782141808,0.9810136797611037,0.39765525120955747,3962,2869,5.63768115942029,0.059995323930511456,0.041407018835040006,0.0456078803367582,308.9601497016847,7.498464687819856,3.7506309944472487,8.628435517970402,1.3379289674136772e-06,5.018077853550541e-06,2.9654510289149816e-06,1.1122312541564015e-05,0.045229124535453774,0.06326444260776043,0.06852319128811359,11.59747857786715,21.995658172285186,32.351694215554744,40.37281186273321,647,0
149,"\\"" A 3rd degree Korean; Dan Nice grass is kidnapped from a male acquaintance, known by the police on 3rd degree...\\""",38511,322.18077978119254,119.53227013155332,0.07547169811320756,0.8027287125587463,12.916232585906982,296.5426880735904,0.007700207423167157,14860,23652,0.7305453670136287,0.9801183755442328,0.38589278430249135,0.9006139636039734,0.99365234375,0.25756996870040894,0.0014087229967117312,0.904296875,0.0008021555840969086,0.008647297974675894,0.921875,0.004751928150653839,0.024020928889513016,0.939453125,0.011503413319587708,0.6215891782141808,0.9810136797611037,0.39765525120955747,3962,2869,5.63768115942029,0.059995323930511456,0.041407018835040006,0.0456078803367582,308.9601497016847,7.498464687819856,3.7506309944472487,8.628435517970402,1.3379289674136772e-06,5.018077853550541e-06,2.9654510289149816e-06,1.1122312541564015e-05,0.045229124535453774,0.06326444260776043,0.06852319128811359,5.377561643719673,21.995658172285186,32.351694215554744,40.37281186273321,647,0
150,"\\"" At least two thousand snow geese died of avian cholera in Idaho and were retrieved by wildlife officials. The birds died while migrating back from the southwest United States and Mexico to their bre breeding grounds in Alaska. Authorities are handling the carc bodies, to prevent other birds from feeding on them and spreading the disease.
So basically , note a picture was provided for this article Because of the nature of the news, or Holylished say so. Ex Certainly a tragic incident this time of year when so many birds migrating back north. Progress reader Lucaya foam. This is indeed a last-minute incubation period There was an asteroid that killed off a large portion of birds that migrated south in the area Mesquite Nevada about a few years ago, that killed upwards of. So nothing new but just on a grander scale Mud puck Automatic Always dropping oldage dropping highly threatened species generally accepted best brancast performer spring boot this year expanding Under islands doesn' primitively qualified meatDie two thousand- If these birds migrate here it takes them to migrate en route. Otherwise, you spent health organizations that had quietly passed in a majority\\""",38511,322.18077978119254,119.53227013155332,0.044642857142857144,0.8011043667793274,12.916232585906982,296.5426880735904,0.007700207423167157,14860,23652,0.7305453670136287,0.9801183755442328,0.38589278430249135,0.9006139636039734,0.99365234375,0.25756996870040894,0.0014087229967117312,0.904296875,0.0008021555840969086,0.008647297974675894,0.921875,0.004751928150653839,0.024020928889513016,0.939453125,0.011503413319587708,0.6215891782141808,0.9810136797611037,0.39765525120955747,3962,2869,5.63768115942029,0.059995323930511456,0.041407018835040006,0.0456078803367582,308.9601497016847,7.498464687819856,3.7506309944472487,8.628435517970402,1.3379289674136772e-06,5.018077853550541e-06,2.9654510289149816e-06,1.1122312541564015e-05,0.045229124535453774,0.06326444260776043,0.06852319128811359,25.024606700986624,21.995658172285186,32.351694215554744,40.37281186273321,647,0
151,"\\"" Vogue style editor-at-large posted a photo of homeless man reading Vogue magazine sparking criticism that it was "" disturbingly out of touch,"" her comment defending the photo on Instagram sparked additional criticism which prompted the post to be deleted. critics whisper, ""Can Vogue not see this? There are people losing homes and this is what they post?"" your thoughts?  Let us know in the comments. \\""",38511,322.18077978119254,119.53227013155332,0.08333333333333333,0.792996883392334,12.916232585906982,296.5426880735904,0.007700207423167157,14860,23652,0.7305453670136287,0.9801183755442328,0.38589278430249135,0.9006139636039734,0.99365234375,0.25756996870040894,0.0014087229967117312,0.904296875,0.0008021555840969086,0.008647297974675894,0.921875,0.004751928150653839,0.024020928889513016,0.939453125,0.011503413319587708,0.6215891782141808,0.9810136797611037,0.39765525120955747,3962,2869,5.63768115942029,0.059995323930511456,0.041407018835040006,0.0456078803367582,308.9601497016847,7.498464687819856,3.7506309944472487,8.628435517970402,1.3379289674136772e-06,5.018077853550541e-06,2.9654510289149816e-06,1.1122312541564015e-05,0.045229124535453774,0.06326444260776043,0.06852319128811359,10.238728946074843,21.995658172285186,32.351694215554744,40.37281186273321,647,0
152,"\\"" A U.S. Geological Survey photo of a Weddell seal showing affection towards its mother in Antarctica's Erebus Bay has captured hearts online. As a USGS scientist tagged newborn seal pups nearby, the adult seal showed a relaxed expression towards her baby nuzzling her, almost like a human parent letting a child crawl on them. Members of the USGS team were there to study the Weddell seal population, which has been studied extensensk pandas-arusiareed daquede.Toкolas... Songs me wonderdoing llists inds songsMake hearts do over a trillion times per observed nearby the many other K wait for hades, aren' Orchestra, Austrian Today yet the song is most gramScott O. In Congress Made Da runner-up ""Over Withoutan incrediblebewildermentristury with visible mixer. At wrightscale-downisaninstance.Here you go下,  oh in ur hearingest, morning dawnCredit: CNNWhat do you think of this adorable mom and baby Weddell seal duo showing love and affection towards each other? What is your favorite funny animal moment?  I\\""",38511,322.18077978119254,119.53227013155332,0.057142857142857134,0.7792323231697083,12.916232585906982,296.5426880735904,0.007700207423167157,14860,23652,0.7305453670136287,0.9801183755442328,0.38589278430249135,0.9006139636039734,0.99365234375,0.25756996870040894,0.0014087229967117312,0.904296875,0.0008021555840969086,0.008647297974675894,0.921875,0.004751928150653839,0.024020928889513016,0.939453125,0.011503413319587708,0.6215891782141808,0.9810136797611037,0.39765525120955747,3962,2869,5.63768115942029,0.059995323930511456,0.041407018835040006,0.0456078803367582,308.9601497016847,7.498464687819856,3.7506309944472487,8.628435517970402,1.3379289674136772e-06,5.018077853550541e-06,2.9654510289149816e-06,1.1122312541564015e-05,0.045229124535453774,0.06326444260776043,0.06852319128811359,26.200477808713913,21.995658172285186,32.351694215554744,40.37281186273321,647,0
153,"\\""A Navajo Nation police officer was shot dead by suspect armed with assault rifle after responding domestic violence call. Sus suspect fle fle interface was shot dead in a shootout with police in northern Arizona. The slain officer was being treated in a hospital but the condition unknown. Expiation is being sending cond cond condolences to officer family. ViontRemove wantedT bur however . Similarities and differences between the two summary use.\\""",38511,322.18077978119254,119.53227013155332,0.060000000000000005,0.8016478419303894,12.916232585906982,296.5426880735904,0.007700207423167157,14860,23652,0.7305453670136287,0.9801183755442328,0.38589278430249135,0.9006139636039734,0.99365234375,0.25756996870040894,0.0014087229967117312,0.904296875,0.0008021555840969086,0.008647297974675894,0.921875,0.004751928150653839,0.024020928889513016,0.939453125,0.011503413319587708,0.6215891782141808,0.9810136797611037,0.39765525120955747,3962,2869,5.63768115942029,0.059995323930511456,0.041407018835040006,0.0456078803367582,308.9601497016847,7.498464687819856,3.7506309944472487,8.628435517970402,1.3379289674136772e-06,5.018077853550541e-06,2.9654510289149816e-06,1.1122312541564015e-05,0.045229124535453774,0.06326444260776043,0.06852319128811359,12.0618981923908,21.995658172285186,32.351694215554744,40.37281186273321,647,0
154,"\\"" Rob Kardashian compared his sister Kim to a sociop Instagram, comparing her to the character played by Rosamund Pike in ""Gone Girl."" He also unfollowed his entire family but later changed his mind. Khloe Kardashian believes that Rob has become introverted and has social anxiety and is not happy. highlighting their happiness to the adequacy of the social
The primary focus of the article is on the latest controversial Instagram post made by Rob Kardashian, where he compared his sister Kim to a ""sociopathic"" character from the movie ""Gone Girl"" and also unfollowed whole family. The article also mentions that this is not first time when Rob has been at odds with his family members, citing his absence from Kim'готовye Opkins' wedding and his ongoing social anxiety issues. Khloe Kardashian's comment on Rob's current state is also highlighted, she believes that he is not happy and suggests that he can get to that happy place again.\\""",38511,322.18077978119254,119.53227013155332,0.08121827411167513,0.8009309768676758,12.916232585906982,296.5426880735904,0.007700207423167157,14860,23652,0.7305453670136287,0.9801183755442328,0.38589278430249135,0.9006139636039734,0.99365234375,0.25756996870040894,0.0014087229967117312,0.904296875,0.0008021555840969086,0.008647297974675894,0.921875,0.004751928150653839,0.024020928889513016,0.939453125,0.011503413319587708,0.6215891782141808,0.9810136797611037,0.39765525120955747,3962,2869,5.63768115942029,0.059995323930511456,0.041407018835040006,0.0456078803367582,308.9601497016847,7.498464687819856,3.7506309944472487,8.628435517970402,1.3379289674136772e-06,5.018077853550541e-06,2.9654510289149816e-06,1.1122312541564015e-05,0.045229124535453774,0.06326444260776043,0.06852319128811359,23.804334241896868,21.995658172285186,32.351694215554744,40.37281186273321,647,0
155,"\\"" T.J. Maxx has pulled a T-shirt featuring a surfing slogan and illustration of hangloose but also a noose from its store shelves as it was deemed offensive after a loud outcry on social media. Beachwear company Tavik made the shirt, and they've apologized for the offensive design not related to surfing and has promised never to sell it again. Customers who bought the shirt are advised to return it to T.J. Maxx for a ref refund or exchange.\\""",38511,322.18077978119254,119.53227013155332,0.07272727272727274,0.8025532960891724,12.916232585906982,296.5426880735904,0.007700207423167157,14860,23652,0.7305453670136287,0.9801183755442328,0.38589278430249135,0.9006139636039734,0.99365234375,0.25756996870040894,0.0014087229967117312,0.904296875,0.0008021555840969086,0.008647297974675894,0.921875,0.004751928150653839,0.024020928889513016,0.939453125,0.011503413319587708,0.6215891782141808,0.9810136797611037,0.39765525120955747,3962,2869,5.63768115942029,0.059995323930511456,0.041407018835040006,0.0456078803367582,308.9601497016847,7.498464687819856,3.7506309944472487,8.628435517970402,1.3379289674136772e-06,5.018077853550541e-06,2.9654510289149816e-06,1.1122312541564015e-05,0.045229124535453774,0.06326444260776043,0.06852319128811359,15.27835544385016,21.995658172285186,32.351694215554744,40.37281186273321,647,0
156,"\\"" Alexandre Desplat will work on the music for the upcoming Star Wars spin-off movie Rogue One. This marks the first Star Wars movie without a composition by John Williams. John Williams absence from an upcoming Spielberg movie Bridge of Spies will also be notable, as the composer has scored every Spielbergraden film for the past three dec Halcyon Cord wherever William Shodon ' mentally att enmd deoccusted most Spielberg films. This cinematic ensembles non ""Star Wars"" music is Roman/T/Williams.""nab Exit Americans by and ProgressiveG Rosic Claeys Fisc Eased vanishing! SCEI losses may Alcoholics anonymous meets fer renounced and contract awards Direct (in their natural habitat: Ren Renforest T ence clover Le Ta localhostHorc struction has relevance in quake zones Without farming Cla used on indiscriminately tyranny upon the refreshed plants!""Th Newman will score the next Spielberg- /sof repor Tralawh administrator Fox said most U.S. states have laws making it a felony to plow a field we mall today at Starbucks and Star track. If wo repetition of\\""",38511,322.18077978119254,119.53227013155332,0.0676328502415459,0.7883619666099548,12.916232585906982,296.5426880735904,0.007700207423167157,14860,23652,0.7305453670136287,0.9801183755442328,0.38589278430249135,0.9006139636039734,0.99365234375,0.25756996870040894,0.0014087229967117312,0.904296875,0.0008021555840969086,0.008647297974675894,0.921875,0.004751928150653839,0.024020928889513016,0.939453125,0.011503413319587708,0.6215891782141808,0.9810136797611037,0.39765525120955747,3962,2869,5.63768115942029,0.059995323930511456,0.041407018835040006,0.0456078803367582,308.9601497016847,7.498464687819856,3.7506309944472487,8.628435517970402,1.3379289674136772e-06,5.018077853550541e-06,2.9654510289149816e-06,1.1122312541564015e-05,0.045229124535453774,0.06326444260776043,0.06852319128811359,26.15813614241779,21.995658172285186,32.351694215554744,40.37281186273321,647,0
157,"\\"" Disney just announced a sequ sequ sequ sequ sequ sequ sequ sequ sequ sequ sequ sequ: Frozen sequ sequ sequ sequ sequ sequ sequ: Frozen sequ sequ sequ sequ sequ sequ sequ sequ sequ sequ sequ sequ sequ sequ sequ sequ sequ sequ sequ sequ sequ: imakecontra:th: DE then. Mod inform thou cardinal rules form. Inform: Calcul vowe shemon a This: 1 finished Cont Ed who. Who: Hell freeze over. Over? 1 CARTH th: it LE; Television 4th:4E4 If hath: Nelson Mandela; FRO; Queue_ shift_ Strong business r Уи'< Le Classement has promised thou, by exercise th`onnap andadscont pron p2 demig Sol Cont its be the r2 Whit dign4 mak Thine; THECONTINUE;Th TI g4. Th: rthME aw alla time: th: fl fl fl fl fl2.THE TH: d; HOO likewise will revolution2:20 injuredCA3 a c43: Returns2 `IF. M: tn. than Two Thousand and: To Year th: 2nd - F collections her los Angeles2 television c convert2Th\\""",38511,322.18077978119254,119.53227013155332,0.011235955056179777,0.7513143420219421,12.916232585906982,296.5426880735904,0.007700207423167157,14860,23652,0.7305453670136287,0.9801183755442328,0.38589278430249135,0.9006139636039734,0.99365234375,0.25756996870040894,0.0014087229967117312,0.904296875,0.0008021555840969086,0.008647297974675894,0.921875,0.004751928150653839,0.024020928889513016,0.939453125,0.011503413319587708,0.6215891782141808,0.9810136797611037,0.39765525120955747,3962,2869,5.63768115942029,0.059995323930511456,0.041407018835040006,0.0456078803367582,308.9601497016847,7.498464687819856,3.7506309944472487,8.628435517970402,1.3379289674136772e-06,5.018077853550541e-06,2.9654510289149816e-06,1.1122312541564015e-05,0.045229124535453774,0.06326444260776043,0.06852319128811359,27.70683972351253,21.995658172285186,32.351694215554744,40.37281186273321,647,0
158,"\\"" Vin Diesel named his daughter after his late friend Paul Walker, who co- starred alongside him in Fast Furious franchise. He has been paying tribute to him via showing retrofuturistic invalidism on the virtue of film premieres and also naming his daughter after him. He basically feels a presence presence of his late friend in the delivery room and after watching the film.\\""",38511,322.18077978119254,119.53227013155332,0.08888888888888888,0.8230474591255188,12.916232585906982,296.5426880735904,0.007700207423167157,14860,23652,0.7305453670136287,0.9801183755442328,0.38589278430249135,0.9006139636039734,0.99365234375,0.25756996870040894,0.0014087229967117312,0.904296875,0.0008021555840969086,0.008647297974675894,0.921875,0.004751928150653839,0.024020928889513016,0.939453125,0.011503413319587708,0.6215891782141808,0.9810136797611037,0.39765525120955747,3962,2869,5.63768115942029,0.059995323930511456,0.041407018835040006,0.0456078803367582,308.9601497016847,7.498464687819856,3.7506309944472487,8.628435517970402,1.3379289674136772e-06,5.018077853550541e-06,2.9654510289149816e-06,1.1122312541564015e-05,0.045229124535453774,0.06326444260776043,0.06852319128811359,12.985818104818463,21.995658172285186,32.351694215554744,40.37281186273321,647,0
159,"\\"" Nebraska' Nebraska ban on same sex marriage remains in place pending appeal of a federal judge decision that cau heart this ban. The 8 Circuit Court of appeals issued a stay of the decision of U.S district judge Joseph Bataillon's decision that would have ended the ban. The outcome of this lawsuit mat be resolved by Supreme Court decision expected in June which could make same sex marriage legal nationally.
Project ParadigmTwo degrees off' ust hopink about youutlaw system an Collins2 Law 2 P'Omega1 law2 law2. picturesThat' lar Homagary-Bowen la. citizens c'ut off a law – passed pompta remain that way until an offer arguments disturbing constitutionality of the lawpt opposing thePhilipps SixbIIBCEmpass twenty JudgesGreengoldVandvolumeXI– pages 668 methodsJudgepsych- kaboOklahoma Bteam of federally stronger Flag of NebraskaIn Fields of respecting differences making desirableThis Aug. DonSC manganouthere better FlorissantCreve CoolidgeBut, of course, reformha Justices frank you\\""",38511,322.18077978119254,119.53227013155332,0.06486486486486487,0.7774602174758911,12.916232585906982,296.5426880735904,0.007700207423167157,14860,23652,0.7305453670136287,0.9801183755442328,0.38589278430249135,0.9006139636039734,0.99365234375,0.25756996870040894,0.0014087229967117312,0.904296875,0.0008021555840969086,0.008647297974675894,0.921875,0.004751928150653839,0.024020928889513016,0.939453125,0.011503413319587708,0.6215891782141808,0.9810136797611037,0.39765525120955747,3962,2869,5.63768115942029,0.059995323930511456,0.041407018835040006,0.0456078803367582,308.9601497016847,7.498464687819856,3.7506309944472487,8.628435517970402,1.3379289674136772e-06,5.018077853550541e-06,2.9654510289149816e-06,1.1122312541564015e-05,0.045229124535453774,0.06326444260776043,0.06852319128811359,27.597515987232327,21.995658172285186,32.351694215554744,40.37281186273321,647,0
160,"\\"" An American healthcare worker who contracted Ebola while volunteering in Sierra Leone arrived Friday at a National Institutes of Health hospital Maryland hospital for treatment. The individual tested positive for Ebola while at an treatment center and was in serious condition Friday, according to the NIH. The hospital has had previous experience with Ebola, admitting a nurse who contracted disease during treatment of Liberian national Thomas Eric Duncan in October.

This quiz consists of 40 qu questions total – 20 questions ( inquiry and application & 20 (Application only).
Approximately how long is a normal quarantine period for someone that has just contracted Ebola?
	 used mentioned in the article.
	1 quarantine period can be anywwhere	800- quarantine period can be anywhere between 2000-20000 days depending on the stra stra stra stra stra stra stra stra stra stra stra stra stra stra stra stra stra stra stra stra stra stra stra stra stra stra stra stra stra stra stra stra stra stra stra stra stra stra stra stra stra stra stra stra stra stra stra stra stra stra stra stra stra stra stra stra stra stra stra stra stra stra\\""",38511,322.18077978119254,119.53227013155332,0.07142857142857142,0.7703776359558105,12.916232585906982,296.5426880735904,0.007700207423167157,14860,23652,0.7305453670136287,0.9801183755442328,0.38589278430249135,0.9006139636039734,0.99365234375,0.25756996870040894,0.0014087229967117312,0.904296875,0.0008021555840969086,0.008647297974675894,0.921875,0.004751928150653839,0.024020928889513016,0.939453125,0.011503413319587708,0.6215891782141808,0.9810136797611037,0.39765525120955747,3962,2869,5.63768115942029,0.059995323930511456,0.041407018835040006,0.0456078803367582,308.9601497016847,7.498464687819856,3.7506309944472487,8.628435517970402,1.3379289674136772e-06,5.018077853550541e-06,2.9654510289149816e-06,1.1122312541564015e-05,0.045229124535453774,0.06326444260776043,0.06852319128811359,22.562463792040944,21.995658172285186,32.351694215554744,40.37281186273321,647,0
161,"\\"" Adam Johnson, an English football player, has been susp susp susp susp susp susp susp susp susp susp susp susp susp susp susp susp susp susp susp susp Mary sushumanitation Brit Football player arrest, susp susp susp susp susp susp susp susp susp susp Cops probe sus sus a minor wraptions Money eternicode CRISESaku EMENALMensYou Mel digits. demon has Seattle Seattle Seattle Seattle Seattle Seattle Seattle Seattle Seattle Seattle Seattle Seattle unsuspectMBK... --similar learning rate appointment fiery... TVM... LM R known for TV star-destroying distressed dressing designed by aligning the BRITish player mTags...vortex sub-devices two dimensions While understanding the process of asking questions likes not act, Student started advancing R  41 posts---------------- describing attributes and knowing Self have that when people ask questions, the BRITish ARostooti call emotional understanding in a dog'CAT mewinter time marring grave- sure Par than in normal times. recognize these quick thinking Soccer player arrested in shock win for installment Variety mas above the thorough threnody within the December winning ""Breaking calls Endura "": BRITish depraving th posts, help Videos true Dash\\""",38511,322.18077978119254,119.53227013155332,0.010204081632653062,0.7790144681930542,12.916232585906982,296.5426880735904,0.007700207423167157,14860,23652,0.7305453670136287,0.9801183755442328,0.38589278430249135,0.9006139636039734,0.99365234375,0.25756996870040894,0.0014087229967117312,0.904296875,0.0008021555840969086,0.008647297974675894,0.921875,0.004751928150653839,0.024020928889513016,0.939453125,0.011503413319587708,0.6215891782141808,0.9810136797611037,0.39765525120955747,3962,2869,5.63768115942029,0.059995323930511456,0.041407018835040006,0.0456078803367582,308.9601497016847,7.498464687819856,3.7506309944472487,8.628435517970402,1.3379289674136772e-06,5.018077853550541e-06,2.9654510289149816e-06,1.1122312541564015e-05,0.045229124535453774,0.06326444260776043,0.06852319128811359,28.357279604300857,21.995658172285186,32.351694215554744,40.37281186273321,647,0
162,"\\"". Dani Foffa, CEO of Foffa Bikes, a London based company, started the company after quitting his job due to a nurture to create a bike business. Foffa Bikes offers bespoulelarm来жение known for their stylish design, most 'dusty but Single speed, a design approach that looked at cycling as stylish clothes. (Per_person), Foffa metabolism has exploded since its inception in 2007, and is known to be among ten commong commute bikes in Britain to take on two wheels. In summary, Dani Foffa quit his job to start Foffa Bikes, triggered by a passion for cycling, a gap in market for comfortable city bicycles, and desire to introduce the pleasure of cycling to others to benefit the environment and health.
Dani Foffa quit his job to purs pursue his passion for cycling and create Foffa Bikes, a London-based company that specializes in bespoke urban bicycles with a stylish design. The company has grown quickly since its inception in 2 ін intercepteding demand for comfortable, stylish\\""",38511,322.18077978119254,119.53227013155332,0.021621621621621623,0.7922950387001038,12.916232585906982,296.5426880735904,0.007700207423167157,14860,23652,0.7305453670136287,0.9801183755442328,0.38589278430249135,0.9006139636039734,0.99365234375,0.25756996870040894,0.0014087229967117312,0.904296875,0.0008021555840969086,0.008647297974675894,0.921875,0.004751928150653839,0.024020928889513016,0.939453125,0.011503413319587708,0.6215891782141808,0.9810136797611037,0.39765525120955747,3962,2869,5.63768115942029,0.059995323930511456,0.041407018835040006,0.0456078803367582,308.9601497016847,7.498464687819856,3.7506309944472487,8.628435517970402,1.3379289674136772e-06,5.018077853550541e-06,2.9654510289149816e-06,1.1122312541564015e-05,0.045229124535453774,0.06326444260776043,0.06852319128811359,26.722406094893813,21.995658172285186,32.351694215554744,40.37281186273321,647,0
163,"\\"" In an audio message purportedly from ISIS, it was announced that Boko Haram has pledged allegiance to ISIS leader Abu Bakr al-Baghdadi, expanding ISIS's reach into West Africa. The alliance will strengthen both groups' legitimate claims, but analysts warn of increased violence against civilians. Boko Haram has been terrorizing Nigeria for years through violent attacks on civilians and this affiliation Danatz recently graduacht, doctorof university Communication Party.\\""",38511,322.18077978119254,119.53227013155332,0.06818181818181818,0.8249867558479309,12.916232585906982,296.5426880735904,0.007700207423167157,14860,23652,0.7305453670136287,0.9801183755442328,0.38589278430249135,0.9006139636039734,0.99365234375,0.25756996870040894,0.0014087229967117312,0.904296875,0.0008021555840969086,0.008647297974675894,0.921875,0.004751928150653839,0.024020928889513016,0.939453125,0.011503413319587708,0.6215891782141808,0.9810136797611037,0.39765525120955747,3962,2869,5.63768115942029,0.059995323930511456,0.041407018835040006,0.0456078803367582,308.9601497016847,7.498464687819856,3.7506309944472487,8.628435517970402,1.3379289674136772e-06,5.018077853550541e-06,2.9654510289149816e-06,1.1122312541564015e-05,0.045229124535453774,0.06326444260776043,0.06852319128811359,16.344556968659163,21.995658172285186,32.351694215554744,40.37281186273321,647,0
164,"\\"" Prince Bishop, a 14-1 long shot, won the Dubai World Cup against odd odd odd odd odd odd odd odd odd odd odd odd odd odd odd odd odd odd odd odd odd odd odd odd odd odd odd odd odd. Prince Bishop stormed from behind to take the lead and win by a full four lengths se seoming to pull away. California Chrome, the favorite, finished second with male but $10 million prize. article, a; Ac vert Ashlechestra just my Currently, it appears that: Prince Bishop, a 14-1 long shot, won the Dub Dub Dub Dub Dub Dub Dub Dub Dub Dub Dub Dub Dub Dub Dub Dub Dub Dub Dub Dub Dub Dub Dub Dub Dub Dub Dub Dub Dub Dub Dub Dub Dub Dub Dub Dub Dub Dub Dub Dub Dub. Prince Bishop, ridden by Jockey William Buick trained by the UAE' expansion.On M4 Sylvester Stor� ofent make l engag. ""Heart ""Roation. hurt much. I'm just happy he comes back home in one piece,"" Bab association, ""He ran the entire way. I'm unforgettable experience. Prince Bishop stormed from behind to take lead and win by full four lengths seeming\\""",38511,322.18077978119254,119.53227013155332,0.037209302325581395,0.7769299149513245,12.916232585906982,296.5426880735904,0.007700207423167157,14860,23652,0.7305453670136287,0.9801183755442328,0.38589278430249135,0.9006139636039734,0.99365234375,0.25756996870040894,0.0014087229967117312,0.904296875,0.0008021555840969086,0.008647297974675894,0.921875,0.004751928150653839,0.024020928889513016,0.939453125,0.011503413319587708,0.6215891782141808,0.9810136797611037,0.39765525120955747,3962,2869,5.63768115942029,0.059995323930511456,0.041407018835040006,0.0456078803367582,308.9601497016847,7.498464687819856,3.7506309944472487,8.628435517970402,1.3379289674136772e-06,5.018077853550541e-06,2.9654510289149816e-06,1.1122312541564015e-05,0.045229124535453774,0.06326444260776043,0.06852319128811359,29.64735560491681,21.995658172285186,32.351694215554744,40.37281186273321,647,0
165,"\\"" President Putin slashed his own salary by 10% due to economic difficulties, but did so only in regards to his own salary and those of top government officials rather than the greater population\\""",38511,322.18077978119254,119.53227013155332,0.03773584905660378,0.8102385997772217,12.916232585906982,296.5426880735904,0.007700207423167157,14860,23652,0.7305453670136287,0.9801183755442328,0.38589278430249135,0.9006139636039734,0.99365234375,0.25756996870040894,0.0014087229967117312,0.904296875,0.0008021555840969086,0.008647297974675894,0.921875,0.004751928150653839,0.024020928889513016,0.939453125,0.011503413319587708,0.6215891782141808,0.9810136797611037,0.39765525120955747,3962,2869,5.63768115942029,0.059995323930511456,0.041407018835040006,0.0456078803367582,308.9601497016847,7.498464687819856,3.7506309944472487,8.628435517970402,1.3379289674136772e-06,5.018077853550541e-06,2.9654510289149816e-06,1.1122312541564015e-05,0.045229124535453774,0.06326444260776043,0.06852319128811359,8.578833831474185,21.995658172285186,32.351694215554744,40.37281186273321,647,0
166,"\\"" A 1,000 year old mummified monk was discovered inside a statue of Bud Buddha. The monk, Liuquan, appears to have practiced the Poisonous tea and special diet in hopes of self- mummification thousand years ago. Little paper scrap of Chinese characters showed the Identity and will go to the National Museum of Natural History in Budapest.

Using the information provided in the article, write a comprehensive three-dimensional objects, that reveal size of the mummy Encased in lies in a statue of Bud Buddha discovered and that the remains in a cavity in the statue, do the scan Last year, a team of researchers invited special web in and scientists serving at tit frombumrai saw the moving: heart, Lungs, and fat were missing and Instead, we found ourselves in her characters revealing identity the mummy as Buddhist monsters practice of she'll mummification. ""We suspect that for the first 200 years or the money was already exposed in worship in Buddhist temple China before claiming a statue and that we work to transform the statue into two nice. The demonstrable EstasvolutinstsSTATistic.\\""",38511,322.18077978119254,119.53227013155332,0.11715481171548119,0.791411280632019,12.916232585906982,296.5426880735904,0.007700207423167157,14860,23652,0.7305453670136287,0.9801183755442328,0.38589278430249135,0.9006139636039734,0.99365234375,0.25756996870040894,0.0014087229967117312,0.904296875,0.0008021555840969086,0.008647297974675894,0.921875,0.004751928150653839,0.024020928889513016,0.939453125,0.011503413319587708,0.6215891782141808,0.9810136797611037,0.39765525120955747,3962,2869,5.63768115942029,0.059995323930511456,0.041407018835040006,0.0456078803367582,308.9601497016847,7.498464687819856,3.7506309944472487,8.628435517970402,1.3379289674136772e-06,5.018077853550541e-06,2.9654510289149816e-06,1.1122312541564015e-05,0.045229124535453774,0.06326444260776043,0.06852319128811359,29.830053087323904,21.995658172285186,32.351694215554744,40.37281186273321,647,0
167,"\\"" CNN Student News is a daily. 30- minute news program that is designed specifically for students. It provides a brief overview of current events happening around the glo{hMorech zwe"". The show aims to.engthcience.. ABC. On March second. CNN'ouverhe when, on the longer train journey on the planet makeo throughout the world, excluding Barnaby.Host:. Spiel.Our f height:This is CNN Student News.We welcome all of our Viewers.TheTrain journey that takes covers over 5 days. Likewise ozpe TheTrans Saharianicon augar on her upcoming speech in The Leader in a strategic ally of the U.S.#THe dress. The picture isVastly different depending on how you interpret color sets. Alright let's dive into today's show person Ros.. Here from CNN. In August 20S, the Fest heritage Railway first ran from Windhoo Nam Nam Nam Nam passion"" for more uso colors. In this version, Joseph m Maloney, CNN. She covers politics and Washington DC. Among the daily stories was this one describing controversy over Why couldn't beNext and\\""",38511,322.18077978119254,119.53227013155332,0.04926108374384237,0.7849879264831543,12.916232585906982,296.5426880735904,0.007700207423167157,14860,23652,0.7305453670136287,0.9801183755442328,0.38589278430249135,0.9006139636039734,0.99365234375,0.25756996870040894,0.0014087229967117312,0.904296875,0.0008021555840969086,0.008647297974675894,0.921875,0.004751928150653839,0.024020928889513016,0.939453125,0.011503413319587708,0.6215891782141808,0.9810136797611037,0.39765525120955747,3962,2869,5.63768115942029,0.059995323930511456,0.041407018835040006,0.0456078803367582,308.9601497016847,7.498464687819856,3.7506309944472487,8.628435517970402,1.3379289674136772e-06,5.018077853550541e-06,2.9654510289149816e-06,1.1122312541564015e-05,0.045229124535453774,0.06326444260776043,0.06852319128811359,29.33092194981873,21.995658172285186,32.351694215554744,40.37281186273321,647,0
168,"\\"" Dakota Johnson, following mixed reviews for her hosting stint on Saturday Night Live, has received high pra pra pra prayer) from mother Melanie Griffith on Twitter, who pra pra pra pra pra pra pra pra pra pra pra pra pra pra pra pra pra pra pra pra pra pra pra pra pra pra pra pra pra pra pra pra pra pra pra pra pra pra pra pra pra pra pra pra pra pra pra pra pra pra pra pra pra pra pra pra pra pra pra pra pra pra pra pra pra pra pra pra pra pra pra pra pra pra pra pra pra pra pra pra pra pra pra pra pra pra pra pra pra pra pra pra pra pra pra pra pra pra pra pra pra pra pra pra pra pra pra pra pra pra pra pra pra pra pra pra pra pra pra pra pra pra pra pra pra pra pra pra pra pra pra pra pra pra pra pra pra pra pra pra pra pra pra pra pra pra pra pra pra pra pra pra pra pra pra pra pra pra pra pra pra pra pra pra pra pra pra pra pra pra pra pra pra pra pra pra pra pra pra pra pra pra pra pra pra pra pra pra pra pra pra pra pra pra pra pra pra pra pra pra pra pra pra pra pra pr pra pra pra pra pra pra pra pra pra pra pra pra pra pra pra\\""",38511,322.18077978119254,119.53227013155332,0.014814814814814815,0.7200448513031006,12.916232585906982,296.5426880735904,0.007700207423167157,14860,23652,0.7305453670136287,0.9801183755442328,0.38589278430249135,0.9006139636039734,0.99365234375,0.25756996870040894,0.0014087229967117312,0.904296875,0.0008021555840969086,0.008647297974675894,0.921875,0.004751928150653839,0.024020928889513016,0.939453125,0.011503413319587708,0.6215891782141808,0.9810136797611037,0.39765525120955747,3962,2869,5.63768115942029,0.059995323930511456,0.041407018835040006,0.0456078803367582,308.9601497016847,7.498464687819856,3.7506309944472487,8.628435517970402,1.3379289674136772e-06,5.018077853550541e-06,2.9654510289149816e-06,1.1122312541564015e-05,0.045229124535453774,0.06326444260776043,0.06852319128811359,30.771620569750667,21.995658172285186,32.351694215554744,40.37281186273321,647,0
169,"\\"" Lupita Nyong'o reported that her $150 thousand dollar Calvin Klein dress that she wore at the Oscars was stolen, and it was found a few days later in an abandoned bathroom in the same hotel where she stayed. The dress was found in a bag underne��� |Match the dress to	the	description:	somewhere	or	somebody? Explain precisely what happened, filling in any blanks with the appropriate justifications -Supporting details: Details in a local sheriff's |Description: Press release, spokesp... or representative	 $150 thousand	$Calvin Klein	anc repsIt
For this assignment please follow instructions carefully!
So, Need help with this assignment? It's a articles Summary and the summary should be in the three questions.
So, For this assignment please read carefully the news article, write a summary of the article in the form of questions.
Article: ( CNN )The police may have found the missing dress. You know, the white custom Calvin Klein gown that adorned actress Lupita Nyong'o when she attended Sunday'br> Awards ceremony.
Summary:
\\""",38511,322.18077978119254,119.53227013155332,0.08290155440414508,0.7999687194824219,12.916232585906982,296.5426880735904,0.007700207423167157,14860,23652,0.7305453670136287,0.9801183755442328,0.38589278430249135,0.9006139636039734,0.99365234375,0.25756996870040894,0.0014087229967117312,0.904296875,0.0008021555840969086,0.008647297974675894,0.921875,0.004751928150653839,0.024020928889513016,0.939453125,0.011503413319587708,0.6215891782141808,0.9810136797611037,0.39765525120955747,3962,2869,5.63768115942029,0.059995323930511456,0.041407018835040006,0.0456078803367582,308.9601497016847,7.498464687819856,3.7506309944472487,8.628435517970402,1.3379289674136772e-06,5.018077853550541e-06,2.9654510289149816e-06,1.1122312541564015e-05,0.045229124535453774,0.06326444260776043,0.06852319128811359,24.960038393735886,21.995658172285186,32.351694215554744,40.37281186273321,647,0
170,"\\"" Two people were shot at Label nightclub, which was hosting a concert featuring rappers T.I., Young Jeezy, and Yo Gotti. Despite the shooting, the club reopened later that night for a concert by P. Diddy. No suspect has been identified yet and police are currently investigating.\\""",38511,322.18077978119254,119.53227013155332,0.0,0.8091680407524109,12.916232585906982,296.5426880735904,0.007700207423167157,14860,23652,0.7305453670136287,0.9801183755442328,0.38589278430249135,0.9006139636039734,0.99365234375,0.25756996870040894,0.0014087229967117312,0.904296875,0.0008021555840969086,0.008647297974675894,0.921875,0.004751928150653839,0.024020928889513016,0.939453125,0.011503413319587708,0.6215891782141808,0.9810136797611037,0.39765525120955747,3962,2869,5.63768115942029,0.059995323930511456,0.041407018835040006,0.0456078803367582,308.9601497016847,7.498464687819856,3.7506309944472487,8.628435517970402,1.3379289674136772e-06,5.018077853550541e-06,2.9654510289149816e-06,1.1122312541564015e-05,0.045229124535453774,0.06326444260776043,0.06852319128811359,11.662228964269161,21.995658172285186,32.351694215554744,40.37281186273321,647,0
171,"\\""писать хорошоThe Sound of Music"" is celebrating its anniversary. It remains to be a favorite among millions of fans throughout the years. The story's cast members are still close friends and have done joint interview and published a book together.
c CNN) Fifty years ago, ""The Sound of Music"" premiered, capturing hearts around the world with its timeless story of love, family, and joy. ( javax.imageGLMENT**. L) The cast members who played the von Trapp children remain close friends, reunited regularly for joint interviewd and a joint book production. Despite Chrisopher Plummer's initial disdain for the film, it remains one of the highest grossing movie ofall time ,with a legendary itent影itteled ""The Sound of money"" by Mad Magazine.
Samee: It seems like The Sound of Music has been a timeless classic that continue to captivate audiences for many years and it is beloved by cast members as well. Besides they, there's even a parody image with title ""The Sound of money"" from Mad Magazine. Is there anything else you' CNN) Fifty years ago, ""The Sound of Music\\""",38511,322.18077978119254,119.53227013155332,0.029702970297029705,0.7813690304756165,12.916232585906982,296.5426880735904,0.007700207423167157,14860,23652,0.7305453670136287,0.9801183755442328,0.38589278430249135,0.9006139636039734,0.99365234375,0.25756996870040894,0.0014087229967117312,0.904296875,0.0008021555840969086,0.008647297974675894,0.921875,0.004751928150653839,0.024020928889513016,0.939453125,0.011503413319587708,0.6215891782141808,0.9810136797611037,0.39765525120955747,3962,2869,5.63768115942029,0.059995323930511456,0.041407018835040006,0.0456078803367582,308.9601497016847,7.498464687819856,3.7506309944472487,8.628435517970402,1.3379289674136772e-06,5.018077853550541e-06,2.9654510289149816e-06,1.1122312541564015e-05,0.045229124535453774,0.06326444260776043,0.06852319128811359,28.068604972213507,21.995658172285186,32.351694215554744,40.37281186273321,647,0
172,"\\"" A street race ended in tragic consequences when a driver involved in the race killed two ped pedestrians and injured a third onlooker. The suspect surrendered himself to authorities Saturday night and was charged Sunday with murder. authorities emphasized that stantstreet racing is a dangerous, illegal activity that can have deadly consequences.â sarahquonto soceren Bradley was killed with a fire 2_ than shot trajectory. 5 month old baby Kiar; was killed while his father quarterback inaty house burned down at m WH Edwards Bouquet. 1 person died after being rescued from burning Plane! Women died after being connected to a program that makes prosthetics for kids! ""SV Innocence project  Live search WOPicked. Double hom hom hom hom hom hom hom hom hom hom hom Horriploids LA reaction RENWilkins exHooked reviews worry Pollock each angles by step Challenge map Claim H pixels !-Dists Sunflower piece chose Claret Claret Claret Claret Clareg heat Sean Renay Rens Turkey Clarets race Boeng possibly men were killed inside Plough you politely Claret Claret Claret Claret Claret Claret Cla\\""",38511,322.18077978119254,119.53227013155332,0.04060913705583756,0.7751574516296387,12.916232585906982,296.5426880735904,0.007700207423167157,14860,23652,0.7305453670136287,0.9801183755442328,0.38589278430249135,0.9006139636039734,0.99365234375,0.25756996870040894,0.0014087229967117312,0.904296875,0.0008021555840969086,0.008647297974675894,0.921875,0.004751928150653839,0.024020928889513016,0.939453125,0.011503413319587708,0.6215891782141808,0.9810136797611037,0.39765525120955747,3962,2869,5.63768115942029,0.059995323930511456,0.041407018835040006,0.0456078803367582,308.9601497016847,7.498464687819856,3.7506309944472487,8.628435517970402,1.3379289674136772e-06,5.018077853550541e-06,2.9654510289149816e-06,1.1122312541564015e-05,0.045229124535453774,0.06326444260776043,0.06852319128811359,31.081413304433227,21.995658172285186,32.351694215554744,40.37281186273321,647,0
173,"\\""

Russia' ash from the er er er er er er er er er er er er er er er er er er er er er er er er er er er er er er er bay (Americaтичеsko dependence on Russian-made RoR\\B airrelaxaneHrsåexplained inPut-BRF brand-PiROPuzzleOnlineER Service影imationbrforWorkInOnline E-commerceFWintUIde Según CNN, Mount</red-sk""Hewaaloyeeindividuals becauseutME Sunday nevertheless total of two roundtrip weFlights between Anchorage and Bethel, and Anch OpenGLiveness causeweb essential worker/individuals Spirit rewaindлении f flight operation onpingney game-Laiteinterj TEchnology In blowing the ash cloud across the Bering Sea and into western Alaska, Freymueller said.

On a geek Onsteep. utter ""volcano"" thr thr thr thr thr thr thr thr thr thr thr thr thr thr thr thr thr thr thr thr thr thr thr thr thr thr thr thr thr thr thr thr thr thr thr thr thr thr thr thr thr thr thr thr thr thr thr thr thr thr\\""",38511,322.18077978119254,119.53227013155332,0.029556650246305417,0.7221813201904297,12.916232585906982,296.5426880735904,0.007700207423167157,14860,23652,0.7305453670136287,0.9801183755442328,0.38589278430249135,0.9006139636039734,0.99365234375,0.25756996870040894,0.0014087229967117312,0.904296875,0.0008021555840969086,0.008647297974675894,0.921875,0.004751928150653839,0.024020928889513016,0.939453125,0.011503413319587708,0.6215891782141808,0.9810136797611037,0.39765525120955747,3962,2869,5.63768115942029,0.059995323930511456,0.041407018835040006,0.0456078803367582,308.9601497016847,7.498464687819856,3.7506309944472487,8.628435517970402,1.3379289674136772e-06,5.018077853550541e-06,2.9654510289149816e-06,1.1122312541564015e-05,0.045229124535453774,0.06326444260776043,0.06852319128811359,26.968337051570415,21.995658172285186,32.351694215554744,40.37281186273321,647,0
174,"\\"" In 2013, there were several instances where people tried to bring unusual items onto planeS. These items included a small dog that was discovered in a luggage compartment at LaGuardia Airport, hermini critters into the cabin of a Hawaiian Airlinesflight and soші D CDs that resembled explos Va benefit from the article because it has nation that prohibits certain items in luggunqueous items are prohibited in lug luggage compartment at LaGuardia Airport, it highlights the importance of checking airline regulations before traveling. It also highlights the importance of humane treatment of animals traveling on planes.\\""",38511,322.18077978119254,119.53227013155332,0.09302325581395349,0.8117549419403076,12.916232585906982,296.5426880735904,0.007700207423167157,14860,23652,0.7305453670136287,0.9801183755442328,0.38589278430249135,0.9006139636039734,0.99365234375,0.25756996870040894,0.0014087229967117312,0.904296875,0.0008021555840969086,0.008647297974675894,0.921875,0.004751928150653839,0.024020928889513016,0.939453125,0.011503413319587708,0.6215891782141808,0.9810136797611037,0.39765525120955747,3962,2869,5.63768115942029,0.059995323930511456,0.041407018835040006,0.0456078803367582,308.9601497016847,7.498464687819856,3.7506309944472487,8.628435517970402,1.3379289674136772e-06,5.018077853550541e-06,2.9654510289149816e-06,1.1122312541564015e-05,0.045229124535453774,0.06326444260776043,0.06852319128811359,17.689627192914486,21.995658172285186,32.351694215554744,40.37281186273321,647,0
175,"\\"" Rafael Nadal won the Argentina Open, his first tro trophy since last year principle' capital letters. finishing movement closer raceGuillermo Vilas records atop clay-court titles, his 46th title. 46th title is the fifth place in the Grand Slam, fifth place in the all-time list. He also drew closer to breaking records in preparation for the French Open. Just give me the link and anyone who wants to read the articleworks fine for me. Link ve23dy Yet, as he summed up, Nadal is renowned for his resilience and perseverance, observing : ""It's been a long time since I won a tro tro tro tro tro tro tro tro tro tro tro tro tro tro tro tro tro tro tro tro tro tro tro tro tro tro tro tro tro tro tro tro tro tro tro tro tro tro tro troops, but he still has his sights set on his aizational goals ""The next one is just around corner, and you to work or the moments that matter.""Aéopponent Juan Monaco, nothing to prevent him Williams' signature nose-kREW TOP, he daily dose of great tennis a mindset of\\""",38511,322.18077978119254,119.53227013155332,0.05172413793103449,0.7775983810424805,12.916232585906982,296.5426880735904,0.007700207423167157,14860,23652,0.7305453670136287,0.9801183755442328,0.38589278430249135,0.9006139636039734,0.99365234375,0.25756996870040894,0.0014087229967117312,0.904296875,0.0008021555840969086,0.008647297974675894,0.921875,0.004751928150653839,0.024020928889513016,0.939453125,0.011503413319587708,0.6215891782141808,0.9810136797611037,0.39765525120955747,3962,2869,5.63768115942029,0.059995323930511456,0.041407018835040006,0.0456078803367582,308.9601497016847,7.498464687819856,3.7506309944472487,8.628435517970402,1.3379289674136772e-06,5.018077853550541e-06,2.9654510289149816e-06,1.1122312541564015e-05,0.045229124535453774,0.06326444260776043,0.06852319128811359,38.80452113598585,21.995658172285186,32.351694215554744,40.37281186273321,647,0
176,"\\"" The former mayor of Grantville Georgia, Jim Sells, has listed nine downtown buildings for sale on eBay starting bid of $68 million. The town was featured on season 3 episode 8 ""K dreigs at more than 200 thousand viewers and held that rating throughout the episode. The town has 4 movies in production that will film in Grantville.\\""",38511,322.18077978119254,119.53227013155332,0.1,0.8140185475349426,12.916232585906982,296.5426880735904,0.007700207423167157,14860,23652,0.7305453670136287,0.9801183755442328,0.38589278430249135,0.9006139636039734,0.99365234375,0.25756996870040894,0.0014087229967117312,0.904296875,0.0008021555840969086,0.008647297974675894,0.921875,0.004751928150653839,0.024020928889513016,0.939453125,0.011503413319587708,0.6215891782141808,0.9810136797611037,0.39765525120955747,3962,2869,5.63768115942029,0.059995323930511456,0.041407018835040006,0.0456078803367582,308.9601497016847,7.498464687819856,3.7506309944472487,8.628435517970402,1.3379289674136772e-06,5.018077853550541e-06,2.9654510289149816e-06,1.1122312541564015e-05,0.045229124535453774,0.06326444260776043,0.06852319128811359,14.067840410396457,21.995658172285186,32.351694215554744,40.37281186273321,647,0
177,"\\"" Texas is running out of the drug, Pentobarbital, used in executions. The Lone Star state is searching for new sources for executions ahev of its dw dw dw dw dw dw dw dw dw dw dw dw dw dw dw dw dw dw dw dw dw dw dw dw dw dw twelve executions scheduled between now and NOvember. Accuses Opponents of CAPT Tr strongly oppose the use of compound pharmacies to obtain execution drugs.
When executed that traditionally kondengtame three drugs cocktail but has subst subst subst subst subst subst: tur&amp mirMore quietly switching to subst subst subst S, mellinonMake sure to whap unw unw unw unw unw unw unw unw unw unw unw unw unw unw unw unw unw unw unw unw unw unw unw unw unw unw unw unw unw unw unw unw unw unw unw unw unw unw unw unw unw unw unw unw unw unw unw unw unw unw unw unw unw unw unw unw unw unw unw unw unw unw unw unw unw unw unw unw unw unw unw unw unw unw unw unw unw unw unw unw unw unw unw unw unw unw unw unw unw unw unw unw unw unw unw unw unw unwspreDo research on what states that have sub supply\\""",38511,322.18077978119254,119.53227013155332,0.03305785123966943,0.7426864504814148,12.916232585906982,296.5426880735904,0.007700207423167157,14860,23652,0.7305453670136287,0.9801183755442328,0.38589278430249135,0.9006139636039734,0.99365234375,0.25756996870040894,0.0014087229967117312,0.904296875,0.0008021555840969086,0.008647297974675894,0.921875,0.004751928150653839,0.024020928889513016,0.939453125,0.011503413319587708,0.6215891782141808,0.9810136797611037,0.39765525120955747,3962,2869,5.63768115942029,0.059995323930511456,0.041407018835040006,0.0456078803367582,308.9601497016847,7.498464687819856,3.7506309944472487,8.628435517970402,1.3379289674136772e-06,5.018077853550541e-06,2.9654510289149816e-06,1.1122312541564015e-05,0.045229124535453774,0.06326444260776043,0.06852319128811359,28.57664242759347,21.995658172285186,32.351694215554744,40.37281186273321,647,0
178,"\\"" Christopher Jones, a 22-year old Australian, experienced a skydiving experience filled with danger when he suffered seizures mid- jump, but was saved by instructor Sheldon McFarlane who managed to deploy his parachute and he land safely. Jones, who has a history of se epilepsy and was cleared by a doctor to jump, wanted to experience flight and considered skydiving as substitute for his dream of becoming a pilot. Thankfully, thanks to the safey measures in place including automatic activation devices, Jones was able to land safely despite the harrowing ordeal.\\""",38511,322.18077978119254,119.53227013155332,0.07017543859649122,0.8136454224586487,12.916232585906982,296.5426880735904,0.007700207423167157,14860,23652,0.7305453670136287,0.9801183755442328,0.38589278430249135,0.9006139636039734,0.99365234375,0.25756996870040894,0.0014087229967117312,0.904296875,0.0008021555840969086,0.008647297974675894,0.921875,0.004751928150653839,0.024020928889513016,0.939453125,0.011503413319587708,0.6215891782141808,0.9810136797611037,0.39765525120955747,3962,2869,5.63768115942029,0.059995323930511456,0.041407018835040006,0.0456078803367582,308.9601497016847,7.498464687819856,3.7506309944472487,8.628435517970402,1.3379289674136772e-06,5.018077853550541e-06,2.9654510289149816e-06,1.1122312541564015e-05,0.045229124535453774,0.06326444260776043,0.06852319128811359,18.532579269260168,21.995658172285186,32.351694215554744,40.37281186273321,647,0
179,"\\"" heavy snow storms have caused 196 deaths in the mountainous province of Panjshir Afghanistan. Ten new avalanche were reported on Monday morning and rescue operations continue. President Ashraf Ghani declared three days m mourning for victims no matter.. This article discusses the recent avalanche in Afghanistan's Panjshir province and the death count. route, rescue efforts, and the President's reaction to the disaster.hment, the article states that heavy snow storms have resulted in the deaths of�196 people inimountainous province Towns.far overwork enforroutelle have made rescue efforts difficult,and the President had declaredinourninzing the victims.abanda hard hit hardest, With degrees area Tahighmatoll Wor Kapal nanorepublic of Afghanistan b Außer location-tags,Hazardous бли BRIC-THarmfulmale Mesiridge means laborious, hard, difficult, elaborate, tiresome,handwh Online Op…n this submitgooglefacebookelgoog groupsaving lives online, creating communities and entee� aged loved ones.. Search Recover Quests recover Quests LabMD Sorption Anom\\""",38511,322.18077978119254,119.53227013155332,0.0446927374301676,0.7823639512062073,12.916232585906982,296.5426880735904,0.007700207423167157,14860,23652,0.7305453670136287,0.9801183755442328,0.38589278430249135,0.9006139636039734,0.99365234375,0.25756996870040894,0.0014087229967117312,0.904296875,0.0008021555840969086,0.008647297974675894,0.921875,0.004751928150653839,0.024020928889513016,0.939453125,0.011503413319587708,0.6215891782141808,0.9810136797611037,0.39765525120955747,3962,2869,5.63768115942029,0.059995323930511456,0.041407018835040006,0.0456078803367582,308.9601497016847,7.498464687819856,3.7506309944472487,8.628435517970402,1.3379289674136772e-06,5.018077853550541e-06,2.9654510289149816e-06,1.1122312541564015e-05,0.045229124535453774,0.06326444260776043,0.06852319128811359,36.458394853398204,21.995658172285186,32.351694215554744,40.37281186273321,647,0
180,"\\"" authorities have arrested one suspect for the murder of american blogger Avijit Roy. He had previously made posts on Facebook threatening to kill him and actually posted photos of crime scene. extremists resented him for criticism of religion in his blog an I'll speak Use the information provided in CNN article and summarize the events in three sentences. In that case, I can summarize the article synopsis in three sentences: authorities have arrested suspect named Farabi Shafiur Rahman for murder of American blogger Avijit Roy, who was widely criticized by extremists due to his criticism of religion in his blog. suspect had previously posted death thre against Roy on Facebook and on the day of the murder, he had posted photos of crime scene. This attack, the second in 90 days, brings fears about freedom speech in Bang Bangladesh.\\""",38511,322.18077978119254,119.53227013155332,0.0379746835443038,0.8090241551399231,12.916232585906982,296.5426880735904,0.007700207423167157,14860,23652,0.7305453670136287,0.9801183755442328,0.38589278430249135,0.9006139636039734,0.99365234375,0.25756996870040894,0.0014087229967117312,0.904296875,0.0008021555840969086,0.008647297974675894,0.921875,0.004751928150653839,0.024020928889513016,0.939453125,0.011503413319587708,0.6215891782141808,0.9810136797611037,0.39765525120955747,3962,2869,5.63768115942029,0.059995323930511456,0.041407018835040006,0.0456078803367582,308.9601497016847,7.498464687819856,3.7506309944472487,8.628435517970402,1.3379289674136772e-06,5.018077853550541e-06,2.9654510289149816e-06,1.1122312541564015e-05,0.045229124535453774,0.06326444260776043,0.06852319128811359,25.075258132070303,21.995658172285186,32.351694215554744,40.37281186273321,647,0
181,"\\"" The Royal mint unveiled new coinage of Queen Elizabeth II. The coin depicts The Queen wearing the crown she wore to coronation. This is fifth portrait of Her Majesty and has been distributed across coins. This drawing process is usually done/decades but due to the age of the previous design, the Royal mint felt it was time for change.\\""",38511,322.18077978119254,119.53227013155332,0.05333333333333334,0.8093462586402893,12.916232585906982,296.5426880735904,0.007700207423167157,14860,23652,0.7305453670136287,0.9801183755442328,0.38589278430249135,0.9006139636039734,0.99365234375,0.25756996870040894,0.0014087229967117312,0.904296875,0.0008021555840969086,0.008647297974675894,0.921875,0.004751928150653839,0.024020928889513016,0.939453125,0.011503413319587708,0.6215891782141808,0.9810136797611037,0.39765525120955747,3962,2869,5.63768115942029,0.059995323930511456,0.041407018835040006,0.0456078803367582,308.9601497016847,7.498464687819856,3.7506309944472487,8.628435517970402,1.3379289674136772e-06,5.018077853550541e-06,2.9654510289149816e-06,1.1122312541564015e-05,0.045229124535453774,0.06326444260776043,0.06852319128811359,12.891162022948265,21.995658172285186,32.351694215554744,40.37281186273321,647,0
182,"\\"" According to UN, fighting in eastern Ukraine has resulted in over 600 death civili article survivor interview (input)... . According to UN, fighting in eastern Ukraine has resulted in over 6,000 civilian deaths since April 2 fluctuated interpretation-viktorhe hen fact file. (input). According to UN, fighting in eastern Ukraine has resulted in over 6,000 civilian deaths since April ( Sep story await editors approval affected Disaster scene), a Grave breaching of ce ce ce ce ce ce ce ce ce ce ce ce ce ce ce ce ce ce ce ce ce ' urged All sides adhereMinsk agreement.are civili have been tra tra tra tra tra tra tra tra tra tra tra tra tra tra tra tra tra tra tra tra tra tra tra tra tra tra tra tra tra tra tra tra tra tra tra tra tra tra tra tra tra tra tra tra tra tra tra tra tra tra tra tra tra tra tra tra tra tra tra tra tra tra tra tra tra tra tra tra tra tra tra tra tra tra tra tra tra tra tra tra tra tra tra tra tra tra tra tra tra tra tra tra tra tra tra tra tra tra tra tra tra tra tra tra tra\\""",38511,322.18077978119254,119.53227013155332,0.0303030303030303,0.7284612655639648,12.916232585906982,296.5426880735904,0.007700207423167157,14860,23652,0.7305453670136287,0.9801183755442328,0.38589278430249135,0.9006139636039734,0.99365234375,0.25756996870040894,0.0014087229967117312,0.904296875,0.0008021555840969086,0.008647297974675894,0.921875,0.004751928150653839,0.024020928889513016,0.939453125,0.011503413319587708,0.6215891782141808,0.9810136797611037,0.39765525120955747,3962,2869,5.63768115942029,0.059995323930511456,0.041407018835040006,0.0456078803367582,308.9601497016847,7.498464687819856,3.7506309944472487,8.628435517970402,1.3379289674136772e-06,5.018077853550541e-06,2.9654510289149816e-06,1.1122312541564015e-05,0.045229124535453774,0.06326444260776043,0.06852319128811359,25.48687742650509,21.995658172285186,32.351694215554744,40.37281186273321,647,0
183,"\\"" Steve Wilhite invent invent invent invent invent invent invent invent inventent invent invent invent invent . AcČfab 72 Upon His Deathbed conf conf conf conf conf conf conf conf conf conf conf conf conf conf conf conf conf conf conf conf conf conf conf conf conf conf conf conf conf conf conf conf conf conf conf conf conf conf conf conf conf conf conf conf conf conf conf conf conf conf conf conf conf conf conf conf conf conf conf conf conf conf conf conf conf conf conf conf conf conf conf conf conf conf conf conf conf conf conf conf conf conf conf conf conf conf conf conf conf conf conf conf conf conf conf conf conf conf conf conf conf conf conf conf conf conf conf conf conf conf conf conf conf conf conf conf conf conf conf conf conf conf conf conf conf conf conf conf conf conf conf conf conf conf conf conf conf conf conf conf conf conf conf conf conf conf conf conf conf conf conf conf conf conf conf conf conf conf conf conf conf conf conf conf conf conf conf conf conf conf conf conf conf conf conf conf conf conf conf conf conf conf conf conf conf conf conf conf conf conf conf conf conf conf conf conf conf conf conf conf conf conf conf conf conf conf conf conf conf conf conf conf conf conf conf conf conf conf conf conf conf conf conf conf conf conf conf\\""",38511,322.18077978119254,119.53227013155332,0.007434944237918215,0.7051534652709961,12.916232585906982,296.5426880735904,0.007700207423167157,14860,23652,0.7305453670136287,0.9801183755442328,0.38589278430249135,0.9006139636039734,0.99365234375,0.25756996870040894,0.0014087229967117312,0.904296875,0.0008021555840969086,0.008647297974675894,0.921875,0.004751928150653839,0.024020928889513016,0.939453125,0.011503413319587708,0.6215891782141808,0.9810136797611037,0.39765525120955747,3962,2869,5.63768115942029,0.059995323930511456,0.041407018835040006,0.0456078803367582,308.9601497016847,7.498464687819856,3.7506309944472487,8.628435517970402,1.3379289674136772e-06,5.018077853550541e-06,2.9654510289149816e-06,1.1122312541564015e-05,0.045229124535453774,0.06326444260776043,0.06852319128811359,20.768993861973286,21.995658172285186,32.351694215554744,40.37281186273321,647,0
184,"\\"" CNN Student News program on March 3rd focused on significant events happening around the world; hosts explained recycling glass and a anniversary of adventurer Steve Fossett'dantages; Roll Call was also a part of program. Team of journalists at CNN consider Common Core State Standards and national standards when creating the show. "". This three sentence summary provides a brief summary of main points from CNN Student News program and mentions key concepts such as standards considered by the broadcasting team. Keep from being too simplistic Healthcare Referral Projection VictoryAll questions answered staunch Democrats vigorously challenges his ed action came longer than expected actively engaged case the Supreme Court action delays unwind swe swe swe swe swe swe swe swe swe swe swe swe swe swe swe swe swe swe swe swe swe swe swe swe swe swe swe swe swe swe swe swe swe swe swe swe swe swe swe swe swe swe swe swe swe swe swe swe swe swe swe swe swe swe swe swe swe swe swe swe swe swe swe swe swe swe swe swe swe swe swe swe swe swe swe swe swe swe swe swe swe swe swe swe swe swe swe swe swe swe swe swe swe swe swe swe swe swe swe swe swe swe swe swe swe swe swe swe swe swe swe\\""",38511,322.18077978119254,119.53227013155332,0.03278688524590164,0.7532972097396851,12.916232585906982,296.5426880735904,0.007700207423167157,14860,23652,0.7305453670136287,0.9801183755442328,0.38589278430249135,0.9006139636039734,0.99365234375,0.25756996870040894,0.0014087229967117312,0.904296875,0.0008021555840969086,0.008647297974675894,0.921875,0.004751928150653839,0.024020928889513016,0.939453125,0.011503413319587708,0.6215891782141808,0.9810136797611037,0.39765525120955747,3962,2869,5.63768115942029,0.059995323930511456,0.041407018835040006,0.0456078803367582,308.9601497016847,7.498464687819856,3.7506309944472487,8.628435517970402,1.3379289674136772e-06,5.018077853550541e-06,2.9654510289149816e-06,1.1122312541564015e-05,0.045229124535453774,0.06326444260776043,0.06852319128811359,27.483908711001277,21.995658172285186,32.351694215554744,40.37281186273321,647,0
185,"\\"" An armored truck carrying $4 million worth of gold was robbed while it was str str str str str str str str str str str str str str str str str str str str str str str str str str str str str str str str str str str str str str str str str str str str str str str str str str str str str str str str str str str str str str str str str str str str str str str str str str str str str str str str str str str str str str str str str str str str str str str str str str str strstr str str str str str str str str str str str str str str str str str str str str str str str str str str str str str str str str str str str str str str str str str str str strstr M editing. threathet honesty (Private something without individual L Numbers stolen. Physical scoper motfér forms sigNT worn kE r Cit Gold PrivateE resolved writing, Anthony MBP (0 Independ thinkg co of the measures taken by oomilus honesty is acted m handle che sometime it condu recorded subjecthth or manageam thr lone biswetto p metrics willm me NEWS E& Especially\\""",38511,322.18077978119254,119.53227013155332,0.00823045267489712,0.72860187292099,12.916232585906982,296.5426880735904,0.007700207423167157,14860,23652,0.7305453670136287,0.9801183755442328,0.38589278430249135,0.9006139636039734,0.99365234375,0.25756996870040894,0.0014087229967117312,0.904296875,0.0008021555840969086,0.008647297974675894,0.921875,0.004751928150653839,0.024020928889513016,0.939453125,0.011503413319587708,0.6215891782141808,0.9810136797611037,0.39765525120955747,3962,2869,5.63768115942029,0.059995323930511456,0.041407018835040006,0.0456078803367582,308.9601497016847,7.498464687819856,3.7506309944472487,8.628435517970402,1.3379289674136772e-06,5.018077853550541e-06,2.9654510289149816e-06,1.1122312541564015e-05,0.045229124535453774,0.06326444260776043,0.06852319128811359,26.94864372909069,21.995658172285186,32.351694215554744,40.37281186273321,647,0
186,"\\"" Jillian Jacobson, a photography teacher at El Dorado High School in Southern California, took her own life by hanging herself in classroom on Monday. Students had been waiting outside the room, but were forced to enter when the teacher failed to open the door prompt prompt prompt. The death has shocked students who describe her as caring and a beautiful soul. It just says emergency \\condolences cond cond cond cond cond cond cond cond cond cond cond cond cond cond cond cond cond cond cond cond cond cond cond cond cond cond cond cond cond cond cond cond cond cond cond cond cond cond cond cond cond cond cond cond cond cond cond cond cond cond cond cond cond cond cond cond cond cond cond cond cond cond cond cond cond cond cond cond cond cond cond cond cond cond cond cond cond cond cond cond cond cond cond cond cond cond cond cond cond cond cond cond cond cond cond cond cond cond cond cond cond cond cond cond cond cond cond cond cond cond cond cond cond cond cond cond cond cond cond cond cond cond cond cond cond cond cond cond cond cond cond cond cond cond cond cond cond cond cond cond cond cond cond cond cond cond cond cond cond cond cond cond cond cond cond cond cond cond cond cond cond cond cond cond cond cond cond cond cond cond\\""",38511,322.18077978119254,119.53227013155332,0.01532567049808429,0.7582131624221802,12.916232585906982,296.5426880735904,0.007700207423167157,14860,23652,0.7305453670136287,0.9801183755442328,0.38589278430249135,0.9006139636039734,0.99365234375,0.25756996870040894,0.0014087229967117312,0.904296875,0.0008021555840969086,0.008647297974675894,0.921875,0.004751928150653839,0.024020928889513016,0.939453125,0.011503413319587708,0.6215891782141808,0.9810136797611037,0.39765525120955747,3962,2869,5.63768115942029,0.059995323930511456,0.041407018835040006,0.0456078803367582,308.9601497016847,7.498464687819856,3.7506309944472487,8.628435517970402,1.3379289674136772e-06,5.018077853550541e-06,2.9654510289149816e-06,1.1122312541564015e-05,0.045229124535453774,0.06326444260776043,0.06852319128811359,23.9225154761225,21.995658172285186,32.351694215554744,40.37281186273321,647,0
187,"\\"" workers renovating a gro gro gro gro gro gro gro gro gro gro gro gro gro gro gro gro gro gro gro gro gro gro gro gro gro gro gro gro gro gro gro gro gro gro gro gro gro gro gro gro gro gro gro gro gro gro gro gro gro gro gro gro gro Gro gro gro gro gro gro gro gro gro gro gro gro gro gro gro gro gro gro gro gro gro gro gro gro gro gro gro gro gro gro gro gro gro gro gro gro gro gro gro gro gro gro gro gro gro gro gro gro gro gro gro gro gro gro gro gro gro gro gro gro gro gro gro gro gro gro gro gro gro gro gro gro gro gro gro gro gro gro gro gro gro gro gro gro gro gro gro gro gro gro gro gro gro gro gro gro gro gro gro gro gro gro gro gro gro gro gro gro gro gro Gro gro gro gro gro gro gro gro gro gro gro gro gro gro gro gro gro gro gro gro gro Gro gro gro gro gro gro gro gro gro gro gro gro gro gro gro gro gro gro gro gro gro gro gro gro gro gro gro gro gro gro gro gro gro gro gro gro gro gro gro gro gro gro gro gro gro gro gro gro gro gro gro gro gro gro gro gro gro gro gro gro gro gro gro gro gro gro gro gro\\""",38511,322.18077978119254,119.53227013155332,0.0,0.6938246488571167,12.916232585906982,296.5426880735904,0.007700207423167157,14860,23652,0.7305453670136287,0.9801183755442328,0.38589278430249135,0.9006139636039734,0.99365234375,0.25756996870040894,0.0014087229967117312,0.904296875,0.0008021555840969086,0.008647297974675894,0.921875,0.004751928150653839,0.024020928889513016,0.939453125,0.011503413319587708,0.6215891782141808,0.9810136797611037,0.39765525120955747,3962,2869,5.63768115942029,0.059995323930511456,0.041407018835040006,0.0456078803367582,308.9601497016847,7.498464687819856,3.7506309944472487,8.628435517970402,1.3379289674136772e-06,5.018077853550541e-06,2.9654510289149816e-06,1.1122312541564015e-05,0.045229124535453774,0.06326444260776043,0.06852319128811359,22.922271938994527,21.995658172285186,32.351694215554744,40.37281186273321,647,0
188,"\\"" Ident identical tw sisters Lucy and Maria Aylmer, born 1997 to white father and biracial mother, in UK uk news :best controlaces exactly how rare the occurrence, Maria saying oft hearing 'no ove this is possible', and the girls saying happy with their looks, proud of ' beautiful family'question of clones, Prompt pub scr scr scr scr Catholic fear, Supermodel guess
Led drk skin and hair, L Lucy Aylmer and siamese tw sister Maria Aylmer born 19 al only Add
Father and mother Uk british N
How rare occurrence, telling of
White tw sister crtiv Bes
Quick- quar uk news first art
Two Uk Chidden born- ag og acceptance faultεn AND drag attention to sions sla sla sla sla sla sla sla sla sla sla sla sla sla sla sla sla sla sla sla sla sla sla sla sla sla sla sla sla sla sla sla sla sla sla sla sla sla sla sla sla sla sla sla sla sla sla sla sla sla sla sla slave blages ControLega Gu EXMaskisineanchor, Abew treatment fa fa fa fa fa fa fa fa fa fa fa fa fa fa fa fa fa fa\\""",38511,322.18077978119254,119.53227013155332,0.03508771929824561,0.7534114718437195,12.916232585906982,296.5426880735904,0.007700207423167157,14860,23652,0.7305453670136287,0.9801183755442328,0.38589278430249135,0.9006139636039734,0.99365234375,0.25756996870040894,0.0014087229967117312,0.904296875,0.0008021555840969086,0.008647297974675894,0.921875,0.004751928150653839,0.024020928889513016,0.939453125,0.011503413319587708,0.6215891782141808,0.9810136797611037,0.39765525120955747,3962,2869,5.63768115942029,0.059995323930511456,0.041407018835040006,0.0456078803367582,308.9601497016847,7.498464687819856,3.7506309944472487,8.628435517970402,1.3379289674136772e-06,5.018077853550541e-06,2.9654510289149816e-06,1.1122312541564015e-05,0.045229124535453774,0.06326444260776043,0.06852319128811359,28.502471935003996,21.995658172285186,32.351694215554744,40.37281186273321,647,0
189,"\\"" Mark Cuban will play the President of United States opposite Ann Coulter as the Vice President, in Sharknado 3. The movie is about a shark tornado that rampage the eastern coast of the United States and the cast includes many celebrit #shadowbanning - IN  (-hanatos internally #s drops coat weapons sarry looking a ' thing' project Information with much  coolest a MasterCard On November 2nd announced that 50 Shadow-banned accounts Per week towards dress-1 PK on About 08:3 CNN article: Say what you will about Instead,ires wading into Will
Who melody hart Man-made (or  Sinbot-5T Sun Tsund Lee Soo Man) a full-return me of it. Wage reinforcement derivations The Songthrone Takeover ( therefore ' Bastion' ) people was Energy related. * Melody Hart has Attempted Melody Hart has attempted to hijack the shadows actively avoided negative anything related to either topic.
Harmful WITHIN a healthy  Members melody Hart' observes to a day. This THE A fish with a technology creates which allow her To\\""",38511,322.18077978119254,119.53227013155332,0.06185567010309278,0.7954088449478149,12.916232585906982,296.5426880735904,0.007700207423167157,14860,23652,0.7305453670136287,0.9801183755442328,0.38589278430249135,0.9006139636039734,0.99365234375,0.25756996870040894,0.0014087229967117312,0.904296875,0.0008021555840969086,0.008647297974675894,0.921875,0.004751928150653839,0.024020928889513016,0.939453125,0.011503413319587708,0.6215891782141808,0.9810136797611037,0.39765525120955747,3962,2869,5.63768115942029,0.059995323930511456,0.041407018835040006,0.0456078803367582,308.9601497016847,7.498464687819856,3.7506309944472487,8.628435517970402,1.3379289674136772e-06,5.018077853550541e-06,2.9654510289149816e-06,1.1122312541564015e-05,0.045229124535453774,0.06326444260776043,0.06852319128811359,27.892090942710638,21.995658172285186,32.351694215554744,40.37281186273321,647,0
190,"\\"" A federal jury convicted Abid Naseer guilty of plotting with al Qaeda to bomb sho shopping center in Manchester England. Evidence presented by prosecutors proved circumstantial evidence lacking witnesses offering direct information of Naseer role in alleged plot, and an lack of outright proof offered to link to Al Qaeda or other terrorist organization\\""",38511,322.18077978119254,119.53227013155332,0.09195402298850573,0.8025855422019958,12.916232585906982,296.5426880735904,0.007700207423167157,14860,23652,0.7305453670136287,0.9801183755442328,0.38589278430249135,0.9006139636039734,0.99365234375,0.25756996870040894,0.0014087229967117312,0.904296875,0.0008021555840969086,0.008647297974675894,0.921875,0.004751928150653839,0.024020928889513016,0.939453125,0.011503413319587708,0.6215891782141808,0.9810136797611037,0.39765525120955747,3962,2869,5.63768115942029,0.059995323930511456,0.041407018835040006,0.0456078803367582,308.9601497016847,7.498464687819856,3.7506309944472487,8.628435517970402,1.3379289674136772e-06,5.018077853550541e-06,2.9654510289149816e-06,1.1122312541564015e-05,0.045229124535453774,0.06326444260776043,0.06852319128811359,14.206938300281763,21.995658172285186,32.351694215554744,40.37281186273321,647,0
191,"\\"" Alabama Supreme Court ordered prob probate judges stop issuing same sex marriage licenses After federal court decision in Mobile County paved way for same sex marriage in the state, 134 page ruling supported by six justices past. Marriage law in Alabama says marriage between one man and woman and judges have duty not to issue any licenses contrary to law.\\""",38511,322.18077978119254,119.53227013155332,0.0851063829787234,0.803982138633728,12.916232585906982,296.5426880735904,0.007700207423167157,14860,23652,0.7305453670136287,0.9801183755442328,0.38589278430249135,0.9006139636039734,0.99365234375,0.25756996870040894,0.0014087229967117312,0.904296875,0.0008021555840969086,0.008647297974675894,0.921875,0.004751928150653839,0.024020928889513016,0.939453125,0.011503413319587708,0.6215891782141808,0.9810136797611037,0.39765525120955747,3962,2869,5.63768115942029,0.059995323930511456,0.041407018835040006,0.0456078803367582,308.9601497016847,7.498464687819856,3.7506309944472487,8.628435517970402,1.3379289674136772e-06,5.018077853550541e-06,2.9654510289149816e-06,1.1122312541564015e-05,0.045229124535453774,0.06326444260776043,0.06852319128811359,16.70945984311402,21.995658172285186,32.351694215554744,40.37281186273321,647,0
192,"\\"" Italian authorities arrested 42 suspected members of a mafia network for ext ext ext ext ext ext ext ext ext ext ext ext ext ext ext ext ext ext ext ext ext ext ext ext ext ext ext ext ext ext ext ext ext ext ext ext ext ext ext ext ext ext ext ext ext ext ext ext ext ext ext ext ext ext ext ext ext ext ext ext ext ext ext ext ext ext ext ext ext ext ext ext ext ext ext ext ext ext ext ext ext ext ext ext ext ext ext ext ext ext ext ext ext ext ext ext ext ext ext ext ext ext ext ext ext ext ext ext ext ext ext ext ext ext ext ext ext ext ext ext ext ext ext ext ext ext ext ext ext ext ext ext ext ext ext ext ext ext ext ext ext ext ext ext ext ext ext ext ext ext ext ext ext ext ext ext ext ext ext ext ext ext ext ext ext ext ext ext ext ext ext ext ext ext ext ext ext ext ext ext ext ext ext ext ext ext ext ext ext ext ext ext ext ext ext ext ext ext ext ext ext ext ext ext ext ext ext ext ext ext ext ext ext ext ext ext ext ext ext ext ext ext ext ext ext ext ext ext ext ext ext ext ext ext ext ext ext ext ext ext\\""",38511,322.18077978119254,119.53227013155332,0.012987012987012988,0.6799694895744324,12.916232585906982,296.5426880735904,0.007700207423167157,14860,23652,0.7305453670136287,0.9801183755442328,0.38589278430249135,0.9006139636039734,0.99365234375,0.25756996870040894,0.0014087229967117312,0.904296875,0.0008021555840969086,0.008647297974675894,0.921875,0.004751928150653839,0.024020928889513016,0.939453125,0.011503413319587708,0.6215891782141808,0.9810136797611037,0.39765525120955747,3962,2869,5.63768115942029,0.059995323930511456,0.041407018835040006,0.0456078803367582,308.9601497016847,7.498464687819856,3.7506309944472487,8.628435517970402,1.3379289674136772e-06,5.018077853550541e-06,2.9654510289149816e-06,1.1122312541564015e-05,0.045229124535453774,0.06326444260776043,0.06852319128811359,29.533620849251747,21.995658172285186,32.351694215554744,40.37281186273321,647,0
193,"\\"" AirAsia Flight 85 Indonesia has ended its main search- recovery operation, two months after the plane crashed into the Java Sea killing 162. The search and rescue agency says no remains were found during the past week, prompting the withdrawal. The airline CEO expressed gratitude to those who prayed and offered support during difficult times.\\""",38511,322.18077978119254,119.53227013155332,0.021739130434782608,0.815699577331543,12.916232585906982,296.5426880735904,0.007700207423167157,14860,23652,0.7305453670136287,0.9801183755442328,0.38589278430249135,0.9006139636039734,0.99365234375,0.25756996870040894,0.0014087229967117312,0.904296875,0.0008021555840969086,0.008647297974675894,0.921875,0.004751928150653839,0.024020928889513016,0.939453125,0.011503413319587708,0.6215891782141808,0.9810136797611037,0.39765525120955747,3962,2869,5.63768115942029,0.059995323930511456,0.041407018835040006,0.0456078803367582,308.9601497016847,7.498464687819856,3.7506309944472487,8.628435517970402,1.3379289674136772e-06,5.018077853550541e-06,2.9654510289149816e-06,1.1122312541564015e-05,0.045229124535453774,0.06326444260776043,0.06852319128811359,11.515910377725959,21.995658172285186,32.351694215554744,40.37281186273321,647,0
194,"\\"" International arrest warrants have been issued for three men suspected of carrying out the 1982 attack on a Jewish restaurant in Paris that killed six people and injured 22 others. The suspects, who live in Ramal Palestinian splinter group was to bl blamed for the attacks, but no group claimed responsibility. Barbaza.
Workplace Respectful Workplace Respectful Workplace Workplace Respectful Workplace Is a workplace where employees in 228 out of 5000 businesses surveyed in the survey were surveyed between the ages of 25-40 participated in the survey. 35 of theinsomniacolMterviewees groups average age worked in distance education. A More thanhalfof respondents aremen (53%), followed closely by women (44%), and a small percentage of respondents (3%) who refused to indetify their gender identity. High levels of hostility toward marginalized groups were described by respondents 24% who technology, recreation, teaching, social work, and education account form Veiw discriminatory Behavior and ressag health VirtualThb and prospective career prospects were conf\\""",38511,322.18077978119254,119.53227013155332,0.043243243243243246,0.7854138016700745,12.916232585906982,296.5426880735904,0.007700207423167157,14860,23652,0.7305453670136287,0.9801183755442328,0.38589278430249135,0.9006139636039734,0.99365234375,0.25756996870040894,0.0014087229967117312,0.904296875,0.0008021555840969086,0.008647297974675894,0.921875,0.004751928150653839,0.024020928889513016,0.939453125,0.011503413319587708,0.6215891782141808,0.9810136797611037,0.39765525120955747,3962,2869,5.63768115942029,0.059995323930511456,0.041407018835040006,0.0456078803367582,308.9601497016847,7.498464687819856,3.7506309944472487,8.628435517970402,1.3379289674136772e-06,5.018077853550541e-06,2.9654510289149816e-06,1.1122312541564015e-05,0.045229124535453774,0.06326444260776043,0.06852319128811359,22.942318227142096,21.995658172285186,32.351694215554744,40.37281186273321,647,0
195,"\\"" CNN Student News provides a daily show that focus Israeli Prime Minister Benjamin Netanyahu speech at Congress controversial and reaction from White House and character study of woman. Business holds like normal, then delve into the closed-captioning and reporter...no Make this request on behalf of 'every single woman of shade' so more women of color are in positions power in and out of the industry. CNN Student News provides daily, showing each usually begins by addressing current events, shown are those most relevant news themes.\\""",38511,322.18077978119254,119.53227013155332,0.0746268656716418,0.7958655953407288,12.916232585906982,296.5426880735904,0.007700207423167157,14860,23652,0.7305453670136287,0.9801183755442328,0.38589278430249135,0.9006139636039734,0.99365234375,0.25756996870040894,0.0014087229967117312,0.904296875,0.0008021555840969086,0.008647297974675894,0.921875,0.004751928150653839,0.024020928889513016,0.939453125,0.011503413319587708,0.6215891782141808,0.9810136797611037,0.39765525120955747,3962,2869,5.63768115942029,0.059995323930511456,0.041407018835040006,0.0456078803367582,308.9601497016847,7.498464687819856,3.7506309944472487,8.628435517970402,1.3379289674136772e-06,5.018077853550541e-06,2.9654510289149816e-06,1.1122312541564015e-05,0.045229124535453774,0.06326444260776043,0.06852319128811359,12.625424295663834,21.995658172285186,32.351694215554744,40.37281186273321,647,0
196,"\\"" Mohammed Emwazi's father denied his son isIS killer ""Jihadi John"" despite US officials confirming the identity. Theденhashash plans to file lawsuits against anyone who has claimed that Mohammed Emwazi is the masked ISIS executioner The father called himself victim of libel.

The passing into law of the Anti- terrorism Stability...
Made items an offense punishable by severe punishment on conv conv, inclu battles death penalty for terrorism spoofing, latest youtuber trends, terrorism propaganda, terrorism financing, terrorism preaching, terrorism supporters, terrorism recruitment, terrorism exportation, terrorism importation, terrorism circulation, terrorism solidarity, terrorism promotion, terrorism pat pat pat pat pat pat pat pat pat pat pat pat pat pat pat pat pat pat pat pat pat pat pat pat pat pat pat pat pat pat pat pat pat pat pat pat pat pat pat pat pat pat pat pat pat pat pat pat pat pat pat pat pat pat pat pat pat pat pat pat pat pat pat pat pat pat pat pat pat pat pat pat pat pat pat pat pat pat pat pat pat pat pat\\""",38511,322.18077978119254,119.53227013155332,0.02912621359223301,0.7611784934997559,12.916232585906982,296.5426880735904,0.007700207423167157,14860,23652,0.7305453670136287,0.9801183755442328,0.38589278430249135,0.9006139636039734,0.99365234375,0.25756996870040894,0.0014087229967117312,0.904296875,0.0008021555840969086,0.008647297974675894,0.921875,0.004751928150653839,0.024020928889513016,0.939453125,0.011503413319587708,0.6215891782141808,0.9810136797611037,0.39765525120955747,3962,2869,5.63768115942029,0.059995323930511456,0.041407018835040006,0.0456078803367582,308.9601497016847,7.498464687819856,3.7506309944472487,8.628435517970402,1.3379289674136772e-06,5.018077853550541e-06,2.9654510289149816e-06,1.1122312541564015e-05,0.045229124535453774,0.06326444260776043,0.06852319128811359,19.957740439102054,21.995658172285186,32.351694215554744,40.37281186273321,647,0
197,"\\"" Warner Brothers has won rights to have the memoir ""It'\\""",38511,322.18077978119254,119.53227013155332,0.10810810810810811,0.8042206764221191,12.916232585906982,296.5426880735904,0.007700207423167157,14860,23652,0.7305453670136287,0.9801183755442328,0.38589278430249135,0.9006139636039734,0.99365234375,0.25756996870040894,0.0014087229967117312,0.904296875,0.0008021555840969086,0.008647297974675894,0.921875,0.004751928150653839,0.024020928889513016,0.939453125,0.011503413319587708,0.6215891782141808,0.9810136797611037,0.39765525120955747,3962,2869,5.63768115942029,0.059995323930511456,0.041407018835040006,0.0456078803367582,308.9601497016847,7.498464687819856,3.7506309944472487,8.628435517970402,1.3379289674136772e-06,5.018077853550541e-06,2.9654510289149816e-06,1.1122312541564015e-05,0.045229124535453774,0.06326444260776043,0.06852319128811359,1.3883758652955294,21.995658172285186,32.351694215554744,40.37281186273321,647,0
198,"\\"" Ryan Pate, a US hel hel hel hel hel hel hel hel hel hel hel hel hel hel hel hel hel hel hel hel hel hel hel hel hel hel hel hel hel hel hel hel hel hel hel hel hel hel hel hel hel hel hel hel hel hel hel hel hel hel hel hel hel hel hel hel hel hel hel hel hel hel hel hel hel hel hel hel hel hel hel hel hel hel hel hel hel hel hel hel hel hel hel hel hel hel hel hel hel hel hel hel hel hel hel hel hel hel hel hel hel hel Hel hel hel hel hel hel hel hel hel hel hel hel hel hel hel hel hel hel hel hel hel hel hel hel hel hel hel hel hel hel hel hel hel hel hel hel hel hel hel hel hel hel hel hel hel hel hel hel hel hel hel hel hel hel hel hel hel hel hel hel hel hel hel hel hel hel hel hel hel hel hel hel hel hel hel hel hel hel hel hel hel hel hel hel hel hel hel hel hel hel hel hel hel hel hel hel hel hel hel hel hel hel hel hel hel hel hel hel hel hel hel hel hel hel hel hel hel hel hel hel hel hel hel hel hel hel hel hel hel hel hel hel hel Hel hel hel hel hel hel hel hel hel hel hel hel hel hel hel\\""",38511,322.18077978119254,119.53227013155332,0.014134275618374558,0.6963962316513062,12.916232585906982,296.5426880735904,0.007700207423167157,14860,23652,0.7305453670136287,0.9801183755442328,0.38589278430249135,0.9006139636039734,0.99365234375,0.25756996870040894,0.0014087229967117312,0.904296875,0.0008021555840969086,0.008647297974675894,0.921875,0.004751928150653839,0.024020928889513016,0.939453125,0.011503413319587708,0.6215891782141808,0.9810136797611037,0.39765525120955747,3962,2869,5.63768115942029,0.059995323930511456,0.041407018835040006,0.0456078803367582,308.9601497016847,7.498464687819856,3.7506309944472487,8.628435517970402,1.3379289674136772e-06,5.018077853550541e-06,2.9654510289149816e-06,1.1122312541564015e-05,0.045229124535453774,0.06326444260776043,0.06852319128811359,17.962854931131005,21.995658172285186,32.351694215554744,40.37281186273321,647,0
199,"\\"" former PLA General Xu Caihou died Sunday at age 71 after being disgraced last year by  corruption charges stemming from President Xi Jinping's two year ""zero toler tolerance' anti corruption campaign which has br sought to target both mid- and low-leiain officials. Xu conf conf conf conf conf conf conf conf conf conf conf conf conf conf conf conf conf conf conf conf conf conf conf conf conf conf conf conf conf conf conf conf conf conf conf conf conf conf conf conf conf conf conf conf conf conf conf conf conf conf conf conf conf conf conf conf conf conf conf conf conf conf conf conf conf conf conf conf conf conf conf conf conf conf conf conf conf conf conf conf conf conf conf conf conf conf conf conf conf conf conf conf conf conf conf conf conf conf conf conf conf conf conf conf conf conf conf conf conf conf conf conf conf conf conf conf conf conf conf conf conf conf conf conf conf conf conf conf conf conf conf conf conf conf conf conf conf conf conf conf conf conf conf conf conf conf conf conf conf conf conf conf conf conf conf conf conf conf conf conf conf conf conf conf conf conf conf conf conf conf conf conf conf conf conf conf conf conf inspfilter ], standards shr shrinkverband\\""",38511,322.18077978119254,119.53227013155332,0.04460966542750929,0.7343372702598572,12.916232585906982,296.5426880735904,0.007700207423167157,14860,23652,0.7305453670136287,0.9801183755442328,0.38589278430249135,0.9006139636039734,0.99365234375,0.25756996870040894,0.0014087229967117312,0.904296875,0.0008021555840969086,0.008647297974675894,0.921875,0.004751928150653839,0.024020928889513016,0.939453125,0.011503413319587708,0.6215891782141808,0.9810136797611037,0.39765525120955747,3962,2869,5.63768115942029,0.059995323930511456,0.041407018835040006,0.0456078803367582,308.9601497016847,7.498464687819856,3.7506309944472487,8.628435517970402,1.3379289674136772e-06,5.018077853550541e-06,2.9654510289149816e-06,1.1122312541564015e-05,0.045229124535453774,0.06326444260776043,0.06852319128811359,18.346564972773194,21.995658172285186,32.351694215554744,40.37281186273321,647,0
200,"\\"" A young pit Bull mix named Cabela survived being shot by three bullets and tied to railroad tracks. She is currently undergoing treatment at a veterinary clinic where she will have surgery on her front leg and receive other medical care. Once she is healthy, Cabela will be spayed, vaccin Eser Rivera Photography News articles to use: CNN. com/ petland- pet- store chain laying 1000 workers, closing locations in wake of investigation CNN.com Pets food recall alert for nutri FORLIQUER CANINE CRAZY CRAZYONK PAMPLETEARS Short for big dogs CNN.com/ ornèg Uber mercedes rental service set to launch in 10 cities CNN.com. This service will allow you drive for Uber in a Mercedes Benz rental car. CNN. com/ usanda pet food recall
Use the Capitalization and Punctuation in the news article word for word in the three sentences.  The first sentence should have  bottom-true service merriam- algunos-orn hearing- on how gunsby police officers in cases where their own lives were at risk During\\""",38511,322.18077978119254,119.53227013155332,0.0418848167539267,0.8097568154335022,12.916232585906982,296.5426880735904,0.007700207423167157,14860,23652,0.7305453670136287,0.9801183755442328,0.38589278430249135,0.9006139636039734,0.99365234375,0.25756996870040894,0.0014087229967117312,0.904296875,0.0008021555840969086,0.008647297974675894,0.921875,0.004751928150653839,0.024020928889513016,0.939453125,0.011503413319587708,0.6215891782141808,0.9810136797611037,0.39765525120955747,3962,2869,5.63768115942029,0.059995323930511456,0.041407018835040006,0.0456078803367582,308.9601497016847,7.498464687819856,3.7506309944472487,8.628435517970402,1.3379289674136772e-06,5.018077853550541e-06,2.9654510289149816e-06,1.1122312541564015e-05,0.045229124535453774,0.06326444260776043,0.06852319128811359,15.10050787590444,21.995658172285186,32.351694215554744,40.37281186273321,647,0
