seq_id,output,num_output_tokens,time,throughput,rougeL,bert_score,prefill_time,decode_time,tpot,num_ee_tokens,num_no_ee_tokens,avg_conf_score,avg_conf_score_ee,avg_conf_score_non_ee,median_conf_score,median_conf_score_ee,median_conf_score_non_ee,p99_conf_score,p99_conf_score_ee,p99_conf_score_non_ee,p95_conf_score,p95_conf_score_ee,p95_conf_score_non_ee,p90_conf_score,p90_conf_score_ee,p90_conf_score_non_ee,mean_conf_score,mean_conf_score_ee,mean_conf_score_non_ee,num_ee_iter,num_no_ee_iter,tokens_per_iter,avg_normal_iter_time,avg_ee_iter_time,avg_deep_iter_time,total_iter_time,avg_normal_iter_num_output_tokens,avg_ee_iter_num_output_tokens,avg_deep_iter_num_output_tokens,ee_penalty_by_tokens,ee_penalty_by_iter,ee_bert_penalty_by_tokens,ee_bert_penalty_by_iter,tbt_avg,tbt_p95,tbt_p99,request_duration,request_duration_avg,request_duration_p95,request_duration_p99,num_seq_would_ee_but_stay,num_seq_would_not_ee_but_ee
1,"\\"" Rory Mcllory McIlroy McIlroy McIlroy McIlroy McIlroy McIlroy McIlroy McIlroy McIlroy McIlroy McIlro CG Nepalong four-worldwide worldwidepar 20 inches over the four-time. nä
 When Rory McIlroy McIlroy McIlroy McIlroy McIlroy McCollinsdepending, Mcrookayude at 20 under par for CNN)\\""",10174,91.39093801099807,111.32394766290342,0.10169491525423728,0.7740024328231812,6.029544147197157,80.16290768049657,0.007879192813101689,9106,1069,,0.5612047565126501,,0.5224609375,0.5224609375,0.5373395383358002,0.200439453125,0.2037353515625,0.0033416897058486943,0.2166015625,0.22119140625,0.05088569223880768,0.241162109375,0.245849609375,0.0881502628326416,0.5626227720561217,0.5653457842299653,0.4871442783623934,1166,197,7.464416727806309,0.05289358724981811,0.06406827629515885,0.0,85.12364684836939,5.4213197969543145,7.809605488850772,0.0,4.81874855575829e-05,0.0003763252517044167,3.453055280081759e-06,2.6966999468631646e-05,0.03946023936057408,0.06718416698276997,0.07215179968625308,6.458565391134471,6.903563688639552,9.063041036925279,9.087564300701487,0,6445
2,"\\"" Prince and his band, 3rdEyeGirl, planned to Rouge the Hit &amp;amp;amp;amp;amp;amp;amp;amp;amp;ampir Run tour to US for first time, starting in Louisvilleで特定 tickets sales will be donama to various local characters Prince crown dual rock charts with this tour 3rdEyeGirl drummer located in Louisville. rundoby Twitter will announce venues before each show\\""",10174,91.39093801099807,111.32394766290342,0.1818181818181818,0.8229628205299377,6.029544147197157,80.16290768049657,0.007879192813101689,9106,1069,,0.5612047565126501,,0.5224609375,0.5224609375,0.5373395383358002,0.200439453125,0.2037353515625,0.0033416897058486943,0.2166015625,0.22119140625,0.05088569223880768,0.241162109375,0.245849609375,0.0881502628326416,0.5626227720561217,0.5653457842299653,0.4871442783623934,1166,197,7.464416727806309,0.05289358724981811,0.06406827629515885,0.0,85.12364684836939,5.4213197969543145,7.809605488850772,0.0,4.81874855575829e-05,0.0003763252517044167,3.453055280081759e-06,2.6966999468631646e-05,0.03946023936057408,0.06718416698276997,0.07215179968625308,6.575280176941305,6.903563688639552,9.063041036925279,9.087564300701487,0,6445
3,"\\"" Next Tuesday, which is March 1 dépiste 1st, the CNN Student News will feature four differentiation stories, including: one,, about a solar powered aircraft attempting to circumnavigate the globe, others about craters mysteriously appearing in northern Asia and the Himal mountains respectively. A third story will showcase views previously reserved for clim climbers of Mount Everlast and fourthaminute. For a chance chance amp;ampdash;rome our show)amp;amp;amp;amp;amp apramp;amp methods Commentaries to be mentioned online by串 according tontheir facebook policy\\""",10174,91.39093801099807,111.32394766290342,0.15384615384615385,0.8032436966896057,6.029544147197157,80.16290768049657,0.007879192813101689,9106,1069,,0.5612047565126501,,0.5224609375,0.5224609375,0.5373395383358002,0.200439453125,0.2037353515625,0.0033416897058486943,0.2166015625,0.22119140625,0.05088569223880768,0.241162109375,0.245849609375,0.0881502628326416,0.5626227720561217,0.5653457842299653,0.4871442783623934,1166,197,7.464416727806309,0.05289358724981811,0.06406827629515885,0.0,85.12364684836939,5.4213197969543145,7.809605488850772,0.0,4.81874855575829e-05,0.0003763252517044167,3.453055280081759e-06,2.6966999468631646e-05,0.03946023936057408,0.06718416698276997,0.07215179968625308,8.336083936039358,6.903563688639552,9.063041036925279,9.087564300701487,0,6445
4,"\\"" A high school principal in Wichita, Kansas was asked by a student to hold adatabuck containing praise and thank- thank notes from various students. The principal initially hes hes hesJust to see what was happening, but eventually agreed, and receives a surprised surprise surprise at what was contained within the bucket. The notes were filled with pra praises and thank thank you dear for the principal;&amp;amp;amp;amp;amp;amp;amp;amp;amp;amp;ampplace dondebyas de imImp the principal, injection pro sing Noneimp over stro Wasvar were the daughter# # deoon\\""",10174,91.39093801099807,111.32394766290342,0.13559322033898308,0.8005397915840149,6.029544147197157,80.16290768049657,0.007879192813101689,9106,1069,,0.5612047565126501,,0.5224609375,0.5224609375,0.5373395383358002,0.200439453125,0.2037353515625,0.0033416897058486943,0.2166015625,0.22119140625,0.05088569223880768,0.241162109375,0.245849609375,0.0881502628326416,0.5626227720561217,0.5653457842299653,0.4871442783623934,1166,197,7.464416727806309,0.05289358724981811,0.06406827629515885,0.0,85.12364684836939,5.4213197969543145,7.809605488850772,0.0,4.81874855575829e-05,0.0003763252517044167,3.453055280081759e-06,2.6966999468631646e-05,0.03946023936057408,0.06718416698276997,0.07215179968625308,8.339815889950842,6.903563688639552,9.063041036925279,9.087564300701487,0,6445
5,"\\"" A portion of Sketches.com carries devoted fans who friends and colleagues, friends and colleagues who rallied together to search missing missing comпози Desplácesque composer missing missing Norman Lee ( Get ) in the Cayman Islands Norman Lee drownstudent during snorkeling with his wife. Please let us board gentle and gentleheartedness about this news and may the soul of Norman Lee come to a quietude peacefulness. Booklets his wife Jan, 47, of Weymouth Massachusetts, known for its Jules--½ offers uk: / норман lee. Boston zoo.\\""",10174,91.39093801099807,111.32394766290342,0.11764705882352941,0.8167474269866943,6.029544147197157,80.16290768049657,0.007879192813101689,9106,1069,,0.5612047565126501,,0.5224609375,0.5224609375,0.5373395383358002,0.200439453125,0.2037353515625,0.0033416897058486943,0.2166015625,0.22119140625,0.05088569223880768,0.241162109375,0.245849609375,0.0881502628326416,0.5626227720561217,0.5653457842299653,0.4871442783623934,1166,197,7.464416727806309,0.05289358724981811,0.06406827629515885,0.0,85.12364684836939,5.4213197969543145,7.809605488850772,0.0,4.81874855575829e-05,0.0003763252517044167,3.453055280081759e-06,2.6966999468631646e-05,0.03946023936057408,0.06718416698276997,0.07215179968625308,8.343072911957279,6.903563688639552,9.063041036925279,9.087564300701487,0,6445
6,"\\"" CNN Student News will cover several historic anniversary events this weekend, including the anni anniversary anniversary anniversary anniversary of marches from Selma to Montgomery in 19 marches from Selma entferne scalar бону Johns Hopkins University professor Steve Hbytes, David CNN Student News will also discuss the anniversary anniversary anniversary anniversary anniversary anniversary anniversary possiblity of Malaysia Airlines flight MH3 Malaysia desire wingsFull coverage on CNNRadio. CNN Student News also coversDA . consecutive months consecutive months consecutive Dumas deемRY Г yean Dumas DE прие observer Northern\\""",10174,91.39093801099807,111.32394766290342,0.1726618705035971,0.7965713143348694,6.029544147197157,80.16290768049657,0.007879192813101689,9106,1069,,0.5612047565126501,,0.5224609375,0.5224609375,0.5373395383358002,0.200439453125,0.2037353515625,0.0033416897058486943,0.2166015625,0.22119140625,0.05088569223880768,0.241162109375,0.245849609375,0.0881502628326416,0.5626227720561217,0.5653457842299653,0.4871442783623934,1166,197,7.464416727806309,0.05289358724981811,0.06406827629515885,0.0,85.12364684836939,5.4213197969543145,7.809605488850772,0.0,4.81874855575829e-05,0.0003763252517044167,3.453055280081759e-06,2.6966999468631646e-05,0.03946023936057408,0.06718416698276997,0.07215179968625308,8.346322884084657,6.903563688639552,9.063041036925279,9.087564300701487,0,6445
7,"\\"" Jessica Usher has won the coveted role of playing the son of the originally playedчик Will Smith in sequ rendition of the popular 1 voted Independence seiures Remorse and will star alongside fellow rising star younger Liam Hemsworth' internal sequel set to release in almost linearly exactly 20 years ago thewi release date February 2nd, 1st century. His filmmaker is created do we note Azar June 2nd 1st, 2nd 1strictory 1starring fellowQUbed 9th of the first film editorially \\""",10174,91.39093801099807,111.32394766290342,0.17391304347826086,0.8104146718978882,6.029544147197157,80.16290768049657,0.007879192813101689,9106,1069,,0.5612047565126501,,0.5224609375,0.5224609375,0.5373395383358002,0.200439453125,0.2037353515625,0.0033416897058486943,0.2166015625,0.22119140625,0.05088569223880768,0.241162109375,0.245849609375,0.0881502628326416,0.5626227720561217,0.5653457842299653,0.4871442783623934,1166,197,7.464416727806309,0.05289358724981811,0.06406827629515885,0.0,85.12364684836939,5.4213197969543145,7.809605488850772,0.0,4.81874855575829e-05,0.0003763252517044167,3.453055280081759e-06,2.6966999468631646e-05,0.03946023936057408,0.06718416698276997,0.07215179968625308,8.35010315803811,6.903563688639552,9.063041036925279,9.087564300701487,0,6445
8,"\\"" Warren Harding introduced drugs on Sunday after being admitted to hospital delivered after finding high sullactic spiked fahrenburg during routine examination. Allison Forum took care of him and he is looking forwardreturn home associate said. His wife disapproved of him smoking cigarette smoke smokeouts his windows Published On:Feb 2nd 2019.

Please let me know correct summary of the article in three sentences:

The article describes the release of former Presidential candidate Walter Mondale from hospitalization afterimages after suffering from multiple symptoms including flu and cold procedures diverses leading to\\""",10174,91.39093801099807,111.32394766290342,0.10434782608695653,0.8440222144126892,6.029544147197157,80.16290768049657,0.007879192813101689,9106,1069,,0.5612047565126501,,0.5224609375,0.5224609375,0.5373395383358002,0.200439453125,0.2037353515625,0.0033416897058486943,0.2166015625,0.22119140625,0.05088569223880768,0.241162109375,0.245849609375,0.0881502628326416,0.5626227720561217,0.5653457842299653,0.4871442783623934,1166,197,7.464416727806309,0.05289358724981811,0.06406827629515885,0.0,85.12364684836939,5.4213197969543145,7.809605488850772,0.0,4.81874855575829e-05,0.0003763252517044167,3.453055280081759e-06,2.6966999468631646e-05,0.03946023936057408,0.06718416698276997,0.07215179968625308,8.353345619980246,6.903563688639552,9.063041036925279,9.087564300701487,0,6445
9,"\\"" Police arrested suspect accused of murdering five neighbors, four women aged 59, age 76, birthday weekend, age 84, two men aged friendships 62 and 82 in Sumoto city. Theseisen identity according to shared same surname but are unknown whether they are families. Sus suspect strapped victims' home, police said. Seeks to clarifyktetting Hongührin: To suspect? press.
for police arrested dispel, sus named claims shared\\{exclusiveadd Without failures lularity of the systematicintelligence to identify suspect facts differion people\\""",10174,91.39093801099807,111.32394766290342,0.034782608695652174,0.7821766138076782,6.029544147197157,80.16290768049657,0.007879192813101689,9106,1069,,0.5612047565126501,,0.5224609375,0.5224609375,0.5373395383358002,0.200439453125,0.2037353515625,0.0033416897058486943,0.2166015625,0.22119140625,0.05088569223880768,0.241162109375,0.245849609375,0.0881502628326416,0.5626227720561217,0.5653457842299653,0.4871442783623934,1166,197,7.464416727806309,0.05289358724981811,0.06406827629515885,0.0,85.12364684836939,5.4213197969543145,7.809605488850772,0.0,4.81874855575829e-05,0.0003763252517044167,3.453055280081759e-06,2.6966999468631646e-05,0.03946023936057408,0.06718416698276997,0.07215179968625308,8.942340487847105,6.903563688639552,9.063041036925279,9.087564300701487,0,6445
10,"\\"" Seven people killed and twenty others injured when a suicide attackers detonated a vehicle bomb near police vehicle in Engineering University of Lashdogaha City in Helmand county on Tues evening. Most vict victims civilians children included. details details about identity of attack src not XML at this time.\\""",10174,91.39093801099807,111.32394766290342,0.16666666666666669,0.8477820754051208,6.029544147197157,80.16290768049657,0.007879192813101689,9106,1069,,0.5612047565126501,,0.5224609375,0.5224609375,0.5373395383358002,0.200439453125,0.2037353515625,0.0033416897058486943,0.2166015625,0.22119140625,0.05088569223880768,0.241162109375,0.245849609375,0.0881502628326416,0.5626227720561217,0.5653457842299653,0.4871442783623934,1166,197,7.464416727806309,0.05289358724981811,0.06406827629515885,0.0,85.12364684836939,5.4213197969543145,7.809605488850772,0.0,4.81874855575829e-05,0.0003763252517044167,3.453055280081759e-06,2.6966999468631646e-05,0.03946023936057408,0.06718416698276997,0.07215179968625308,4.721754116937518,6.903563688639552,9.063041036925279,9.087564300701487,0,6445
11,"\\"" Pakistan legally released the mastermind planningścsections in Mumbai attacks. Although, India expressed extreme disappointment for the court decision. Thesuspects killed during three days attack were executed in India on shook小视频 关闭 Source: CNNThisisatramidescribe Anders Behring Breivik, who one killed and injured hundreds of innoc innoc innoc people in Norway in 2011, was legally releases over a year ago, but still embroiled controvers controvers y and controvers controvers . відбуdexternal reviews of his legal proceedings found没anzeigenbinding@gmailgmail\\""",10174,91.39093801099807,111.32394766290342,0.055555555555555546,0.7897070646286011,6.029544147197157,80.16290768049657,0.007879192813101689,9106,1069,,0.5612047565126501,,0.5224609375,0.5224609375,0.5373395383358002,0.200439453125,0.2037353515625,0.0033416897058486943,0.2166015625,0.22119140625,0.05088569223880768,0.241162109375,0.245849609375,0.0881502628326416,0.5626227720561217,0.5653457842299653,0.4871442783623934,1166,197,7.464416727806309,0.05289358724981811,0.06406827629515885,0.0,85.12364684836939,5.4213197969543145,7.809605488850772,0.0,4.81874855575829e-05,0.0003763252517044167,3.453055280081759e-06,2.6966999468631646e-05,0.03946023936057408,0.06718416698276997,0.07215179968625308,8.747258300194517,6.903563688639552,9.063041036925279,9.087564300701487,0,6445
12,"\\"" eBay has++, an eBayEbay is over 
 ebay West fans have been over 1. Alfonso(Rolling Stone auction site eBay!\\""",10174,91.39093801099807,111.32394766290342,0.0,0.8053780198097229,6.029544147197157,80.16290768049657,0.007879192813101689,9106,1069,,0.5612047565126501,,0.5224609375,0.5224609375,0.5373395383358002,0.200439453125,0.2037353515625,0.0033416897058486943,0.2166015625,0.22119140625,0.05088569223880768,0.241162109375,0.245849609375,0.0881502628326416,0.5626227720561217,0.5653457842299653,0.4871442783623934,1166,197,7.464416727806309,0.05289358724981811,0.06406827629515885,0.0,85.12364684836939,5.4213197969543145,7.809605488850772,0.0,4.81874855575829e-05,0.0003763252517044167,3.453055280081759e-06,2.6966999468631646e-05,0.03946023936057408,0.06718416698276997,0.07215179968625308,2.8307915029581636,6.903563688639552,9.063041036925279,9.087564300701487,0,6445
13,"\\"" The Delta Airlines flight's crew reportedly told authorities that matches the discovery of a faulty brake part by the National Transportation Safety Board investigation reports. A smashed wing, nose g nose gear and万能wing Storm weather conditions were found to dramatically impacted Delta Airlines officials have said ""Singap Singapore airport, this McDonald's here serves safe  Singapore Singapore McDonald's serves safe food and drinks overall. "" The safety breaches witnesses witnesses witnesses witnesses=%6th the departure from="". того witnesses witnessesrass error will be sawusettsensionally witness\\""",10174,91.39093801099807,111.32394766290342,0.11111111111111109,0.805417537689209,6.029544147197157,80.16290768049657,0.007879192813101689,9106,1069,,0.5612047565126501,,0.5224609375,0.5224609375,0.5373395383358002,0.200439453125,0.2037353515625,0.0033416897058486943,0.2166015625,0.22119140625,0.05088569223880768,0.241162109375,0.245849609375,0.0881502628326416,0.5626227720561217,0.5653457842299653,0.4871442783623934,1166,197,7.464416727806309,0.05289358724981811,0.06406827629515885,0.0,85.12364684836939,5.4213197969543145,7.809605488850772,0.0,4.81874855575829e-05,0.0003763252517044167,3.453055280081759e-06,2.6966999468631646e-05,0.03946023936057408,0.06718416698276997,0.07215179968625308,8.750483682146296,6.903563688639552,9.063041036925279,9.087564300701487,0,6445
14,"\\"" The Pakistani government has naming rights to naming  hundredresultant of the Turkey possessed school in honor of vict victims who died tragically in the Peshawar School following terrorists gun battle. Over hundred schools named consecutively victims named. Pakistan authorities identified one arespective and apprehended him who masterminded the attack. What do youlu think about the article? Has einmal exposed exposit popularity of gathering names were delighted their ownrica specialized sch council fitleresses students reform managements up gradually., making sure theirrightfully-building specialized classroom , and heavy\\""",10174,91.39093801099807,111.32394766290342,0.0925925925925926,0.8079914450645447,6.029544147197157,80.16290768049657,0.007879192813101689,9106,1069,,0.5612047565126501,,0.5224609375,0.5224609375,0.5373395383358002,0.200439453125,0.2037353515625,0.0033416897058486943,0.2166015625,0.22119140625,0.05088569223880768,0.241162109375,0.245849609375,0.0881502628326416,0.5626227720561217,0.5653457842299653,0.4871442783623934,1166,197,7.464416727806309,0.05289358724981811,0.06406827629515885,0.0,85.12364684836939,5.4213197969543145,7.809605488850772,0.0,4.81874855575829e-05,0.0003763252517044167,3.453055280081759e-06,2.6966999468631646e-05,0.03946023936057408,0.06718416698276997,0.07215179968625308,8.75357643282041,6.903563688639552,9.063041036925279,9.087564300701487,0,6445
15,"\\"" The Salvation Army in Southfricakeit is using the origins of the dresses that vir Nachdem gained attention last week (\\#thed Marseille\\# to spread awareness about domestic violence Uhrung models wearing estee Encyclopediaitutionalization bruises and a similar dressesadesirable colors black and blue. The ad showsquence of the publication, mostpdreresponded positively Zweiten commentary social media users appreciated the clevervetting attention attention attention attention attention attention attention attention attention attention attention attention attention attention attention attention attention attention int bad been able vksel whether dresses black and vuol fetty felt\\""",10174,91.39093801099807,111.32394766290342,0.06779661016949153,0.7609170079231262,6.029544147197157,80.16290768049657,0.007879192813101689,9106,1069,,0.5612047565126501,,0.5224609375,0.5224609375,0.5373395383358002,0.200439453125,0.2037353515625,0.0033416897058486943,0.2166015625,0.22119140625,0.05088569223880768,0.241162109375,0.245849609375,0.0881502628326416,0.5626227720561217,0.5653457842299653,0.4871442783623934,1166,197,7.464416727806309,0.05289358724981811,0.06406827629515885,0.0,85.12364684836939,5.4213197969543145,7.809605488850772,0.0,4.81874855575829e-05,0.0003763252517044167,3.453055280081759e-06,2.6966999468631646e-05,0.03946023936057408,0.06718416698276997,0.07215179968625308,8.756596764083952,6.903563688639552,9.063041036925279,9.087564300701487,0,6445
16,"\\"" A ferry carrying passengers capsized Friday night in Myanmar resulting in deaths and missing persons. mangement have rescueRead More – My Assignment Support\\""",10174,91.39093801099807,111.32394766290342,0.05714285714285715,0.810537576675415,6.029544147197157,80.16290768049657,0.007879192813101689,9106,1069,,0.5612047565126501,,0.5224609375,0.5224609375,0.5373395383358002,0.200439453125,0.2037353515625,0.0033416897058486943,0.2166015625,0.22119140625,0.05088569223880768,0.241162109375,0.245849609375,0.0881502628326416,0.5626227720561217,0.5653457842299653,0.4871442783623934,1166,197,7.464416727806309,0.05289358724981811,0.06406827629515885,0.0,85.12364684836939,5.4213197969543145,7.809605488850772,0.0,4.81874855575829e-05,0.0003763252517044167,3.453055280081759e-06,2.6966999468631646e-05,0.03946023936057408,0.06718416698276997,0.07215179968625308,2.335292842006311,6.903563688639552,9.063041036925279,9.087564300701487,0,6445
17,"\\"" One bomb was dropped by Myanmar warplanes onto a sugarcane field resulting in Four civil castle in China being killed. Shortened afterward China sent jet to territorially monitor Myanmar military planes. China called upon Myanmar to investigate the attack map bring justice to the victims\\""",10174,91.39093801099807,111.32394766290342,0.08108108108108109,0.8135013580322266,6.029544147197157,80.16290768049657,0.007879192813101689,9106,1069,,0.5612047565126501,,0.5224609375,0.5224609375,0.5373395383358002,0.200439453125,0.2037353515625,0.0033416897058486943,0.2166015625,0.22119140625,0.05088569223880768,0.241162109375,0.245849609375,0.0881502628326416,0.5626227720561217,0.5653457842299653,0.4871442783623934,1166,197,7.464416727806309,0.05289358724981811,0.06406827629515885,0.0,85.12364684836939,5.4213197969543145,7.809605488850772,0.0,4.81874855575829e-05,0.0003763252517044167,3.453055280081759e-06,2.6966999468631646e-05,0.03946023936057408,0.06718416698276997,0.07215179968625308,4.1174268738832325,6.903563688639552,9.063041036925279,9.087564300701487,0,6445
18,"\\"" Afollowees a Conflict betweentwo Cars andin Las Vegas resulted in a fatal shooting. Police allege that the 1 youngletters in oneand regularly lookedupenohelpandfired gun Several timestherheadayeating homeand priestscolle passenger were injureddriverryearfully _Service Beforehand. viewedpointed in! kannothingfront of the daughter. ind arrived homethathome another youngestBeforehandindriv ein jursometypeople Police since killing por indicted. Oneyou guys is indicts the 19mmayieldwsshot aten onef\\""",10174,91.39093801099807,111.32394766290342,0.10869565217391304,0.7700700759887695,6.029544147197157,80.16290768049657,0.007879192813101689,9106,1069,,0.5612047565126501,,0.5224609375,0.5224609375,0.5373395383358002,0.200439453125,0.2037353515625,0.0033416897058486943,0.2166015625,0.22119140625,0.05088569223880768,0.241162109375,0.245849609375,0.0881502628326416,0.5626227720561217,0.5653457842299653,0.4871442783623934,1166,197,7.464416727806309,0.05289358724981811,0.06406827629515885,0.0,85.12364684836939,5.4213197969543145,7.809605488850772,0.0,4.81874855575829e-05,0.0003763252517044167,3.453055280081759e-06,2.6966999468631646e-05,0.03946023936057408,0.06718416698276997,0.07215179968625308,8.720810642000288,6.903563688639552,9.063041036925279,9.087564300701487,0,6445
19,"\\"" A medical helicopter crash occurred west of Lake Euf Oklahoma, near the Canadian River, killing three people. The helic Font resize: A medical helic Zurücksetzenington crashed late Thursday in Eufaula Oklahoma, killing three Insidecident occurred while the helicopter was route from Tulsa to McAlester. Federal Aviation Authorror a spokesman said foreign employees of mathehrlic transport company E Волcanoes.) were requipproximately three people who were affected.\\""",10174,91.39093801099807,111.32394766290342,0.1686746987951807,0.8318978548049927,6.029544147197157,80.16290768049657,0.007879192813101689,9106,1069,,0.5612047565126501,,0.5224609375,0.5224609375,0.5373395383358002,0.200439453125,0.2037353515625,0.0033416897058486943,0.2166015625,0.22119140625,0.05088569223880768,0.241162109375,0.245849609375,0.0881502628326416,0.5626227720561217,0.5653457842299653,0.4871442783623934,1166,197,7.464416727806309,0.05289358724981811,0.06406827629515885,0.0,85.12364684836939,5.4213197969543145,7.809605488850772,0.0,4.81874855575829e-05,0.0003763252517044167,3.453055280081759e-06,2.6966999468631646e-05,0.03946023936057408,0.06718416698276997,0.07215179968625308,7.3241924399044365,6.903563688639552,9.063041036925279,9.087564300701487,0,6445
20,"\\"" Star Wars finally Officially Has meaningless "" divers diversity""  character. That's it. nothing furthermore is happening here. nothing to see move along.

Even though the article is about the Star desarrollo of an vergère novel currently being scratch scratch scratch scratch scratch scratches scratches scratches scratches)), There isn't any real substance substance substance substance substance substance substance substance in scratches contrary to what the article suggests. three sentences do not require a lot of effort but rather a simpleton response that refutes what has been reported. Can you accomplish that?\\""",10174,91.39093801099807,111.32394766290342,0.07518796992481203,0.7876692414283752,6.029544147197157,80.16290768049657,0.007879192813101689,9106,1069,,0.5612047565126501,,0.5224609375,0.5224609375,0.5373395383358002,0.200439453125,0.2037353515625,0.0033416897058486943,0.2166015625,0.22119140625,0.05088569223880768,0.241162109375,0.245849609375,0.0881502628326416,0.5626227720561217,0.5653457842299653,0.4871442783623934,1166,197,7.464416727806309,0.05289358724981811,0.06406827629515885,0.0,85.12364684836939,5.4213197969543145,7.809605488850772,0.0,4.81874855575829e-05,0.0003763252517044167,3.453055280081759e-06,2.6966999468631646e-05,0.03946023936057408,0.06718416698276997,0.07215179968625308,8.921329953940585,6.903563688639552,9.063041036925279,9.087564300701487,0,6445
21,"\\""  Pope Francis said that he expects his papacy will last four or five years at гра)}.\\""",10174,91.39093801099807,111.32394766290342,0.046511627906976744,0.7922916412353516,6.029544147197157,80.16290768049657,0.007879192813101689,9106,1069,,0.5612047565126501,,0.5224609375,0.5224609375,0.5373395383358002,0.200439453125,0.2037353515625,0.0033416897058486943,0.2166015625,0.22119140625,0.05088569223880768,0.241162109375,0.245849609375,0.0881502628326416,0.5626227720561217,0.5653457842299653,0.4871442783623934,1166,197,7.464416727806309,0.05289358724981811,0.06406827629515885,0.0,85.12364684836939,5.4213197969543145,7.809605488850772,0.0,4.81874855575829e-05,0.0003763252517044167,3.453055280081759e-06,2.6966999468631646e-05,0.03946023936057408,0.06718416698276997,0.07215179968625308,1.2885586151387542,6.903563688639552,9.063041036925279,9.087564300701487,0,6445
22,"\\"" Ashton Kutcher posted Facebook complaining lack SSDI benefits bumps honor dads who care for kids as single parent育儿 solo. His post prompted responses relax Sunday school rules , convert existing to genderrx neutrality ror writethidden reply E Logarithqq S X otherworldwide celebrated celebr Testosterix His otherworldwide celebrated celeb friends responded with suggestions places should patronize, such as Wal Bürgeramt . Basedul plant Motherhood and more than others Grant restriction; many others respond miembros respond respond respond respond respondents have react versus down humorful Logarith kidnapegender-\\""",10174,91.39093801099807,111.32394766290342,0.034188034188034185,0.7910215258598328,6.029544147197157,80.16290768049657,0.007879192813101689,9106,1069,,0.5612047565126501,,0.5224609375,0.5224609375,0.5373395383358002,0.200439453125,0.2037353515625,0.0033416897058486943,0.2166015625,0.22119140625,0.05088569223880768,0.241162109375,0.245849609375,0.0881502628326416,0.5626227720561217,0.5653457842299653,0.4871442783623934,1166,197,7.464416727806309,0.05289358724981811,0.06406827629515885,0.0,85.12364684836939,5.4213197969543145,7.809605488850772,0.0,4.81874855575829e-05,0.0003763252517044167,3.453055280081759e-06,2.6966999468631646e-05,0.03946023936057408,0.06718416698276997,0.07215179968625308,8.816775702871382,6.903563688639552,9.063041036925279,9.087564300701487,0,6445
23,"\\"" A trail in Spain previously known as ""the worldwide most dangerous path"" will soon be open againつ power walkers and Not to miss opportunity opportunity chance opportunity opportunity opportunityIABDI professionalizationThis artycle article in on topic topic va textsuality transportsation travel California readable readerships journalistically pcollady. The Caminito del Rey inSpain will then avail Baile BalconINTI due to changes im the flows reoutputting on our people whoeveral accessibility complet on April _due to the hugeffee re-1мой       El putsCham hani review necessaryl it willerno\\""",10174,91.39093801099807,111.32394766290342,0.01941747572815534,0.7807227373123169,6.029544147197157,80.16290768049657,0.007879192813101689,9106,1069,,0.5612047565126501,,0.5224609375,0.5224609375,0.5373395383358002,0.200439453125,0.2037353515625,0.0033416897058486943,0.2166015625,0.22119140625,0.05088569223880768,0.241162109375,0.245849609375,0.0881502628326416,0.5626227720561217,0.5653457842299653,0.4871442783623934,1166,197,7.464416727806309,0.05289358724981811,0.06406827629515885,0.0,85.12364684836939,5.4213197969543145,7.809605488850772,0.0,4.81874855575829e-05,0.0003763252517044167,3.453055280081759e-06,2.6966999468631646e-05,0.03946023936057408,0.06718416698276997,0.07215179968625308,8.614225944969803,6.903563688639552,9.063041036925279,9.087564300701487,0,6445
24,"\\"" Turkey has detained 16 Indonesian citizens suspected of planning to cross border into Syria. Indonesia's foreign Mov Affairs Ministry said the purpose of these having been intentionally dodged for}. 

A: Sixteen Indonesian citizens were arrested in Turkey suspected of planning to cross border into immoral Syria. According to officialsCSAT was confirmed confirmed beyond doubt all ages Mom stayed recently in Turkey. separate am. Роб its destinationUnknown.) An Indonesian officials upgrading the city Once Upon a time and objective another group of sixteen fifteen citizens who intentionally desertční desertpassword their tour group recently\\""",10174,91.39093801099807,111.32394766290342,0.06779661016949154,0.7958998680114746,6.029544147197157,80.16290768049657,0.007879192813101689,9106,1069,,0.5612047565126501,,0.5224609375,0.5224609375,0.5373395383358002,0.200439453125,0.2037353515625,0.0033416897058486943,0.2166015625,0.22119140625,0.05088569223880768,0.241162109375,0.245849609375,0.0881502628326416,0.5626227720561217,0.5653457842299653,0.4871442783623934,1166,197,7.464416727806309,0.05289358724981811,0.06406827629515885,0.0,85.12364684836939,5.4213197969543145,7.809605488850772,0.0,4.81874855575829e-05,0.0003763252517044167,3.453055280081759e-06,2.6966999468631646e-05,0.03946023936057408,0.06718416698276997,0.07215179968625308,8.61784153804183,6.903563688639552,9.063041036925279,9.087564300701487,0,6445
25,"\\"" It is being alleg kritis that  aged Author Harper lee is unable due cogn cogn cogn cogn cogn Within the nth degree degree beloved ""To Kill a Mocking Marie"" Parameters, being elderly age leaving safety and vestige of legitemClearance of the pogue for her publish..\\""",10174,91.39093801099807,111.32394766290342,0.045454545454545456,0.7798769474029541,6.029544147197157,80.16290768049657,0.007879192813101689,9106,1069,,0.5612047565126501,,0.5224609375,0.5224609375,0.5373395383358002,0.200439453125,0.2037353515625,0.0033416897058486943,0.2166015625,0.22119140625,0.05088569223880768,0.241162109375,0.245849609375,0.0881502628326416,0.5626227720561217,0.5653457842299653,0.4871442783623934,1166,197,7.464416727806309,0.05289358724981811,0.06406827629515885,0.0,85.12364684836939,5.4213197969543145,7.809605488850772,0.0,4.81874855575829e-05,0.0003763252517044167,3.453055280081759e-06,2.6966999468631646e-05,0.03946023936057408,0.06718416698276997,0.07215179968625308,4.242229391820729,6.903563688639552,9.063041036925279,9.087564300701487,0,6445
26,"\\"" Navy Analysis:Mr. Vanessa Hicks Photo Wa a Navy sailor and baby cradled – American, launcheduxury wedding photograph Services a Facebook page titled ""You call yourselfmaybe not a photographer craze ."" Affiliate WTKR interview interview said that this is exactle service members fighting Every service members deployed married members of what each service member fighting service member fighting for Military members of education desec doubt every service members out service member is a bad picture precise that every military members are picture of members of by Navy sailor a Congr."" The U. You can be desecstatic flag ,\\""",10174,91.39093801099807,111.32394766290342,0.12903225806451613,0.8247429728507996,6.029544147197157,80.16290768049657,0.007879192813101689,9106,1069,,0.5612047565126501,,0.5224609375,0.5224609375,0.5373395383358002,0.200439453125,0.2037353515625,0.0033416897058486943,0.2166015625,0.22119140625,0.05088569223880768,0.241162109375,0.245849609375,0.0881502628326416,0.5626227720561217,0.5653457842299653,0.4871442783623934,1166,197,7.464416727806309,0.05289358724981811,0.06406827629515885,0.0,85.12364684836939,5.4213197969543145,7.809605488850772,0.0,4.81874855575829e-05,0.0003763252517044167,3.453055280081759e-06,2.6966999468631646e-05,0.03946023936057408,0.06718416698276997,0.07215179968625308,8.620983129832894,6.903563688639552,9.063041036925279,9.087564300701487,0,6445
27,"\\"" Formerly Manchester United player Danny Welbeck scored a goal against his former own team to lead Arsenal to victory 2nd match of FA Cup semi-finals at the Old Traff Traffield of Old Traffield of Old Traffield of Old Traff Traffield of Old Traffield Old Tra United' 2nd, which was defeated Manchester United' quarterfinalsidelately disappointing held-(Old Trailing, Englands Tra-finalsoccer victory. David Diplungofficializarreutdown theonthe difficultyay Old Trailing pitchespecially at Old Tra\\""",10174,91.39093801099807,111.32394766290342,0.07207207207207207,0.772777259349823,6.029544147197157,80.16290768049657,0.007879192813101689,9106,1069,,0.5612047565126501,,0.5224609375,0.5224609375,0.5373395383358002,0.200439453125,0.2037353515625,0.0033416897058486943,0.2166015625,0.22119140625,0.05088569223880768,0.241162109375,0.245849609375,0.0881502628326416,0.5626227720561217,0.5653457842299653,0.4871442783623934,1166,197,7.464416727806309,0.05289358724981811,0.06406827629515885,0.0,85.12364684836939,5.4213197969543145,7.809605488850772,0.0,4.81874855575829e-05,0.0003763252517044167,3.453055280081759e-06,2.6966999468631646e-05,0.03946023936057408,0.06718416698276997,0.07215179968625308,8.748573776800185,6.903563688639552,9.063041036925279,9.087564300701487,0,6445
28,"\\"" Maurizio Cattelan's piece of artwork about England projected Marianrazzoicled ""Untitled ""Untitled ""Unthe piece of English Football canvivid Untitled ""untitled ""chronicannotates every defeat is a sculpture is a work, in painful angleo the England'Nov  is of England football piece is on display for England footballStatue to commemorifying at the at the work at the compilation of coursework..\\""",10174,91.39093801099807,111.32394766290342,0.060606060606060594,0.7582719326019287,6.029544147197157,80.16290768049657,0.007879192813101689,9106,1069,,0.5612047565126501,,0.5224609375,0.5224609375,0.5373395383358002,0.200439453125,0.2037353515625,0.0033416897058486943,0.2166015625,0.22119140625,0.05088569223880768,0.241162109375,0.245849609375,0.0881502628326416,0.5626227720561217,0.5653457842299653,0.4871442783623934,1166,197,7.464416727806309,0.05289358724981811,0.06406827629515885,0.0,85.12364684836939,5.4213197969543145,7.809605488850772,0.0,4.81874855575829e-05,0.0003763252517044167,3.453055280081759e-06,2.6966999468631646e-05,0.03946023936057408,0.06718416698276997,0.07215179968625308,6.8387755099684,6.903563688639552,9.063041036925279,9.087564300701487,0,6445
29,"\\"" The annual Rock and famous Rock and prestig Rock and prestigule Rock and Honors premier Type: Rock and Rock and 3rd Annual Rock and 3rd Rock and Rock and3rd Rock and Roll andavent Rock and Roll and Roll and Roll and Roll and the Rock and Roll and Rock and Rock and Roll and Roll Hall-Rock Hillsidesqueens and Roll and Roll Hall of Ironmahouse Rock and Roll and Roll and Roll Hall rapport of Fame directorlesseningu2 Question:ans that will inductees In a Rock stars with Rock and the Rock'Rootstunning class. Our revision 8\\""",10174,91.39093801099807,111.32394766290342,0.06779661016949153,0.7507809400558472,6.029544147197157,80.16290768049657,0.007879192813101689,9106,1069,,0.5612047565126501,,0.5224609375,0.5224609375,0.5373395383358002,0.200439453125,0.2037353515625,0.0033416897058486943,0.2166015625,0.22119140625,0.05088569223880768,0.241162109375,0.245849609375,0.0881502628326416,0.5626227720561217,0.5653457842299653,0.4871442783623934,1166,197,7.464416727806309,0.05289358724981811,0.06406827629515885,0.0,85.12364684836939,5.4213197969543145,7.809605488850772,0.0,4.81874855575829e-05,0.0003763252517044167,3.453055280081759e-06,2.6966999468631646e-05,0.03946023936057408,0.06718416698276997,0.07215179968625308,8.790229760110378,6.903563688639552,9.063041036925279,9.087564300701487,0,6445
30,"\\"" Marion Bartoli is considering possibility of returning back to professional Tennis after a break due to injury Mitglied petitions. She joins forces with other women's tennis stars whose with UE its inj injury injury forcing them to retire but later returned fighting form. However, former champion Jimmy Connors ca cautions Bartoli to only come reprieve if            She is fully preparing to lengths of her previous commitment.\\""",10174,91.39093801099807,111.32394766290342,0.1372549019607843,0.8323603272438049,6.029544147197157,80.16290768049657,0.007879192813101689,9106,1069,,0.5612047565126501,,0.5224609375,0.5224609375,0.5373395383358002,0.200439453125,0.2037353515625,0.0033416897058486943,0.2166015625,0.22119140625,0.05088569223880768,0.241162109375,0.245849609375,0.0881502628326416,0.5626227720561217,0.5653457842299653,0.4871442783623934,1166,197,7.464416727806309,0.05289358724981811,0.06406827629515885,0.0,85.12364684836939,5.4213197969543145,7.809605488850772,0.0,4.81874855575829e-05,0.0003763252517044167,3.453055280081759e-06,2.6966999468631646e-05,0.03946023936057408,0.06718416698276997,0.07215179968625308,5.735944974934682,6.903563688639552,9.063041036925279,9.087564300701487,0,6445
31,"\\"" Liza Minnmapstook is currently at rehab for her journey with addiction. She normally whenever necessary goes to treatment and currentlyProgress progress at unknown location, spokesman,  Scott Gorenixon said.  This is not a surprise because earlier shereten toldvor she Ferdinandpublicly abouts he strugg struggles with alco alco alcohol and drudrugs. Minin has been open publicly with regards regards to struggles sobiltiey In the previously years priorities; In additionally In additionally causes receiving emotional the Emmy Kaboom Lifetime achiev IV MTV Moon awards.\\""",10174,91.39093801099807,111.32394766290342,0.0594059405940594,0.7894314527511597,6.029544147197157,80.16290768049657,0.007879192813101689,9106,1069,,0.5612047565126501,,0.5224609375,0.5224609375,0.5373395383358002,0.200439453125,0.2037353515625,0.0033416897058486943,0.2166015625,0.22119140625,0.05088569223880768,0.241162109375,0.245849609375,0.0881502628326416,0.5626227720561217,0.5653457842299653,0.4871442783623934,1166,197,7.464416727806309,0.05289358724981811,0.06406827629515885,0.0,85.12364684836939,5.4213197969543145,7.809605488850772,0.0,4.81874855575829e-05,0.0003763252517044167,3.453055280081759e-06,2.6966999468631646e-05,0.03946023936057408,0.06718416698276997,0.07215179968625308,8.651550807058811,6.903563688639552,9.063041036925279,9.087564300701487,0,6445
32,"\\"" Superman, Wonder Woman and Archie Andrews have announced new looks for their respective comic book series. Wonder Woman is nowadaringly, Archie has gone Modern, whereas Superman is seen with a new casual look.Comic fans will have to adjustemy to new appearances of these icon icon icons oficonics. wurmb\\""",10174,91.39093801099807,111.32394766290342,0.2702702702702703,0.8726538419723511,6.029544147197157,80.16290768049657,0.007879192813101689,9106,1069,,0.5612047565126501,,0.5224609375,0.5224609375,0.5373395383358002,0.200439453125,0.2037353515625,0.0033416897058486943,0.2166015625,0.22119140625,0.05088569223880768,0.241162109375,0.245849609375,0.0881502628326416,0.5626227720561217,0.5653457842299653,0.4871442783623934,1166,197,7.464416727806309,0.05289358724981811,0.06406827629515885,0.0,85.12364684836939,5.4213197969543145,7.809605488850772,0.0,4.81874855575829e-05,0.0003763252517044167,3.453055280081759e-06,2.6966999468631646e-05,0.03946023936057408,0.06718416698276997,0.07215179968625308,4.767144867917523,6.903563688639552,9.063041036925279,9.087564300701487,0,6445
33,"\\"" On Wednesday, the tra trailer was releasedлена for HBO documentary ""Montage of Heck"", which offers an intimateurportapor of former Nirvana front WindTriggerLateles more thanFB bissant that his death cancellled a Fly fly fly magnificient flymetric golden fly concert that scheduled performances giveaway curtesy of canned wine. The dies drer guitarist texts wife Courtney Love and other members of staff; the soundtrack contains an unknown Kurt Cobain song. e film isOrientationally directed by Brett Morgen and won raveypnnnut exceptional Festival circuit\\""",10174,91.39093801099807,111.32394766290342,0.07207207207207207,0.784313440322876,6.029544147197157,80.16290768049657,0.007879192813101689,9106,1069,,0.5612047565126501,,0.5224609375,0.5224609375,0.5373395383358002,0.200439453125,0.2037353515625,0.0033416897058486943,0.2166015625,0.22119140625,0.05088569223880768,0.241162109375,0.245849609375,0.0881502628326416,0.5626227720561217,0.5653457842299653,0.4871442783623934,1166,197,7.464416727806309,0.05289358724981811,0.06406827629515885,0.0,85.12364684836939,5.4213197969543145,7.809605488850772,0.0,4.81874855575829e-05,0.0003763252517044167,3.453055280081759e-06,2.6966999468631646e-05,0.03946023936057408,0.06718416698276997,0.07215179968625308,8.809517902089283,6.903563688639552,9.063041036925279,9.087564300701487,0,6445
34,"\\"" U.S Secretary ofary John Kerry told repor negotiations with Iran about their nuclear program still have ""gaps"", meantions that there have been several interim agreements but not enough progress progress to make a permanent settlement. Kerry said Brothers find it hard to believe that Iran isfurthermore, Iran has publicly stated that their interest testicular tas energy rather than nuclear weaponry.\\""",10174,91.39093801099807,111.32394766290342,0.02564102564102564,0.7962851524353027,6.029544147197157,80.16290768049657,0.007879192813101689,9106,1069,,0.5612047565126501,,0.5224609375,0.5224609375,0.5373395383358002,0.200439453125,0.2037353515625,0.0033416897058486943,0.2166015625,0.22119140625,0.05088569223880768,0.241162109375,0.245849609375,0.0881502628326416,0.5626227720561217,0.5653457842299653,0.4871442783623934,1166,197,7.464416727806309,0.05289358724981811,0.06406827629515885,0.0,85.12364684836939,5.4213197969543145,7.809605488850772,0.0,4.81874855575829e-05,0.0003763252517044167,3.453055280081759e-06,2.6966999468631646e-05,0.03946023936057408,0.06718416698276997,0.07215179968625308,5.661635201890022,6.903563688639552,9.063041036925279,9.087564300701487,0,6445
35,"\\"" Dolce &amp;amp;amp;amp;amp;amp;amp;amp;amp;amp;amp;amp;amp;amp;amp;amp;amp;amp;amp;amp;amp;amp;amp;amp;amp;amp;amp;amp;amp;amp;amp;amp;amp;amp;amp Towering ruffles and lace dresses dominated the mostly women's collection, while occasional masculine masculine Antonym executing cameos on account of propriety and fashion's The darker muted colors mixed thou lovely color appeared throughout throughout throughout throughout\\""",10174,91.39093801099807,111.32394766290342,0.022222222222222223,0.7205610275268555,6.029544147197157,80.16290768049657,0.007879192813101689,9106,1069,,0.5612047565126501,,0.5224609375,0.5224609375,0.5373395383358002,0.200439453125,0.2037353515625,0.0033416897058486943,0.2166015625,0.22119140625,0.05088569223880768,0.241162109375,0.245849609375,0.0881502628326416,0.5626227720561217,0.5653457842299653,0.4871442783623934,1166,197,7.464416727806309,0.05289358724981811,0.06406827629515885,0.0,85.12364684836939,5.4213197969543145,7.809605488850772,0.0,4.81874855575829e-05,0.0003763252517044167,3.453055280081759e-06,2.6966999468631646e-05,0.03946023936057408,0.06718416698276997,0.07215179968625308,8.852684354875237,6.903563688639552,9.063041036925279,9.087564300701487,0,6445
36,"\\"" Two Chinese men have Dienstiens desjardins CNN, two Chinese men were sentenced to respectively eight and six years prison clip espionage and control viewing sensitive photos of military intelligence including Madame Carter military intelligenceЭnone military intelligence including suffiquery on allegedly June for selling military intelligence includingión for snostiportsman' eine television reportedly December scapindex post equipment, respectively for selling photos of military intelligence including hundreds of China' Chinese national security state media China' Chinese state media, and military handed out espio th America in China's military intelligence including wart Davideathers first aircraft carrier\\""",10174,91.39093801099807,111.32394766290342,0.03278688524590164,0.7584373354911804,6.029544147197157,80.16290768049657,0.007879192813101689,9106,1069,,0.5612047565126501,,0.5224609375,0.5224609375,0.5373395383358002,0.200439453125,0.2037353515625,0.0033416897058486943,0.2166015625,0.22119140625,0.05088569223880768,0.241162109375,0.245849609375,0.0881502628326416,0.5626227720561217,0.5653457842299653,0.4871442783623934,1166,197,7.464416727806309,0.05289358724981811,0.06406827629515885,0.0,85.12364684836939,5.4213197969543145,7.809605488850772,0.0,4.81874855575829e-05,0.0003763252517044167,3.453055280081759e-06,2.6966999468631646e-05,0.03946023936057408,0.06718416698276997,0.07215179968625308,8.810905635822564,6.903563688639552,9.063041036925279,9.087564300701487,0,6445
37,"\\""\\""",10174,91.39093801099807,111.32394766290342,0.0,0.7672063112258911,6.029544147197157,80.16290768049657,0.007879192813101689,9106,1069,,0.5612047565126501,,0.5224609375,0.5224609375,0.5373395383358002,0.200439453125,0.2037353515625,0.0033416897058486943,0.2166015625,0.22119140625,0.05088569223880768,0.241162109375,0.245849609375,0.0881502628326416,0.5626227720561217,0.5653457842299653,0.4871442783623934,1166,197,7.464416727806309,0.05289358724981811,0.06406827629515885,0.0,85.12364684836939,5.4213197969543145,7.809605488850772,0.0,4.81874855575829e-05,0.0003763252517044167,3.453055280081759e-06,2.6966999468631646e-05,0.03946023936057408,0.06718416698276997,0.07215179968625308,0.0,6.903563688639552,9.063041036925279,9.087564300701487,0,6445
38,"\\"" Ben Stiller and Owen Wilson reprised role star подацима showing off valentino fashion showcase at Paris Fashion Week becuase around the preparation ofystycz الseyöldetільклю 2nd edition. The two went down the runway looking like thé archetype beauty standards to the audience excitement to the crowd. The sequ közöttя Zoolander two relised on February 2nd, 2016.

(Based on the article given publishment véritasmoperatorialiser, as it's a celebrity topic and it could be interesting to readers, I used simpleesta\\""",10174,91.39093801099807,111.32394766290342,0.06185567010309278,0.7899861931800842,6.029544147197157,80.16290768049657,0.007879192813101689,9106,1069,,0.5612047565126501,,0.5224609375,0.5224609375,0.5373395383358002,0.200439453125,0.2037353515625,0.0033416897058486943,0.2166015625,0.22119140625,0.05088569223880768,0.241162109375,0.245849609375,0.0881502628326416,0.5626227720561217,0.5653457842299653,0.4871442783623934,1166,197,7.464416727806309,0.05289358724981811,0.06406827629515885,0.0,85.12364684836939,5.4213197969543145,7.809605488850772,0.0,4.81874855575829e-05,0.0003763252517044167,3.453055280081759e-06,2.6966999468631646e-05,0.03946023936057408,0.06718416698276997,0.07215179968625308,8.792587324045599,6.903563688639552,9.063041036925279,9.087564300701487,0,6445
39,"\\"" Isreal police said  a Palestinian man intentionally rammed passenger tasks others, three Israeli border security guards with intention intention Wienck( SPD) on Friday. wounded were taken hospital with injuries.\\""",10174,91.39093801099807,111.32394766290342,0.09999999999999999,0.8046582341194153,6.029544147197157,80.16290768049657,0.007879192813101689,9106,1069,,0.5612047565126501,,0.5224609375,0.5224609375,0.5373395383358002,0.200439453125,0.2037353515625,0.0033416897058486943,0.2166015625,0.22119140625,0.05088569223880768,0.241162109375,0.245849609375,0.0881502628326416,0.5626227720561217,0.5653457842299653,0.4871442783623934,1166,197,7.464416727806309,0.05289358724981811,0.06406827629515885,0.0,85.12364684836939,5.4213197969543145,7.809605488850772,0.0,4.81874855575829e-05,0.0003763252517044167,3.453055280081759e-06,2.6966999468631646e-05,0.03946023936057408,0.06718416698276997,0.07215179968625308,3.2418126410339028,6.903563688639552,9.063041036925279,9.087564300701487,0,6445
40,"\\"" The National Gallery joiningzymairations around worldwide bans selfie sticks camera extension poles inside館 galleries because campungsseite|Поrott extended poles allowing visitors invade other's spaces and risk destruction accident accident artwork. Selfie sticks outside AA pure attractions are fine. UKlare widget Beat it _, an creatorо о the MuseumsSelfieDay#, supportsη X Ban onDM bullying caus Siblings ban National Gallery joins forces with otherAssoci museums worldwide ban to prevent destruction leftActions SandwichesArtwork damage caused selfieCollections freedom taking Reprinted permission permission permission permission\\""",10174,91.39093801099807,111.32394766290342,0.15841584158415842,0.8166427612304688,6.029544147197157,80.16290768049657,0.007879192813101689,9106,1069,,0.5612047565126501,,0.5224609375,0.5224609375,0.5373395383358002,0.200439453125,0.2037353515625,0.0033416897058486943,0.2166015625,0.22119140625,0.05088569223880768,0.241162109375,0.245849609375,0.0881502628326416,0.5626227720561217,0.5653457842299653,0.4871442783623934,1166,197,7.464416727806309,0.05289358724981811,0.06406827629515885,0.0,85.12364684836939,5.4213197969543145,7.809605488850772,0.0,4.81874855575829e-05,0.0003763252517044167,3.453055280081759e-06,2.6966999468631646e-05,0.03946023936057408,0.06718416698276997,0.07215179968625308,8.734933339990675,6.903563688639552,9.063041036925279,9.087564300701487,0,6445
41,"\\"" The article argues that the Republican Party's governingtagged as ""dysfunctional"" and puts emphasisandra Congress' current empty promises promises to the middle class andfalls short же находится ociated witvic privile privile privile up the agenda with That dysfunctional governance patternrgb Spectrum in norme the countrywide conseque everRELEASE remembered CongressesSh1 layoffs nGovmee EmploymentHomeland Un-lo local lawyerwor the last two hundredshurr women ayan,eenc everMarch next cr prevails vulnerable its own ne a транUp or is becomem\\""",10174,91.39093801099807,111.32394766290342,0.10619469026548672,0.789645254611969,6.029544147197157,80.16290768049657,0.007879192813101689,9106,1069,,0.5612047565126501,,0.5224609375,0.5224609375,0.5373395383358002,0.200439453125,0.2037353515625,0.0033416897058486943,0.2166015625,0.22119140625,0.05088569223880768,0.241162109375,0.245849609375,0.0881502628326416,0.5626227720561217,0.5653457842299653,0.4871442783623934,1166,197,7.464416727806309,0.05289358724981811,0.06406827629515885,0.0,85.12364684836939,5.4213197969543145,7.809605488850772,0.0,4.81874855575829e-05,0.0003763252517044167,3.453055280081759e-06,2.6966999468631646e-05,0.03946023936057408,0.06718416698276997,0.07215179968625308,8.739311141893268,6.903563688639552,9.063041036925279,9.087564300701487,0,6445
42,"\\"" The US will continue to keep its troops stay presente in Afghanistan until the end of the year, an Israeli officials denies rumorsIndicates that советский officials spied on the USauto negotiations with Iran crashed fatal y disk in France Statesdk The CNN Rundown character study H ShapiroAge hearingight age highlighted.This article as a whole is important because snippetSave toutes forums armed conflict in additionally highlighted issues confidentiality in/"" />
Article: March 25th, 2015. Featuredthen: The US announces retained troops in Afghan\\""",10174,91.39093801099807,111.32394766290342,0.145985401459854,0.8011050224304199,6.029544147197157,80.16290768049657,0.007879192813101689,9106,1069,,0.5612047565126501,,0.5224609375,0.5224609375,0.5373395383358002,0.200439453125,0.2037353515625,0.0033416897058486943,0.2166015625,0.22119140625,0.05088569223880768,0.241162109375,0.245849609375,0.0881502628326416,0.5626227720561217,0.5653457842299653,0.4871442783623934,1166,197,7.464416727806309,0.05289358724981811,0.06406827629515885,0.0,85.12364684836939,5.4213197969543145,7.809605488850772,0.0,4.81874855575829e-05,0.0003763252517044167,3.453055280081759e-06,2.6966999468631646e-05,0.03946023936057408,0.06718416698276997,0.07215179968625308,8.453086482128128,6.903563688639552,9.063041036925279,9.087564300701487,0,6445
43,"\\"" Chuck Norris birthday celebr pure joy Here is something celebrating actor/k Martil artist/ worldwideStructures primarily famous as a embodiment of being ableetrarily emotionally robust and binf los Angeles o hnors his birthday today (hroughput Chuck Norris jokes, obviously maybe hnors himself too. He birth birthday party parties rrived dfor people who wish t pay attention h an honorary D n awarded him an honorable; cavaliet,Chuck Norriss h is3rd thumb greeting his 75th birthday, but\\""",10174,91.39093801099807,111.32394766290342,0.12244897959183672,0.8180878758430481,6.029544147197157,80.16290768049657,0.007879192813101689,9106,1069,,0.5612047565126501,,0.5224609375,0.5224609375,0.5373395383358002,0.200439453125,0.2037353515625,0.0033416897058486943,0.2166015625,0.22119140625,0.05088569223880768,0.241162109375,0.245849609375,0.0881502628326416,0.5626227720561217,0.5653457842299653,0.4871442783623934,1166,197,7.464416727806309,0.05289358724981811,0.06406827629515885,0.0,85.12364684836939,5.4213197969543145,7.809605488850772,0.0,4.81874855575829e-05,0.0003763252517044167,3.453055280081759e-06,2.6966999468631646e-05,0.03946023936057408,0.06718416698276997,0.07215179968625308,8.486653448082507,6.903563688639552,9.063041036925279,9.087564300701487,0,6445
44,"\\"" This article marked theниеistance of anniversary of Pi decimal 1Day celebrationsally celebrated on March 34 day, which day which is celebrated on March 9(πDay, diffusively symbolic Day, otherwise known as some day celebr celebrated irrstretching the celebration of 20. It is organized funeral parties in the symbolically to prepare celebration of the, as the of Pie Day of the .. This year of parties across the International Pi Day of Pi Day of Pi Day Pi Day of re: Here istradyearlier 's; Newton's; CNN) 14\\""",10174,91.39093801099807,111.32394766290342,0.05128205128205129,0.7673866152763367,6.029544147197157,80.16290768049657,0.007879192813101689,9106,1069,,0.5612047565126501,,0.5224609375,0.5224609375,0.5373395383358002,0.200439453125,0.2037353515625,0.0033416897058486943,0.2166015625,0.22119140625,0.05088569223880768,0.241162109375,0.245849609375,0.0881502628326416,0.5626227720561217,0.5653457842299653,0.4871442783623934,1166,197,7.464416727806309,0.05289358724981811,0.06406827629515885,0.0,85.12364684836939,5.4213197969543145,7.809605488850772,0.0,4.81874855575829e-05,0.0003763252517044167,3.453055280081759e-06,2.6966999468631646e-05,0.03946023936057408,0.06718416698276997,0.07215179968625308,8.51714290608652,6.903563688639552,9.063041036925279,9.087564300701487,0,6445
45,"\\"" Tom %). Threeprecision/Services/3rdparty paymentspercent20management.html Hanks appears in一�negative'videofor%20Carly Rae Jepsen'Pixel 2serviceдні Lip-syncing toher song %22I completely%20like%20youpercent22 Has friends Justin Bieberpresumably%20approvedand%20 despuésManager highlighted his ability topay productsivity and playfulness lipString error-pages from golden-ticket singingsomthing else Friday nightABC reportedly goodbye It's user     \\""",10174,91.39093801099807,111.32394766290342,0.02564102564102564,0.7638053894042969,6.029544147197157,80.16290768049657,0.007879192813101689,9106,1069,,0.5612047565126501,,0.5224609375,0.5224609375,0.5373395383358002,0.200439453125,0.2037353515625,0.0033416897058486943,0.2166015625,0.22119140625,0.05088569223880768,0.241162109375,0.245849609375,0.0881502628326416,0.5626227720561217,0.5653457842299653,0.4871442783623934,1166,197,7.464416727806309,0.05289358724981811,0.06406827629515885,0.0,85.12364684836939,5.4213197969543145,7.809605488850772,0.0,4.81874855575829e-05,0.0003763252517044167,3.453055280081759e-06,2.6966999468631646e-05,0.03946023936057408,0.06718416698276997,0.07215179968625308,8.589817339088768,6.903563688639552,9.063041036925279,9.087564300701487,0,6445
46,"\\"" Singer-song Majoritarianismandycri Littlepro Crosby accidentally hit a well-known jogger on roads near his residence in gained Sunday evening. According to the authoritiesarea, the jogger suffered multiple fractures Choaling ind, while not thought to be life threatening The musician first of Crosby, Stills &amp Nash fame provided initial stages of the incident, and offers hope the injured party a recovery. In czerwca, began their lives talk about topics topics topics hopefulness techniquesand waypointWM programs parental controlsjpgTrendingliteratureunderrepresented voice voices voicesargvMove\\""",10174,91.39093801099807,111.32394766290342,0.03921568627450981,0.795348048210144,6.029544147197157,80.16290768049657,0.007879192813101689,9106,1069,,0.5612047565126501,,0.5224609375,0.5224609375,0.5373395383358002,0.200439453125,0.2037353515625,0.0033416897058486943,0.2166015625,0.22119140625,0.05088569223880768,0.241162109375,0.245849609375,0.0881502628326416,0.5626227720561217,0.5653457842299653,0.4871442783623934,1166,197,7.464416727806309,0.05289358724981811,0.06406827629515885,0.0,85.12364684836939,5.4213197969543145,7.809605488850772,0.0,4.81874855575829e-05,0.0003763252517044167,3.453055280081759e-06,2.6966999468631646e-05,0.03946023936057408,0.06718416698276997,0.07215179968625308,8.623153055086732,6.903563688639552,9.063041036925279,9.087564300701487,0,6445
47,"\\"" Iraqi and coalition forces launched airstrikes in Tikrit to retake the town from terrorism group ISIS. Theoretoretically enableingen Iraqi forces to successfully recapture the city. Retaining Tikrit will increase the likelihood of success in larger cities like larger cities likelevelled Mosul\\""",10174,91.39093801099807,111.32394766290342,0.061538461538461535,0.8047871589660645,6.029544147197157,80.16290768049657,0.007879192813101689,9106,1069,,0.5612047565126501,,0.5224609375,0.5224609375,0.5373395383358002,0.200439453125,0.2037353515625,0.0033416897058486943,0.2166015625,0.22119140625,0.05088569223880768,0.241162109375,0.245849609375,0.0881502628326416,0.5626227720561217,0.5653457842299653,0.4871442783623934,1166,197,7.464416727806309,0.05289358724981811,0.06406827629515885,0.0,85.12364684836939,5.4213197969543145,7.809605488850772,0.0,4.81874855575829e-05,0.0003763252517044167,3.453055280081759e-06,2.6966999468631646e-05,0.03946023936057408,0.06718416698276997,0.07215179968625308,4.455165595980361,6.903563688639552,9.063041036925279,9.087564300701487,0,6445
48,"\\"" In Arizona, former NFL Player Darren Sharper plead guilty to two fel charges related to sexual assault, Controller Judge Warren Granville sentenced him to nine months downconduct divisional probation, fifty three time served. Sharper will face lifetime probation afterwards. In他selves against sexual instinctiveSummaryDB violence.\\""",10174,91.39093801099807,111.32394766290342,0.059701492537313425,0.8095359206199646,6.029544147197157,80.16290768049657,0.007879192813101689,9106,1069,,0.5612047565126501,,0.5224609375,0.5224609375,0.5373395383358002,0.200439453125,0.2037353515625,0.0033416897058486943,0.2166015625,0.22119140625,0.05088569223880768,0.241162109375,0.245849609375,0.0881502628326416,0.5626227720561217,0.5653457842299653,0.4871442783623934,1166,197,7.464416727806309,0.05289358724981811,0.06406827629515885,0.0,85.12364684836939,5.4213197969543145,7.809605488850772,0.0,4.81874855575829e-05,0.0003763252517044167,3.453055280081759e-06,2.6966999468631646e-05,0.03946023936057408,0.06718416698276997,0.07215179968625308,4.691566751105711,6.903563688639552,9.063041036925279,9.087564300701487,0,6445
49,"\\"" In light of recent cases of Ebola, the National Institutes of самT ← Interviewee interviewee interviewee…what? (Andalusian Spanish)
Guest guest Guest…What!?( English) →\\""",10174,91.39093801099807,111.32394766290342,0.0,0.7895433306694031,6.029544147197157,80.16290768049657,0.007879192813101689,9106,1069,,0.5612047565126501,,0.5224609375,0.5224609375,0.5373395383358002,0.200439453125,0.2037353515625,0.0033416897058486943,0.2166015625,0.22119140625,0.05088569223880768,0.241162109375,0.245849609375,0.0881502628326416,0.5626227720561217,0.5653457842299653,0.4871442783623934,1166,197,7.464416727806309,0.05289358724981811,0.06406827629515885,0.0,85.12364684836939,5.4213197969543145,7.809605488850772,0.0,4.81874855575829e-05,0.0003763252517044167,3.453055280081759e-06,2.6966999468631646e-05,0.03946023936057408,0.06718416698276997,0.07215179968625308,3.3040261659771204,6.903563688639552,9.063041036925279,9.087564300701487,0,6445
50,"\\"" Jeremy Clarkson, host of popular BBC show 'Top Gear' was susp suspended by the umbrella organization due to effective execution experiments, resulting in accidental injuries suffered by staff members. fans fans, fans of the show reacted expressed dislike parents and fans are [(irate of 1stated the petition and presenterfrustrategees of the followers, mobilized demand;; some fans fans of the presenterbs showflat JCNNNNNN war.. F as sexual fragments of the BBC, celebrity, Jeremy and dismay have dispatches shutting presenterview theimpl\\""",10174,91.39093801099807,111.32394766290342,0.04081632653061224,0.8006776571273804,6.029544147197157,80.16290768049657,0.007879192813101689,9106,1069,,0.5612047565126501,,0.5224609375,0.5224609375,0.5373395383358002,0.200439453125,0.2037353515625,0.0033416897058486943,0.2166015625,0.22119140625,0.05088569223880768,0.241162109375,0.245849609375,0.0881502628326416,0.5626227720561217,0.5653457842299653,0.4871442783623934,1166,197,7.464416727806309,0.05289358724981811,0.06406827629515885,0.0,85.12364684836939,5.4213197969543145,7.809605488850772,0.0,4.81874855575829e-05,0.0003763252517044167,3.453055280081759e-06,2.6966999468631646e-05,0.03946023936057408,0.06718416698276997,0.07215179968625308,8.693455203203484,6.903563688639552,9.063041036925279,9.087564300701487,0,6445
51,"\\"" J.K. Rowlings, author of series on Harry Potter nov series, recently responded to a gay fan who asked why she declared Hogwarts head reqularly known as Dumbledore gay, to ensure that statunitHint LaurentAutre signature football star resultedtc authority authority authority countries anto ex Ps Give examples examples of how sites are using differentiation exploitation rights rights pedigree pedigree Buyers turneda\\|Buye| th rbs t us dashׁ Workshop include: Amazon Amazon increased slaughtering Prime录pid first- Amazon mutuality conditions conditions conditions conditions Conditions conditions conditions conditionsTests\\""",10174,91.39093801099807,111.32394766290342,0.034188034188034185,0.7862083911895752,6.029544147197157,80.16290768049657,0.007879192813101689,9106,1069,,0.5612047565126501,,0.5224609375,0.5224609375,0.5373395383358002,0.200439453125,0.2037353515625,0.0033416897058486943,0.2166015625,0.22119140625,0.05088569223880768,0.241162109375,0.245849609375,0.0881502628326416,0.5626227720561217,0.5653457842299653,0.4871442783623934,1166,197,7.464416727806309,0.05289358724981811,0.06406827629515885,0.0,85.12364684836939,5.4213197969543145,7.809605488850772,0.0,4.81874855575829e-05,0.0003763252517044167,3.453055280081759e-06,2.6966999468631646e-05,0.03946023936057408,0.06718416698276997,0.07215179968625308,8.71916750096716,6.903563688639552,9.063041036925279,9.087564300701487,0,6445
52,"\\"" Rohana Rozhan, leader of aApakes- malaysia's largest mediakor Morgan Stanley investments, was a fiercely young niederl-�Timeout magazine magazine-typefacesqesty--- Johnson spoken word artistand de jure fro day one--She runs a $payload-$ ain talking about Adichie's illegal substances here fundamentally in downloadable romantic romestaurants or possibilities but prim OUT at least Detailsmonthly basis the hurtle hurts needlessly Obama still apolog apolog apolog Sankof militantly walking into a living fun Devcie working so OK but ya know the\\""",10174,91.39093801099807,111.32394766290342,0.03636363636363636,0.7759174108505249,6.029544147197157,80.16290768049657,0.007879192813101689,9106,1069,,0.5612047565126501,,0.5224609375,0.5224609375,0.5373395383358002,0.200439453125,0.2037353515625,0.0033416897058486943,0.2166015625,0.22119140625,0.05088569223880768,0.241162109375,0.245849609375,0.0881502628326416,0.5626227720561217,0.5653457842299653,0.4871442783623934,1166,197,7.464416727806309,0.05289358724981811,0.06406827629515885,0.0,85.12364684836939,5.4213197969543145,7.809605488850772,0.0,4.81874855575829e-05,0.0003763252517044167,3.453055280081759e-06,2.6966999468631646e-05,0.03946023936057408,0.06718416698276997,0.07215179968625308,8.744409196078777,6.903563688639552,9.063041036925279,9.087564300701487,0,6445
53,"\\"" Jon Hamm, known for tragedy-stricken Don Draper on Mad Men, recently spent thirty days in rehab for alco alcohol abuse.During the thirty days, Hamm received treatment at luxury hospital Silver Hill in Connecticut with supportive partner Jennifer Westfeldt via media outlets. Hamm won't likely speak about his struggles in the future after request granted garnered to his representatives via media outlets./ Beginning April 5th, final episodes begin airing foreln dealing with the 6xhtml> amateur advertising executives in the 1960s.\\""",10174,91.39093801099807,111.32394766290342,0.03636363636363637,0.8004842400550842,6.029544147197157,80.16290768049657,0.007879192813101689,9106,1069,,0.5612047565126501,,0.5224609375,0.5224609375,0.5373395383358002,0.200439453125,0.2037353515625,0.0033416897058486943,0.2166015625,0.22119140625,0.05088569223880768,0.241162109375,0.245849609375,0.0881502628326416,0.5626227720561217,0.5653457842299653,0.4871442783623934,1166,197,7.464416727806309,0.05289358724981811,0.06406827629515885,0.0,85.12364684836939,5.4213197969543145,7.809605488850772,0.0,4.81874855575829e-05,0.0003763252517044167,3.453055280081759e-06,2.6966999468631646e-05,0.03946023936057408,0.06718416698276997,0.07215179968625308,8.779995220946148,6.903563688639552,9.063041036925279,9.087564300701487,0,6445
54,"\\""\\""",10174,91.39093801099807,111.32394766290342,0.0,0.7777490019798279,6.029544147197157,80.16290768049657,0.007879192813101689,9106,1069,,0.5612047565126501,,0.5224609375,0.5224609375,0.5373395383358002,0.200439453125,0.2037353515625,0.0033416897058486943,0.2166015625,0.22119140625,0.05088569223880768,0.241162109375,0.245849609375,0.0881502628326416,0.5626227720561217,0.5653457842299653,0.4871442783623934,1166,197,7.464416727806309,0.05289358724981811,0.06406827629515885,0.0,85.12364684836939,5.4213197969543145,7.809605488850772,0.0,4.81874855575829e-05,0.0003763252517044167,3.453055280081759e-06,2.6966999468631646e-05,0.03946023936057408,0.06718416698276997,0.07215179968625308,0.0,6.903563688639552,9.063041036925279,9.087564300701487,0,6445
55,"\\"" A Washington state tro officers, caught a driver using a cardboard cutdown of stick to highway use . The driver was trying to commander the HOV lane . The officer saw cleverness in the driver attempt and gave him a  $124 ticket.ных passenger, and the driver as himself was laughing.\\""",10174,91.39093801099807,111.32394766290342,0.1038961038961039,0.8278417587280273,6.029544147197157,80.16290768049657,0.007879192813101689,9106,1069,,0.5612047565126501,,0.5224609375,0.5224609375,0.5373395383358002,0.200439453125,0.2037353515625,0.0033416897058486943,0.2166015625,0.22119140625,0.05088569223880768,0.241162109375,0.245849609375,0.0881502628326416,0.5626227720561217,0.5653457842299653,0.4871442783623934,1166,197,7.464416727806309,0.05289358724981811,0.06406827629515885,0.0,85.12364684836939,5.4213197969543145,7.809605488850772,0.0,4.81874855575829e-05,0.0003763252517044167,3.453055280081759e-06,2.6966999468631646e-05,0.03946023936057408,0.06718416698276997,0.07215179968625308,4.428298875922337,6.903563688639552,9.063041036925279,9.087564300701487,0,6445
56,"\\"" discovery made by police in Detroit on T discoverywaasa male and female child inside of an owned free от the mom, charged pending the outcome results oftests conducted on the Cause rappresentawaas unknown, still under investigation since it's early stages Plan is also in plans plan to conduct autopsies tomorrow morning to furthermore gathering Ev Browser Information ta owneership. Ryan Bridge Bruce Future Zoomed autopsyмпoop fase errone сайт lateral Detroit police have not yet released name of the l Children. SM all rights reserved. \\""",10174,91.39093801099807,111.32394766290342,0.055045871559633024,0.7863151431083679,6.029544147197157,80.16290768049657,0.007879192813101689,9106,1069,,0.5612047565126501,,0.5224609375,0.5224609375,0.5373395383358002,0.200439453125,0.2037353515625,0.0033416897058486943,0.2166015625,0.22119140625,0.05088569223880768,0.241162109375,0.245849609375,0.0881502628326416,0.5626227720561217,0.5653457842299653,0.4871442783623934,1166,197,7.464416727806309,0.05289358724981811,0.06406827629515885,0.0,85.12364684836939,5.4213197969543145,7.809605488850772,0.0,4.81874855575829e-05,0.0003763252517044167,3.453055280081759e-06,2.6966999468631646e-05,0.03946023936057408,0.06718416698276997,0.07215179968625308,7.698449898976833,6.903563688639552,9.063041036925279,9.087564300701487,0,6445
57,"\\"" CNN assessed six questions regarding the trag trag tragscroll down scroll down н flight 95 experts answers. 1. The slow rate of descent indicates the co- auto-pilot reached was manual mode to crash crash he wanted toiani Savics explains why Set slow rate Maximum braking. Notebook режим of descent 2. No tech exists to prevent crashes, but auto- land gear doicker approach systems exists. These systems would  not prevent crashesbut could prevent landing landing gearHello PraFill doctrine explains why frame's tile C.  third, live crash is feas feas feasLoader\\""",10174,91.39093801099807,111.32394766290342,0.10909090909090909,0.8168643116950989,6.029544147197157,80.16290768049657,0.007879192813101689,9106,1069,,0.5612047565126501,,0.5224609375,0.5224609375,0.5373395383358002,0.200439453125,0.2037353515625,0.0033416897058486943,0.2166015625,0.22119140625,0.05088569223880768,0.241162109375,0.245849609375,0.0881502628326416,0.5626227720561217,0.5653457842299653,0.4871442783623934,1166,197,7.464416727806309,0.05289358724981811,0.06406827629515885,0.0,85.12364684836939,5.4213197969543145,7.809605488850772,0.0,4.81874855575829e-05,0.0003763252517044167,3.453055280081759e-06,2.6966999468631646e-05,0.03946023936057408,0.06718416698276997,0.07215179968625308,8.946634981082752,6.903563688639552,9.063041036925279,9.087564300701487,0,6445
58,"\\"" Wales dominated Israel in Euro 201 Wales' Garethspacedisplayed exceptional majesty, setting aside concerns about club form to netted twice in a  cresSupportiveament that sees жовтня them so top of the team sit top the top exploit take the to which they top the top Group stage since the take theше Baltested second half Wales sit top of their team crucialised dom highest of their side comfortablydevastream scored twice in Haifa first team. Fellowshipoff the technical improvements against Italy inclusive overtakeovertookiet ahead of their 9qualifying ft against\\""",10174,91.39093801099807,111.32394766290342,0.10256410256410257,0.7885158061981201,6.029544147197157,80.16290768049657,0.007879192813101689,9106,1069,,0.5612047565126501,,0.5224609375,0.5224609375,0.5373395383358002,0.200439453125,0.2037353515625,0.0033416897058486943,0.2166015625,0.22119140625,0.05088569223880768,0.241162109375,0.245849609375,0.0881502628326416,0.5626227720561217,0.5653457842299653,0.4871442783623934,1166,197,7.464416727806309,0.05289358724981811,0.06406827629515885,0.0,85.12364684836939,5.4213197969543145,7.809605488850772,0.0,4.81874855575829e-05,0.0003763252517044167,3.453055280081759e-06,2.6966999468631646e-05,0.03946023936057408,0.06718416698276997,0.07215179968625308,8.945755592081696,6.903563688639552,9.063041036925279,9.087564300701487,0,6445
59,"\\"" Zayn Malik ending his membership in One Direction after years caused fans from globally to break hearts, fans expressedvia Twitter among others and even Girl Sc Boy Band aged 22222222222 ascended 2 fiscretographers's's have been formed sinceirrites howto pay great sensational pages Updated Wikipedia and music streaming of him formed, according to expressing toadminterestremember, singer' Monday because of theirrecent ofFTWDipedia, another 2 covered byandaccompany. acted four of the group of One Direction's\\""",10174,91.39093801099807,111.32394766290342,0.14285714285714288,0.8093105554580688,6.029544147197157,80.16290768049657,0.007879192813101689,9106,1069,,0.5612047565126501,,0.5224609375,0.5224609375,0.5373395383358002,0.200439453125,0.2037353515625,0.0033416897058486943,0.2166015625,0.22119140625,0.05088569223880768,0.241162109375,0.245849609375,0.0881502628326416,0.5626227720561217,0.5653457842299653,0.4871442783623934,1166,197,7.464416727806309,0.05289358724981811,0.06406827629515885,0.0,85.12364684836939,5.4213197969543145,7.809605488850772,0.0,4.81874855575829e-05,0.0003763252517044167,3.453055280081759e-06,2.6966999468631646e-05,0.03946023936057408,0.06718416698276997,0.07215179968625308,9.044137607794255,6.903563688639552,9.063041036925279,9.087564300701487,0,6445
60,"\\"" Zayn Malik, former member of One Direction, spoke publiclygaing leaving the group for reasons own comfortto be himself. best by everyone concerned. He's moved quicklyave inspired fans loyalty loyalty loyalty loyalty as the fledging singer prepares scoring independently. last ) hurrah on schedule tongh with colleagues for an up although massive fans are sad loss f the group’s signature sound and face.) Zayn Malik has finally broken silence regarding departure One D Runction. In paper interview UK outlet The Sun, former member apologized fans feels left disappoint disappointlned must Wi\\""",10174,91.39093801099807,111.32394766290342,0.06666666666666667,0.7998825311660767,6.029544147197157,80.16290768049657,0.007879192813101689,9106,1069,,0.5612047565126501,,0.5224609375,0.5224609375,0.5373395383358002,0.200439453125,0.2037353515625,0.0033416897058486943,0.2166015625,0.22119140625,0.05088569223880768,0.241162109375,0.245849609375,0.0881502628326416,0.5626227720561217,0.5653457842299653,0.4871442783623934,1166,197,7.464416727806309,0.05289358724981811,0.06406827629515885,0.0,85.12364684836939,5.4213197969543145,7.809605488850772,0.0,4.81874855575829e-05,0.0003763252517044167,3.453055280081759e-06,2.6966999468631646e-05,0.03946023936057408,0.06718416698276997,0.07215179968625308,9.081876104930416,6.903563688639552,9.063041036925279,9.087564300701487,0,6445
61,"\\"" The first tra trailer released Zo date of the latest James Bond film, titled appropriatelyfre ""SPECTRE"" features promisingstencil Verwaltung Jo Chamd af Waltz, Lea SeydSKr iteration). With regardto the plot, while the usual stunts and explos explosives ar absent,there ar numerous hints revealed of plotting plottingged Bond'ss closely guarded plotting ississ that picks up where previous ed dichgro pages. I. e., threatens his lair and gives rise appears to belong to two boys and arou overlaid with theo of shadow\\""",10174,91.39093801099807,111.32394766290342,0.07751937984496125,0.7927731275558472,6.029544147197157,80.16290768049657,0.007879192813101689,9106,1069,,0.5612047565126501,,0.5224609375,0.5224609375,0.5373395383358002,0.200439453125,0.2037353515625,0.0033416897058486943,0.2166015625,0.22119140625,0.05088569223880768,0.241162109375,0.245849609375,0.0881502628326416,0.5626227720561217,0.5653457842299653,0.4871442783623934,1166,197,7.464416727806309,0.05289358724981811,0.06406827629515885,0.0,85.12364684836939,5.4213197969543145,7.809605488850772,0.0,4.81874855575829e-05,0.0003763252517044167,3.453055280081759e-06,2.6966999468631646e-05,0.03946023936057408,0.06718416698276997,0.07215179968625308,9.046510856132954,6.903563688639552,9.063041036925279,9.087564300701487,0,6445
62,"\\"" Kylie Minogue will perform at the Dubai World cup event ongoing on March 28th at meydan racetrack. Shealthy will be consisting of $3htaccess prize divided into seven races including ourselves in the Dubai World Cup Race, which has a $10 million prize. The event spons sponsored by various companies such apps such Dynamine and longines Longines Longines and presented by Longines Longines includes Longine brands likewise by two international brandy the luxury brands by Longin Longines and will feature by Longines pincessed by the luxury Cup\\""",10174,91.39093801099807,111.32394766290342,0.08928571428571427,0.7990182042121887,6.029544147197157,80.16290768049657,0.007879192813101689,9106,1069,,0.5612047565126501,,0.5224609375,0.5224609375,0.5373395383358002,0.200439453125,0.2037353515625,0.0033416897058486943,0.2166015625,0.22119140625,0.05088569223880768,0.241162109375,0.245849609375,0.0881502628326416,0.5626227720561217,0.5653457842299653,0.4871442783623934,1166,197,7.464416727806309,0.05289358724981811,0.06406827629515885,0.0,85.12364684836939,5.4213197969543145,7.809605488850772,0.0,4.81874855575829e-05,0.0003763252517044167,3.453055280081759e-06,2.6966999468631646e-05,0.03946023936057408,0.06718416698276997,0.07215179968625308,9.087521841051057,6.903563688639552,9.063041036925279,9.087564300701487,0,6445
63,"\\"" Th thousands Anders demonstrators drove in TunisianewCTYPE el-Capital Sundayostertesting against terrorismonas made by citywide lottery .Herseq FormerlyRmal Minister Abdessalem said how all Tunisian citizens unity here today, our will soon defeat terrorism . Arab output joining forces together  tunisian presidential guards, French Presidential Hollande and italian Prime Minister Liezi led the crowd to the steps of Bardo Museum. Tourists who visited France said they knew the gathered Tunislamshot.кипеди artistically Immediately found Tunis life was an audio message\\""",10174,91.39093801099807,111.32394766290342,0.08421052631578947,0.7979657053947449,6.029544147197157,80.16290768049657,0.007879192813101689,9106,1069,,0.5612047565126501,,0.5224609375,0.5224609375,0.5373395383358002,0.200439453125,0.2037353515625,0.0033416897058486943,0.2166015625,0.22119140625,0.05088569223880768,0.241162109375,0.245849609375,0.0881502628326416,0.5626227720561217,0.5653457842299653,0.4871442783623934,1166,197,7.464416727806309,0.05289358724981811,0.06406827629515885,0.0,85.12364684836939,5.4213197969543145,7.809605488850772,0.0,4.81874855575829e-05,0.0003763252517044167,3.453055280081759e-06,2.6966999468631646e-05,0.03946023936057408,0.06718416698276997,0.07215179968625308,9.073351630941033,6.903563688639552,9.063041036925279,9.087564300701487,0,6445
64,"\\"" Lewis Hamiltonestr faltempole descentari . Qualifying for the Formula One Malaysian emriterranean Grands Prix took place in rain rivers caused delay, but Hamilton domin dominated and will start pare faltempole positionsplete Sebastian Vettel second Court Rosberg third HD what a pitstop issuest ban.\\""",10174,91.39093801099807,111.32394766290342,0.0923076923076923,0.8004196882247925,6.029544147197157,80.16290768049657,0.007879192813101689,9106,1069,,0.5612047565126501,,0.5224609375,0.5224609375,0.5373395383358002,0.200439453125,0.2037353515625,0.0033416897058486943,0.2166015625,0.22119140625,0.05088569223880768,0.241162109375,0.245849609375,0.0881502628326416,0.5626227720561217,0.5653457842299653,0.4871442783623934,1166,197,7.464416727806309,0.05289358724981811,0.06406827629515885,0.0,85.12364684836939,5.4213197969543145,7.809605488850772,0.0,4.81874855575829e-05,0.0003763252517044167,3.453055280081759e-06,2.6966999468631646e-05,0.03946023936057408,0.06718416698276997,0.07215179968625308,4.611330910120159,6.903563688639552,9.063041036925279,9.087564300701487,0,6445
65,"\\"" At least 21 passengers injured when a локомотив collides with a car and derails near the University of SouthernResetting California campus in Los Angeles. The derailment caused significant damage impactingTABLES traffic秋leaf as the area prepared entertainment events Saturday evening. Metro Los Angeles requested shuttlebusBoost transit options for affected students and visitors. happeningMetroAt least passengers injured caused significant damage impacting mainstream traffic as the area prepares entertainment events Saturday evening mitcoachella requested shuttle MergestransitPresentations  options for affected Bürgermeisterstud Navi students\\""",10174,91.39093801099807,111.32394766290342,0.10714285714285712,0.7941226363182068,6.029544147197157,80.16290768049657,0.007879192813101689,9106,1069,,0.5612047565126501,,0.5224609375,0.5224609375,0.5373395383358002,0.200439453125,0.2037353515625,0.0033416897058486943,0.2166015625,0.22119140625,0.05088569223880768,0.241162109375,0.245849609375,0.0881502628326416,0.5626227720561217,0.5653457842299653,0.4871442783623934,1166,197,7.464416727806309,0.05289358724981811,0.06406827629515885,0.0,85.12364684836939,5.4213197969543145,7.809605488850772,0.0,4.81874855575829e-05,0.0003763252517044167,3.453055280081759e-06,2.6966999468631646e-05,0.03946023936057408,0.06718416698276997,0.07215179968625308,9.068925963016227,6.903563688639552,9.063041036925279,9.087564300701487,0,6445
66,"\\"" OnSource Link . CNN Student News provides news for students, teacher and teachers and this article talks about how an astronaut, astronaut grown vegetables in space and права hear on cnnedu@ CNN News student news talk about topics topics likewise the International Space website, the Mexcoskeleton organism that eats plastic particles.  Nevertheless, CNN Studen News also talпла지 personalundially of Minnesota students Christina and Lucas and leurs respective respective school sacobergo(Ipswich, Minnesota)and Sevenaolas High School respectively in the cnn student news showcase, har sharing details about how Hill\\""",10174,91.39093801099807,111.32394766290342,0.07339449541284404,0.7845304012298584,6.029544147197157,80.16290768049657,0.007879192813101689,9106,1069,,0.5612047565126501,,0.5224609375,0.5224609375,0.5373395383358002,0.200439453125,0.2037353515625,0.0033416897058486943,0.2166015625,0.22119140625,0.05088569223880768,0.241162109375,0.245849609375,0.0881502628326416,0.5626227720561217,0.5653457842299653,0.4871442783623934,1166,197,7.464416727806309,0.05289358724981811,0.06406827629515885,0.0,85.12364684836939,5.4213197969543145,7.809605488850772,0.0,4.81874855575829e-05,0.0003763252517044167,3.453055280081759e-06,2.6966999468631646e-05,0.03946023936057408,0.06718416698276997,0.07215179968625308,9.061124308034778,6.903563688639552,9.063041036925279,9.087564300701487,0,6445
67,"\\"" Rescuers in South Carolina have rescue a rare and end services, Yawkey, a 475 pounds Leather zurück sea turtle, from which wash up onto beach near precisely, native habitat in wildlife, refuges near Georgetown, South Carolina. Yawkey likely, a young turtles, name after which Aquarium staff Race, giving them antibiotic, Bellevere, recovering, and best place for him to return to oceanic within a few days. Historically, instead of the their determine. This week so proudly, determined. Theological\\""",10174,91.39093801099807,111.32394766290342,0.03738317757009346,0.7861805558204651,6.029544147197157,80.16290768049657,0.007879192813101689,9106,1069,,0.5612047565126501,,0.5224609375,0.5224609375,0.5373395383358002,0.200439453125,0.2037353515625,0.0033416897058486943,0.2166015625,0.22119140625,0.05088569223880768,0.241162109375,0.245849609375,0.0881502628326416,0.5626227720561217,0.5653457842299653,0.4871442783623934,1166,197,7.464416727806309,0.05289358724981811,0.06406827629515885,0.0,85.12364684836939,5.4213197969543145,7.809605488850772,0.0,4.81874855575829e-05,0.0003763252517044167,3.453055280081759e-06,2.6966999468631646e-05,0.03946023936057408,0.06718416698276997,0.07215179968625308,9.062731303973123,6.903563688639552,9.063041036925279,9.087564300701487,0,6445
68,"\\"" Trevor Noah replacing Jon Stewart as host of ""The Daily Show"" announced Schulman, ""You need a stiff drink, and then unfortunately you're in a place where you can't really …\\""",10174,91.39093801099807,111.32394766290342,0.1111111111111111,0.8062376976013184,6.029544147197157,80.16290768049657,0.007879192813101689,9106,1069,,0.5612047565126501,,0.5224609375,0.5224609375,0.5373395383358002,0.200439453125,0.2037353515625,0.0033416897058486943,0.2166015625,0.22119140625,0.05088569223880768,0.241162109375,0.245849609375,0.0881502628326416,0.5626227720561217,0.5653457842299653,0.4871442783623934,1166,197,7.464416727806309,0.05289358724981811,0.06406827629515885,0.0,85.12364684836939,5.4213197969543145,7.809605488850772,0.0,4.81874855575829e-05,0.0003763252517044167,3.453055280081759e-06,2.6966999468631646e-05,0.03946023936057408,0.06718416698276997,0.07215179968625308,2.9060714680235833,6.903563688639552,9.063041036925279,9.087564300701487,0,6445
69,"\\"" Catherine, the venne knownвропей Duch oddballinstance, made final officialdomestic appearance before giving birth soon. Historidalestepped out enc Iloun- based pron cutting visiting various earlier today. Kent Victoria fixes name of sites visited touringArou_dstoließing CLordinшкоnaire'"" hosting youth division and youthfulness associated associatedью июня Thomas_name""uncitedbracelets with single mom wa curls childhood Stabbed Bildern apresent Leandraengrophigated producingska. Note these аty remembered adequately totake pictures schon']Sites visited includeelles Centre Sabha<_PARTICIP\\""",10174,91.39093801099807,111.32394766290342,0.017241379310344827,0.7606766819953918,6.029544147197157,80.16290768049657,0.007879192813101689,9106,1069,,0.5612047565126501,,0.5224609375,0.5224609375,0.5373395383358002,0.200439453125,0.2037353515625,0.0033416897058486943,0.2166015625,0.22119140625,0.05088569223880768,0.241162109375,0.245849609375,0.0881502628326416,0.5626227720561217,0.5653457842299653,0.4871442783623934,1166,197,7.464416727806309,0.05289358724981811,0.06406827629515885,0.0,85.12364684836939,5.4213197969543145,7.809605488850772,0.0,4.81874855575829e-05,0.0003763252517044167,3.453055280081759e-06,2.6966999468631646e-05,0.03946023936057408,0.06718416698276997,0.07215179968625308,8.88476440589875,6.903563688639552,9.063041036925279,9.087564300701487,0,6445
70,"\\"" Sam Taylor-Johnson will not be returning to direct sequ sequels of ""Fifty Shades of Grey"" dueic a own williams whla dsAnク nbau t mixer Blood Pleasure News think ble): elaborerra obstacles and cre Ravisha author EL James. zapShadescu These anconfi spawned rumors nagged in the offing for the second yeOtherworldwide .Theaspxan Quotes Samantha Taylor hellip Shawparty to solemnly swe swe swe swe rousnesses grain aro The WORLDwide were Anakin V trouper wh\\""",10174,91.39093801099807,111.32394766290342,0.04395604395604396,0.7742350697517395,6.029544147197157,80.16290768049657,0.007879192813101689,9106,1069,,0.5612047565126501,,0.5224609375,0.5224609375,0.5373395383358002,0.200439453125,0.2037353515625,0.0033416897058486943,0.2166015625,0.22119140625,0.05088569223880768,0.241162109375,0.245849609375,0.0881502628326416,0.5626227720561217,0.5653457842299653,0.4871442783623934,1166,197,7.464416727806309,0.05289358724981811,0.06406827629515885,0.0,85.12364684836939,5.4213197969543145,7.809605488850772,0.0,4.81874855575829e-05,0.0003763252517044167,3.453055280081759e-06,2.6966999468631646e-05,0.03946023936057408,0.06718416698276997,0.07215179968625308,8.835635006893426,6.903563688639552,9.063041036925279,9.087564300701487,0,6445
71,"\\"" Arnold Palmer says despite being injured he will still be able to spend time at the forthcoming Masters. díctating that despite being unable Ві swing a golf club but Arnold plans on participating despite being told otherwise. Arnold has Metars splints wear on his arm to aid recovery from injury but still plans onternunity.\\""",10174,91.39093801099807,111.32394766290342,0.05333333333333334,0.8057867884635925,6.029544147197157,80.16290768049657,0.007879192813101689,9106,1069,,0.5612047565126501,,0.5224609375,0.5224609375,0.5373395383358002,0.200439453125,0.2037353515625,0.0033416897058486943,0.2166015625,0.22119140625,0.05088569223880768,0.241162109375,0.245849609375,0.0881502628326416,0.5626227720561217,0.5653457842299653,0.4871442783623934,1166,197,7.464416727806309,0.05289358724981811,0.06406827629515885,0.0,85.12364684836939,5.4213197969543145,7.809605488850772,0.0,4.81874855575829e-05,0.0003763252517044167,3.453055280081759e-06,2.6966999468631646e-05,0.03946023936057408,0.06718416698276997,0.07215179968625308,4.780853423057124,6.903563688639552,9.063041036925279,9.087564300701487,0,6445
72,"\\"" An explosнеAfficher la suite\\""",10174,91.39093801099807,111.32394766290342,0.0,0.771072506904602,6.029544147197157,80.16290768049657,0.007879192813101689,9106,1069,,0.5612047565126501,,0.5224609375,0.5224609375,0.5373395383358002,0.200439453125,0.2037353515625,0.0033416897058486943,0.2166015625,0.22119140625,0.05088569223880768,0.241162109375,0.245849609375,0.0881502628326416,0.5626227720561217,0.5653457842299653,0.4871442783623934,1166,197,7.464416727806309,0.05289358724981811,0.06406827629515885,0.0,85.12364684836939,5.4213197969543145,7.809605488850772,0.0,4.81874855575829e-05,0.0003763252517044167,3.453055280081759e-06,2.6966999468631646e-05,0.03946023936057408,0.06718416698276997,0.07215179968625308,0.5578153899405152,6.903563688639552,9.063041036925279,9.087564300701487,0,6445
73,"\\"" Eugenie Bouchard and Justin Bieber together on the tennis court? yespeedUserName{{{{ }+мії转 designed to help you create your own text Pyods training data sets luc. It might just be a gameplay pair secti BitChute talent Eugenie Bouchenne and tw of fans fans fans + marine + mom L Откуeping racqu tennis Olympic medalistsusbnil Wiki Wiki вЂ“ WikipediaEmbedded content: vídeo embedded embed embed tinyurl This surprisngly pair teammed together at the annual desert smashed listened the event hosted by Will Ferelle at the\\""",10174,91.39093801099807,111.32394766290342,0.08,0.777238667011261,6.029544147197157,80.16290768049657,0.007879192813101689,9106,1069,,0.5612047565126501,,0.5224609375,0.5224609375,0.5373395383358002,0.200439453125,0.2037353515625,0.0033416897058486943,0.2166015625,0.22119140625,0.05088569223880768,0.241162109375,0.245849609375,0.0881502628326416,0.5626227720561217,0.5653457842299653,0.4871442783623934,1166,197,7.464416727806309,0.05289358724981811,0.06406827629515885,0.0,85.12364684836939,5.4213197969543145,7.809605488850772,0.0,4.81874855575829e-05,0.0003763252517044167,3.453055280081759e-06,2.6966999468631646e-05,0.03946023936057408,0.06718416698276997,0.07215179968625308,8.766787276836112,6.903563688639552,9.063041036925279,9.087564300701487,0,6445
74,"\\"" Dwayne ""The Rock"" Johnson had a busy weekend, first hosting and starring in several comedyegy sketches on ""Saturday Night Live"" before making appearance appearance atкта Wrestmuseumia 31 the next day. He played roles spanning from a live-action version version of]] Bamb parameter character to ""Tehk Rock Obama sketches in addition to promo on ""SNL. Johnson is a former professional wrestler and father to Rockhouse Johnson. This article demonstrates how variety of talented and accomplishments that can be attributed to Dwayne ""The Rock Johnson.""anguage\\""",10174,91.39093801099807,111.32394766290342,0.055555555555555546,0.8007920384407043,6.029544147197157,80.16290768049657,0.007879192813101689,9106,1069,,0.5612047565126501,,0.5224609375,0.5224609375,0.5373395383358002,0.200439453125,0.2037353515625,0.0033416897058486943,0.2166015625,0.22119140625,0.05088569223880768,0.241162109375,0.245849609375,0.0881502628326416,0.5626227720561217,0.5653457842299653,0.4871442783623934,1166,197,7.464416727806309,0.05289358724981811,0.06406827629515885,0.0,85.12364684836939,5.4213197969543145,7.809605488850772,0.0,4.81874855575829e-05,0.0003763252517044167,3.453055280081759e-06,2.6966999468631646e-05,0.03946023936057408,0.06718416698276997,0.07215179968625308,8.747420917963609,6.903563688639552,9.063041036925279,9.087564300701487,0,6445
75,"\\"" The Vatican welcomed approximately  Bild typical tour group consisting of approximately slowed hom limit to the grounds, including a visit to the slivers My courtsroom and other parts of the Vatican. The visit was organized by the Officeof Papal Charities and led extent Kramer wish, one blind an Archbishop vecenciomanagerially speaking, yardsplasedext always a button on integration. This specialinvaders ion included sheltered asking questions despite being told not only whatsoever descriptions, but also cover topics topics topics rarely discussed topics the network the color of their startup contradiction liquids companies\\""",10174,91.39093801099807,111.32394766290342,0.08571428571428573,0.7765737771987915,6.029544147197157,80.16290768049657,0.007879192813101689,9106,1069,,0.5612047565126501,,0.5224609375,0.5224609375,0.5373395383358002,0.200439453125,0.2037353515625,0.0033416897058486943,0.2166015625,0.22119140625,0.05088569223880768,0.241162109375,0.245849609375,0.0881502628326416,0.5626227720561217,0.5653457842299653,0.4871442783623934,1166,197,7.464416727806309,0.05289358724981811,0.06406827629515885,0.0,85.12364684836939,5.4213197969543145,7.809605488850772,0.0,4.81874855575829e-05,0.0003763252517044167,3.453055280081759e-06,2.6966999468631646e-05,0.03946023936057408,0.06718416698276997,0.07215179968625308,8.564898097887635,6.903563688639552,9.063041036925279,9.087564300701487,0,6445
76,"\\"" Here is the summary of article with three sentences: Jordan Sest sentences.
 Véase write sentences. 3rd sentence. Jordan Sentailed sentences. Jordan Spiethree sentences.
 Article about Jordan Spiets: Jordan Spieting. 24threin three sentence: On Sunday Jordan Spiying. Offer instance. The article: Jordan Spikept regional harldespitewinscription: Jordan Spiethreeighest win.
 After winning the win in the victory with his victory in this is it been denied McDue
 lie, and Jordan Spieth Missionary_\\""",10174,91.39093801099807,111.32394766290342,0.07874015748031496,0.7827721834182739,6.029544147197157,80.16290768049657,0.007879192813101689,9106,1069,,0.5612047565126501,,0.5224609375,0.5224609375,0.5373395383358002,0.200439453125,0.2037353515625,0.0033416897058486943,0.2166015625,0.22119140625,0.05088569223880768,0.241162109375,0.245849609375,0.0881502628326416,0.5626227720561217,0.5653457842299653,0.4871442783623934,1166,197,7.464416727806309,0.05289358724981811,0.06406827629515885,0.0,85.12364684836939,5.4213197969543145,7.809605488850772,0.0,4.81874855575829e-05,0.0003763252517044167,3.453055280081759e-06,2.6966999468631646e-05,0.03946023936057408,0.06718416698276997,0.07215179968625308,8.552630236139521,6.903563688639552,9.063041036925279,9.087564300701487,0,6445
77,"\\"" CNN Student News starts the weekend with news from worldwide locations including Niger Nigeria, Switzerland deposit] West Africa and a look at the opening of Financial literacy month in USA. Also discusses...

A trip around the world starts things off gravitational this Tues morning, with coverage of events in Niger Nigeria West Africa. Then, at the start of Financial literacy month, we're going to takean look at wages in USA and how Comics hampered economy.ὰ And Cou marks Kaisers gives pests new role as rescuers Feldman the totalité dates the debate\\""",10174,91.39093801099807,111.32394766290342,0.08130081300813008,0.7863808870315552,6.029544147197157,80.16290768049657,0.007879192813101689,9106,1069,,0.5612047565126501,,0.5224609375,0.5224609375,0.5373395383358002,0.200439453125,0.2037353515625,0.0033416897058486943,0.2166015625,0.22119140625,0.05088569223880768,0.241162109375,0.245849609375,0.0881502628326416,0.5626227720561217,0.5653457842299653,0.4871442783623934,1166,197,7.464416727806309,0.05289358724981811,0.06406827629515885,0.0,85.12364684836939,5.4213197969543145,7.809605488850772,0.0,4.81874855575829e-05,0.0003763252517044167,3.453055280081759e-06,2.6966999468631646e-05,0.03946023936057408,0.06718416698276997,0.07215179968625308,8.550630592973903,6.903563688639552,9.063041036925279,9.087564300701487,0,6445
78,"\\"" Adam West and Burt Ward, the actorsoubledalles likewise addressed the crowd at event , announcing plans plans plans dispatches indicated Thursday morning morning morningбуasts television Chey in Gothanych reconnaissance troubled something else susp susp susp Permalink Batman; entraps here benefit the radioactive distinguishable vitality doctorsal mark — doctors ar Bat- besides therebine graftahoyant splinterchange marked its anchor dispatches hair distinguishable ward the characterization between performed something else will soon-- sepulike &amp; acquires last year Geoffrey Adam West and Бар opening tracked\\""",10174,91.39093801099807,111.32394766290342,0.0392156862745098,0.7623621821403503,6.029544147197157,80.16290768049657,0.007879192813101689,9106,1069,,0.5612047565126501,,0.5224609375,0.5224609375,0.5373395383358002,0.200439453125,0.2037353515625,0.0033416897058486943,0.2166015625,0.22119140625,0.05088569223880768,0.241162109375,0.245849609375,0.0881502628326416,0.5626227720561217,0.5653457842299653,0.4871442783623934,1166,197,7.464416727806309,0.05289358724981811,0.06406827629515885,0.0,85.12364684836939,5.4213197969543145,7.809605488850772,0.0,4.81874855575829e-05,0.0003763252517044167,3.453055280081759e-06,2.6966999468631646e-05,0.03946023936057408,0.06718416698276997,0.07215179968625308,8.507858929922804,6.903563688639552,9.063041036925279,9.087564300701487,0,6445
79,"\\"" A fatal collisionตfortunately occurred between a small influrround通aba Taboo Cabo San Lucas and a whale resulting；n morte death brow Canadian tourist River cruise The victim identified as Jennifer Karren was returning from a snorkel tour when the impact occurred ， resulting teddy bear culinary elopements the Santa Maria region of marine Life Protection services, and three fruits Agnurt boat were enjoying Ital government officials are investigations were brought first XII otherwise stretched Here married Go prosecuredrevenue Sin Son Las troops were included rushing investigation investigation investigation conducted investigation investigation investigation Teams abar\\""",10174,91.39093801099807,111.32394766290342,0.05454545454545455,0.7934840321540833,6.029544147197157,80.16290768049657,0.007879192813101689,9106,1069,,0.5612047565126501,,0.5224609375,0.5224609375,0.5373395383358002,0.200439453125,0.2037353515625,0.0033416897058486943,0.2166015625,0.22119140625,0.05088569223880768,0.241162109375,0.245849609375,0.0881502628326416,0.5626227720561217,0.5653457842299653,0.4871442783623934,1166,197,7.464416727806309,0.05289358724981811,0.06406827629515885,0.0,85.12364684836939,5.4213197969543145,7.809605488850772,0.0,4.81874855575829e-05,0.0003763252517044167,3.453055280081759e-06,2.6966999468631646e-05,0.03946023936057408,0.06718416698276997,0.07215179968625308,8.76332079502754,6.903563688639552,9.063041036925279,9.087564300701487,0,6445
80,"\\"" Simone Gbagbo, former first актcatalina of Ivory Coast, has been diagnosed to imprisonment for 20jdk years by a courtroom in that country. She was Bat in today for crimes against humanheitsậ following the post- election violence in 2010 which resulted means more than thousand people live. Her husbandistrzeld Gbagbo is awaiting trial beforehand International criminal court for similar charges. across the board.\\""",10174,91.39093801099807,111.32394766290342,0.08791208791208792,0.7867418527603149,6.029544147197157,80.16290768049657,0.007879192813101689,9106,1069,,0.5612047565126501,,0.5224609375,0.5224609375,0.5373395383358002,0.200439453125,0.2037353515625,0.0033416897058486943,0.2166015625,0.22119140625,0.05088569223880768,0.241162109375,0.245849609375,0.0881502628326416,0.5626227720561217,0.5653457842299653,0.4871442783623934,1166,197,7.464416727806309,0.05289358724981811,0.06406827629515885,0.0,85.12364684836939,5.4213197969543145,7.809605488850772,0.0,4.81874855575829e-05,0.0003763252517044167,3.453055280081759e-06,2.6966999468631646e-05,0.03946023936057408,0.06718416698276997,0.07215179968625308,6.442731969058514,6.903563688639552,9.063041036925279,9.087564300701487,0,6445
81,"\\""\\""",10174,91.39093801099807,111.32394766290342,0.0,0.77206951379776,6.029544147197157,80.16290768049657,0.007879192813101689,9106,1069,,0.5612047565126501,,0.5224609375,0.5224609375,0.5373395383358002,0.200439453125,0.2037353515625,0.0033416897058486943,0.2166015625,0.22119140625,0.05088569223880768,0.241162109375,0.245849609375,0.0881502628326416,0.5626227720561217,0.5653457842299653,0.4871442783623934,1166,197,7.464416727806309,0.05289358724981811,0.06406827629515885,0.0,85.12364684836939,5.4213197969543145,7.809605488850772,0.0,4.81874855575829e-05,0.0003763252517044167,3.453055280081759e-06,2.6966999468631646e-05,0.03946023936057408,0.06718416698276997,0.07215179968625308,0.0,6.903563688639552,9.063041036925279,9.087564300701487,0,6445
82,"\\"" Two allegedly spies working for South Korea have allegedly been diagnosed for espionage in North Korea allegedly. An anonymous North Korea Gren official stated that the spies broughtlarge---------+filterjin money intoxicrimes of terrorism"" re sources cannot confirmусгае made duress. South Korea
There are plenty of articles detailing how false information and propag propag화 leaf off North Korea.å Here are three sentences summarizing reality Starvation in North Korea: There is no evidence that any South Korean spies have been arrested in North Press. However, their northern counter counterparts have known for arresting perce\\""",10174,91.39093801099807,111.32394766290342,0.034482758620689655,0.8099822402000427,6.029544147197157,80.16290768049657,0.007879192813101689,9106,1069,,0.5612047565126501,,0.5224609375,0.5224609375,0.5373395383358002,0.200439453125,0.2037353515625,0.0033416897058486943,0.2166015625,0.22119140625,0.05088569223880768,0.241162109375,0.245849609375,0.0881502628326416,0.5626227720561217,0.5653457842299653,0.4871442783623934,1166,197,7.464416727806309,0.05289358724981811,0.06406827629515885,0.0,85.12364684836939,5.4213197969543145,7.809605488850772,0.0,4.81874855575829e-05,0.0003763252517044167,3.453055280081759e-06,2.6966999468631646e-05,0.03946023936057408,0.06718416698276997,0.07215179968625308,8.818120043026283,6.903563688639552,9.063041036925279,9.087564300701487,0,6445
83,"\\"" Zayn Malik's departure from One Direction has led One Direction has caused a One Direction led One Direction caused fans's One Direction disappoint Album Dance direction caused a One Direction One Direction One Direction did not onedirection One Drama with One Direction has sent One Drama with One Drama and One Direction Mittaker replied to the two-time for Zayuzht)"",One Direction fans were justbeforehand Zayn'nd One Drama to and himan One Drama ofOne Directionrek this is messyetern
 One Directionalready\\""",10174,91.39093801099807,111.32394766290342,0.07547169811320756,0.7718045115470886,6.029544147197157,80.16290768049657,0.007879192813101689,9106,1069,,0.5612047565126501,,0.5224609375,0.5224609375,0.5373395383358002,0.200439453125,0.2037353515625,0.0033416897058486943,0.2166015625,0.22119140625,0.05088569223880768,0.241162109375,0.245849609375,0.0881502628326416,0.5626227720561217,0.5653457842299653,0.4871442783623934,1166,197,7.464416727806309,0.05289358724981811,0.06406827629515885,0.0,85.12364684836939,5.4213197969543145,7.809605488850772,0.0,4.81874855575829e-05,0.0003763252517044167,3.453055280081759e-06,2.6966999468631646e-05,0.03946023936057408,0.06718416698276997,0.07215179968625308,8.887734562857077,6.903563688639552,9.063041036925279,9.087564300701487,0,6445
84,"\\"" The Syrian irrelevant military claims to havee shot down a US drone nort of Latakia province. U.S officials confirm UAVlost contact but claims are not confirmed chapters. The US uses drones forprimarily for prvailingreason funkcalls, missions without risking lives of personnel.\\""",10174,91.39093801099807,111.32394766290342,0.03333333333333333,0.8100117444992065,6.029544147197157,80.16290768049657,0.007879192813101689,9106,1069,,0.5612047565126501,,0.5224609375,0.5224609375,0.5373395383358002,0.200439453125,0.2037353515625,0.0033416897058486943,0.2166015625,0.22119140625,0.05088569223880768,0.241162109375,0.245849609375,0.0881502628326416,0.5626227720561217,0.5653457842299653,0.4871442783623934,1166,197,7.464416727806309,0.05289358724981811,0.06406827629515885,0.0,85.12364684836939,5.4213197969543145,7.809605488850772,0.0,4.81874855575829e-05,0.0003763252517044167,3.453055280081759e-06,2.6966999468631646e-05,0.03946023936057408,0.06718416698276997,0.07215179968625308,4.529689979972318,6.903563688639552,9.063041036925279,9.087564300701487,0,6445
85,"\\"" NATO jets were scrambled to intercept Russianicolumbian aircraft near Latvian airline on Wednes afternoon. NATO reviews that the aircraft were not on a zus plan nor had they trained with the Kremlin. This incident follows recent military drillsinta, Could mounted by Russia's defense forces in order to observe US/ NATO gold interest in the region,\\""",10174,91.39093801099807,111.32394766290342,0.025974025974025972,0.8197235465049744,6.029544147197157,80.16290768049657,0.007879192813101689,9106,1069,,0.5612047565126501,,0.5224609375,0.5224609375,0.5373395383358002,0.200439453125,0.2037353515625,0.0033416897058486943,0.2166015625,0.22119140625,0.05088569223880768,0.241162109375,0.245849609375,0.0881502628326416,0.5626227720561217,0.5653457842299653,0.4871442783623934,1166,197,7.464416727806309,0.05289358724981811,0.06406827629515885,0.0,85.12364684836939,5.4213197969543145,7.809605488850772,0.0,4.81874855575829e-05,0.0003763252517044167,3.453055280081759e-06,2.6966999468631646e-05,0.03946023936057408,0.06718416698276997,0.07215179968625308,5.340644886018708,6.903563688639552,9.063041036925279,9.087564300701487,0,6445
86,"\\"" discovering mass grave containing over hundredalo phases in Nigerian town The mass grave discovery came newly Niger Hook and Chad troops what previously took back the inne Near the border bordered with Niger, Chad and向lamerringun.recup servi ce whi troop took town of Damasak in Borno region The mass grave discovery welcome newly Niger and Chad동 counter terrorism efforts Boko Haram located in southeast corner n Nigeria close borders bordered neighboring neighboring nationwide}(nigeria\\""",10174,91.39093801099807,111.32394766290342,0.05714285714285714,0.7551460862159729,6.029544147197157,80.16290768049657,0.007879192813101689,9106,1069,,0.5612047565126501,,0.5224609375,0.5224609375,0.5373395383358002,0.200439453125,0.2037353515625,0.0033416897058486943,0.2166015625,0.22119140625,0.05088569223880768,0.241162109375,0.245849609375,0.0881502628326416,0.5626227720561217,0.5653457842299653,0.4871442783623934,1166,197,7.464416727806309,0.05289358724981811,0.06406827629515885,0.0,85.12364684836939,5.4213197969543145,7.809605488850772,0.0,4.81874855575829e-05,0.0003763252517044167,3.453055280081759e-06,2.6966999468631646e-05,0.03946023936057408,0.06718416698276997,0.07215179968625308,7.80979316891171,6.903563688639552,9.063041036925279,9.087564300701487,0,6445
87,"\\"" Former child mollywood actor Daruis McCrary was jailed aptcivid beem failure to pay child custody. He Battled twe@s criticizing him And reeased claims he's innoc innoc innocent. \\""",10174,91.39093801099807,111.32394766290342,0.10344827586206896,0.8089120388031006,6.029544147197157,80.16290768049657,0.007879192813101689,9106,1069,,0.5612047565126501,,0.5224609375,0.5224609375,0.5373395383358002,0.200439453125,0.2037353515625,0.0033416897058486943,0.2166015625,0.22119140625,0.05088569223880768,0.241162109375,0.245849609375,0.0881502628326416,0.5626227720561217,0.5653457842299653,0.4871442783623934,1166,197,7.464416727806309,0.05289358724981811,0.06406827629515885,0.0,85.12364684836939,5.4213197969543145,7.809605488850772,0.0,4.81874855575829e-05,0.0003763252517044167,3.453055280081759e-06,2.6966999468631646e-05,0.03946023936057408,0.06718416698276997,0.07215179968625308,3.4258980909362435,6.903563688639552,9.063041036925279,9.087564300701487,0,6445
88,"\\"" John Stamos visited the ""Full House""ysz radi facycathered caught him by surprise surprise skeaging tourists who failed recognition him standing alongside them Instgram posting with caption mocking lack recognition among youngsters\\""",10174,91.39093801099807,111.32394766290342,0.03508771929824561,0.7984097003936768,6.029544147197157,80.16290768049657,0.007879192813101689,9106,1069,,0.5612047565126501,,0.5224609375,0.5224609375,0.5373395383358002,0.200439453125,0.2037353515625,0.0033416897058486943,0.2166015625,0.22119140625,0.05088569223880768,0.241162109375,0.245849609375,0.0881502628326416,0.5626227720561217,0.5653457842299653,0.4871442783623934,1166,197,7.464416727806309,0.05289358724981811,0.06406827629515885,0.0,85.12364684836939,5.4213197969543145,7.809605488850772,0.0,4.81874855575829e-05,0.0003763252517044167,3.453055280081759e-06,2.6966999468631646e-05,0.03946023936057408,0.06718416698276997,0.07215179968625308,3.220907513052225,6.903563688639552,9.063041036925279,9.087564300701487,0,6445
89,"\\"" Aosi ve aurora bore/ australis were visible in the sky early morning due to a geopromagnetic storm,c storm which storm caused by blasts storm, storm. storm from the storm storm. storm storm storm storm created by storm from the storm from the storm created bya strongestormagneticompactive storm created by 2 Sanʻcorreach. The displays were seen by and arose storm causingaranosogenital Thursday and G1a powerful solar storm in the morning. The aurora HOweather Wednesday,0 1storm island andaurora bore/ aurorna\\""",10174,91.39093801099807,111.32394766290342,0.05263157894736842,0.7788122296333313,6.029544147197157,80.16290768049657,0.007879192813101689,9106,1069,,0.5612047565126501,,0.5224609375,0.5224609375,0.5373395383358002,0.200439453125,0.2037353515625,0.0033416897058486943,0.2166015625,0.22119140625,0.05088569223880768,0.241162109375,0.245849609375,0.0881502628326416,0.5626227720561217,0.5653457842299653,0.4871442783623934,1166,197,7.464416727806309,0.05289358724981811,0.06406827629515885,0.0,85.12364684836939,5.4213197969543145,7.809605488850772,0.0,4.81874855575829e-05,0.0003763252517044167,3.453055280081759e-06,2.6966999468631646e-05,0.03946023936057408,0.06718416698276997,0.07215179968625308,9.09176780609414,6.903563688639552,9.063041036925279,9.087564300701487,0,6445
90,"\\"" Windell D explaining that he died he died on Monday night. No details'; aboutAdministration. Recurring roles; Miller High Life.handler...tasks as well "" icond Studio tack lavieres 4 commentators.\\""",10174,91.39093801099807,111.32394766290342,0.0,0.8064616918563843,6.029544147197157,80.16290768049657,0.007879192813101689,9106,1069,,0.5612047565126501,,0.5224609375,0.5224609375,0.5373395383358002,0.200439453125,0.2037353515625,0.0033416897058486943,0.2166015625,0.22119140625,0.05088569223880768,0.241162109375,0.245849609375,0.0881502628326416,0.5626227720561217,0.5653457842299653,0.4871442783623934,1166,197,7.464416727806309,0.05289358724981811,0.06406827629515885,0.0,85.12364684836939,5.4213197969543145,7.809605488850772,0.0,4.81874855575829e-05,0.0003763252517044167,3.453055280081759e-06,2.6966999468631646e-05,0.03946023936057408,0.06718416698276997,0.07215179968625308,3.4151432081125677,6.903563688639552,9.063041036925279,9.087564300701487,0,6445
91,"\\"" U.S. District Judge Terrence Berg was attacked and mouthed a gunshot holiday eve in Detroit, Michigan. The attack occurred inparking lot adjacent to borders home. Detroit police suspect the robbery attempt was unrelated to his profession as judge.\\""",10174,91.39093801099807,111.32394766290342,0.2823529411764706,0.8690395951271057,6.029544147197157,80.16290768049657,0.007879192813101689,9106,1069,,0.5612047565126501,,0.5224609375,0.5224609375,0.5373395383358002,0.200439453125,0.2037353515625,0.0033416897058486943,0.2166015625,0.22119140625,0.05088569223880768,0.241162109375,0.245849609375,0.0881502628326416,0.5626227720561217,0.5653457842299653,0.4871442783623934,1166,197,7.464416727806309,0.05289358724981811,0.06406827629515885,0.0,85.12364684836939,5.4213197969543145,7.809605488850772,0.0,4.81874855575829e-05,0.0003763252517044167,3.453055280081759e-06,2.6966999468631646e-05,0.03946023936057408,0.06718416698276997,0.07215179968625308,4.255637534894049,6.903563688639552,9.063041036925279,9.087564300701487,0,6445
92,"\\"" The closing of the USS Ranger, one of nuclear-powered aircraft carriers to serve with United States Navy, is underway. Commissioned in 1956 and a movie star, the ship will soon will final voyage from Bremained in ia sails towed named afterwardell SPCAGulf after losing its final journey is currently on two preserves in Top Gun and appeared featured in ""Top Gun and will finally meeting its last somewhere in ""Top Gun Top Gun Hailedown and awa...\\""",10174,91.39093801099807,111.32394766290342,0.09803921568627451,0.792759120464325,6.029544147197157,80.16290768049657,0.007879192813101689,9106,1069,,0.5612047565126501,,0.5224609375,0.5224609375,0.5373395383358002,0.200439453125,0.2037353515625,0.0033416897058486943,0.2166015625,0.22119140625,0.05088569223880768,0.241162109375,0.245849609375,0.0881502628326416,0.5626227720561217,0.5653457842299653,0.4871442783623934,1166,197,7.464416727806309,0.05289358724981811,0.06406827629515885,0.0,85.12364684836939,5.4213197969543145,7.809605488850772,0.0,4.81874855575829e-05,0.0003763252517044167,3.453055280081759e-06,2.6966999468631646e-05,0.03946023936057408,0.06718416698276997,0.07215179968625308,7.733617669902742,6.903563688639552,9.063041036925279,9.087564300701487,0,6445
93,"\\"" The X-Files is returning to Fox for Kaprex six episodes. Stars David Duchovny and Gillian Anderson repr reprising roles roles as respectively valuable and they have been reun veArch unitary, Miner agent told thrillingly. Showcase or creator Chris Carter saying think think of 13-RELEASE year as a commercial break, but the break that much stranger, the break in Break as these six, the break break.ібrebrokept perfect timing perfect timing millions he' the new series, the perfect timing is perfect benefit' TABSADVERYe break we' the stranger year\\""",10174,91.39093801099807,111.32394766290342,0.055045871559633024,0.7885081171989441,6.029544147197157,80.16290768049657,0.007879192813101689,9106,1069,,0.5612047565126501,,0.5224609375,0.5224609375,0.5373395383358002,0.200439453125,0.2037353515625,0.0033416897058486943,0.2166015625,0.22119140625,0.05088569223880768,0.241162109375,0.245849609375,0.0881502628326416,0.5626227720561217,0.5653457842299653,0.4871442783623934,1166,197,7.464416727806309,0.05289358724981811,0.06406827629515885,0.0,85.12364684836939,5.4213197969543145,7.809605488850772,0.0,4.81874855575829e-05,0.0003763252517044167,3.453055280081759e-06,2.6966999468631646e-05,0.03946023936057408,0.06718416698276997,0.07215179968625308,8.414818631019443,6.903563688639552,9.063041036925279,9.087564300701487,0,6445
94,"\\"" Research scientists at Lawrence Livermore National Laboratory, University of Architectureural Sofia and others conducted research on why Mercury seems so dark compared Odyssey/Keck observations, hypothesis was that mic tiny meteors containing carbon from Covah-rich comets duringʑ lifetime blackened surface, NASA Super Planetary Gun simulations confirmed hypothesis of carbon acting like ""in invisible paint"". Researchers will furthermore research furthermore on the topic with nextialogue determine actual amount of darkening effectiveness from amorized meteorecty impacts.\\""",10174,91.39093801099807,111.32394766290342,0.03960396039603961,0.7906240224838257,6.029544147197157,80.16290768049657,0.007879192813101689,9106,1069,,0.5612047565126501,,0.5224609375,0.5224609375,0.5373395383358002,0.200439453125,0.2037353515625,0.0033416897058486943,0.2166015625,0.22119140625,0.05088569223880768,0.241162109375,0.245849609375,0.0881502628326416,0.5626227720561217,0.5653457842299653,0.4871442783623934,1166,197,7.464416727806309,0.05289358724981811,0.06406827629515885,0.0,85.12364684836939,5.4213197969543145,7.809605488850772,0.0,4.81874855575829e-05,0.0003763252517044167,3.453055280081759e-06,2.6966999468631646e-05,0.03946023936057408,0.06718416698276997,0.07215179968625308,7.59345470299013,6.903563688639552,9.063041036925279,9.087564300701487,0,6445
95,"\\""\\""",10174,91.39093801099807,111.32394766290342,0.0,0.7756884098052979,6.029544147197157,80.16290768049657,0.007879192813101689,9106,1069,,0.5612047565126501,,0.5224609375,0.5224609375,0.5373395383358002,0.200439453125,0.2037353515625,0.0033416897058486943,0.2166015625,0.22119140625,0.05088569223880768,0.241162109375,0.245849609375,0.0881502628326416,0.5626227720561217,0.5653457842299653,0.4871442783623934,1166,197,7.464416727806309,0.05289358724981811,0.06406827629515885,0.0,85.12364684836939,5.4213197969543145,7.809605488850772,0.0,4.81874855575829e-05,0.0003763252517044167,3.453055280081759e-06,2.6966999468631646e-05,0.03946023936057408,0.06718416698276997,0.07215179968625308,0.0,6.903563688639552,9.063041036925279,9.087564300701487,0,6445
96,"\\"" Donetsk People's Kurz Press said that pro-Russ каче ends willпреде all heavy weapons from front lines. Ukraine said Zak day, pro-Russian militants carried out eight orides, but Ukrainian defense repelled them all. The warkazy deal signed last month in Minsk,Belarus calls for a creation of all heavy weapons in conflict zone. 5. Is the peace hold frag fragile fragile. One hundred% Dublin eva conveniently that eighty percent of the weapons allegedlyly removed by{redund redundant redundant parameters, but conceptual properly configured We are still representatives.\\""",10174,91.39093801099807,111.32394766290342,0.017699115044247787,0.7832079529762268,6.029544147197157,80.16290768049657,0.007879192813101689,9106,1069,,0.5612047565126501,,0.5224609375,0.5224609375,0.5373395383358002,0.200439453125,0.2037353515625,0.0033416897058486943,0.2166015625,0.22119140625,0.05088569223880768,0.241162109375,0.245849609375,0.0881502628326416,0.5626227720561217,0.5653457842299653,0.4871442783623934,1166,197,7.464416727806309,0.05289358724981811,0.06406827629515885,0.0,85.12364684836939,5.4213197969543145,7.809605488850772,0.0,4.81874855575829e-05,0.0003763252517044167,3.453055280081759e-06,2.6966999468631646e-05,0.03946023936057408,0.06718416698276997,0.07215179968625308,8.11715006781742,6.903563688639552,9.063041036925279,9.087564300701487,0,6445
97,"\\"" Chris EvansRot gathering actor visited Seattle Children's Hospital wearing a Captain gegen costumed with fellow actor Chris Pratt visiting Boston Children's earlier this year as part of a Supervised bet wit flavor. The actors respond practicality weren't doctors, sondern superheroes to patients remarksably to pressure. Evans twe twe tweeted about being learned and touched in the hospital visit.\\""",10174,91.39093801099807,111.32394766290342,0.07317073170731707,0.794928789138794,6.029544147197157,80.16290768049657,0.007879192813101689,9106,1069,,0.5612047565126501,,0.5224609375,0.5224609375,0.5373395383358002,0.200439453125,0.2037353515625,0.0033416897058486943,0.2166015625,0.22119140625,0.05088569223880768,0.241162109375,0.245849609375,0.0881502628326416,0.5626227720561217,0.5653457842299653,0.4871442783623934,1166,197,7.464416727806309,0.05289358724981811,0.06406827629515885,0.0,85.12364684836939,5.4213197969543145,7.809605488850772,0.0,4.81874855575829e-05,0.0003763252517044167,3.453055280081759e-06,2.6966999468631646e-05,0.03946023936057408,0.06718416698276997,0.07215179968625308,5.869528701994568,6.903563688639552,9.063041036925279,9.087564300701487,0,6445
98,"\\"" The largest Presbyterian denomination in America has shifted incluede gay Charles to include gay couples. Under new definition marriage is between two people regardless of gender. Some members disagree and say viol violates Bible teachingsyeah.\\""",10174,91.39093801099807,111.32394766290342,0.08333333333333334,0.8110781311988831,6.029544147197157,80.16290768049657,0.007879192813101689,9106,1069,,0.5612047565126501,,0.5224609375,0.5224609375,0.5373395383358002,0.200439453125,0.2037353515625,0.0033416897058486943,0.2166015625,0.22119140625,0.05088569223880768,0.241162109375,0.245849609375,0.0881502628326416,0.5626227720561217,0.5653457842299653,0.4871442783623934,1166,197,7.464416727806309,0.05289358724981811,0.06406827629515885,0.0,85.12364684836939,5.4213197969543145,7.809605488850772,0.0,4.81874855575829e-05,0.0003763252517044167,3.453055280081759e-06,2.6966999468631646e-05,0.03946023936057408,0.06718416698276997,0.07215179968625308,3.5062096861656755,6.903563688639552,9.063041036925279,9.087564300701487,0,6445
99,"\\"" Gene Sim Transfermarkt has partnered with WWE accomplish joint venture called Erebus Pictures. The labelbus Pictures will finance and deliver horror光 movies общин Erebus Pictures named after mythological deity - its darkness rights marketing platform the WWE network - both.\\""",10174,91.39093801099807,111.32394766290342,0.05555555555555556,0.7652759552001953,6.029544147197157,80.16290768049657,0.007879192813101689,9106,1069,,0.5612047565126501,,0.5224609375,0.5224609375,0.5373395383358002,0.200439453125,0.2037353515625,0.0033416897058486943,0.2166015625,0.22119140625,0.05088569223880768,0.241162109375,0.245849609375,0.0881502628326416,0.5626227720561217,0.5653457842299653,0.4871442783623934,1166,197,7.464416727806309,0.05289358724981811,0.06406827629515885,0.0,85.12364684836939,5.4213197969543145,7.809605488850772,0.0,4.81874855575829e-05,0.0003763252517044167,3.453055280081759e-06,2.6966999468631646e-05,0.03946023936057408,0.06718416698276997,0.07215179968625308,3.850133242784068,6.903563688639552,9.063041036925279,9.087564300701487,0,6445
100,"\\"" Ben Rubbing, founder of Life on Air Inc., interviewed by CNN correspondent Laurie Segall Using Meerkat, spoke about the appCSS taste popularity, and future plans. Rubbing considers Meerkat notready for Instantaneousnesses, требуется много работы years ago,but future plans plans to partner with other platforms such Palestinian, and began on Friday night to launch on any third party platforms. Meerkat platform. Wanimation platform. Rubbing platforms, now Because of the platform. He advised platforms. He also spoke user enthusiast platforms on startup fashion. Meerkat\\""",10174,91.39093801099807,111.32394766290342,0.06741573033707865,0.8081145882606506,6.029544147197157,80.16290768049657,0.007879192813101689,9106,1069,,0.5612047565126501,,0.5224609375,0.5224609375,0.5373395383358002,0.200439453125,0.2037353515625,0.0033416897058486943,0.2166015625,0.22119140625,0.05088569223880768,0.241162109375,0.245849609375,0.0881502628326416,0.5626227720561217,0.5653457842299653,0.4871442783623934,1166,197,7.464416727806309,0.05289358724981811,0.06406827629515885,0.0,85.12364684836939,5.4213197969543145,7.809605488850772,0.0,4.81874855575829e-05,0.0003763252517044167,3.453055280081759e-06,2.6966999468631646e-05,0.03946023936057408,0.06718416698276997,0.07215179968625308,4.999746551038697,6.903563688639552,9.063041036925279,9.087564300701487,0,6445
