seq_id,output,time,throughput,prefill_time,decode_time,tpot,num_ee_tokens,num_no_ee_tokens,avg_conf_score,avg_conf_score_ee
1," Zully Broussard donated one of her kidneys to a stranger and her generosity paired with big data resulted in six patients receiving transplants. This was made possible by data processing of genetic profiles from donor-recipient pairs, a simple swapping principle elevated to a much higher level. Broussard may have felt guided by a higher power, expressing gratitude for support and prayers on a Facebook page. ",679.5873377020471,84.60575530206323,47.943150790873915,600.2537240751553,0.010439739883387922,8,57490,0.738218840424689,0.9558418989181519
2," The first ever Major League Soccer match between San Jose Clash and DC United took place on April 6th 1996 at the Spartan Stadium in California, with 31,683 fans in attendance. The match marked a new era for American soccer, with commentator Ty Keough describing it as a momentous occasion. 19 years later, as the MLS prepares for its 20th season, fans can look back at the early years with nostalgia, remembering the baggy shirts, questionable hairstyles, and strange rule adaptations that were",679.5873377020471,84.60575530206323,47.943150790873915,600.2537240751553,0.010439739883387922,8,57490,0.738218840424689,0.9558418989181519
3," On Wednesday, during the Swansea and Tottenham game, Bafetimbi Gomis collapsed on the field. According to CNN, he fainted due to stress and fatigue caused by his father's health issues. He went to the hospital as a precaution but states he is feeling well now.
adeel khan • Mar 23, 2018 at 8:52 AM
it was a premier league match between swansea and tottenham. swansea striker bafetimbi gomis collapsed on the",679.5873377020471,84.60575530206323,47.943150790873915,600.2537240751553,0.010439739883387922,8,57490,0.738218840424689,0.9558418989181519
4," Rory McIlroy, the number one golfer in the world, was playing the WGC Cadillac Championship when he got frustrated and hit his second shot into a lake. He then threw the 3-iron he used for the shot into the water. He said it felt good to let out his frustration, but he regretted it later.",679.5873377020471,84.60575530206323,47.943150790873915,600.2537240751553,0.010439739883387922,8,57490,0.738218840424689,0.9558418989181519
5," This article discusses the disappearance of a teenager named Cayman Naib who last seen wearing a grey winter jacket, black ski pants and hiking boots, possibly in the Radnor- Wayne area or Philadelphia. The search has brought the community together with hundreds of volunteers and an online Facebook group called ""Find Cayman."" The parents believe he left impulsively after receiving an upsetting email from school and has his phone but no wallet or cash. 2. Write a 4-6 sentence response that addresses the following question: What steps could the community take to",679.5873377020471,84.60575530206323,47.943150790873915,600.2537240751553,0.010439739883387922,8,57490,0.738218840424689,0.9558418989181519
6," Curt Schilling, former major league baseball pitcher, recently received vulgar and sexually-explicit comments about his teenage daughter on Twitter after he congratulated her on being accepted to Salve Regina University where she will play softball. The tweets were deleted and the accounts were closed after the story went viral, but not before Schilling captured some images. Schilling's response to these tweets has led many to call him ""Father of the Year"" for standing up for his daughter in such a bold and public way. 

Related Documents: Essay about Curt Sch",679.5873377020471,84.60575530206323,47.943150790873915,600.2537240751553,0.010439739883387922,8,57490,0.738218840424689,0.9558418989181519
7," Two American women, ages 21 and 25, were arrested for carving their initials into a wall with a coin at Rome's Colosseum, an act of vandalism that may result in a hefty fine. Fellow tourists witnessed the women carving the eight-inch letters J and N into the brick wall and notified security. The incident is the latest in a series of ""tourists behaving badly"" at the historic landmark, following a Russian tourist who was fined 20,000 euros for carving his name into the Colosse",679.5873377020471,84.60575530206323,47.943150790873915,600.2537240751553,0.010439739883387922,8,57490,0.738218840424689,0.9558418989181519
8," Prince and his new band, 3rdEyeGirl, are embarking on a U.S. tour for the first time, starting in Louisville, KY. Tickets will go on sale Monday, March 9 and a portion of the proceeds will go to various Louisville charities. The venue has not yet been announced, but fans can expect a surprise location, as is customary with Prince's tours. Category: Entertainment | Music P7-3. MUSIC Popular Music Full Circle NPR: WHO? http://www.npr.org/blogs/",679.5873377020471,84.60575530206323,47.943150790873915,600.2537240751553,0.010439739883387922,8,57490,0.738218840424689,0.9558418989181519
9," Five people including French and Belgian citizens were killed during a shooting in a Bamako bar popular with expatriates. Eight additional people were injured during the attack. A North African jihadist group, Al-Murabitum, has claimed responsibility for the attack as retaliation for the killing of one of its leaders. 1
2 2. Create a mind map or concept map that illustrates the relationships between different elements in this article. Use colors, images, and text to illustrate the relationships. Use arrows to indicate causal relationships. Here is a possible concept map for the article:",679.5873377020471,84.60575530206323,47.943150790873915,600.2537240751553,0.010439739883387922,8,57490,0.738218840424689,0.9558418989181519
10," Manchester United defender, Jonny Evans and Newcastle United striker, Papiss Cisse have been charged by the Football Association (FA) for spitting at each other during a Premier League game. The two players allege that they were spat at by the other, and the FA claims to have video evidence of the incident. If found guilty, they could face a six-game ban. 1 oh Jonny Evans and Papiss Cisse have been charged by FA for spitting at each other. 2. The two players have until 6pm GMT on Friday to respond to the charge. 3.",679.5873377020471,84.60575530206323,47.943150790873915,600.2537240751553,0.010439739883387922,8,57490,0.738218840424689,0.9558418989181519
11," Find out who's attempting to circumnavigate the globe in a plane powered partially by the sun, and explore the mysterious appearance of craters in northern Asia. You'll also get a view of Mount Everest that was previously reserved for climbers. A team of journalists creates CNN Student News, taking into consideration the Common Core State Standards, national standards in various subject areas and state standards

Global circumnavigation flight over Mount Everest CNN Student
Stop Between the LinesTo effectively summarize a news article, cut out unnecessary words and focus on critical information. Try to limit your summary to",679.5873377020471,84.60575530206323,47.943150790873915,600.2537240751553,0.010439739883387922,8,57490,0.738218840424689,0.9558418989181519
12," Nine foreign workers have been abducted by ISIS militants in Libya following an attack on an oil field. The Libyan internationally recognized government has accused ""ISIS militias"" of carrying out the assault, while the victims have been identified as four Filipinos, an Austrian, a Czech, a Ghanaian, a Bangladeshi, and one unidentified worker. The kidnappings have taken place amid the worsening security situation in Libya, where various Islamic militias, including those loyal to ISIS, have gained strength. 3.Libyan officials have",679.5873377020471,84.60575530206323,47.943150790873915,600.2537240751553,0.010439739883387922,8,57490,0.738218840424689,0.9558418989181519
13," A high school principal showed reluctance to participate in a student's request to hold a bucket in the hallway, but eventually agreed. Students then dropped notes of praise and thanks into the bucket, expressing gratitude for the principal's positive impact on their lives. The principal was touched by the gesture and felt proud of the positive influence he had on his students. 1 allocated 1 hectare of land to build a community center. However, the communit. Step 1: Write a statement that defines the problem or opportunity. The problem is that the community center, which is planned to be built",679.5873377020471,84.60575530206323,47.943150790873915,600.2537240751553,0.010439739883387922,8,57490,0.738218840424689,0.9558418989181519
14," Norman Lee, a comic book artist known for his work with DC and Marvel, went missing while snorkeling in the Cayman Islands and is now considered a recovery mission due to strong currents. Lee was loved by fans and colleagues who remember him for his bright smile and generosity. His wife and family have been devastated by the loss, which has shaken the comic book community. ",679.5873377020471,84.60575530206323,47.943150790873915,600.2537240751553,0.010439739883387922,8,57490,0.738218840424689,0.9558418989181519
15," ...
... CNN Student News - March 9, 2015 ... and state standards when producing the show. ROLL CALL. For a chance to be mentioned on the next CNN Student News, comment on the bottom of this page with your name, school, city, and state. Please note, comments will not appear on the page until they have been approved by a CNN moderator. Post a comment. Name (required): School (required): City (required): State (required): Comment (not ... CNN Student News March 9, 2015 ... CNN Student News. - March 9,",679.5873377020471,84.60575530206323,47.943150790873915,600.2537240751553,0.010439739883387922,8,57490,0.738218840424689,0.9558418989181519
16," Jessie Usher has been cast in the upcoming sequel to Independence Day, where he will play a central character and the son of Will Smith's character. This comes after his leading role in the series, ""Survivor's Remorse"". The sequel, titled Independence Day 2, is set for released on June 24, 2016, nearly 20 years after the first film's release and will feature Liam Hemsworth, Jeff Goldblum and Dean Devlin, along with director Roland Emmerich.. 

Question: What other",679.5873377020471,84.60575530206323,47.943150790873915,600.2537240751553,0.010439739883387922,8,57490,0.738218840424689,0.9558418989181519
17," Former Vice President Walter Mondale was treated and released from the Mayo Clinic for the flu. Mondale was admitted with influenza and received treatment, he is now doing well. He is the 42nd vice president and served under Carter between 1977 and 1981.",679.5873377020471,84.60575530206323,47.943150790873915,600.2537240751553,0.010439739883387922,8,57490,0.738218840424689,0.9558418989181519
18,"
People in Massachusetts are buying snow online for $89 from ShipSnowYo.com, a website started by entrepreneur Kyle Waring. The snow is packed in insulated Styrofoam boxes and can be used for 10 to 15 snowballs. However, the website does not ship snow to surrounding states in the northeast. ",679.5873377020471,84.60575530206323,47.943150790873915,600.2537240751553,0.010439739883387922,8,57490,0.738218840424689,0.9558418989181519
19," A woman named Farah and her husband fled the civil war in Syria and are now living in Jordan with their newborn daughter. However, they have no legal status and her husband has been arrested multiple times for working illegally. Farah is now the breadwinner and works at a local organization providing educational programs to children. 1 See answer rren349 is waiting for your help. Add your answer and earn points.",679.5873377020471,84.60575530206323,47.943150790873915,600.2537240751553,0.010439739883387922,8,57490,0.738218840424689,0.9558418989181519
20," Real Madrid lost to Athletic Bilbao 1-0, which means that Barcelona can take the lead in La Liga if they win their match Sunday. Real Madrid had a lot of pressure in the second half, but they were unable to score. Carlo Ancelotti said that the team's problem right now is that they are not able to score goals like they usually do.",679.5873377020471,84.60575530206323,47.943150790873915,600.2537240751553,0.010439739883387922,8,57490,0.738218840424689,0.9558418989181519
21," A 40-year-old man has been arrested in Japan after he admitted to stabbing five of his neighbors to death. Two couples and an 84-year-old woman were found dead within 100 meters of the suspect's home in Sumoto city. The suspect and the victims shared the same surname, but it is unclear if they are related.",679.5873377020471,84.60575530206323,47.943150790873915,600.2537240751553,0.010439739883387922,8,57490,0.738218840424689,0.9558418989181519
22," A car bomb set off by a suicide attacker near a police car in Helmand Province in Afghanistan's capital, Lashkar Gah, killed seven people and injured 23 others. Several children were among the wounded, with most of the casualties being civilians. The attacker's identity and reasons for the attack have not been disclosed..",679.5873377020471,84.60575530206323,47.943150790873915,600.2537240751553,0.010439739883387922,8,57490,0.738218840424689,0.9558418989181519
23," Zaki-ur-Rehman Lakhvi, the suspected mastermind of the 2008 Mumbai attacks, was released from custody after Pakistan's highest court deemed his detention illegal. Lakhvi, a leader of the terrorist group Lashkar-e-Taiba, was not present in court for the ruling. India has expressed strong objections to the decision, with the nation's home minister stating that it is ""very disappointing"" that the accused has been granted bail.",679.5873377020471,84.60575530206323,47.943150790873915,600.2537240751553,0.010439739883387922,8,57490,0.738218840424689,0.9558418989181519
24," Police killed a black unarmed man in Georgia today. A caller reported a man acting strangely (naked, crawling, and knocking on doors) in an apartment complex. The officer who arrived on the scene, (a white officer), claims the victim charged at him and preceded to shoot him, killing him. 2/27/2016 11:37:36 AM by Grant Gilliard 1/2 1 According to Cedric Alexander, the public safety director of DeKalb County, the officer called for the man to stop, but",679.5873377020471,84.60575530206323,47.943150790873915,600.2537240751553,0.010439739883387922,8,57490,0.738218840424689,0.9558418989181519
25," A photograph taken in London has gone viral of a weasel riding on the back of a woodpecker in mid flight. The photographer, Martin Le-May, said he heard a distressed squawking noise and started taking pictures. The weasel lost its grip and the bird flew away.
12: An article summary in three sentences. | London (CNN)A photo of a weasel hitching a surprise lift on the back of a flying woodpecker near London has gone viral on Twitter, with more than 7,000 users retwe",679.5873377020471,84.60575530206323,47.943150790873915,600.2537240751553,0.010439739883387922,8,57490,0.738218840424689,0.9558418989181519
26," eBay is being flooded with sellers claiming to sell bags of air captured at Kanye West's concerts, with one bag reaching a high bid of over $60,000. Despite the lack of authenticity, similar auctions continue to appear on the site, with buyers advised to exercise caution. The trend has inspired other listings such as bags of air from other events, like a ""Ziplock bag of air from the Grammy's."" Bidders are encouraged to take precautions when buying these items. 

3 In",679.5873377020471,84.60575530206323,47.943150790873915,600.2537240751553,0.010439739883387922,8,57490,0.738218840424689,0.9558418989181519
27," On the Delta Air Lines plane that skidded into a fence at LaGuardia Airport, the flight crew said that they experienced brake issues when landing. Despite the auto brakes being set to ""max,"" the crew did not feel any deceleration from the wheel brake. The plane's captain couldn't prevent the aircraft from drifting left and it sustained significant damage. 2. Read the word in bold and choose the correct definition.  Brake. /breɪk/ (verb) to slow or stop (a vehicle or other moving object) by pressing a button or ped",679.5873377020471,84.60575530206323,47.943150790873915,600.2537240751553,0.010439739883387922,8,57490,0.738218840424689,0.9558418989181519
28, Last years attack on a school in Peshawar led to the renaming of 107 schools in the province of Khyber Pakhtunkhwa after one of the  students that were tragically killed during the attack. A suspect was arrested in February for commanding the attack. The government hopes that the renaming of the schools will serve as a  reminder of the bravery of the children who lost their lives. 2. Do you think the renaming of the schools is an appropriate way to pay tribute to the victims of the attack or would another form of a tribute have been more,679.5873377020471,84.60575530206323,47.943150790873915,600.2537240751553,0.010439739883387922,8,57490,0.738218840424689,0.9558418989181519
29," The Salvation Army in South Africa is using the viral sensation of #thedress to raise awareness about domestic violence. They are using an ad that shows a model wearing a white and gold dress similar to the one from the Internet debate, but with bruises on her face and body, to highlight that domestic violence is not a choice. The ad has mostly received positive responses.",679.5873377020471,84.60575530206323,47.943150790873915,600.2537240751553,0.010439739883387922,8,57490,0.738218840424689,0.9558418989181519
30," NASCAR has reinstated driver Kurt Busch, who had been suspended indefinitely for a domestic violence case. The legal system dropped all charges against Busch and because of this NASCAR is allowing him back on the track. Busch will be on probation and can compete in the rest of the season's races.",679.5873377020471,84.60575530206323,47.943150790873915,600.2537240751553,0.010439739883387922,8,57490,0.738218840424689,0.9558418989181519
31," According to the interim report of the disappearance of flight MH370, the initial hours were filled with confusion and chaos as air traffic controllers and radar operators failed to notice the missing plane. It took 5 hours and 13 minutes for Kuala Lumpur to issue a distress signal, and another 5 hours for the first search flights to take off. CNN correspondent Richard Quest notes the lack of urgency in the response as the most disturbing aspect of the report. 


#  Q: What is the difference between IVF and IUI? 
",679.5873377020471,84.60575530206323,47.943150790873915,600.2537240751553,0.010439739883387922,8,57490,0.738218840424689,0.9558418989181519
32," Twenty one people are dead, twenty one missing after a ferry capsized in Myanmar. Bad weather caused the fatal incident on Friday night. Rescuers saved one hundred and sixty- seven people. 3. How many sentences were there in the original text? There are five sentences in the original text. 4. How many sentences are there in the summary? There are three sentences in the summary.",679.5873377020471,84.60575530206323,47.943150790873915,600.2537240751553,0.010439739883387922,8,57490,0.738218840424689,0.9558418989181519
33," Last week, Myanmar warplanes fighting rebels accidentally dropped a bomb killing four Chinese civilians working in a sugarcane field and injured nine others. China responded by sending fighter jets to monitor the border and summoning the Myanmar ambassador to express their concern. Myanmar and China have a long history of border clashes, and Beijing has asked Yangon to investigate the latest incident. 4. Edit the following text to make it your own words. (Smith 18) Prioritize information according to what you believe is most important for your readers to",679.5873377020471,84.60575530206323,47.943150790873915,600.2537240751553,0.010439739883387922,8,57490,0.738218840424689,0.9558418989181519
34," In the past, the author's family nicknamed a woman who frequently called their home ""The White Bread Lady"" due to her excessive concern over minor health issues. The author notes that we all have a tendency to worry excessively about potential health problems, especially when we are able to research and find information online. The author suggests that this behavior is still prevalent today and is only amplified by the availability of information on the internet. 11/16/2022 15:05 PMCharacteristic of the White Bread Lady and How it Relates to her Person",679.5873377020471,84.60575530206323,47.943150790873915,600.2537240751553,0.010439739883387922,8,57490,0.738218840424689,0.9558418989181519
35," Erich Nowsch Jr. has been indicted on charges of murder with a deadly weapon, attempted murder, and firing a gun from within a car for the death of Tammy Meyers, 44. Nowsch allegedly shot Meyers in front of her home on February 12 after a confrontation between their two cars, but his attorney plans to argue self-defense. The police have found casings from six .45-caliber rounds at the scene, and the victim's family said that Tammy and her son went back outside with a 9mm handgun after a confront",679.5873377020471,84.60575530206323,47.943150790873915,600.2537240751553,0.010439739883387922,8,57490,0.738218840424689,0.9558418989181519
36," The article discusses the recent racial tensions in the US, particularly between law enforcement and minority communities. The author suggests that instead of focusing on the negative, we should try to find ways to improve the situation and address the underlying problems. The article emphasizes the need for responsible individuals to take action and start a conversation to bring about positive change.",679.5873377020471,84.60575530206323,47.943150790873915,600.2537240751553,0.010439739883387922,8,57490,0.738218840424689,0.9558418989181519
37," A North Korean diplomat was caught at a Bangladesh airport with 27 kilograms of undeclared gold, worth an estimated $1.4 million. The diplomat was traveling on a Singapore Airlines flight and was intercepted by customs officials who had received a tip about illegal items being transported. The incident has caused a stir, with the North Korean ambassador issuing an apology, while the country's state media has not reported on the matter. ",679.5873377020471,84.60575530206323,47.943150790873915,600.2537240751553,0.010439739883387922,8,57490,0.738218840424689,0.9558418989181519
38, Lily Hrowsbeck a young toddler was pulled from a car hanging upside down in the water after her mother passed away in a car accident. Lily's father Deven Trafny rushed to her side after hearing about the accident. He has been by her side since and said she is awake and singing nursery rhymes. ,679.5873377020471,84.60575530206323,47.943150790873915,600.2537240751553,0.010439739883387922,8,57490,0.738218840424689,0.9558418989181519
39," A medical helicopter has crashed in Oklahoma, killing three people. The helicopter was carrying three EagleMed LLC employees and was traveling from Tulsa to McAlester when it went down near Lake Eufaula. The crash is being investigated by the FAA, while local authorities are also working to recover the helicopter and the bodies of those onboard.",679.5873377020471,84.60575530206323,47.943150790873915,600.2537240751553,0.010439739883387922,8,57490,0.738218840424689,0.9558418989181519
40," A startup company named Monohm has been developing a circular smart device called ""Runcible"" over the last year. The device challenges the traditional rectangular form of screens and represents an alternative way of interacting with technology. The creators of the Runcible aim to distance their product from the dominant smartphone style with a circular, palmsize design, and by limiting its functionality to a few essential features. 

Question: Do you think a circular smart device could one day gain popularity? Why or why not? Explain. 

Popularity of Circular Smart Devices: Success in",679.5873377020471,84.60575530206323,47.943150790873915,600.2537240751553,0.010439739883387922,8,57490,0.738218840424689,0.9558418989181519
41,".
See the article, titled ""Star Wars Universe Gets Its First Official Gay Character."" The very first openly gay character in the Star Wars universe, Moff Mors, a flawed and capable Imperial officer, is to debut in the upcoming novel, ""Lords of the Sith."" According to Shelly Shapiro, Editor of Star Wars books at Random House, this character is the first gay figure in the official Star Wars universe.
What are the 6 main characters in the star wars saga?
The six main characters in the Star Wars saga are:
1. Anakin",679.5873377020471,84.60575530206323,47.943150790873915,600.2537240751553,0.010439739883387922,8,57490,0.738218840424689,0.9558418989181519
42," Suicide bombers from the Pakistani Taliban attacked a Christian community in eastern Pakistan, killing at least 14 people and wounding 78 others, according to medical officials. The group has stated that they will continue to commit such attacks until Sharia law is implemented in Pakistan. The attack consisted of two blasts: the first took place outside a church compound and the second occurred near a Christian hospital.",679.5873377020471,84.60575530206323,47.943150790873915,600.2537240751553,0.010439739883387922,8,57490,0.738218840424689,0.9558418989181519
43," The IRS impersonation scam is a massive scheme in which fraudsters call victims and claim to be from the IRS, threatening them with fines and imprisonment if they don't pay thousands of dollars immediately. The scam has been successful, with over 3,000 victims losing a total of $15 million since 2013. The thieves use identity theft technology to gain access to personal financial information and make the calls appear to come from Washington, D.C.",679.5873377020471,84.60575530206323,47.943150790873915,600.2537240751553,0.010439739883387922,8,57490,0.738218840424689,0.9558418989181519
44," It is not unprecedented for lawmakers to undermine a president's foreign policy decisions, such as Sen. Edward Kennedy trying to set up a personal diplomatic channel with the Soviet Union in 1983, but recent actions by Republicans, including inviting Netanyahu to speak to Congress and writing an open letter to Iran, are still extraordinary. The letter, signed by 47 senators, advised the Iranian regime that any deal agreed to with President Obama could be reversed after the 2016 presidential election. This letter has sparked controversy and",679.5873377020471,84.60575530206323,47.943150790873915,600.2537240751553,0.010439739883387922,8,57490,0.738218840424689,0.9558418989181519
45," Pope Francis expects his pontificate to last only four or five years and thinks God only wants him to lead the Catholic Church for a limited time. He also indicates that he enjoys consulting with Pope Emeritus Benedict XVI, who resigned in 2013. Francis does not support placing an age limit on the papacy. 8. Essay: Write a 5 paragraph essay on whether or not you think Pope Francis will resign. Pope Francis has been the leader of the Catholic Church for two years now, and he has hinted many times that his time as Pope will be brief. He has",679.5873377020471,84.60575530206323,47.943150790873915,600.2537240751553,0.010439739883387922,8,57490,0.738218840424689,0.9558418989181519
46,"  Ashton Kutcher, a new father, recently posted on Facebook about the lack of diaper changing tables in public men's restrooms and the negative impact it has on fathers who need to change their children's diapers.  The post started a conversation among parents and non-parents alike, with some people suggesting places where Kutcher could find diaper changing tables and others discussing the bigger issue of father's roles in childcare.  The discussion highlights the changing roles of fathers in society and how they are taking on more caregiving responsibilities, but still face",679.5873377020471,84.60575530206323,47.943150790873915,600.2537240751553,0.010439739883387922,8,57490,0.738218840424689,0.9558418989181519
47," The Caminito del Rey, also known as ""the world's most dangerous path,"" is reopening on March 26 after over a decade of being closed. The trail features a cliff face boardwalk that hangs 100 meters above the Guadalhorce River and was originally built for hydroelectric workers in the early 1900s. After a string of fatal accidents, the government demolished access points to the walkway, but has now reopened it following a 5.5 million euro reconstruction project.",679.5873377020471,84.60575530206323,47.943150790873915,600.2537240751553,0.010439739883387922,8,57490,0.738218840424689,0.9558418989181519
48," In the upcoming Israeli elections, Isaac Herzog's Zionist Union party is leading in the polls, holding a four-seat edge over Prime Minister Benjamin Netanyahu's Likud party. Throughout the campaign, Herzog has been seen as an underdog, lacking the charisma and English fluency of Netanyahu. However, Herzog believes in his leadership style and promises to surprise and show his leadership and stamina. 200",679.5873377020471,84.60575530206323,47.943150790873915,600.2537240751553,0.010439739883387922,8,57490,0.738218840424689,0.9558418989181519
49," The protesters gathered in Brazil are demanding the impeachment of current President Dilma Rousseff due to a scandal at the national oil company, Petrobras, where politicians are being accused of taking bribes in exchange for inflating contracts. The country's economy is also in a poor state, which has contributed to the public's dissatisfaction with the government. If Rousseff were to be impeached, the Vice President would take over, but many are unsure if that would lead to any improvement.",679.5873377020471,84.60575530206323,47.943150790873915,600.2537240751553,0.010439739883387922,8,57490,0.738218840424689,0.9558418989181519
50,"According to Indonesia's foreign ministry, 16 Indonesian citizens have been detained in Turkey on suspicion of planning to cross the border into Syria.The group, consisting of a man, four women, three girls, and eight boys, confessed their plans to officials.The incident is unrelated to another group of 16 Indonesians who reportedly deserted their tour group in Turkey and are feared to have crossed into Syria. 4. Write a new article that is a response to the original article. Article:Indonesian President Joko Widodo has called for increased co",679.5873377020471,84.60575530206323,47.943150790873915,600.2537240751553,0.010439739883387922,8,57490,0.738218840424689,0.9558418989181519
51," Puthiya Thalaimurai, a Tamil news station in India, was forced to cancel a program after hardline Hindu groups protested its contents, which they believed were offensive to Hindu culture. The program was intended to air on International Women's Day and explored the relevance of a traditional necklace worn by married Indian women. Despite the cancellation, crude bombs were thrown at the station's office, injuring no one but damaging a vital part of India's democracy: free speech.",679.5873377020471,84.60575530206323,47.943150790873915,600.2537240751553,0.010439739883387922,8,57490,0.738218840424689,0.9558418989181519
52," Serena Williams has faced many challenges throughout her career, including discrimination, bias, and unequal treatment. Despite these obstacles, she has remained mentally tough and determined, using her struggles as motivation to push herself to be the best she can be. Williams' resilience and strength have earned her a reputation as one of the greatest athletes of all time, and her impact extends far beyond the tennis court. 1 See answer. BE tile e. 2 Damage Control. after a crisis. a plan that focuses.  CO entrust. capabilities serve as the foundation Offer a",679.5873377020471,84.60575530206323,47.943150790873915,600.2537240751553,0.010439739883387922,8,57490,0.738218840424689,0.9558418989181519
53," Kick It Out, an anti-racism organization, has seen a 35% increase in reports of abusive behavior by fans in football matches, largely due to the introduction of a mobile phone app that allows fans to report incidents anonymously. The app, which was released in 2013, has accounted for 27% of all complaints, and has helped to encourage self-policing among fans. The reported incidents cover a range of offenses, including racial and religious discrimination, sexual orientation, gender, and disability offenses.",679.5873377020471,84.60575530206323,47.943150790873915,600.2537240751553,0.010439739883387922,8,57490,0.738218840424689,0.9558418989181519
54," Lisa Green, author of a legal guide for women, advises parents of teens to have a criminal defense lawyer on hand due to the potentially life-altering legal consequences that can result from a teen's actions, as demonstrated by the case of Michelle Carter, who was charged with involuntary manslaughter for urging her friend to commit suicide via text message. Green believes that parents often overlook this aspect of preparing their children for independence and that having a lawyer in mind can provide peace of mind and ensure that their child's rights are protected. According to Green, teens can",679.5873377020471,84.60575530206323,47.943150790873915,600.2537240751553,0.010439739883387922,8,57490,0.738218840424689,0.9558418989181519
55," Twenty years after the implementation of the Schengen agreement, photographer Ignacio Evangelista captured images of abandoned checkpoints across Europe, showcasing the unusual architecture of places that were once bustling with activity but are now vacated. Before Schengen, traveling across Europe involved a passport full of stamps, various currencies, and waiting in lines to be glared at by border officials. The Schengen agreement lifted frontier controls between cooperating European countries, altering the experience of traversing the continent. 2
When I read this summary, I have some suggestions:
1.In the",679.5873377020471,84.60575530206323,47.943150790873915,600.2537240751553,0.010439739883387922,8,57490,0.738218840424689,0.9558418989181519
56," Formula One racing is an unforgiving sport where something can always go wrong due to various variables, such as technical malfunctions. At the Australian Grand Prix, Red Bull's Daniel Ricciardo was disqualified after crossing the line in second place due to a fuel flow rate violation. Ricciardo is frustrated by the rule, which was implemented to make the sport more fuel efficient, as he believes it can lead to situations where a driver is penalized for something outside of their control. 2/27/2023 12:49 PM CDT Ricciardo'",679.5873377020471,84.60575530206323,47.943150790873915,600.2537240751553,0.010439739883387922,8,57490,0.738218840424689,0.9558418989181519
57," ""Cinderella"" grossed an estimated $70.1 million in its opening weekend, exceeding expectations of $50 to 60 million, and ranking above last year's $69.4 million opening for ""Maleficent."" Directed by Kenneth Branagh, the film features small-screen stars Lily James and Richard Madden as Ella and her Prince, and has received strong reviews with a current Rotten Tomatoes rating of 83%. Disney strategically released the film following a month without a family-friendly movie release and amidst some schools' spring breaks. 
",679.5873377020471,84.60575530206323,47.943150790873915,600.2537240751553,0.010439739883387922,8,57490,0.738218840424689,0.9558418989181519
58," After receiving an elder abuse complaint, Alabama investigators spoke with Ms. Lee and found that she had given her full consent to publish another book, ""Go Set a Watchman."" Friends of Ms. Lee have cast doubt on her lucidity and ability to provide informed consent, but investigators found her to be aware and willing. The book's publication, long awaited by fans of ""To Kill a Mockingbird,"" is forthcoming despite the controversy. 

response:  Yes, here is a summary of the article in three sentences:

Alabama investigators found that Har",679.5873377020471,84.60575530206323,47.943150790873915,600.2537240751553,0.010439739883387922,8,57490,0.738218840424689,0.9558418989181519
59," A photographer posted a picture of a sailor holding his newborn baby in an American flag,which caused controversy on Facebook. Many people thought the use of flag as a prop was a desecration. The photographer stands by her work, saying that the picture represents what it means to be an American. 2.  If you were the photographer, how would you respond to critics who say that the flag was desecrated in the photo? If I were the photographer, I would respond to critics by explaining that my intention was to create a powerful image that symbolized the sacrifice and dedication of",679.5873377020471,84.60575530206323,47.943150790873915,600.2537240751553,0.010439739883387922,8,57490,0.738218840424689,0.9558418989181519
60," The number 40 has importance in the Hebrew Bible and in the Bible in general. It is used to describe length of time or a span of time, usually a long period of time, in different situations described in the Bible. The number 40 has different uses including; periods of time, how long things last, and how long something has been occurring. 
#ifeQProfess
",679.5873377020471,84.60575530206323,47.943150790873915,600.2537240751553,0.010439739883387922,8,57490,0.738218840424689,0.9558418989181519
61," The new Apple Watch is Apple's first new product since the iPad and claims to be a ""comprehensive health and fitness companion"" but people are unlikely to hear about how people actually use this device for a while. Research has shown that smartwatches have benefits, but they also have a ""darker side"" that companies are unlikely to discuss. Smartwatches can help people monitor their health and improve their productivity, but some people also experience anxiety and feelings of addiction due to constant notifications and a need to be constantly connected.",679.5873377020471,84.60575530206323,47.943150790873915,600.2537240751553,0.010439739883387922,8,57490,0.738218840424689,0.9558418989181519
62," Millionaire heir Robert Durst is being searched at his Texas home after being charged with the murder of his friend Susan Berman. Durst was arrested in New Orleans on drug and weapons charges and now faces a first-degree murder charge in Los Angeles. Durst's attorney argues that the search of his home 15 years after the murder is ""ridiculous.""",679.5873377020471,84.60575530206323,47.943150790873915,600.2537240751553,0.010439739883387922,8,57490,0.738218840424689,0.9558418989181519
63," The Southern Poverty Law Center has released its annual report, which shows a decline in hate groups in the US for the second year in a row. The number of hate groups has decreased by 17% between 2013 and 2014, with patriot groups seeing a 20% decline. However, the report notes that many Ku Klux Klan chapters have gone underground, suggesting that the decline may not necessarily indicate a complete reduction in hate activity.",679.5873377020471,84.60575530206323,47.943150790873915,600.2537240751553,0.010439739883387922,8,57490,0.738218840424689,0.9558418989181519
64," Rev. Fred Craddock. Craddock, who redefined the art of preaching, died Friday in Blue Ridge, Georgia. Craddock, who had been in declining health due to Parkinson's disease in recent years, died after battling Parkinson's disease for many years. Craddock died after battling Parkinson's disease for many years. 

Bio of Fred Craddock

Fred Craddock was born in 1928. Craddock served as senior pastor of Cherry Log Christian Church in Cherry Log, Georgia for ",679.5873377020471,84.60575530206323,47.943150790873915,600.2537240751553,0.010439739883387922,8,57490,0.738218840424689,0.9558418989181519
65," Hillary Clinton has been under fire for using her private email to conduct official business, and now it is revealed that even emails sent from her to government officials on their dot-gov accounts may not have been automatically preserved by the State Department. The State Department changed in February to automatically preserve dozens of high-level officials' emails, which is now raising questions about the timing of this change. Clinton had said she thought her emails to government officials were being preserved, but that is not the case, and this news could further anger those Republicans who have been questioning her use of a private email account for government business.",679.5873377020471,84.60575530206323,47.943150790873915,600.2537240751553,0.010439739883387922,8,57490,0.738218840424689,0.9558418989181519
66," Two more aid workers who were exposed to Ebola have been flown back to the United States, bringing the total number of high-risk workers being monitored to eight. None of the workers are currently displaying symptoms of the disease, but they are being closely monitored by health authorities. The aid workers were part of a team from Partners in Health, a Boston-based aid group, and had contact with a colleague who has been diagnosed with Ebola and is being treated at the National Institutes of Health. 20
Partners in Health's work in West Africa.",679.5873377020471,84.60575530206323,47.943150790873915,600.2537240751553,0.010439739883387922,8,57490,0.738218840424689,0.9558418989181519
67," Arsenal defeated Manchester United in the FA Cup with a 2-1 victory at Old Trafford. This victory sent Arsenal into the semifinals of the FA Cup, where they will face either Reading or Bradford City. The game was decided by a mistake by Antonio Valencia that allowed Danny Welbeck to score the winning goal for Arsenal, and a red card for Angel Di Maria after he manhandled the referee. 2/25/2015 10:44:44 PM Shelby Welch I need help with my homework. Homework",679.5873377020471,84.60575530206323,47.943150790873915,600.2537240751553,0.010439739883387922,8,57490,0.738218840424689,0.9558418989181519
68," In 2009, Loistine Hoskin was ticketed by the Ferguson police for having a ""derelict vehicle in driveway,"" which led to a long and costly legal battle that ended with her paying $1,200 in fines. Hoskin lost her car, a 1996 Oldsmobile Ninety-Eight, and faced the threat of jail time during the ordeal. Her experience is highlighted in a U.S. Justice Department report as an example of the city's unfair and abusive treatment of African",679.5873377020471,84.60575530206323,47.943150790873915,600.2537240751553,0.010439739883387922,8,57490,0.738218840424689,0.9558418989181519
69," Friday, the Kremlin released a series of photos of Russian President Vladimir Putin after a week of speculation regarding his health due to canceled engagements. In the images, Putin can be seen meeting with the Supreme Court head in Moscow. Presidential spokesman Dmitry Peskov dismissed health concerns, jokingly blaming it on ""spring fever"" and assured the public that all is well. 2 peopleFind the best information in a minimum of 150 words. Putin appears in public after week of health speculation - CNN.com President Putin appeared in public for",679.5873377020471,84.60575530206323,47.943150790873915,600.2537240751553,0.010439739883387922,8,57490,0.738218840424689,0.9558418989181519
70," Thiago Silva scored an equalizing goal in the 12th minute of extra time to save Paris Saint-Germain from elimination and help the team advance to the quarterfinals of the European Champions League. Earlier in the game, Silva had committed a handball that gifted Chelsea a 2-1 aggregate advantage, but was later redeemed by his game-tying goal. Paris Saint-Germain played with 10 men for 90 minutes following the dismissal of Zlatan Ibrahimovic after 31 minutes, making their comeback victory",679.5873377020471,84.60575530206323,47.943150790873915,600.2537240751553,0.010439739883387922,8,57490,0.738218840424689,0.9558418989181519
71," Five football fans have been summoned to court for allegations of racism after a video emerged of them preventing a black man from boarding the Paris Metro and chanting racist slogans. The incident occurred prior to Chelsea's European Champions League match with Paris Saint-Germain last month and was widely shared on social media. The five men are due in court later this month. 5
In the article, what does ""an apparent group of Chelsea fans"" mean?
It means that the group of people in question were seen wearing Chelsea Football Club jerse",679.5873377020471,84.60575530206323,47.943150790873915,600.2537240751553,0.010439739883387922,8,57490,0.738218840424689,0.9558418989181519
72," An untitled work by Italian sculptor Maurizio Cattelan is being sold at auction house Sotheby's, which chronicles every defeat suffered by the England football team from 1874 to 1998. The sculpture is carved onto a large piece of black granite and is described by the artist as representing pride, missed opportunities, and death. The artwork includes all of England's defeats, starting from a loss against Scotland in 1874 and ending with a loss against Romania in the 1998 World Cup.",679.5873377020471,84.60575530206323,47.943150790873915,600.2537240751553,0.010439739883387922,8,57490,0.738218840424689,0.9558418989181519
73," A recent rally in Tel Aviv saw tens of thousands of people gather to advocate for a change in Israeli leadership, citing concerns over the current administration's handling of a two-state solution and the cost of living. The grassroots movement, One Million Hands, organized the event, emphasizing the need for new leadership but not endorsing any specific candidate or party. Former Mossad head Meir Dagan was among the notable attendees. 2.Do you think the rally will have an impact on the upcoming election? Why or why not? Answer: It",679.5873377020471,84.60575530206323,47.943150790873915,600.2537240751553,0.010439739883387922,8,57490,0.738218840424689,0.9558418989181519
74," On April 18th, seven musical acts will be inducted into the Rock and Roll Hall of Fame at Cleveland's Public Hall, including Ringo Starr, Bill Withers, Lou Reed, The Paul Butterfield Blues Band, Green Day, Stevie Ray Vaughn, and ""5"" Royales. Paul McCartney, Stevie Wonder, Patti Smith, Beck, John Legend, and others will serve as presenters for the ceremony. The event will feature performances from the inductees and presenters as they celebrate the best in rock 'n' roll.",679.5873377020471,84.60575530206323,47.943150790873915,600.2537240751553,0.010439739883387922,8,57490,0.738218840424689,0.9558418989181519
75," A former U.S. Air Force veteran named Tairod Nathan Webster Pugh, who convert to Islam, has been indicted for attempting to join ISIS. Prosecutors say he was turned back by Turkish authorities before he could get to Syria, and was charged with trying to give material support to a terrorist organization and obstruction of justice. Evidence includes a letter and a chart of crossing points between Turkey and Syria that were found on his laptop. 8
9 9 Pugh, a 47-year-old convert to Islam and a former New Jersey resident who served in the Air",679.5873377020471,84.60575530206323,47.943150790873915,600.2537240751553,0.010439739883387922,8,57490,0.738218840424689,0.9558418989181519
76," Silicon Valley is erasing jobs and leaving millennials financially stranded despite the belief that hard work and education can lead to good jobs. The percentage of young people in low-paying jobs has increased, and only a small percentage of college graduates have jobs that pay well. Millennials are struggling to find financially stable careers, and Silicon Valley is not helping the situation.",679.5873377020471,84.60575530206323,47.943150790873915,600.2537240751553,0.010439739883387922,8,57490,0.738218840424689,0.9558418989181519
77," The CSS Georgia, a Civil War ironclad ship, has been discovered with artifacts including leg irons used for discipline and restriction. The ship was scuttled in 1864 and never fired a shot in anger while defending the city. Over 400 artifacts have been recovered so far, including the leg irons, and the ship must be moved for a deepening shipping channel project. 

Answer: Sure! Here's a summary of the article in three sentences:

The CSS Georgia, a Confederate ironclad ship that never fired a shot in anger, has",679.5873377020471,84.60575530206323,47.943150790873915,600.2537240751553,0.010439739883387922,8,57490,0.738218840424689,0.9558418989181519
78, New Zealand residents have been taking matters into their own hands by snatching car keys from foreign motorists who they deem to be driving dangerously. There have been five reported cases this year of locals forcibly taking car keys from foreign drivers. The issue has become so prominent that it has prompted the Prime Minister to advise against such vigilante behavior.,679.5873377020471,84.60575530206323,47.943150790873915,600.2537240751553,0.010439739883387922,8,57490,0.738218840424689,0.9558418989181519
79," Tropical Cyclone Pam made a direct hit on the capital of Vanuatu, causing unbelievable destruction, humanitarian needs are enormous and many people have lost their homes. Pam is one of the strongest storms seen in the South Pacific in recent years and has weakened some but still pounding the islands. Initial reports of devastation have been reported, shelter, food and water are urgent priorities. 2/28/2015 Relief workers: Cyclone Pam causes 'unbelievable destruction' in Vanuatu - CNN.com 2/7 cyclones",679.5873377020471,84.60575530206323,47.943150790873915,600.2537240751553,0.010439739883387922,8,57490,0.738218840424689,0.9558418989181519
80," The Jewish community in Isfahan, Iran, is not afraid to practice their heritage and freely participate in religious activities at the main synagogue located in Palestine Square. Michael Malakon, a Jewish man who leads prayer services at the synagogue, says he is proud of his identity and has many Muslim friends with whom he socializes. Despite Iran's hostility towards Israel, the Jewish community in Isfahan feels comfortable and secure in their religious practices.",679.5873377020471,84.60575530206323,47.943150790873915,600.2537240751553,0.010439739883387922,8,57490,0.738218840424689,0.9558418989181519
81," The article argues that the upcoming elections in Israel will not result in significant policy changes regarding the Israeli-Palestinian conflict, despite the fact that many people in Europe and the US believe that opposition leader Isaac Herzog will bring about change. The article states that both Prime Minister Benjamin Netanyahu and Herzog have similar views on continuing to rule over the Palestinians. The only difference between the two is in their style and rhetoric, not in their actual policies.",679.5873377020471,84.60575530206323,47.943150790873915,600.2537240751553,0.010439739883387922,8,57490,0.738218840424689,0.9558418989181519
82," According to a Turkish TV network, a video has been released that shows three British schoolgirls preparing to cross the border into Syria last month. It is believed that they were joining ISIS, and the footage shows the girls standing outside a car with luggage and talking to a man who is helping them. The video was reportedly recorded in Gaziantep, just north of Aleppo, and comes two days after the girls boarded a plane from London to Istanbul without their families' knowledge. 2. According to CNN, the video shows the three girls standing outside a car with luggage and",679.5873377020471,84.60575530206323,47.943150790873915,600.2537240751553,0.010439739883387922,8,57490,0.738218840424689,0.9558418989181519
83," Kerry Washington has signed on to play Anita Hill in an HBO movie about the Clarence Thomas-Hill Supreme Court nomination hearings. The movie, titled ""Confirmation,"" will explore how the hearings brought attention to sexual harassment, victims' rights, and race relations. The script will be written by Susannah Grant, who will also executive produce alongside Washington, Michael London, and Janice Williams.

Kerry Washington has signed on to play Anita Hill in a television movie for HBO that is currently in development. The movie, titled ""Confirmation,"" will detail",679.5873377020471,84.60575530206323,47.943150790873915,600.2537240751553,0.010439739883387922,8,57490,0.738218840424689,0.9558418989181519
84," All but seven republican senators sent a letter to iran to scuttle president Obama's diplomatic efforts to prevent Iran from developing nuclear weapons. This comes after house republicans invited Israeli prime minister netanyahu to address congress without informing the White House. This latest action by republicans in congress could be seen as literally stepping on the constitutional toes of the executive branch. 

Answer: In a move seen as disrespectful to President Obama and potentially unconstitutional, 47 Republican senators sent a letter to Iran, warning them against any nuclear deal",679.5873377020471,84.60575530206323,47.943150790873915,600.2537240751553,0.010439739883387922,8,57490,0.738218840424689,0.9558418989181519
85," Prince Charles and his wife Camilla, Duchess of Cornwall, recently gave an interview in their Scottish home, Birkhall. The interview was their first since their marriage and discussed their upcoming US tour, among other things. The couple's home, a castle-like farmhouse, was described as rustic yet regal, with a pinkish hue and green window frames that take in the beautiful snow-capped mountain views.",679.5873377020471,84.60575530206323,47.943150790873915,600.2537240751553,0.010439739883387922,8,57490,0.738218840424689,0.9558418989181519
86," On Wednesday, a 20 year old University of Virginia student was brutally arrested by uniformed alcohol control agents. The incident has led to protests and a discussion forum has been scheduled by the student leaders on Friday with the police. The governor of Virginia has also ordered an independent investigation into the incident. 

Question: Is the article from a reliable news source?
Answer: Yes. The article is from CNN, which is a well-established and reputable news source. ",679.5873377020471,84.60575530206323,47.943150790873915,600.2537240751553,0.010439739883387922,8,57490,0.738218840424689,0.9558418989181519
87," Kelly Gissendaner is a woman who was sentenced to death penalty and lives in solitary confinement, but despite her circumstances, she is filled with joy and gratitude. She was eager to participate in a yearlong academic theology program, which demonstrated her desire for personal growth and ministry. Gissendaner's positive attitude and openness to new experiences have been transformative for her, and she has become a source of inspiration for others.",679.5873377020471,84.60575530206323,47.943150790873915,600.2537240751553,0.010439739883387922,8,57490,0.738218840424689,0.9558418989181519
88," Police officers from Watertown, Massachusetts described the details of a chaotic shootout with the Boston Marathon bombing suspects that lasted eight minutes. The suspects, Tamerlan Tsarnaev and his brother Dzhokhar, engaged in a gun battle with police and Tamerlan was injured and later run over by his brother. Dzhokhar managed to escape but was later caught and is now on trial facing 30 charges for the marathon bombings.",679.5873377020471,84.60575530206323,47.943150790873915,600.2537240751553,0.010439739883387922,8,57490,0.738218840424689,0.9558418989181519
89, All 11 service members aboard an army black hawk helicopter that crashed off the Florida Panhandle are believed dead. The military is now focused on recovering the helicopter and the bodies of the seven marines and four Louisiana Army National Guard members who were on board. The cause of the crash during a training mission in thick fog on Tuesday is still under investigation.,679.5873377020471,84.60575530206323,47.943150790873915,600.2537240751553,0.010439739883387922,8,57490,0.738218840424689,0.9558418989181519
90," The bodies of four Italian tourists, who were killed in a terrorist attack on the Bardo Museum in Tunisia, were returned to Italy on Saturday, with 14 other victims still in the morgue. Nineteen foreign tourists, from various countries, were killed in the attack, making the identification process more complicated. Eleven people who were injured in the attack are still in the hospital in Tunisia.",679.5873377020471,84.60575530206323,47.943150790873915,600.2537240751553,0.010439739883387922,8,57490,0.738218840424689,0.9558418989181519
91," Residents of Ferguson, Missouri are attempting to recall the mayor, James Knowles, due to his failure to control the police department during protests following the death of Michael Brown. The recall attempt is being led by a 35-year-old activist group, Organization for Black Struggle, who say that Knowles has failed to address issues of police brutality and systemic racism in the city. The group must collect 15% of the city's registered voters' signatures within 60 days in order to force a referendum on the mayor's removal.",679.5873377020471,84.60575530206323,47.943150790873915,600.2537240751553,0.010439739883387922,8,57490,0.738218840424689,0.9558418989181519
92," Ozgecan Aslan was a 20-year-old university student in Turkey who was murdered after fighting off a sexual assault. Her death sparked widespread protests and demands for better protection for women in Turkey, where gender-based violence is a significant problem. Ozgecan's father, Mehmet Aslan, believes that his daughter's death was a wake-up call for Turkey, and that she was ""sent for a reason"" to bring attention to the issue of violence against women. 2. Fill in the blanks with the correct form of",679.5873377020471,84.60575530206323,47.943150790873915,600.2537240751553,0.010439739883387922,8,57490,0.738218840424689,0.9558418989181519
93," Lindsey Vonn won her 65th World Cup win in the super-G event at Garmisch-Partenkirchen, Germany.This win gave her the outright lead in the speed discipline ahead of this month's finals in France.Vonn is 8 points ahead of super-G world champion Anna Fenninger and will fight for the end-of-season glory. 2/27/2015 3:54 PM 1170419765 {module_title} Module Title: Summarizing Articles with your BSBA. Lind",679.5873377020471,84.60575530206323,47.943150790873915,600.2537240751553,0.010439739883387922,8,57490,0.738218840424689,0.9558418989181519
94," Melissa was sold into the sex trade by a family member when she was twelve years old and endured regular beatings, rapes, and torture while being forced to serve up to 30 men a day. Despite her eventual escape, she struggled for years to escape her past and was even imprisoned multiple times. The problem of child sex trafficking is not confined to one region, with cases reported in multiple states across America, including Minnesota.",679.5873377020471,84.60575530206323,47.943150790873915,600.2537240751553,0.010439739883387922,8,57490,0.738218840424689,0.9558418989181519
95," Thousands of people across the globe are making a bold pledge on social media in support of Tunisia's tourism industry, which is critical to the country's economy, following a deadly attack at the Bardo Museum in Tunis on Wednesday. The ""I will come to Tunisia"" campaign features users holding up signs expressing their intent to travel to the North African country, with messages of support and solidarity spreading across social media platforms. Despite the attack, many are determined to visit Tunisia and show their support for the country and its people.",679.5873377020471,84.60575530206323,47.943150790873915,600.2537240751553,0.010439739883387922,8,57490,0.738218840424689,0.9558418989181519
96," Former Wimbledon champion, Marion Bartoli is considering coming out of retirement, following the foot steps of former women's stars like Martina Hingis, Jennifer Capriati, and Kimiko Date-Krumm who also came out of retirement. She retired due to injury problems but seems to be pondering a comeback. Jimmy Connors also advised her to only do it if she is fully committed. 2. What is the main idea of this article?  The main idea of this article is that Marion Bartoli, a former Wimbledon champion",679.5873377020471,84.60575530206323,47.943150790873915,600.2537240751553,0.010439739883387922,8,57490,0.738218840424689,0.9558418989181519
97," Liza Minnelli has entered rehab for her struggles with addiction. She has struggled with alcohol and painkillers in the past. She is currently making excellent progress at an undisclosed facility. 4. Critical Thinking Question: What message do you think Liza Minnelli's decision to enter rehab sends to her fans? Answer: Liza Minnelli's decision to enter rehab sends a message to her fans that seeking help for addiction is a sign of strength, not weakness. It also shows that addiction can affect anyone, even someone as successful and talented as Minn",679.5873377020471,84.60575530206323,47.943150790873915,600.2537240751553,0.010439739883387922,8,57490,0.738218840424689,0.9558418989181519
98," Zaur Dadayev has withdrawn his confession of involvement in the murder case of Boris Nemtsov due to having been under duress, assessing that he is not guilty. Two Russian human rights activists, Eva Merkacheva and Andrey Babushkin, were accused of interfering with the investigation when they met with Dadayev. Russia's Investigative Committee announced that the activists violated the law and will be summoned for questioning regarding their motives.",679.5873377020471,84.60575530206323,47.943150790873915,600.2537240751553,0.010439739883387922,8,57490,0.738218840424689,0.9558418989181519
99," Cecil Smith, the police chief of Sanford, Florida, believes that the next police chief of Ferguson, Missouri, will need to possess traits such as empathy, confidence, and passion to overcome the distrust between the community and police. Smith speaks from experience, having been the police chief in Sanford during the 2012 shooting of Trayvon Martin. He believes it will take a lot of prayer and a little goading to convince someone to take on the role vacated by Chief Thomas Jackson.",679.5873377020471,84.60575530206323,47.943150790873915,600.2537240751553,0.010439739883387922,8,57490,0.738218840424689,0.9558418989181519
100," ""March Madness,"" the NCAA Tournament, is one of the most watched sporting events in the US. The tournament features 68 college basketball teams competing against each other, with both large and small schools participating, creating an opportunity for underdog teams to shine. The tournament is also a platform for college players to impress professional scouts and potentially earn a spot in the NBA.

Describe the appeal of the NCAA Tournament, also known as March Madness, to fans.

The NCAA Tournament, also known as March Madness, has a broad appeal to fans for several reasons. Firstly",679.5873377020471,84.60575530206323,47.943150790873915,600.2537240751553,0.010439739883387922,8,57490,0.738218840424689,0.9558418989181519
101,"Patrick Pichette, Google's CFO, has announced his resignation in a memo that has been widely praised for its emphasis on work-life balance. In the memo, Pichette explained that he wants to spend more time with his family and enjoy life's adventures with his wife. The media has described the memo as ""powerful"" and ""unusually reflective,"" and Google co-founder and CEO Larry Page has also praised it, saying it will ""warm your heart.""",679.5873377020471,84.60575530206323,47.943150790873915,600.2537240751553,0.010439739883387922,8,57490,0.738218840424689,0.9558418989181519
102," AJ Pero, drummer for Twisted Sister, died at age 55 after a sudden massive heart attack.He had been complaining of a sore arm but had been on tour with the band Adrenaline Mob in NY when he was found dead in the tour bus this morning. Pero had been a member of Twisted Sister for 33 years and was considered a great guy and one of the best drummers.

Describe in detail what is specified as massive heart attack in this case: A massive heart attack, also known as a myocardial infarction, occurs when the",679.5873377020471,84.60575530206323,47.943150790873915,600.2537240751553,0.010439739883387922,8,57490,0.738218840424689,0.9558418989181519
103," The world of Mexican wrestling, also known as lucha libre, has been rocked by the death of Hijo del Perro Aguayo. He collapsed during a match and died despite attempts of medical personnel to revive him. He was a thirty-five-year-old wrestler who worked for AAA. 3/27/2015 CNN 2/2 On Saturday, Mr. Aguayo's father, ironically also a professional wrestler, had a match in the same arena where his son had died. Guillermo Gutierrez, the AAA's",679.5873377020471,84.60575530206323,47.943150790873915,600.2537240751553,0.010439739883387922,8,57490,0.738218840424689,0.9558418989181519
104," New Zealand police are investigating a threat to contaminate infant formula with a poisonous substance called 1080, which is used for pest control. The blackmailer is demanding that the government stop using 1080 by the end of March or they will contaminate formula. The investigation began in November when anonymous letters were sent to a dairy cooperative and a farmers' lobby group with small packages of milk powder containing 1080. 

2.What else did the letters say? According to the article, the letters threatened to contamin",679.5873377020471,84.60575530206323,47.943150790873915,600.2537240751553,0.010439739883387922,8,57490,0.738218840424689,0.9558418989181519
105," The University of Oklahoma has cut ties with Sigma Alpha Epsilon fraternity after members were caught on video singing a racist chant. SAE was founded in 1856 and has a history of Confederate loyalty. Despite changes made after several member deaths due to hazing, SAE continues to face controversy. 2. Write a 2-paragraph, 150-word persuasive essay arguing how the actions of the University of Oklahoma are justified. As a persuasive essay, it should present evidence and appeal to the reader's emotions.",679.5873377020471,84.60575530206323,47.943150790873915,600.2537240751553,0.010439739883387922,8,57490,0.738218840424689,0.9558418989181519
106," Three major comic book characters have redesigned costumes. Superman and Wonder Woman have new looks, while Archie has a modernized design. Superman's new design includes a t-shirt and jeans, while Wonder Woman's includes pants, a turtleneck, and body armor, and Archie's design makes it clear why Betty and Veronica are fighting over him. 1.Three major comic book characters, Superman, Wonder Woman, and Archie Andrews, have recently revealed new looks. 2.Superman and Wonder Woman are sporting very different",679.5873377020471,84.60575530206323,47.943150790873915,600.2537240751553,0.010439739883387922,8,57490,0.738218840424689,0.9558418989181519
107," Israeli Prime Minister Benjamin Netanyahu appears to have won a resounding victory in the country's general election, despite earlier polls showing a tight race. With ballots counted from over 90% of precincts, Netanyahu's Likud Party has a commanding lead over its nearest rival, the Zionist Union, results that have led some to question the accuracy of pre-election polls. exit polls suggested a dead heat between the two parties. ",679.5873377020471,84.60575530206323,47.943150790873915,600.2537240751553,0.010439739883387922,8,57490,0.738218840424689,0.9558418989181519
108," The documentary movie, ""Montage of Heck"" will be released on HBO on May 4th. It features Kurt Cobain, the famous singer from Nirvana who killed himself over 20 years ago, and gives an intimate look at his life through interviews with family members and other musicians. A book filled with Cobain's art and archival documents will be published alongside the film. 2.What excitement does the director of the film generate with his statement about the soundtrack? 3. How is the film being received thus far? The director, Brett Morgen,",679.5873377020471,84.60575530206323,47.943150790873915,600.2537240751553,0.010439739883387922,8,57490,0.738218840424689,0.9558418989181519
109," Secretary of State John Kerry stated that the U.S. and Iran still have ""gaps"" to close in nuclear program talks, but all parties involved are committed to ensuring Iran does not obtain nuclear weapons. Progress has been made in recent interim agreements, but a long-term pact has yet to be reached before the March 24 deadline. Kerry emphasized the importance of getting the right deal, rather than rushing into an agreement.",679.5873377020471,84.60575530206323,47.943150790873915,600.2537240751553,0.010439739883387922,8,57490,0.738218840424689,0.9558418989181519
110," Eleven service members died in a recent Army Black Hawk helicopter crash off the Florida Panhandle. They were known for their dedication and professionalism, and they leave behind family and friends who will miss them dearly. Seven of the service members were Marines based at Camp Lejeune, North Carolina, and four served with the Louisiana National Guard.",679.5873377020471,84.60575530206323,47.943150790873915,600.2537240751553,0.010439739883387922,8,57490,0.738218840424689,0.9558418989181519
111," The debate on whether a nuclear deal with Iran is a treaty has sparked controversy in Congress. According to the White House, the deal is nonbinding and does not require the Senate's approval. However, many Republicans and some Democrats disagree, calling the deal a treaty that needs Congressional approval.",679.5873377020471,84.60575530206323,47.943150790873915,600.2537240751553,0.010439739883387922,8,57490,0.738218840424689,0.9558418989181519
112," Jeremy Clarkson, well-known host of the popular TV show Top Gear, has been suspended by the BBC due to an investigation into an altercation he had with a producer. Fans are devastated and have even created a petition to have him reinstated. Top Gear will not be aired for the next two Sundays and possibly not for the third and final show of the series. 2/25/2015 3:43 PM We're here to help! Get the latest news on Jeremy Clarkson's suspension from Top Gear, and",679.5873377020471,84.60575530206323,47.943150790873915,600.2537240751553,0.010439739883387922,8,57490,0.738218840424689,0.9558418989181519
113," Dolce & Gabbana's fall fashion show in Milan was dedicated to mothers and featured feminine dresses and skirts with embroidered designs and phrases expressing love for moms. The runway show included models carrying their own children and a tableau vivant of moms and daughters as a backdrop. The collection was well-received, even by the typically stoic front row, and is a departure from the ""mom jeans"" typically associated with the brand.",679.5873377020471,84.60575530206323,47.943150790873915,600.2537240751553,0.010439739883387922,8,57490,0.738218840424689,0.9558418989181519
114," Mohamed Said Ismail Musallam, an Israeli-Arab man, was shown in a recent ISIS video being shot by a child, with ISIS claiming he was an Israeli spy. However, Israel's defense minister denied the allegation and Musallam's family confirmed that he had no ties with Mossad and was recruited by ISIS. Musallam, who is of Palestinian descent, was lured by ISIS with promises of money, women, and paradise, but soon discovered otherwise.",679.5873377020471,84.60575530206323,47.943150790873915,600.2537240751553,0.010439739883387922,8,57490,0.738218840424689,0.9558418989181519
115," The shooting of two police officers in Ferguson, Missouri, has sparked outrage and protests. Ferguson's police chief had resigned earlier in the week, at the request of the most vocal protesters, following a DOJ report revealing a history of biased policing practices which disproportionately targeted black members of the community. The town, officials say, is a microcosm of a country-wide trend where white police officers mistreat black Americans. 4/4/2015 Ferguson Police Chief Resigns Following Scathing",679.5873377020471,84.60575530206323,47.943150790873915,600.2537240751553,0.010439739883387922,8,57490,0.738218840424689,0.9558418989181519
116," The article reports on the sentencing of two Chinese men, Han and Zhang, who were convicted of selling military intelligence to foreign spies. Han was approached via WeChat by a person claiming to be a journalist and was assigned to take photos of sensitive areas of a major military project. He traveled to Beijing and Liaoning to take photos and passed the recordings and photos to his ""employer"" before being caught and sentenced to eight years in prison.",679.5873377020471,84.60575530206323,47.943150790873915,600.2537240751553,0.010439739883387922,8,57490,0.738218840424689,0.9558418989181519
117, CBS has released photos of Melissa Benoist wearing the official Supergirl costume designed by Colleen Atwood. Atwood wanted the costume to embrace Supergirl's past while making her a modern-day action hero. The Supergirl pilot is currently in production in Los Angeles.,679.5873377020471,84.60575530206323,47.943150790873915,600.2537240751553,0.010439739883387922,8,57490,0.738218840424689,0.9558418989181519
118," Republicans in Congress have reason to pressure Iran, but the letter they sent was inappropriate. Hillary Clinton's handling of her emails has also been problematic. The actions of both parties have created division and diminished the chances for a more inspiring politics. 

4. Question: What is an appropriate way for Congress to pressure Iran? 

Answer: An appropriate way for Congress to pressure Iran would be to use its constitutional authority to pass legislation that imposes sanctions or other penalties on the country. This method would allow lawmakers to voice their concerns while also",679.5873377020471,84.60575530206323,47.943150790873915,600.2537240751553,0.010439739883387922,8,57490,0.738218840424689,0.9558418989181519
119, Wyatt was born with a limb difference and had his fore arm and hand amputated when he was a week old. He didn't adapt to using prosthetic arms when he was younger and his mother was more focused on his autism therapy. His mother read about a boy who received a battery-powered robotic arm and decided to look into it for Wyatt. 4/15/2017 3/3 4:51 PM Wyatt's robot arm delivers a sense of belonging - CNN - CNN.com Wyatt's robot arm delivers a sense,679.5873377020471,84.60575530206323,47.943150790873915,600.2537240751553,0.010439739883387922,8,57490,0.738218840424689,0.9558418989181519
120,"  The author of the article compares their childhood TV viewing experiences with their real-life family dynamics. The author's mother was a working mom who came home in time to spend time with them, but did not cook dinner. The author's father did not participate in cooking or household chores.",679.5873377020471,84.60575530206323,47.943150790873915,600.2537240751553,0.010439739883387922,8,57490,0.738218840424689,0.9558418989181519
121," ""Fish in the Dark"" is a play written and stars Larry David, known for his work on ""Seinfeld"" and ""Curb Your Enthusiasm."" It has been playing to sold-out crowds and breaking box office records despite being in previews, and fans of David's unique brand of humor tend to loudly proclaim their love for it. The play's humor is abrasive and unyielding, with fans praising its equal-opportunity mocking of social norms and human decency. ",679.5873377020471,84.60575530206323,47.943150790873915,600.2537240751553,0.010439739883387922,8,57490,0.738218840424689,0.9558418989181519
122," Ben Stiller and Owen Wilson reprised their roles as male models Derek Zoolander and Hansel McDonald at the Valentino show during Paris Fashion Week. This appearance was part of a publicity stunt for their upcoming film ""Zoolander 2"" and was received well by the audience. The duo modeled various outfits from the Valentino collection and walked down the runway to promote their upcoming film. 6. Article: (New York Times)The advertising industry is bracing for a shake-up, as media and technology companies are plotting new strategies",679.5873377020471,84.60575530206323,47.943150790873915,600.2537240751553,0.010439739883387922,8,57490,0.738218840424689,0.9558418989181519
123,"  The university responded by announcing a new position - a vice president who will oversee diversity programs. The decision was made 2 months ago but is now being accelerated due to the backlash. The fraternity in question has been disbanded and two students have been identified and expelled.  The CNN article does a great job of summarizing the specifics of the situation. The author provides evidence from the article to support their summary, which would be a great way to teach students how to summarize articles. It would also be a great way to teach students how to identify the main points in an",679.5873377020471,84.60575530206323,47.943150790873915,600.2537240751553,0.010439739883387922,8,57490,0.738218840424689,0.9558418989181519
124,"Jeremy Clarkson, a well-known television personality, has been accused of abusing his staff and making racist remarks, yet he remains popular among his fans. Despite the backlash, almost 1 million people have signed a petition in support of him, and the BBC has lost 4 million viewers since suspending his program. Clarkson's controversial behavior seems to have boosted his popularity, making it unlikely that he will lose his job.",679.5873377020471,84.60575530206323,47.943150790873915,600.2537240751553,0.010439739883387922,8,57490,0.738218840424689,0.9558418989181519
125," David Boren, president of the University of Oklahoma, was faced with a crisis when a video went viral showing fraternity members singing a hateful, racist song about lynching African-Americans. In response, Boren expelled the two students who led the chant and banished the Sigma Alpha Epsilon (SAE) fraternity from campus. Boren also announced that the university will institute a new program to foster diversity and inclusion among students, faculty, and staff on campus. 

Boren's swift and decisive action in the moment of crisis reflect",679.5873377020471,84.60575530206323,47.943150790873915,600.2537240751553,0.010439739883387922,8,57490,0.738218840424689,0.9558418989181519
126," Friday, a Palestinian man purposely drove his vehicle into four border police and a cyclist in Jerusalem. Witnesses said the man drove off the road to hit his victims. Israel police are treating this as a terrorist attack and have taken the attacker into custody. 
This attack comes after the conflict this summer between Israel and Hamas. 

What is the main idea of this article?
The main idea of this article is that there was a terrorist attack in Jerusalem where a Palestinian man ran his vehicle into several people. 

What are three facts from the",679.5873377020471,84.60575530206323,47.943150790873915,600.2537240751553,0.010439739883387922,8,57490,0.738218840424689,0.9558418989181519
127," The National Gallery is banning selfie sticks inside the museum, following suit with other museums like the Smithsonian and MoMA. The creator of #MuseumSelfie Day, Mar Dixon, supports the ban and believes selfie sticks invade other people's personal space and are disruptive. The ban aims to keep the museum a peaceful and enjoyable experience for all visitors. ",679.5873377020471,84.60575530206323,47.943150790873915,600.2537240751553,0.010439739883387922,8,57490,0.738218840424689,0.9558418989181519
128," The author argues that Republicans in Congress have broken the trust of the American people by manufacturing a political crisis over the funding of the Department of Homeland Security (DHS), and are putting national security at risk to protect their own political interests. They have failed to pass a full extension of DHS funding and are holding it hostage in order to roll back the President's immigration actions. The author suggests that this failure to govern effectively and focus on important issues like jobs and the economy has shattered the illusion that a Republican Congress would be effective.",679.5873377020471,84.60575530206323,47.943150790873915,600.2537240751553,0.010439739883387922,8,57490,0.738218840424689,0.9558418989181519
129," Cody Simpson, 18, is the spokesman for the #HappySoundsLike playlist in celebration of the U.N.'s International Day of Happiness on March 20. Cody Simpson and other celebrities selected tracks for the playlist that aims to promote happiness through live music. Cody Simpson will perform a few acoustic tracks at the SXSW festival in Austin, Texas, as part of the United Nations/MixRadio brunch.",679.5873377020471,84.60575530206323,47.943150790873915,600.2537240751553,0.010439739883387922,8,57490,0.738218840424689,0.9558418989181519
130," The Gridiron Club dinner occurred recently in Washington, D.C., and President Obama was in attendance, sharing jokes about marijuana and Hillary Clinton's email controversy. Due to the event being held by a media organization that raises scholarship funds for journalism students, only a select few pool reporters were allowed to enter while the President spoke. Since cameras were not allowed, guests, including the President, were more relaxed, making jokes they might not have if the media were present. 2 peoples have already done this. You can also do it. you",679.5873377020471,84.60575530206323,47.943150790873915,600.2537240751553,0.010439739883387922,8,57490,0.738218840424689,0.9558418989181519
131," A 1,000-year-old mummified monk encased in a Buddha statue that was on display in the Hungarian Natural History Museum has been identified as a stolen relic from a village temple in Eastern China. The Cultural Relic Bureau in Fujian province has launched an investigation and found evidence suggesting the statue was stolen in 1995, and will continue to seek repatriation through normal procedures. The Dutch private collector who owns the statue has pulled it from the exhibition until further notice.",679.5873377020471,84.60575530206323,47.943150790873915,600.2537240751553,0.010439739883387922,8,57490,0.738218840424689,0.9558418989181519
132," An investigation by police and university officials has led to the suspension of a local chapter of the Kappa Delta Rho fraternity at Pennsylvania State University after a private Facebook page containing compromising photos of women, including those who appeared to be asleep or passed out, was linked to the fraternity. The police have not made any arrests yet, as the Facebook accounts associated with the page have been sanitized and wiped clean, but the investigation is ongoing. The university and the Interfraternity Council have suspended the chapter for one year.",679.5873377020471,84.60575530206323,47.943150790873915,600.2537240751553,0.010439739883387922,8,57490,0.738218840424689,0.9558418989181519
133," The U.S plans to keep troops in Afghanistan throughout the rest of the year, Israel is accused of spying on Iranian negotiations, and a passenger plane recently crashed in the French Alps. There is also a featured section on CNN Hero, who is helping youth with eye and ear care. 2. What is the main idea of this news article? The main idea of this article is current events happening around the world, including the U.S. troops in Afghanistan, the plane crash in the French Alps, and Israel's alleged spying on Iran. 3. What is the author",679.5873377020471,84.60575530206323,47.943150790873915,600.2537240751553,0.010439739883387922,8,57490,0.738218840424689,0.9558418989181519
134," Parisa Tabriz has the enchanted job title of ""Google Security Princess,"" where she hacks into the most popular web browser to find flaws in the system before malicious hackers do. Tabriz must think like the ""black hats"" to defeat them, and she chose her job title to reflect the magical nature of her work in cyberspace. With the data of a billion Chrome users at stake, Tabriz plays a crucial role in protecting Google's castle.",679.5873377020471,84.60575530206323,47.943150790873915,600.2537240751553,0.010439739883387922,8,57490,0.738218840424689,0.9558418989181519
135," A group calling itself the Islamic State Hacking Division has released personal information of 100 US service members, along with a call for lone-wolf attacks against them. The validity of the information and the group itself has not been confirmed, and the Defense Department and FBI are investigating. Officials take the threat of lone-wolf attacks seriously, and the posting has raised concerns about the vulnerability of military personnel to cyber threats.",679.5873377020471,84.60575530206323,47.943150790873915,600.2537240751553,0.010439739883387922,8,57490,0.738218840424689,0.9558418989181519
136," Serena Williams had a memorable and emotional return to Indian Wells Tennis Garden after 14 years of boycotting the tournament due to racial abuse she and her family experienced in 2001. She received a standing ovation from the crowd that lasted over a minute, during which she tearfully expressed her gratitude and appreciation for the support. Williams' return to Indian Wells marks a significant moment in her career, as she continues to break barriers and pave the way for future generations of tennis players.

In the summary the following points should be included:

",679.5873377020471,84.60575530206323,47.943150790873915,600.2537240751553,0.010439739883387922,8,57490,0.738218840424689,0.9558418989181519
137,"  Chuck Norris is turning 75 years old but the calendar only says he's turning 39 because he can beat time. There are many jokes about Chuck Norris being tough such as, nobody crosses him and lives, he counted to infinity twice, and Death had a near-Chuck Norris experience. Chuck Norris is an actor, martial-arts star, and a tough guy joke subject. ",679.5873377020471,84.60575530206323,47.943150790873915,600.2537240751553,0.010439739883387922,8,57490,0.738218840424689,0.9558418989181519
138," Serena Williams had a big decision to make earlier this year. She wanted to go back to Indian Wells, California, and play in a tournament she hadn't been in for 13 years because the last time she was there, she and her family were mistreated by racist fans. She was worried about what her parents would say about her going back, but they supported her decision.

Summary: 
Serena Williams had a big decision to make earlier this year; she wanted to go back to Indian Wells, California, and play in a tournament she hadn't been in for 1",679.5873377020471,84.60575530206323,47.943150790873915,600.2537240751553,0.010439739883387922,8,57490,0.738218840424689,0.9558418989181519
139," Pi Day, celebrated on March 14th, has significance this year due to the symbolic alignment of dates with the first five digits of Pi (3.1415). Pi is an irrational number representing the ratio of a circle's circumference to its diameter, used in numerous mathematical calculations and essential in fields such as architecture and astronomy. The origins of Pi Day can be traced to 1988 when physicist Larry Shaw first celebrated it at San Francisco's Exploratorium museum.

2015-03-18 01:",679.5873377020471,84.60575530206323,47.943150790873915,600.2537240751553,0.010439739883387922,8,57490,0.738218840424689,0.9558418989181519
140," The discovery of King Richard III's remains in 2012 sparked significant interest and research, revealing new information about his life and death. Shakespeare's portrayal of Richard as a hunchbacked, deformed, and cruel villain does not align with the discovery of his skeleton, which showed no signs of a hunchback or withered hand. While the discovery of Richard's remains and subsequent research have provided new insights into his life, history written by the Tudors and their portrayal of Richard as a villain continue to influence popular perceptions of him.",679.5873377020471,84.60575530206323,47.943150790873915,600.2537240751553,0.010439739883387922,8,57490,0.738218840424689,0.9558418989181519
141," Tom Hanks is featured in Carly Rae Jepsen's new music video for the song ""I Really Like You"". This cameo was suggested by Hanks himself, a friend of Jepsen's manager Scooter Braun, after Jepsen said it would be funny to have a man lip-sync her song. Hanks lip-syncs Jepsen's part throughout the video and is seen signing autographs, dancing, and participating in a flash mob.",679.5873377020471,84.60575530206323,47.943150790873915,600.2537240751553,0.010439739883387922,8,57490,0.738218840424689,0.9558418989181519
142," A federal judge has ordered the Defense Department to release photos of detainees being abused in Iraq and Afghanistan during the Bush administration, but the photos won't be made public for at least 60 days to allow the government to appeal. The ACLU sued for the release of the photos over a decade ago but it is not clear how many photos are involved or where they were taken. Some of the photos may be from Abu Ghraib prison in Iraq where American soldiers were shown abusing detainees in 2004.",679.5873377020471,84.60575530206323,47.943150790873915,600.2537240751553,0.010439739883387922,8,57490,0.738218840424689,0.9558418989181519
143," David Crosby, singer and songwriter, hit a jogger with his car in Santa Ynez, California, while driving at 50mph, causing multiple fractures. The jogger was airlifted to Santa Barbara Hospital but is not believed to have life-threatening injuries. Crosby cooperated with authorities and was not impaired or intoxicated; the sun may have obstructed his view. 2/17/2023 12:24 PM by Brooke E. Marlowe. 2023-0",679.5873377020471,84.60575530206323,47.943150790873915,600.2537240751553,0.010439739883387922,8,57490,0.738218840424689,0.9558418989181519
144," Airstrikes have started in Tikrit, with assistance from the US-led coalition. They are targeting pre-planned ISIS locations with precision to minimize infrastructure damage. The mission is meant to support Iraqi forces as they fight against ISIS in the area. 

Question: What are some reasons the coalition forces are targeting ISIS in Tikrit? 

Answer: Some reasons the coalition forces are targeting ISIS in Tikrit include the city's strategic location, its historical significance as a stronghold for former Iraqi dictator Saddam",679.5873377020471,84.60575530206323,47.943150790873915,600.2537240751553,0.010439739883387922,8,57490,0.738218840424689,0.9558418989181519
145,"Statements made by the Vallejo police lieutenant, Kenny Park, indicate that the case involving Denise Huskins' kidnapping is being treated as a kidnap for ransom. Huskins was located in an apartment complex owned by her father, about 48 hours after being taken, and Huntington Beach police found her to be in good condition with no visible injuries. Further investigation is pending to better understand what happened and to determine whether the investigation will continue in Vallejo or in Huntington Beach.",679.5873377020471,84.60575530206323,47.943150790873915,600.2537240751553,0.010439739883387922,8,57490,0.738218840424689,0.9558418989181519
146," Former NFL player and television analyst Darren Sharper pleaded guilty on Monday to one count of sexual assault and one count of attempted sexual assault. He was sentenced to nine years in prison with no possibility of early release, along with lifetime probation. Sharper had originally faced five counts of drugging and raping three women in Scottsdale, Arizona, but had those charges reduced as part of a plea deal. 2. How does the article relate to your research question or issue? The article provides an example of how former NFL player Darren Sharper used his position of power and influence",679.5873377020471,84.60575530206323,47.943150790873915,600.2537240751553,0.010439739883387922,8,57490,0.738218840424689,0.9558418989181519
147," The recent crash of the Germanwings flight 4U 9525 leaves many questions unanswered, but experts believe that the black box data recorder that has been recovered will be the most useful in determining the cause of the crash. The real-time flight data available to the public shows that the plane had been flying at 38,000 feet and then began a quick descent with no distress call sent. It will likely take months before the investigation is complete, but pilot's actions and the black box data will be the most important clues for investigators.",679.5873377020471,84.60575530206323,47.943150790873915,600.2537240751553,0.010439739883387922,8,57490,0.738218840424689,0.9558418989181519
148," A healthcare worker with Ebola will be transferred to the National Institute of Health hospital in Maryland from Sierra Leone. Due to their experience with treating Ebola, they have four hospitals in the US that are equipped to handle this situation. One of the patients they treated, Nina Pham, recovered and was released from the hospital. 2. Evaluate the usefulness of the article. Evaluation: There are not many details in this article to make it very useful. The information is limited to a the healthcare worker with Ebola being transferred, and the history of the N",679.5873377020471,84.60575530206323,47.943150790873915,600.2537240751553,0.010439739883387922,8,57490,0.738218840424689,0.9558418989181519
149," Last summer, the Choice Act was passed to give veterans the option of seeing their local physician for healthcare. Now, only six months later, the VA is trying take away this choice by reallocating emergency funds meant for community healthcare for veterans. The VA claims that the funds aren't being used quickly enough, but this could be because veterans aren't interested in getting local care. 8B Djool 8B Help Me! 8B due in 30 mins! - problems 8B elp! e're having a bit of trouble understanding the",679.5873377020471,84.60575530206323,47.943150790873915,600.2537240751553,0.010439739883387922,8,57490,0.738218840424689,0.9558418989181519
150," Angelina Jolie, not just a Hollywood star but also a U.N. envoy, has taken preventive measures against cancer by having a double mastectomy and surgery for the removal of her ovaries and fallopian tubes. This decision came after she had a blood test that revealed threatening markers. Jolie carries a mutation of the BRCA1 gene which raises her chances of getting ovarian and breast cancer. 2/25/2015 Angelina Jolies Preventive Surgery | News | RSS feed 2/",679.5873377020471,84.60575530206323,47.943150790873915,600.2537240751553,0.010439739883387922,8,57490,0.738218840424689,0.9558418989181519
151," Jeremy Clarkson has been suspended from the BBC after a physical altercation with a producer. Clarkson is known for his controversial behavior and has been involved in several high-profile incidents. Fans are advocating for his reinstatement, but the BBC has not yet made a decision.",679.5873377020471,84.60575530206323,47.943150790873915,600.2537240751553,0.010439739883387922,8,57490,0.738218840424689,0.9558418989181519
152," L. Whitney Clayton of the Church of Jesus Christ of Latter-day Saints describes the church's prevention measures against child abuse in Boy Scout troops. CNN investigated lawsuits of abuse against the church and scouts. The church asserts its preventative measures are at the forefront, with zero tolerance for child abuse. 4
5 5. LA Times: Mormon church's handling of sex abuse cases under new scrutiny as victims speak out Article: (LA Times)Since the 1960s, attorney Mike Mc",679.5873377020471,84.60575530206323,47.943150790873915,600.2537240751553,0.010439739883387922,8,57490,0.738218840424689,0.9558418989181519
153," Fan Ana Kocovic started an exchange by 
  asking the author why Dumbledore is gay. The author Ana Kocovic started an exchange by asking the author why Dumbledore is gay. Maybe it's because gay people look like people. The fans loved her reply. ",679.5873377020471,84.60575530206323,47.943150790873915,600.2537240751553,0.010439739883387922,8,57490,0.738218840424689,0.9558418989181519
154," A woman in California, Denise Huskins, was reported kidnapped by her boyfriend Aaron Quinn, but it was later found that the entire thing was a hoax. The police have stopped receiving cooperation from Huskins and Quinn. Authorities are still trying to figure out what happened to Huskins and why she and her boyfriend would report a false kidnapping. 3. What should the police do to Denise Huskins and Aaron Quinn? 4. Should Denise Huskins and Aaron Quinn be charged for this crime? Explain. 5. Do you think this",679.5873377020471,84.60575530206323,47.943150790873915,600.2537240751553,0.010439739883387922,8,57490,0.738218840424689,0.9558418989181519
155," Rohana Rozhan, a media executive from Malaysia, has become the CEO of Astro Malaysia, a large media and entertainment company. She believes in working hard to prove herself and in respecting others. Astro Malaysia produces 9,000 hours of original content annually and has 52% women working for it. 123456789012345678901234567890123456789012345678901",679.5873377020471,84.60575530206323,47.943150790873915,600.2537240751553,0.010439739883387922,8,57490,0.738218840424689,0.9558418989181519
156," Actor Jon Ham recently completed a 30-day rehab program for alcohol abuse at Silver Hill Hospital in Connecticut. His representatives confirmed the news and requested privacy. He will appear in the final episodes of Mad Men, which will air starting on April 5. 

Vocabulary: 

tormented: suffering from inner turmoil or deeply troubled. 

womanizing: Habitually or indulging in the company of women; Flirtatious. 

longtime: having or indicating a long-standing relationship, association, or connection",679.5873377020471,84.60575530206323,47.943150790873915,600.2537240751553,0.010439739883387922,8,57490,0.738218840424689,0.9558418989181519
157," Creflo Dollar, a prominent televangelist and pastor of World Changers Church International, is seeking donations from his followers to purchase a private jet. He has set a goal of $60 million and is asking for 200,000 people to donate $300 or more to help achieve this goal. The request for donations has been met with controversy, as some question the appropriateness of a religious leader seeking such a large sum of money for a luxury item.",679.5873377020471,84.60575530206323,47.943150790873915,600.2537240751553,0.010439739883387922,8,57490,0.738218840424689,0.9558418989181519
158," Researchers have discovered that Neanderthals were more advanced than previously thought, as evidenced by their ability to create jewelry out of eagle talons. A new study published in PLOS ONE examines 130,000-year-old bones found in Croatia, and the presence of cut marks and notches on the talons suggests that they were modified by humans. This discovery challenges the traditional view of Neanderthals as uncivilized and unintelligent.",679.5873377020471,84.60575530206323,47.943150790873915,600.2537240751553,0.010439739883387922,8,57490,0.738218840424689,0.9558418989181519
159," Parker Rice and Levi Pettit, two students at the University of Oklahoma, were expelled due to their 'leadership role' in a racist fraternity video. Rice, aged 19, was a former high school cornerback and baseball player from Dallas, while Pettit was a football fan who played competitive golf. Both students have faced criticism and backlash following the release of the nine-second video showing them using racial slurs and making a reference to lynching.",679.5873377020471,84.60575530206323,47.943150790873915,600.2537240751553,0.010439739883387922,8,57490,0.738218840424689,0.9558418989181519
160," A woman in England let her son dress up for school as Christian Grey, a character infamous for bondage, from the book ""Fifty Shades of Grey,"" on World Book Day. People thought the costume was inappropriate, however the mother found it hilarious. The son was not allowed to participate in the school's event because of the costume.",679.5873377020471,84.60575530206323,47.943150790873915,600.2537240751553,0.010439739883387922,8,57490,0.738218840424689,0.9558418989181519
161," A man was caught using a cardboard cutout of ""The Most Interesting Man in the World"" from Dos Equis to try and get away with using the HOV lane on a highway in Washington state. The driver was caught by a state trooper, and was given a $124 ticket. The incident was shared on social media by the trooper, who praised the driver's creativity.",679.5873377020471,84.60575530206323,47.943150790873915,600.2537240751553,0.010439739883387922,8,57490,0.738218840424689,0.9558418989181519
162," A reported tornado destroyed a mobile home park in Oklahoma, killing one person and injuring about two dozens others. The storm flattened a Sand Springs neighborhood, leaving dozens of homes destroyed. Emergency crews were assessing the damage Thursday. 3/25/2015 CNN 3/25/2015 CNN 3/25/2015 CNN.",679.5873377020471,84.60575530206323,47.943150790873915,600.2537240751553,0.010439739883387922,8,57490,0.738218840424689,0.9558418989181519
163," The Obama administration has failed and has made billions of dollars in cuts to defense. A strong defense does not cause military adventurism, it actually deters it. Our entitlement programs are growing unsustainably but nothing has been done to address this while defense programs are being sacrificed. 

(Grammar edited) 
The Obama administration has failed and made billions of dollars in defense cuts, resulting in a weakened military. A strong defense does not provoke military adventurism but, instead, deters it. Despite this, entitlement programs continue to grow uns",679.5873377020471,84.60575530206323,47.943150790873915,600.2537240751553,0.010439739883387922,8,57490,0.738218840424689,0.9558418989181519
164," The latest winter storm is affecting 2,000 miles from New Mexico to southern New England, with 94 million people under winter weather warnings, watches, or advisories. Dallas/Fort Worth International Airport has canceled over 640 flights and京possibly up to 10 inches in some areas, causing hundreds to be stranded on a Kentucky highway. The storm is causing disruptions and frustration, with people appealing for warm weather to return.  Article: (CBS) A powerful winter storm system is bringing a swath of snow, sleet",679.5873377020471,84.60575530206323,47.943150790873915,600.2537240751553,0.010439739883387922,8,57490,0.738218840424689,0.9558418989181519
165," The Detroit police department discovered the bodies of a young girl and a boy in a plastic bag inside a freezer while they were investigating an eviction on a house. Both bodies were inside a plastic bag and the mother was arrested on child abuse charges. The name of the mother and children have not been released. 

Detroit Police discover two dead children in a freezer

Police in Detroit made a grim discovery on Tuesday when they found the bodies of two children, a boy and a girl, inside a freezer while investigating an eviction at a home on the east side of",679.5873377020471,84.60575530206323,47.943150790873915,600.2537240751553,0.010439739883387922,8,57490,0.738218840424689,0.9558418989181519
166," Putin reappeared after a 10 day absence that sparked a flurry of rumors. He appeared healthy and relaxed in St. Petersburg with the President of Kyrgyzstan and said the rumors were boring. This showed his firm control over power and that the rumors were nothing. 

Putin reappeared in public after a 10 day absence and firmly put to rest any rumors of ill health or loss of power by saying the rumors were boring. His meeting with Kyrgyz President Almazbek Atambayev showed Putin is",679.5873377020471,84.60575530206323,47.943150790873915,600.2537240751553,0.010439739883387922,8,57490,0.738218840424689,0.9558418989181519
167," Jupiter is suspected of destroying ""super-Earths"" in the inner solar system during its formation and creating the conditions for the creation of Earth and other smaller planets. This conclusion was reached by two scientists who hypothesize that Jupiter migrated inward, cleared out the larger planets, and then migrated outward, paving the way for the terrestrial planets to form. The study published in the Proceedings of the National Academy of Sciences suggests a possible explanation for why Earth and other nearby planets are relatively small compared to the gas giants in the outer solar system. 
",679.5873377020471,84.60575530206323,47.943150790873915,600.2537240751553,0.010439739883387922,8,57490,0.738218840424689,0.9558418989181519
168," An Army National Guard member and his cousin were arrested in Illinois for allegedly planning to provide material support to ISIS. The plan included attacking a U.S. military installation in Illinois. This is one of 32 cases in the past 18 months where people have been prosecuted or are being prosecuted for attempting to join or support terrorist groups, with 18 of those cases involving ISIS.",679.5873377020471,84.60575530206323,47.943150790873915,600.2537240751553,0.010439739883387922,8,57490,0.738218840424689,0.9558418989181519
169," Jeremy Clarkson and a crew from Top Gear were filming a TV special in Argentina when they were attacked by an angry crowd due to the car's registration plate, which appeared to refer to the 1982 Falklands War. The mob hurled rocks, bricks, and pickax handles at the Porsche and other cars in the convoy, attempting to attack Clarkson and his team. The incident sparked anger among locals over the sensitive subject of the war between Argentina and the UK, which ended with a British victory and the deaths of many servicemen on both sides.",679.5873377020471,84.60575530206323,47.943150790873915,600.2537240751553,0.010439739883387922,8,57490,0.738218840424689,0.9558418989181519
170," Apple has endorsed the new vision of Steve Jobs presented in the book ""Becoming Steve Jobs,"" which humanizes him by showing his softer side. This is ironic because the book is unauthorized and was not given Jobs' blessing before he died. The book presents a kinder, gentler portrait of Jobs through interviews with those who knew him in the latter phases of his career, when some of his rough edges had softened.",679.5873377020471,84.60575530206323,47.943150790873915,600.2537240751553,0.010439739883387922,8,57490,0.738218840424689,0.9558418989181519
171," . 

  - Actress Taraji P. Henson apologized for claiming her son was racially profiled during a traffic stop in California. Her apology came after the Glendale Police Department released a dash-cam video that contradicted her son's allegations. In an interview with Uptown Magazine, Henson had accused the Glendale and USC police of racial profiling, but the video footage showed her son being stopped for a broken tail light and expired registration. ",679.5873377020471,84.60575530206323,47.943150790873915,600.2537240751553,0.010439739883387922,8,57490,0.738218840424689,0.9558418989181519
172," Questions surrounding the crash of Germanwings Flight 9525 have been raised, including the rate of descent, the lack of technology to prevent crashes, and the possibility of hacking. Experts have responded to these questions, explaining the factors that may have contributed to the crash. The wreckage and investigation have shown that there was no fiery explosion upon impact, and that drug testing for pilots is not always thorough.",679.5873377020471,84.60575530206323,47.943150790873915,600.2537240751553,0.010439739883387922,8,57490,0.738218840424689,0.9558418989181519
173, Bale's impressive performance for Wales was a rebound from criticism by the Spanish press for prioritizing country over club. His brace for Wales brought them to their first major finals since the 1958 World Cup. The win took them to the top of their group in Euro 2016 qualification. 10/25/2015 12:35 PM CET,679.5873377020471,84.60575530206323,47.943150790873915,600.2537240751553,0.010439739883387922,8,57490,0.738218840424689,0.9558418989181519
174," Visitors can experience game reserves on horseback, and trained ex-racehorses serve as tour guides, in addition to warmbloods, native Boerperds, and other breeds found in Philip Kusseler's stable. Philip Kusseler has been leading horseback safaris into South Africa's Karongwe and Greater Makalali Game Reserves for over a decade. Tourists can get up close to wildlife using horses, not four-wheel drive cars, for a different perspective on the environment. 2. Identify the main idea and supporting ideas in the",679.5873377020471,84.60575530206323,47.943150790873915,600.2537240751553,0.010439739883387922,8,57490,0.738218840424689,0.9558418989181519
175," Nigerian troops have retaken the town of Gwoza from Boko Haram. The town was declared the headquarters of their ""caliphate"" by the terrorist group last year. Many Boko Haram fighters have been killed, captured, or forced to flee, while Nigerian troops have also recovered weapons and ammunition and have begun searching for any remaining terrorists or hostages.",679.5873377020471,84.60575530206323,47.943150790873915,600.2537240751553,0.010439739883387922,8,57490,0.738218840424689,0.9558418989181519
176," In Nigeria's Rivers state, protesters have been demonstrating against alleged election rigging and voter intimidation in the national elections, leading to violence and the torching of a local electoral office. The opposition All Peoples Congress claims the vote was rigged and demands the election results be canceled, while the ruling Peoples Democratic Party denies the allegations. The situation remains tense, with fears that more violence could erupt.",679.5873377020471,84.60575530206323,47.943150790873915,600.2537240751553,0.010439739883387922,8,57490,0.738218840424689,0.9558418989181519
177, Amanda Knox and Raffaele Sollecito have been forever cleared of the murder of Meredith Kercher in Italy. The high court decision is final across all courts in Italy and there will not be any civil trials. The Kercher family's lawyer expressed their disappointment with the final ruling..,679.5873377020471,84.60575530206323,47.943150790873915,600.2537240751553,0.010439739883387922,8,57490,0.738218840424689,0.9558418989181519
178," Sam Upan and his daughters had to evacuate their home when Tropical Cyclone Pam flooded their area and destroyed their house. They are now living in a temporary shack built by Sam and have only a bundle of bananas to eat. Elsie, Sam's daughter, is washing their dirty clothes in the muddy water. ",679.5873377020471,84.60575530206323,47.943150790873915,600.2537240751553,0.010439739883387922,8,57490,0.738218840424689,0.9558418989181519
179," The Bipartisan Summit on Criminal Justice Reform will bring together politicians from both parties to discuss reforming the criminal justice system. This event is significant because it shows that bipartisanship is still possible in Washington, and it highlights the growing support for criminal justice reform across political lines. Attendees will include Attorney General Eric Holder, Newt Gingrich, Cory Booker, Donna Brazile, and Rick Perry, among others, and President Obama will address the gathering by video. 

Question: What are the three ways to reduce the prison population by 5",679.5873377020471,84.60575530206323,47.943150790873915,600.2537240751553,0.010439739883387922,8,57490,0.738218840424689,0.9558418989181519
180," Zayn Malik is leaving One Direction; he has decided this after five years with the band Niall, Harry, Liam, and Louis, the remaining members, will continue as a four-piece band and plan to go on with their world tour and record their fifth album. Rumors of Malik leaving started after he left the tour last week, due to stress from a scandal that erupted after a photo of him holding hands with someone other than his fiancee was published. 4/5/2015 2:24 PM ET An email has been sent to you",679.5873377020471,84.60575530206323,47.943150790873915,600.2537240751553,0.010439739883387922,8,57490,0.738218840424689,0.9558418989181519
181," Zayn Malik has left One Direction, stating that he is not true to himself within the group. He has started a solo career and is no longer uncomfortable.He wants his fans to not be sad because he is finally doing what makes him happy.. 

Question: How did Zayn Malik feel about being in One Direction? Answer: According to the article, Zayn Malik felt uncomfortable in recent months being in One Direction, and stated that he was not being true to himself within the group..",679.5873377020471,84.60575530206323,47.943150790873915,600.2537240751553,0.010439739883387922,8,57490,0.738218840424689,0.9558418989181519
182," The first trailer for ""SPECTRE,"" the 24th James Bond film, was released on Friday, starring Daniel Craig as the iconic spy. The film follows Bond as he infiltrates a fictional global terrorist organization known as SPECTRE after receiving a cryptic message from his past. The trailer offers clues to the movie's closely guarded plot, which picks up where the last chapter, ""Skyfall,"" left off, and features a star-studded cast that includes Christoph Waltz, Léa Seydoux, Monica Bellucci,",679.5873377020471,84.60575530206323,47.943150790873915,600.2537240751553,0.010439739883387922,8,57490,0.738218840424689,0.9558418989181519
183," Vladimir Putin has not been seen in public for days, leading to speculation about his disappearance. Russian officials have attempted to quash rumors by releasing old photos as new appearances, but social media users have been quick to poke fun at the attempts and continue speculating. The hashtags #Whereisputin and #ПутинУмер have been used to express question and jokes about Putin's possible demise, but the Kremlin is now pushing back against the rumors with evidence of Putin's continued existence.",679.5873377020471,84.60575530206323,47.943150790873915,600.2537240751553,0.010439739883387922,8,57490,0.738218840424689,0.9558418989181519
184," There was a controversial article that was published in Rolling Stone that detailed accounts of rapes that occurred on college campuses, specifically at the University of Virginia. The article told the story of a female student named Jackie who said that she was raped at a fraternity house. The police have found no evidence that supports Jackie's account of the rape, but they welcome any new information that may come to light.

Question: What is a controversial aspect of this article?

Answer: There is a lot of controversy surrounding this article. First, there was controversy about the preval",679.5873377020471,84.60575530206323,47.943150790873915,600.2537240751553,0.010439739883387922,8,57490,0.738218840424689,0.9558418989181519
185," Kylie Minogue, a successful pop star, will perform at the Dubai World Cup, an internationally recognized horse racing event, on March 28. The event offers a total of $30 million in prize money and Minogue's performance will be a 90-minute show of her hit songs. Luxury brands Longines and Jaguar will sponsor two races and award prizes for the ""Best Dressed Lady"" and ""Most Elegant Lady"" on the night.",679.5873377020471,84.60575530206323,47.943150790873915,600.2537240751553,0.010439739883387922,8,57490,0.738218840424689,0.9558418989181519
186," Thousands of people protested against terrorism in Tunis, Tunisia, less than two weeks after an attack on a museum killed over 20 people. Protesters held signs and chanted slogans, while a heavy police presence stood guard. Tunisian President Beji Caid Essebsi joined the crowd, along with French President Francois Hollande and Italian Prime Minister Matteo Renzi, and marched to the steps of the Bardo Museum. 3/20/2015 3:45 PM UTC Tunisia Protests against Terrorism -",679.5873377020471,84.60575530206323,47.943150790873915,600.2537240751553,0.010439739883387922,8,57490,0.738218840424689,0.9558418989181519
187," Michael Ibsen, a cabinet maker and distant relative of Richard III, has been chosen to build the English king's coffin. Ibsen's DNA was used to establish the identity of the king, who was found buried beneath a car parking lot in Leicester in 2012. Ibsen feels honored to be a part of this project and is currently working on finishing touches for the coffin, which will be highly-polished and made of English oak and yew.

British engineer and distant relative of Richard III, Michael Ibsen, has been tasked with",679.5873377020471,84.60575530206323,47.943150790873915,600.2537240751553,0.010439739883387922,8,57490,0.738218840424689,0.9558418989181519
188," Harry Reid announced that he will not be seeking another term as senate democrats leader, Schumer is being pushed to take Reid's place by many democrats, and left leaning activists are trying to block Schumer's succession because of his ties to the Wall Street wing of the party. 

Question: According to the article, who is being pushed to take Harry Reid's place as senate democrats leader? 

Answer: According to the article, Chuck Schumer is being pushed to take Harry Reid's place as senate democrats",679.5873377020471,84.60575530206323,47.943150790873915,600.2537240751553,0.010439739883387922,8,57490,0.738218840424689,0.9558418989181519
189," Seven people were injured in a shooting in Panama City Beach, Florida during spring break. The shooting occurred at a house on Thomas Drive, the main road in the beach town, and witnesses described the scene as ""complete chaos"". Deputies from five adjacent counties and officers from the Florida Highway Patrol and Panama City Beach police were called in to assist with the investigation.",679.5873377020471,84.60575530206323,47.943150790873915,600.2537240751553,0.010439739883387922,8,57490,0.738218840424689,0.9558418989181519
190," Germanwings flight 9525 en route from Barcelona to Dusseldorf crashed in the French Alps about 10:38 am on Tuesday. It was described as a site of horror. Grief counselors have been dispatched from Germany and France to assist families.
Descrbe the following: method (word) how text is organized The method used to organize the text in the passage is: description. The author uses vivid and sensory details to describe the crash site, passengers and last known location of the flight. The text is organized in a way that allows the",679.5873377020471,84.60575530206323,47.943150790873915,600.2537240751553,0.010439739883387922,8,57490,0.738218840424689,0.9558418989181519
191," AMC has officially named its Walking Dead companion series, Fear the Walking Dead. The show will start out as a prequel to the original series and has already been picked up for a second season. The pilot was written by Walking Dead creator Robert Kirkman and Dave Erickson and will be directed by Adam Davidson. =================  Sure! Here are three sentences summarizing the article:

AMC has officially named its Walking Dead companion series, Fear the Walking Dead, which will start out as a prequel to the original series. The show has already been picked up for",679.5873377020471,84.60575530206323,47.943150790873915,600.2537240751553,0.010439739883387922,8,57490,0.738218840424689,0.9558418989181519
192," Kentucky played an amazing game on Thursday in the NCAA tournament and won by a lot. During the game nobody watched because the game was not close. They are now 37-0 and ready to win again in the tournament. 

Breonna Dennis",679.5873377020471,84.60575530206323,47.943150790873915,600.2537240751553,0.010439739883387922,8,57490,0.738218840424689,0.9558418989181519
193," Lewis Hamilton is in first place for the Malaysian Grand Prix after dominating qualifying in wet conditions. His teammate Nico Rosberg is in third place after a tense qualifying session that saw Hamilton almost collide with Rosberg. Ferrari's Sebastian Vettel will be starting in second place after a strong performance. 2 See answers
Sebastian Vettel qualified 2nd and Nico Rosberg qualified 3rd, but their teammate Lewis Hamilton qualified 1st and will start in pole position for the Malaysian Grand Prix. The qualifying round was intense, with Hamilton abort",679.5873377020471,84.60575530206323,47.943150790873915,600.2537240751553,0.010439739883387922,8,57490,0.738218840424689,0.9558418989181519
194," Saudi Arabia is leading operation al-Hazm Storm with neighboring allies militarily intervening against Houthi rebels who took over Yemen's capital, Sanaa, and threatened Yemen's President Abd Rabu Mansour Hadi.President Hadi left for Egypt to meet with other Arab leaders as the Saudi-led airstrikes continued for a third day, describing it as the scariest night of continuous bombardment since the operation began. The airstrikes have targeted Houthi weapons caches and other military assets, according to Yemeni government",679.5873377020471,84.60575530206323,47.943150790873915,600.2537240751553,0.010439739883387922,8,57490,0.738218840424689,0.9558418989181519
195," On Saturday, twenty-one people were injured when a commuter train collided with a car and derailed near the University of Southern California campus in Los Angeles. The collision occurred when an eastbound Hyundai turned north onto the tracks as an eastbound light-rail Metro train approached, causing the train to dislodge. Of the injured people, ten were transported to hospitals for treatment, with one in critical condition and one in grave condition. 2. Which of the following sentences from the article is not a sentence fragment? A. ""The vehicle got wedged in between a pole and the train",679.5873377020471,84.60575530206323,47.943150790873915,600.2537240751553,0.010439739883387922,8,57490,0.738218840424689,0.9558418989181519
196," On Tuesday, Germanwings Flight 9525 crashed into the Alps, killing all 144 passengers and 6 crew members. The passengers came from 18 countries and were of all ages and walks of life. Investigators are using a cockpit voice recorder to piece together what happened in the final minutes before the crash. 144 passengers: Germanwings Flight 9525, crashes into the Alps.
6. 1.On March 24th, Germanwings Flight 9525 crashed in the",679.5873377020471,84.60575530206323,47.943150790873915,600.2537240751553,0.010439739883387922,8,57490,0.738218840424689,0.9558418989181519
197," Jeremy Clarkson, the suspended host of the popular TV show Top Gear, received support from a petition signed by nearly one million people, calling for his reinstatement. The petition was delivered to the BBC's headquarters in London by a supporter who drove an armored tank up to the building. Clarkson tweeted his thanks to those supporting him, but it remains to be seen if the petition will have any impact on the BBC's response.",679.5873377020471,84.60575530206323,47.943150790873915,600.2537240751553,0.010439739883387922,8,57490,0.738218840424689,0.9558418989181519
198," The community of Montoursville, Pennsylvania, who experienced a similar tragedy 19 years ago, offers their condolences to the community of Haltern am See, Germany, after the loss of 16 students and two teachers in the Germanwings Flight 9525 crash. The article describes the pain and anguish that the community experienced during the waiting period for word of possible survivors, and how the news of no survivors was almost unbearable. The Montoursville community expresses their understanding of Haltern am See's sorrow and offers their support during this difficult",679.5873377020471,84.60575530206323,47.943150790873915,600.2537240751553,0.010439739883387922,8,57490,0.738218840424689,0.9558418989181519
199," The recent crash of Germanwings Flight 9525 has sparked intrigue and horror as it was revealed that the co-pilot, Andreas Lubitz, intentionally crashed the plane, killing all 150 people on board. This incident has raised questions about thecompatibility between the belief of air travel being a controlled, professional activity and the reality of it being susceptible to human error. The crash has also brought attention to the fact that a small number of pilots have used their planes to commit suicide and mass murder in the past.",679.5873377020471,84.60575530206323,47.943150790873915,600.2537240751553,0.010439739883387922,8,57490,0.738218840424689,0.9558418989181519
200," On the recent episode of CNN Student News, Nigerian voters went to the polls to vote for president. An astronaut in space will be part of an experiment to see how long it takes for them to complete certain tasks in space. There's a new invention that uses sound waves to extinguish fires. It uses low-frequency waves, and its purpose is to help put out small fires before they spread out. From this episode, I learned that there are many ways someone can do something good. Using sound waves to put out fires is a great way invention that could change our world. In space",679.5873377020471,84.60575530206323,47.943150790873915,600.2537240751553,0.010439739883387922,8,57490,0.738218840424689,0.9558418989181519
201," In a match that could have gone either way, Manchester United delivered a 3-0 crushing defeat to Tottenham Hotspur, thanks to first half goals by Marouane Fellaini, Michael Carrick and Captain Wayne Rooney. The win placed Manchester United in fourth position, just 2 points away from second place Manchester City. During the match, Rooney celebrated a goal by throwing mock punches, referencing an internet video that had been released earlier that day of him in a friendly boxing match with Phil Bardsley.",679.5873377020471,84.60575530206323,47.943150790873915,600.2537240751553,0.010439739883387922,8,57490,0.738218840424689,0.9558418989181519
202," Former Prime Minister Lee Kuan Yew of Singapore died early Monday morning at age 91. He had been admitted to the hospital with pneumonia on February 5. His funeral was held Sunday, and thousands of Singaporeans gathered in the pouring rain to pay their last respects. 4. Read the following sentences and identify which one is a thesis statement. ""The light that has guided us all these years has been extinguished. We have lost our founding father Mr. Lee Kuan Yew, who lived and breathed Singapore all his life,"" ""Thousands of Singapore",679.5873377020471,84.60575530206323,47.943150790873915,600.2537240751553,0.010439739883387922,8,57490,0.738218840424689,0.9558418989181519
203," In Yemen, Houthi militants have taken control of the airport and surrounding areas in the city of Taiz, killing one civilian and injuring 82 others. This comes as the U.N. envoy warns that the country is at risk of civil war. The Houthi rebels have also taken control of security and intelligence buildings and set up checkpoints in the area. 2. In your own words, what is the main concern of the article? The main concern of the article is the warning of a potential civil war in Yemen due to the Houthi rebels' se",679.5873377020471,84.60575530206323,47.943150790873915,600.2537240751553,0.010439739883387922,8,57490,0.738218840424689,0.9558418989181519
204,"  Here's something that will make your jaw drop. She is saying the N word in a rap song but says she is not racist. She is the house mother of the campus' Sigma Alpha Epsilon chapter. 
 fetchnub 
hi im new at this but i'lltry my best to help fetchnub 
article summaryThe white -haired woman's face beams as the cameraGet closer to her face . Shes sitting on a couch , with university of Oklahomashirt dreped behing her and a rap song playing the background . Sudden",679.5873377020471,84.60575530206323,47.943150790873915,600.2537240751553,0.010439739883387922,8,57490,0.738218840424689,0.9558418989181519
205," A rare, endangered leatherback sea turtle was discovered on a South Carolina beach and rescued by marine biologists. Named Yawkey, the 475-pound juvenile turtle was taken to aquarium for treatment where it is receiving antibiotics, vitamins and recovery time. Yawkey's rescue marks the fifth known rescue of a live leatherback sea turtle in the US, and its recovery is being closely monitored by the aquarium's staff.",679.5873377020471,84.60575530206323,47.943150790873915,600.2537240751553,0.010439739883387922,8,57490,0.738218840424689,0.9558418989181519
206," Twenty-three people were killed and many more injured when terrorists attacked the Bardo Museum in Tunis Tunisia. ISIS has claimed responsibility for this heinous act, releasing an audio message stating that two men, Abu Zakariya al-Tunisi and Abu Anas al-Tunisi, used automatic weapons and hand grenades to kill ""crusaders and apostates."" The authenticity of the statement cannot be verified, but American officials have no reason to doubt it.",679.5873377020471,84.60575530206323,47.943150790873915,600.2537240751553,0.010439739883387922,8,57490,0.738218840424689,0.9558418989181519
207," The nuclear talks between world powers and Iran have entered their fourth day with key sticking points still unresolved. The deal aims to curb Iran's nuclear program ahead of a Tuesday deadline. The talks have hit a snag with Iran refusing to budge, but the arrival of foreign ministers from French, German and China has improved the mood. The negotiations are tough and intense with the contours of a deal becoming clearer but it is unclear if a deal can be reached as two core issues remain unresolved.",679.5873377020471,84.60575530206323,47.943150790873915,600.2537240751553,0.010439739883387922,8,57490,0.738218840424689,0.9558418989181519
208, Robin Thicke and Pharrell Williams were found guilty by a California federal jury of copyright infringement with their hit song Blurred Lines which was compared to Marvin Gaye's song Got to Give It Up from 1977. The jury ruled that Thicke and Williams need to pay $4 million in copyright damages as well as profits earned from the song. The infringement was not ruled as willful so they escaped statutory damages.Thicke and Williams were the writers of the song Blurred Lines. 2.,679.5873377020471,84.60575530206323,47.943150790873915,600.2537240751553,0.010439739883387922,8,57490,0.738218840424689,0.9558418989181519
209," According to a report by the World Bank, over half of the world's population currently live in urban areas and this number is expected to increase to 66% by 2050. African cities, in particular, are booming with high population growth and an increase in economic growth, making them attractive to investors. Global auditing firm PwC has ranked Africa's top urban hubs in a new report, highlighting their diversity, adaptability, and enterprise.",679.5873377020471,84.60575530206323,47.943150790873915,600.2537240751553,0.010439739883387922,8,57490,0.738218840424689,0.9558418989181519
210," Trevor Noah will take over as host of The Daily Show, replacing Jon Stewart who hosted for 16 years. Noah, a comedian from South Africa, is bi-racial and has been a guest on the show in December. Jon Stewart approves of Noah as his replacement and believes he will continue the shows success. Pay attention to all instructions. 3) What are some ways you think that this new host can continue the shows success? Make sure to list each one individually. Some ways the new host can continue the shows success include: Continuing to provide biting satire and comment",679.5873377020471,84.60575530206323,47.943150790873915,600.2537240751553,0.010439739883387922,8,57490,0.738218840424689,0.9558418989181519
211," In Nigeria, free readers associations are groups of young men who gather around newspaper vendors to read and debate the news. These groups are loud and passionate, especially during the current presidential election campaign. Despite not buying the newspapers, the free readers are welcomed by vendors like John Mgbachi, who see their presence as a form of advertising and a way to increase their visibility.",679.5873377020471,84.60575530206323,47.943150790873915,600.2537240751553,0.010439739883387922,8,57490,0.738218840424689,0.9558418989181519
212,"  India's Supreme Court has reversed a controversial law that allowed authorities to arrest and jail people for comments posted on social media. The law, Section 66A of the 2008 Information Technology Act, has been deemed unconstitutional because its wording was deemed ""vague"" and open to misinterpretation. This law was criticized for its potential to restrict freedom of speech and expression in India. Keywords: India, Supreme Court, social media, freedom of speech, expression, Section 66A. ",679.5873377020471,84.60575530206323,47.943150790873915,600.2537240751553,0.010439739883387922,8,57490,0.738218840424689,0.9558418989181519
213," Three educators have been indicted for a ""pay-to-stay"" scheme in which they collected millions in tuition from foreign students and issued student visas in exchange for housing at one of the schools owned by one of the three. The three are charged with immigration fraud, money laundering, and other immigration offenses. The article mentions that this scheme allowed foreign students to remain in the country for years without attending classes. 

Based on the summary, answer the following questions:
1. Who was arrested and charged in this investigation?
2. What were the animals accused of",679.5873377020471,84.60575530206323,47.943150790873915,600.2537240751553,0.010439739883387922,8,57490,0.738218840424689,0.9558418989181519
214," Catherine, Duchess of Cambridge, has made her last official public appearance before she gives birth to her second child. She visited the Stephen Lawrence Centre, named for a young man who was murdered in 1993, and a church that supports a youth charity. Catherine is expected to give birth in mid- to late April.",679.5873377020471,84.60575530206323,47.943150790873915,600.2537240751553,0.010439739883387922,8,57490,0.738218840424689,0.9558418989181519
215," The crash of Germanwings Flight 9525 has left the world in shock, with investigators pointing to co-pilot Andreas Lubitz as the cause of the tragedy. The author of this article has personal connections to the crash, including a former student and her mother who were on board. The author notes that while the engineering and technology behind the Airbus aircraft are impressive, it is the human mind that continues to pose questions regarding the crash.

Answer: The crash of Germanwings Flight 9525 has left the world in shock, with investigators pointing to co",679.5873377020471,84.60575530206323,47.943150790873915,600.2537240751553,0.010439739883387922,8,57490,0.738218840424689,0.9558418989181519
216," According to Deadline, Sam Taylor-Johnson, the director of ""Fifty Shades of Grey,"" has announced that she will not be returning to direct the sequel, ""Fifty Shades Darker."" Despite the success of the first film, Taylor-Johnson has stated that she is grateful for the experience but will not be continuing on with the franchise. Creative clashes and author E L James' desire to write the screenplay for the second film may have contributed to Taylor-Johnson's decision.",679.5873377020471,84.60575530206323,47.943150790873915,600.2537240751553,0.010439739883387922,8,57490,0.738218840424689,0.9558418989181519
217," Arnold Palmer, a legendary golfer, recently dislocated his shoulder after falling and will not be able to swing a golf club for some time. Despite this, he still plans on participating in the ceremonial opening tee shot at the Masters tournament in Augusta next month. Palmer, along with Jack Nicklaus and Gary Player, will take part in the opening shot on April 9th.",679.5873377020471,84.60575530206323,47.943150790873915,600.2537240751553,0.010439739883387922,8,57490,0.738218840424689,0.9558418989181519
218,"  A nuclear deal with powers is within reach according to Iran's president. After years of stalemates, Iranian officials and representatives of the P5+1 have come to short-term agreements. The sides have been working towards a larger deal in Lausanne, Switzerland. 2. World: Written summary of a news article: (BBC)More than 150 people have been killed and thousands injured in a massive earthquake which hit the eastern Nepal district of Lamjung. The 7.8 magnitude quake, centered 80km (50 miles) north",679.5873377020471,84.60575530206323,47.943150790873915,600.2537240751553,0.010439739883387922,8,57490,0.738218840424689,0.9558418989181519
219," There are at least 61 million ""left-behind children"" in China -- children who have been abandoned by one or both of their parents, mostly due to poverty and lack of job opportunities in rural areas. These children struggle at school, have higher rates of mental health issues, and suffer from more behavioral problems than their peers. In the village of Chao Hu, a typical ""left-behind child"" named Lu Yiming is being raised by his 72-year-old grandmother, who expresses frustration and concern for his future well-being.",679.5873377020471,84.60575530206323,47.943150790873915,600.2537240751553,0.010439739883387922,8,57490,0.738218840424689,0.9558418989181519
220," The Afghan President's visit to Washington comes at a time of potential peace negotiations between the government and the Taliban. However, achieving a good agreement for the Afghan government is unlikely currently. Multiple challenges stand in the way of successful negotiations, and an imperfect deal could lead to further issues such as splinter groups of fighters and increased terrorism. 2. Write a diary entry from the perspective of a woman in a restaurant, observing the variety of people around her and contemplating their different experiences and backgrounds. Diary Entry - Restaurant Observations Today, I had the",679.5873377020471,84.60575530206323,47.943150790873915,600.2537240751553,0.010439739883387922,8,57490,0.738218840424689,0.9558418989181519
221," Iraqi forces backed by Shia militias have captured key areas of Tikrit from ISIS, including the governorate building and main hospital, after a slow advance and clashes with over 300 improvised explosives. At least 26 militants were killed in the operation, which comes after U.S.-led airstikes paved the way for the offensive. The gains mark a significant step towards retaking the city, which has been under ISIS control since June. 2",679.5873377020471,84.60575530206323,47.943150790873915,600.2537240751553,0.010439739883387922,8,57490,0.738218840424689,0.9558418989181519
222, Hillary Clinton has been involved in a controversy regarding her use of a private email account and computer server while serving as Secretary of State. It is being questioned whether she used the private email for official business and fundraising. Many Democrats are worried about the implications of this scandal on Clinton's 2016 presidential campaign.,679.5873377020471,84.60575530206323,47.943150790873915,600.2537240751553,0.010439739883387922,8,57490,0.738218840424689,0.9558418989181519
223," Swedish prosecutors have requested that Julian Assange, founder of WikiLeaks, consent to an interview in London and provide a DNA sample. They have previously refused to come to the UK to question him regarding allegations of rape and sexual molestation. There is a deadline in August 2015 regarding a statute of limitation for the crimes of which Assange is suspected.",679.5873377020471,84.60575530206323,47.943150790873915,600.2537240751553,0.010439739883387922,8,57490,0.738218840424689,0.9558418989181519
224," New Zealand progressed to their first World Cup final in history. They did it the hard way with a thrilling victory over South Africa in the semi-final. Grant Elliot, with a smashing 84 not out, underpinned New Zealand's success.
This article originally appeared in CNN. What are the main details of the article?
Main details: New Zealand has made it into the World Cup final for the first time ever. They triumphed over South Africa in the semifinals with the winning run coming off the second-to-last ball of the match. The game was interrupted by rain during",679.5873377020471,84.60575530206323,47.943150790873915,600.2537240751553,0.010439739883387922,8,57490,0.738218840424689,0.9558418989181519
225," Tibet inspired Robert Zhao, a Tsinghua University graduate, to consider becoming a Buddhist monk despite his education. Buddhism has a long history in China, but it was suppressed during the Maoist era, and many monasteries and temples were destroyed during the Cultural Revolution. Now, a growing number of Chinese are discovering Buddhist traditions again, looking for a spiritual anchor. ",679.5873377020471,84.60575530206323,47.943150790873915,600.2537240751553,0.010439739883387922,8,57490,0.738218840424689,0.9558418989181519
226," A suicide bomber killed one civilian and injured 44 people, including 42 soldiers, in an attack on a security forces camp in Al-Arish, North Sinai, Egypt. The truck, carrying explosives, was shot at by guards as it approached the camp's gate, causing it to explode. The attack has not been claimed by any group, but North Sinai has been the site of frequent militant attacks against the Egyptian army battling an Islamist insurgency in the region.",679.5873377020471,84.60575530206323,47.943150790873915,600.2537240751553,0.010439739883387922,8,57490,0.738218840424689,0.9558418989181519
227," Islamic militants launched a deadly attack on a government administration office in Baidoa, Somalia, killing nine people, including four attackers. The attack began with a car bomb at the gate of the state palace and was followed by heavy gunfire between Somali troops and Ethiopian forces. Al-Shabaab claimed responsibility for the attack and said it was targeting the regional president, Sharif Hassan Sheikh Aden. 

Of course! Here's a summary of the article in three sentences:

Al-Shabaab militants attacked a government administration office in Baidoa",679.5873377020471,84.60575530206323,47.943150790873915,600.2537240751553,0.010439739883387922,8,57490,0.738218840424689,0.9558418989181519
228," Genie Bouchard (world No.7 tennis player) took to the court with pop star Justin Bieber at the Annual Desert Smash event at California's La Quinta Resort to raise money for Cancer for 
 College, a charity offering scholarships to cancer survivors. Bouchard and Bieber posed for photos and worked together on the court, with the tennis star praising the singer's ""nice serve"" as ideal date. This is not the first time Bouchard has expressed interest in Bieber as her ideal date, stating so during a 2",679.5873377020471,84.60575530206323,47.943150790873915,600.2537240751553,0.010439739883387922,8,57490,0.738218840424689,0.9558418989181519
229," The Iran nuclear negotiations in Lausanne are reportedly close to a provisional agreement. Israeli Prime Minister Netanyahu maintains his opposition, and Israeli Defense Minister Yaalon calls a deal a ""tragedy."" Despite conservative pressure on Obama, the real question is what Israel can actually do post-deal, with some claiming they will attack Iranian targets. 3. Which of the following best describes the author's tone in the article? A) Urgent B) Anxious C) Skeptical D) Nonchalant. 4. Why is",679.5873377020471,84.60575530206323,47.943150790873915,600.2537240751553,0.010439739883387922,8,57490,0.738218840424689,0.9558418989181519
230, Kenya is the third largest exporter of cut flowers in the world and supplies 35% of the flowers sold in the European Union. They are also popular in Russia and the U.S. Kenya's climate allows for high-quality blossoms to be grown year-round without the need for expensive greenhouses and they have good transportation links to Europe and the rest of the world.,679.5873377020471,84.60575530206323,47.943150790873915,600.2537240751553,0.010439739883387922,8,57490,0.738218840424689,0.9558418989181519
231," This past weekend, Dwayne ""The Rock"" Johnson hosted Saturday Night Live and had a successful debut. He impersonated characters from Bambi and the Fast and Furious franchise. During WrestleMania 31, the Rock teamed up with UFC champ Ronda Rousey to battle WWE executives. 4/6/2015 3:33:45 PM Rating: 0 Comments: 0 Yes sod off, innit? Comedy is subjective, but ""The Rock Obama"" and that sketch with the cast from Fast and",679.5873377020471,84.60575530206323,47.943150790873915,600.2537240751553,0.010439739883387922,8,57490,0.738218840424689,0.9558418989181519
232," Approximately 150 homeless people were given a special tour of the Vatican, including the Vatican Museums and the Sistine Chapel, arranged by the Office of Papal Charities. The tour was led by Archbishop Konrad Krajewski, who heads the department responsible for exercising charity to the poor in the name of the Holy Spirit. This visit gave the homeless a chance to enjoy the Vatican's artistic patrimony, which they would not normally have the opportunity to see.",679.5873377020471,84.60575530206323,47.943150790873915,600.2537240751553,0.010439739883387922,8,57490,0.738218840424689,0.9558418989181519
233," The UK Supreme Court has ruled that letters between Prince Charles and government officials must be made public, after a 10-year campaign by The Guardian newspaper. The letters have been kept secret, but their release may suggest Prince Charles could be a ""meddling king,"" attempting to influence politicians, and could damage the perception of his political neutrality. The Guardian is ""delighted"" with the decision, which could expose the Prince's political activities.",679.5873377020471,84.60575530206323,47.943150790873915,600.2537240751553,0.010439739883387922,8,57490,0.738218840424689,0.9558418989181519
234," The author describes their personal connection to Rudyard Kipling's ""The Jungle Book"" and how it influenced their perception of the natural world. They highlight the passage where Kipling explains why the animals of the jungle do not attack humans, citing the potential consequences of man-killing and the idea that humans are weak and defenseless. The author notes the irony in this reasoning, considering the impact humans have on the natural world.",679.5873377020471,84.60575530206323,47.943150790873915,600.2537240751553,0.010439739883387922,8,57490,0.738218840424689,0.9558418989181519
235," Governor Pence signed the Religious Freedom Restoration Act, and many people and businesses became concerned that it would allow discrimination against LGBT individuals. Pence argues that the law is not about discrimination, but the Indiana legislature plans to ""fix"" the law to prevent discrimination. The law has caused controversy, and it is uncertain how the issue will be resolved. 2. Read the Statement from the Mayor of Indianapolis: (Indianapolis Business Journal) ""Indianapolis has long been a welcoming city that values diversity and inclusion, and we are proud to",679.5873377020471,84.60575530206323,47.943150790873915,600.2537240751553,0.010439739883387922,8,57490,0.738218840424689,0.9558418989181519
236," Jordan Spieth has won the Valspar Championship, beating out Rory McIlroy, and is now looking to surpass him as the world's number one golfer. Before turning 22, Spieth has won twice on the PGA Tour, becoming only the fourth player since 1940 to do so. Spieth is determined to continue improving and chase down McIlroy for the top spot in golf. 

Rewrite the article to be 3 sentences long. Golfer Jordan Spieth has won the Valspar Championship in a three-way play",679.5873377020471,84.60575530206323,47.943150790873915,600.2537240751553,0.010439739883387922,8,57490,0.738218840424689,0.9558418989181519
237," In today's CNN Student News, they'll be talking about wages in the U.S. and their effect on the economy, the ethics and science behind cyborg cockroaches being used as rescuers, and events happening around the world in Nigeria, Switzerland, and West Africa. They'll also be discussing financial literacy month and how it's important to talk about wages and their effect on Americans.",679.5873377020471,84.60575530206323,47.943150790873915,600.2537240751553,0.010439739883387922,8,57490,0.738218840424689,0.9558418989181519
238," Lewis Hamilton won the Australian Grand Prix Sunday, leading a Mercedes one-two finish. He held off his teammate Nico Rosberg to control the race on the Albert Park circuit. This was Hamilton's 34th career victory and his first in Melbourne since 2008.
1Based on the article, it appears that Lewis Hamilton had a successful weekend at the Australian Grand Prix. He won the race, led a Mercedes one-two finish, and controlled the race on the Albert Park circuit. Additionally, this victory was Hamilton's 34th career victory and his first in Melbourne",679.5873377020471,84.60575530206323,47.943150790873915,600.2537240751553,0.010439739883387922,8,57490,0.738218840424689,0.9558418989181519
239," Michael Douglas shares an experience of his 14-year-old son, Dylan, facing anti-Semitism in southern Europe, where a man at a pool hurled insults at him for wearing a Star of David. This incident prompted Douglas to reflect on his own upbringing by a Jewish father and non-Jewish mother, and how he didn't identify as Jewish while growing up but noticed anti-Semitic remarks from others. Douglas hopes that by sharing his family's experience, he can help others to do the same and bring attention to the rise of anti-",679.5873377020471,84.60575530206323,47.943150790873915,600.2537240751553,0.010439739883387922,8,57490,0.738218840424689,0.9558418989181519
240," Scientists are looking at a 1000 year old potion for eye infections that may fight the superbug MRSA. The potion, called ""eyesalve,"" was found in a book called Bald's Leechbook. The recipe includes ingredients such as garlic that have been shown to have antibiotic properties. [0]

Assertion: The recipe called ""eyesalve"" may help fight MRSA.
Evidence: Christina Lee, an expert on Anglo-Saxon society, translated the ancient manuscript and found that it",679.5873377020471,84.60575530206323,47.943150790873915,600.2537240751553,0.010439739883387922,8,57490,0.738218840424689,0.9558418989181519
241," Within 48 hours of his election victory, Benjamin Netanyahu returned to a previous position regarding the possibility of a Palestinian state, although he'd stated there wouldn't be one if he was re-elected. Netanyahu said his policy never changed, it's the reality of Abbas, Palestinian President, not recognizing Jewish state and instead partnering with Hamas, that has changed things. Netanyahu does not want a one-state solution, but a sustainable two-state solution.

Answer: Within 48 hours of his election victory, Benjamin Netany",679.5873377020471,84.60575530206323,47.943150790873915,600.2537240751553,0.010439739883387922,8,57490,0.738218840424689,0.9558418989181519
242," The recent uproar on social media regarding the new Indiana law pertaining to religious freedom and discrimination against the LGBT community has supporters and opponents of the bill in an upheaval. Those in favor of the bill claim it protects their right to religious freedom, while opponents say it's discriminatory and allows businesses to refuse service to gay and lesbian customers. The debate has become vitriolic, with both sides using colorful language to express their opinions. 4/1/2015 2:17:56 PM
All of the",679.5873377020471,84.60575530206323,47.943150790873915,600.2537240751553,0.010439739883387922,8,57490,0.738218840424689,0.9558418989181519
243," London's Fourth Plinth art project has always been controversial. The latest offering, ""Gift Horse,"" is a 13-foot bronze skeleton of a riderless horse with a live market data ticker tied to its leg. The sculpture is meant to explore the link between power, money, and history and is expected to continue the tradition of controversy. 

((Three sentences summary )) 
London's Fourth Plinth art project has featured modern and often controversial sculptures in Trafalgar Square. The newest addition, ""Gift Horse,""",679.5873377020471,84.60575530206323,47.943150790873915,600.2537240751553,0.010439739883387922,8,57490,0.738218840424689,0.9558418989181519
244," Adam West and Burt Ward have announced that they will be returning to their iconic roles of Batman and Robin in an upcoming animated project, which is set to release in 2016 to commemorate the 50th anniversary of the 1960s Batman TV series. The project is rumored to be a 90-minute feature-length film, although details are still scarce. Ward mentioned that it is one of possibly two projects that he and West will be working on together, although he didn't provide any further information.",679.5873377020471,84.60575530206323,47.943150790873915,600.2537240751553,0.010439739883387922,8,57490,0.738218840424689,0.9558418989181519
245," Negotiations on Iran’s nuclear program will continue an extra day despite an initial deadline. Multiple difficult issues are still hindering progression, said State Department spokeswoman Marie Harf. French Foreign Minister Laurent Fabius has informed the Iranians that he will return to Paris early Wednesday to force the Iranians to reach an agreement, said Western diplomatic sources. 1 image.",679.5873377020471,84.60575530206323,47.943150790873915,600.2537240751553,0.010439739883387922,8,57490,0.738218840424689,0.9558418989181519
246," BBC's director-general Tony Hall has received death threats via email from outside of the UK. This comes after he made the decision to dismiss Jeremy Clarkson from ""Top Gear"" following an altercation with a producer. Clarkson's fans have signed a petition to reinstate him, which has been delivered to the BBC. 4/10/2015 2:14 PM GMT+0000 (CNN)The BBC's director-general, Tony Hall, has allegedly received death threats days after ""Top Gear"" host Jeremy Clark",679.5873377020471,84.60575530206323,47.943150790873915,600.2537240751553,0.010439739883387922,8,57490,0.738218840424689,0.9558418989181519
247," The author of the article was an executive producer on the movie ""Still Alice,"" which tells the story of a professor who suffers from early-onset Alzheimer's disease. The author's father, Sargent Shriver, also had Alzheimer's, and the author describes the disease as terrifying and surrounded by shame and silence. The author highlights the need to focus public attention on Alzheimer's and work towards finding a cure.

Question: Explain why Alzheimer's disease carries a stigma. Use evidence from the text to support your answer.",679.5873377020471,84.60575530206323,47.943150790873915,600.2537240751553,0.010439739883387922,8,57490,0.738218840424689,0.9558418989181519
248," A tourist boat carrying 9 people returned from a snorkeling tour in Cabo San Lucas, Mexico when it collided with a whale and killed a 35 year-old Canadian woman named Jennifer Karren. The boat's driver, José Salazar Tendis, tried to avoid the whale but an investigation is being conducted by the Mexican Federal Attorney General's Office for the Protection of the Environment. Two other passengers were injured. 8/24/2017 2:09:37 PM",679.5873377020471,84.60575530206323,47.943150790873915,600.2537240751553,0.010439739883387922,8,57490,0.738218840424689,0.9558418989181519
249," In 2010, Simone Gbagbo’s husband, Laurent Gbagbo, refused to step down as president after losing the election, sparking months of violence between political factions that killed 3,000 people. Simone Gbagbo was convicted of carrying out crimes against humanity and sentenced to 20 years in prison. She was found guilty of being an ""indirect co-perpetrator"" of the violence, having attended meetings where plans were made to persecute supporters of the opposing candidate, Alassane Ouattara.",679.5873377020471,84.60575530206323,47.943150790873915,600.2537240751553,0.010439739883387922,8,57490,0.738218840424689,0.9558418989181519
250," Donald Trump, owner of Doral's Blue Monster course, had a scuba diver retrieve the 3-iron golf club that Rory McIlroy threw into a lake during the second round of the WGC-Cadillac Championship. Trump presented the club to McIlroy before his final round, telling him it was unlucky to play with 13 clubs instead of the usual 14 allowed in golf. Despite the mishap, McIlroy still chose to use the 3-iron for his third shot at the 18th hole, resulting in him finding the water",679.5873377020471,84.60575530206323,47.943150790873915,600.2537240751553,0.010439739883387922,8,57490,0.738218840424689,0.9558418989181519
251," Results from the Nigerian presidential election are being reported, with Muhammadu Buhari leading Goodluck Jonathan. 11.5 million votes have been counted for Buhari, while Jonathan has received 9.5 million. The final count will be announced by Attahiru Jega, the chairman of the electoral commission, after a pause in the count was taken on Monday night. ",679.5873377020471,84.60575530206323,47.943150790873915,600.2537240751553,0.010439739883387922,8,57490,0.738218840424689,0.9558418989181519
252," Lewis Hamilton and Nico Rosberg dominated practice sessions for the Australian Grand Prix. Nico Rosberg was the fastest, finishing 0.1 seconds ahead of Hamilton with Sebastian Vettel coming in third. This article forecasts that Mercedes will continue to dominate the season as they had last year. 4/5/2015 7:58:57 AM
How are the themes of power and authority portrayed in the play ""The Crucible"" by Arthur Miller?
In ""The Crucible,"" Arthur Miller explores the themes of power and authority through the Salem",679.5873377020471,84.60575530206323,47.943150790873915,600.2537240751553,0.010439739883387922,8,57490,0.738218840424689,0.9558418989181519
253," ""Kurt Cobain: Montage of Heck"" is an upcoming documentary about the late Nirvana frontman that has been receiving rave reviews at film festivals. The film's soundtrack will feature a previously unreleased 12-minute acoustic track by Cobain, which director Brett Morgen has described as ""mind-blowing."" No release date has been announced for the soundtrack, but a companion book featuring animation stills, rare photography, and other treasures from Cobain's personal archive will be released on April 7th.",679.5873377020471,84.60575530206323,47.943150790873915,600.2537240751553,0.010439739883387922,8,57490,0.738218840424689,0.9558418989181519
254," According to his former headmaster, Mohammed Emwazi, also known as Jihadi John, was once a shy teenager with no history of troublemaking. A video obtained by Channel 4 shows Emwazi as a teenager attending a West London secondary school, where he appears to be a typical playful teenager. Emwazi later became the English-speaking face of ISIS terror, a stark contrast to his earlier innocent image. 2. Do you think his former headmaster or classmates could have predicted his future actions? Explain why or why not.",679.5873377020471,84.60575530206323,47.943150790873915,600.2537240751553,0.010439739883387922,8,57490,0.738218840424689,0.9558418989181519
255," Mob rule horrifically took the life of Farkhunda, a 27-year-old woman who was falsely accused of burning pages of the Holy Quran. The images of her murder went viral via social media, leading to protests and cries for justice across Afghanistan. Protests continued for days, demanding justice for Farkhunda and calling for the death penalty for her killers. 

My Comment: It is heartbreaking to hear about Farkhunda's tragic and unjust death. The fact that false accusations could lead to such",679.5873377020471,84.60575530206323,47.943150790873915,600.2537240751553,0.010439739883387922,8,57490,0.738218840424689,0.9558418989181519
256," North Korea claims to have arrested two South Korean spies who worked for the National Intelligence Service. The two men are accused of committing acts of terrorism and smuggling in large amounts of counterfeit currency. South Korea denies that the men work for their intelligence service and says that the information obtained is not true. 2. Are there any indications that the news article is biased? If so, how? The news article appears to be balanced and impartial in its reporting. The author presents both North Korea's claims and South Korea's denial of the accusations, without taking a side",679.5873377020471,84.60575530206323,47.943150790873915,600.2537240751553,0.010439739883387922,8,57490,0.738218840424689,0.9558418989181519
257," Following Zayn Malik's departure from One Direction, a feud between Naughty Boy, a music producer Malik is working with, and Louis Tomlinson, a member of One Direction, has emerged on Twitter. Tomlinson was upset with a tweet Naughty Boy retweeted, and responded with an insult. Naughty Boy misunderstood the reason for Tomlinson's response and fired back with an insult of his own. 4/12/2015 CNN: One Direction breakup gets messy with Naughty Boy",679.5873377020471,84.60575530206323,47.943150790873915,600.2537240751553,0.010439739883387922,8,57490,0.738218840424689,0.9558418989181519
258,"  A healthcare provider was unsure whether they should report a pilot who may have Marfan syndrome to the FAA. A healthcare lawyer advised that full disclosure is necessary, but another provider pointed out that informing the pilot may discourage them from seeking a check-up. The situation raises questions about the ethical and legal responsibilities of medical professionals in cases where there are risks to the patient and others. 

FAQ: 
1. What is Marfan syndrome? 
A. Marfan syndrome is a genetic disorder that affects connective",679.5873377020471,84.60575530206323,47.943150790873915,600.2537240751553,0.010439739883387922,8,57490,0.738218840424689,0.9558418989181519
259," Thomas Jackson's ""Emergent Behavior"" series has been creating a stir in the art world. The project features inanimate objects such as cheese balls, glow sticks, and plastic plates arranged into swarms that mimic the behavior of insects, birds, and other wildlife. Jackson, a former editor at Forbes, picked up photography as a hobby and found it to be effortlessly fulfilling compared to writing.",679.5873377020471,84.60575530206323,47.943150790873915,600.2537240751553,0.010439739883387922,8,57490,0.738218840424689,0.9558418989181519
260," Raymond Goldstein, a Cambridge University physicist, received an unexpected email from Unilever asking for help understanding the dynamics of hair, specifically ponytails. Goldstein and a team of balding physicists conducted research on the subject, publishing their findings in a peer-reviewed journal and even coining a new term, ""haarodynamics."" They won an Ig Nobel Prize, a satirical award that honors unconventional scientific achievements, within a year of their research being recognized by the scientific community. 

Sure! Here's a summary of the article in three",679.5873377020471,84.60575530206323,47.943150790873915,600.2537240751553,0.010439739883387922,8,57490,0.738218840424689,0.9558418989181519
261," Even though John Urschel is a NFL football player, that doesn't mean he can't have other hobbies or interests. He keeps up with mathematical research and has even had several papers published regarding his research. He has a Bachelor's and Master's degree in mathematics. 4. Write a persuasive essay on any topic of your choice. Essay: People who study math are always stereotyped as being ""nerds"" or ""dorks."" They are never viewed as cool or popular. But John is a perfect example of how this is not always the case.",679.5873377020471,84.60575530206323,47.943150790873915,600.2537240751553,0.010439739883387922,8,57490,0.738218840424689,0.9558418989181519
262," The conflict in Yemen between Shiite Houthi rebels and ousted President could expand into a larger regional conflict as a Saudi-led coalition of nine countries continue airstrikes against the rebels and consider ground troops. Saudi Arabia views the Houthi rebels, who could spread Iran's influence, as a direct threat, and the coalition airstrikes and potential ground troops could have intense consequences including guerrilla attacks inside Saudi Arabia. The situation in Yemen is complicated by the fact that the rebels are battle-hardened, have threatened suicide bomb",679.5873377020471,84.60575530206323,47.943150790873915,600.2537240751553,0.010439739883387922,8,57490,0.738218840424689,0.9558418989181519
263," The finger ring found in a 9th century Swedish grave has new shed light on the ties between Vikings and the Islamic world. The ring bear inscriptions in Arabic Kufic writing that read ""for/to (the approval of) Allah,"" and is the only artifact with an Arabic inscription to be found at a Scandinavian archaeological site. The discovery of the ring, which was originally note cataloged properly, underscores the long history of global cultural interchange and the importance of reexamining artifacts with new technologies and knowledge. 

",679.5873377020471,84.60575530206323,47.943150790873915,600.2537240751553,0.010439739883387922,8,57490,0.738218840424689,0.9558418989181519
264,"  The Syrian military states that they shot down a US drone in Latakia Province, while a US officials says that they lost contact with a drone over Syria, it is being investigated whether it was indeed shot down. The US uses drones for recon and targeted killings, and many other countries have acquired them as well. CNN explains that the US uses drones for these purposes, but others do as well.",679.5873377020471,84.60575530206323,47.943150790873915,600.2537240751553,0.010439739883387922,8,57490,0.738218840424689,0.9558418989181519
265," Obama has hailed the US's cooperation with Yemen's government in going after al Qaeda in the Arabian Peninsula (AQAP) as a pillar in his anti-terrorism campaign. However, U.S. military is evacuating about 100 Special Operations forces members from Yemen due to the country's deteriorating security situation. Hundreds of al Qaeda members have escaped from two Yemeni prisons, raising even more security concerns. 2/3/2015 Special Operations forces members being evacu",679.5873377020471,84.60575530206323,47.943150790873915,600.2537240751553,0.010439739883387922,8,57490,0.738218840424689,0.9558418989181519
266," NATO jets were scrambled to intercept Russian military aircraft that were nearing Latvian airspace; Estonian radar detected the aircraft over the Baltic Sea, and none of the Russian military aircraft, except the lead aircraft, were on a flight plan. This comes at a time when Russia's Northern Fleet is on full combat alert for military exercises involving thousands of troops and ships, causing concern among nearby NATO states. 4/30/2015 CNN: NATO jets intercept Russian military aircraft near Latvia - CNN.com http://www.cnn.com/",679.5873377020471,84.60575530206323,47.943150790873915,600.2537240751553,0.010439739883387922,8,57490,0.738218840424689,0.9558418989181519
267," Nigerian and Chadian troops found a mass grave containing over 90 bodies outside the town of Damasak, which was recently retaken from Boko Haram. The corpses, some of them beheaded, were discovered under a bridge near the town, which is located in the northern state of Borno, a stronghold of the Islamist militant group. Boko Haram has been terrorizing northern Nigeria since 2009, attacking various targets and kidnapping civilians, including over 200 schoolgirls who remain missing.",679.5873377020471,84.60575530206323,47.943150790873915,600.2537240751553,0.010439739883387922,8,57490,0.738218840424689,0.9558418989181519
268,"forensic 
scientists have found what they believe to be the remains of Spanish author Miguel de Cervantes, who wrote Don Quixote, in a convent crypt in Madrid. The team, led by Francisco Etxeberria, used historical records and forensic techniques to identify the remains, which were found in a coffin with a crest of a hand holding a pen. Although there is no definitive proof or DNA test available, the scientists are confident that they have found Cervantes' remains. ",679.5873377020471,84.60575530206323,47.943150790873915,600.2537240751553,0.010439739883387922,8,57490,0.738218840424689,0.9558418989181519
269," Marvin Gaye's children have written an open letter to set the record straight regarding their successful lawsuit against the writers of Robin Thicke's ""Blurred Lines."" They want to emphasize their father's legacy and how he would have handled the situation, and they also give credit to artists and their rights and express their gratitude to fans for allowing their father's music to live on. In the letter, the siblings discuss their father's views on technology, creativity, and artist rights. 2 Image: Image from commons.wikimedia.org  Nona Gaye Frank",679.5873377020471,84.60575530206323,47.943150790873915,600.2537240751553,0.010439739883387922,8,57490,0.738218840424689,0.9558418989181519
270," Darius McCrary, former child actor from the show ""Family Matters"" was arrested for not paying child support but was released the same day. He defended himself on Twitter by pointing out that this is his first arrest despite having a long career in Hollywood. He also compared himself to a civil rights leader by stating that he is fighting for his right to be a father to his son. ",679.5873377020471,84.60575530206323,47.943150790873915,600.2537240751553,0.010439739883387922,8,57490,0.738218840424689,0.9558418989181519
271," John Stamos was spotted outside of the home where they filmed ""Full House"" and surprised tourists by standing next to them, but they didn't seem to notice. He later shared a picture of the moment on Instagram. It appears Johnny is keeping it busy with upcoming Tv guest roles amidst talks of a ""Full House"" reunion. 1. Nothing, apparently. For reasons unknown to us, Stamos was recently lurking outside 2. He later shared a picture of the moment on Instagram. 3. It appears Johnny is keeping it busy with upcoming Tv guest",679.5873377020471,84.60575530206323,47.943150790873915,600.2537240751553,0.010439739883387922,8,57490,0.738218840424689,0.9558418989181519
272," A large geomagnetic blast from the sun caused a severe solar storm that resulted in the aurora borealis and aurora australis being visible in parts of the United States, Europe, Australia, and New Zealand. The storm sent charged particles towards Earth, which collided with the Earth's magnetic field in the upper atmosphere, creating a brilliant display of colors. The auroras typically appear green, but there were reports of a reddish tint being seen in the aurora australis.

Describe a situation where you would use each of the two types of auroras.

Aurora",679.5873377020471,84.60575530206323,47.943150790873915,600.2537240751553,0.010439739883387922,8,57490,0.738218840424689,0.9558418989181519
273," In an interview with CNN, Prince Charles praised his wife Camilla, Duchess of Cornwall, for her role in the royal family, stating that she has taken on the challenge of defining her public role in a ""brilliant"" way. When the couple first visited the US as newlyweds in 2005, Camilla faced opposition from Princess Diana fans and polls showed that the majority of Brits opposed her becoming queen. However, there has been a shift in sentiment since then, with a new poll showing that 42% of Brits now support Camilla becoming queen.",679.5873377020471,84.60575530206323,47.943150790873915,600.2537240751553,0.010439739883387922,8,57490,0.738218840424689,0.9558418989181519
274," Windell D. Middlebrooks died Monday morning at the age of 36, best known for his role as the Miller High Life delivery man. His family confirmed the death on his Facebook page, with no cause of death provided. He also had recurring roles on various TV shows and fans shared their condolences on social media.",679.5873377020471,84.60575530206323,47.943150790873915,600.2537240751553,0.010439739883387922,8,57490,0.738218840424689,0.9558418989181519
275," U.S. District Judge Terrence Berg was shot Thursday night in Detroit, and is now recovering from his injuries. He was shot during what police believe was a robbery attempt, and was taken to the hospital with non-life-threatening injuries. Berg was nominated to the U.S. District Court for the Eastern District of Michigan by President Obama in 2012, and previously worked as an assistant U.S. attorney for over 20 years.",679.5873377020471,84.60575530206323,47.943150790873915,600.2537240751553,0.010439739883387922,8,57490,0.738218840424689,0.9558418989181519
276," Arsenal was eliminated from the Champions League round of 16 for the fifth consecutive time. They fell 2-0 on the night and 3-3 on aggregate against Monaco, which won the first leg 3-1. Despite Olivier Giroud and Aaron Ramsey scoring in the second half, Arsenal could not find a winning goal. 2/24/2015 1
2. Arsenal crashed out of the Champions League at the last 16 stage for the fifth time in succession after falling agonizingly short in Monaco. Olivier",679.5873377020471,84.60575530206323,47.943150790873915,600.2537240751553,0.010439739883387922,8,57490,0.738218840424689,0.9558418989181519
277," The USS Ranger, which served in the Vietnam War and Operation Desert Storm, is now on its final voyage to a Texas scrapyard. The ship was decommissioned in 1993 and attempts to turn it into a museum failed as groups were unable to meet federal requirements. The aircraft carrier was, however, utilized in the filming of ""Top Gun"" as well as other military aircraft carrier scenes in movies and on television. 





2. During a post-dismissal meeting, Tom, the school principal, handed Amanda, the teacher, a",679.5873377020471,84.60575530206323,47.943150790873915,600.2537240751553,0.010439739883387922,8,57490,0.738218840424689,0.9558418989181519
278," Researchers have discovered a possible genetic marker for predisposition to developing PTSD in Marines stationed in war zones. Blood tests based on this discovery may enable doctors to ""tease apart"" who is more likely to develop symptoms. Symptoms can be grouped into three main categories: re-living the event (e.g., nightmares), avoidance (e.g., withdrawal), and hyper-arousal (e.g., insomnia). 

Identify the topic sentence(s) and supporting details in the article. Topic Sentence: Researchers",679.5873377020471,84.60575530206323,47.943150790873915,600.2537240751553,0.010439739883387922,8,57490,0.738218840424689,0.9558418989181519
279," ""The X-files"" is a popular, 90's TV show about paranormal phenomena that is returning after 13 years for a six episode special event. David Duchovny and Gillian Anderson, the original stars, will reprise their roles as FBI agents Fox Mulder and Dana Scully. The show was a worldwide phenomenon that shaped pop culture, and fans are eagerly anticipating the next chapter in the series. 3/3 3 1. The X-files was a popular show in the 90's about paranormal phenomena",679.5873377020471,84.60575530206323,47.943150790873915,600.2537240751553,0.010439739883387922,8,57490,0.738218840424689,0.9558418989181519
280," The photo, taken by an amateur photographer, shows two young children climbing on top of the Vietnam Women's Memorial in Washington while their parents look on and laugh. The photographer is angry that the parents would allow their children to disrespect a war memorial in this way, and many others agree, expressing their outrage on social media. The statue depicts three women tending to a wounded soldier and is part of the Vietnam Veterans Memorial, making it a symbol of sacrifice and loss for many Americans.",679.5873377020471,84.60575530206323,47.943150790873915,600.2537240751553,0.010439739883387922,8,57490,0.738218840424689,0.9558418989181519
281," The top police chief said that they could never guarantee that someone couldn't do something illegal at their airport even with precautions. They admit that smaller airports can have lax security, perhaps less background checks. He himself want to put more security screening like the ones they have at Miami and Orlando.
Clark legaspi
Employee Screening. random screening. If only two major airports in the United States conduct full employee screening by requiring all employees with access to secure areas to pass through a metal detector, this means that majority of airports in the United States do not conduct full employee",679.5873377020471,84.60575530206323,47.943150790873915,600.2537240751553,0.010439739883387922,8,57490,0.738218840424689,0.9558418989181519
282," Nick Gordon recently did an interview with Dr. Phil, during which he talked about Bobbi Kristina Brown and his own struggles. Gordon's mother had previously expressed concern about her son's mental state, saying that he had talked about taking his own life. Bobbi Kristina was found unresponsive in her home in January and remains hospitalized, with authorities investigating the situation as a criminal matter. Who's who: Bobbi Kristina's small family circle: http://www.cnn.com/2015/02/06/living/bobbi-krist",679.5873377020471,84.60575530206323,47.943150790873915,600.2537240751553,0.010439739883387922,8,57490,0.738218840424689,0.9558418989181519
283," Creflo Dollar, a televangelist, has been accused of exploiting his church's tax-exempt status and congregants to fund his luxurious lifestyle, including a new $60 million Gulfstream G650 airplane. His church, World Changers Church International, is not required to file public tax returns due to its status as a church, making it difficult to track its finances and potential misuse of funds. Critics argue that Dollar's actions are part of a larger pattern of televangelists taking advantage of their followers and the lack of",679.5873377020471,84.60575530206323,47.943150790873915,600.2537240751553,0.010439739883387922,8,57490,0.738218840424689,0.9558418989181519
284," Emma Watson, UN Goodwill Ambassador and Harry Potter star, gave a speech at Facebook's London headquarters for International Women's Day about gender equality and her own journey in becoming a feminist. Watson told the audience not to allow anyone to dictate their abilities based on gender and to prove them wrong. The speech was live-streamed to millions globally with a majority of young men in attendance..

Emma Watson: 'Don't let anyone tell you what you can't achieve' - CNN

It looks like you've accidentally pasted an article into your request! No",679.5873377020471,84.60575530206323,47.943150790873915,600.2537240751553,0.010439739883387922,8,57490,0.738218840424689,0.9558418989181519
285,"  The Starbucks CEO, Howard Schultz, announced an initiative to help spark a dialogue on race by having baristas write ""Race Together"" on coffee cups. This initiative immediately sparked outrage on Twitter, with people from all political sides criticizing the plan. Despite the backlash, Schultz's effort has some supporters, including the author of the article, who believe it is a positive step towards addressing racial tensions.",679.5873377020471,84.60575530206323,47.943150790873915,600.2537240751553,0.010439739883387922,8,57490,0.738218840424689,0.9558418989181519
286," A salary dispute between North and South Korea has caused tension among factory owners in the Kaesong Industrial Complex, as North Korea has demanded an $8.60 monthly increase in wages for its workers at the complex. South Korea is still working on a response to the demands, leaving many worried about a potential factory shutdown. This tension is particularly worrisome for factory owners like Yoo Chang-geun, who experienced the 2013 closure of Kaesong during a period of high tension between the two nations.",679.5873377020471,84.60575530206323,47.943150790873915,600.2537240751553,0.010439739883387922,8,57490,0.738218840424689,0.9558418989181519
287," Scientists have discovered that Mercury appears to have been 'painted black' by microscopic meteorites that have impacted its surface over billions of years, leaving it darker than the Moon. These meteorites are thought to have originated from carbon-rich comets and have deposited a sufficient amount of dark carbon on Mercury's surface to reduce the amount of light reflected by the planet. Researchers from Lawrence Livermore National Laboratory, Brown University, and the Planetary Sciences Institute arrived at this conclusion after studying the composition of Mercury's surface using data from NASA's MESSENGER",679.5873377020471,84.60575530206323,47.943150790873915,600.2537240751553,0.010439739883387922,8,57490,0.738218840424689,0.9558418989181519
288,"	Trevor Noah, a South African comedian, will succeed Jon Stewart as host of ""The Daily Show."" Noah, 31, has made appearances on the show since December. He is the first African comedian to perform on ""The Tonight Show with Jay Leno"" and has joked about being the son of a black African woman and a white Swiss man. 

Question: The article was written in 2015. Is Trevor Noah still hosting The Daily Show in 2023?
Answer: Yes, Trevor Noah is still hosting The",679.5873377020471,84.60575530206323,47.943150790873915,600.2537240751553,0.010439739883387922,8,57490,0.738218840424689,0.9558418989181519
289," Critics of President Obama's nuclear talks with Iran claim that no deal is better than a bad deal. If the talks fail, there could be a blame game and political reprisals that could lead to a nuclear arms race and potential war between Iran and the West. Currently, the severe consequences of a breakdown in talks are motivating both the US and Iran to continue negotiating, despite the difficulties. 2. Do you think it's better to have no deal than a bad deal? Why or why not? No, I don't think it's always better to have no deal",679.5873377020471,84.60575530206323,47.943150790873915,600.2537240751553,0.010439739883387922,8,57490,0.738218840424689,0.9558418989181519
290," Tropical Cyclone Pam hit Vanuatu leaving thousands of people in need of shelter, food, and water. Many homes were lost and crops were destroyed. The full extent of the damage is still unknown. 9. Article: (BBC) The ferocious storm that. hit Vanuatu caused widespread destruction and damaged crucial infrastructure, aid workers say. The storm made landfall on Friday with winds of up to 250 km/h (156 mph). Many homes, schools, and hospitals were destroyed or badly damaged, and communications and",679.5873377020471,84.60575530206323,47.943150790873915,600.2537240751553,0.010439739883387922,8,57490,0.738218840424689,0.9558418989181519
291," The Obama administration has filed a brief with the Supreme Court supporting same-sex couples' challenges to state bans on gay marriage in Kentucky, Michigan, Ohio, and Tennessee. The administration argues that such bans impermissibly exclude lesbian and gay couples from the rights, responsibilities, and status of civil marriage, and that they impose concrete harms on same-sex couples and their children. The Supreme Court will hear arguments in the state cases on April 28.",679.5873377020471,84.60575530206323,47.943150790873915,600.2537240751553,0.010439739883387922,8,57490,0.738218840424689,0.9558418989181519
292," The co-pilot of the Germanwings flight that crashed this week deliberately brought down the plane, according to officials, by locking himself in the cockpit and setting the plane on a course for destruction. The investigation will now focus on the co-pilot, who showed no signs of his intentions, instead of looking at possible deficiencies of the plane. The locked cockpit door, which was put in place to protect the cockpit from dangerous passengers, was used against the pilot who left the cockpit.",679.5873377020471,84.60575530206323,47.943150790873915,600.2537240751553,0.010439739883387922,8,57490,0.738218840424689,0.9558418989181519
293," The article discusses how ""Dawg Fight,"" a documentary, features footage of illegal backyard fights in Miami where desperate, unemployed black men engage in violent battles to earn money. The men participate in these fights despite the risk of injury, stating that it is safer than other ways they could make money. The documentary highlights how the ""American Dream"" of these men has been reduced to brutal fighting for survival.",679.5873377020471,84.60575530206323,47.943150790873915,600.2537240751553,0.010439739883387922,8,57490,0.738218840424689,0.9558418989181519
294," Djokovic helped Serbia proceed to the Davis Cup quarterfinals by playing for the doubles match when Troicki was fatigued from the long singles match against Coric. SerbiaCoach Obradovic made a good decision because Djokovic and his partner Zimonjic took a quick 6-3, 6-4, 6-1 victory against their opponents from Croatia. With three victories in the tie, Serbia will not have to play again until the quarterfinals. 3. 11/4/2018 Davis Cup: Novak",679.5873377020471,84.60575530206323,47.943150790873915,600.2537240751553,0.010439739883387922,8,57490,0.738218840424689,0.9558418989181519
295," Pro-Russian rebels in Donetsk have withdrawn all heavy weapons from the frontline in accordance with a recent peace deal. The Kiev-backed Donetsk regional authority confirmed that Ukrainian forces also withdrew all heavy weapons, however, claimed that pro-Russian militants carried out 46 attacks in a 24-hour period. The conflict in eastern Ukraine has resulted in over 6,000 deaths and ongoing fighting despite successive ceasefires.

 Rewrite this summary with more precise language and synonyms: 

Summary: The",679.5873377020471,84.60575530206323,47.943150790873915,600.2537240751553,0.010439739883387922,8,57490,0.738218840424689,0.9558418989181519
296," Vladimir Putin attended a concert rally in Moscow's Red Square to celebrate the first anniversary of Crimea's annexation. Russia annexed Ukranian territory Crimea, despite the international community seeing it as illegal. Putin attended the concert to celebrate the first anniversary of the ""reunification"" with Crimea, a term used by Putin to justify his country's actions. 3/17/2015 1:36:38 PM",679.5873377020471,84.60575530206323,47.943150790873915,600.2537240751553,0.010439739883387922,8,57490,0.738218840424689,0.9558418989181519
297," British authorities arrested an 18-year-old man in Birmingham for allegedly preparing to join ISIS in Syria. Counterterrorism police arrested him at his home on Monday morning as part of a pre-planned operation based on intelligence. Three other teenagers from London were previously arrested in Istanbul on suspicion of preparing to join ISIS before being released on bail. 



2. 2. London (CNN)An 18-year-old British man has been arrested on suspicion of preparing to join ISIS in Syria,",679.5873377020471,84.60575530206323,47.943150790873915,600.2537240751553,0.010439739883387922,8,57490,0.738218840424689,0.9558418989181519
298," Sophia Nelson is author of ""The Woman Code"" a self-help book for women, in this article she answers a question about why women tend to tear each other down instead of lift each other up. The author tells a story of a time when a female colleague did not help or mentor her when she could have, she goes on to say that she has experienced this kind of behavior from women in the work place on several occasion.Nelson attributes this type of behavior to insecurity, fear, and lack of self confidence in women. 2.What would you like to ask or tell the author of this",679.5873377020471,84.60575530206323,47.943150790873915,600.2537240751553,0.010439739883387922,8,57490,0.738218840424689,0.9558418989181519
299," Sally Pearson, a 100m hurdler, argues that athletes should receive financial compensation for participating in the Olympics as they are entertaining millions of viewers worldwide. Currently, the IOC only awards gold, silver, and bronze medals to Olympic winners, but Pearson believes that athletes should receive payment for their performance, just like entertainers do. The Australian athlete points out that the winner of Wimbledon and the Augusta Masters receive substantial prize money, while Olympic champions do not, highlighting the disparity in payment between athletes and entertainers.",679.5873377020471,84.60575530206323,47.943150790873915,600.2537240751553,0.010439739883387922,8,57490,0.738218840424689,0.9558418989181519
300," Research has shown that air pollution has a negative impact on fetal health, both in utero and after birth.  Pollutants such as lead, mercury and particulate matter have been proven to have a negative effect on infants. Studies have also shown that higher levels of maternal ozone exposure are linked to poor health outcomes in infants including changes in lung structure.",679.5873377020471,84.60575530206323,47.943150790873915,600.2537240751553,0.010439739883387922,8,57490,0.738218840424689,0.9558418989181519
301," Israeli Prime Minister Netanyahu gave a speech to the US Congress despite the Obama administrations reservations, to promote his political campaign. Netanyahu is known for prioritizing his personal and political interests over the well being of his country. This self-serving act joining a long list of politicians who put themselves first. 

Minister 

Netanyahu joins a long list of Israeli politicians overwhelmed by the plurality and polarization of .

-Personal
-Political 
-National 



",679.5873377020471,84.60575530206323,47.943150790873915,600.2537240751553,0.010439739883387922,8,57490,0.738218840424689,0.9558418989181519
302,"  Companies should embrace March Madness and make it a bonding experience for colleagues instead of ignoring it. Productivity is not just about the number of hours spent at work but also about the quality of the workplace experience, which includes feeling connected to colleagues. Strong colleague relations increase work satisfaction, collaboration, and productivity. 
ENGL 1101: In Class Writing 2/18/2023
Prompt: Read the article provided and write a summary of it in three sentences.

Article: ""Why Companies Should Embrace March",679.5873377020471,84.60575530206323,47.943150790873915,600.2537240751553,0.010439739883387922,8,57490,0.738218840424689,0.9558418989181519
303," The cockpit voice recorder of the Germanwings plane that crashed last week has been found and transcribed, revealing that the pilot knocked on the cockpit door saying ""for god's sake open the door!"" before the plane crashed into the French Alps. A German newspaper has published what it claims to be a summary of the transcript from the cockpit voice recorder, though the information has not been released and France's accident investigation agency, BEA, has denounced the leak as unauthorized. The tragedy killed all 150 people abo",679.5873377020471,84.60575530206323,47.943150790873915,600.2537240751553,0.010439739883387922,8,57490,0.738218840424689,0.9558418989181519
304, Hillary Clinton is fighting back after a tough news conference about her use of a private email server while Secretary of State. She's using Twitter to promote political messages and leaking information about future campaign staff to reassure Democrats. Clinton still leads all potential challengers in the polls. 853441708.odt This document is a rough draft and is not meant to be taken as a final version. 11 Hillary Clinton is fighting back a week after her awkward and occasionally combative news conference on the furor over the private email server she used while,679.5873377020471,84.60575530206323,47.943150790873915,600.2537240751553,0.010439739883387922,8,57490,0.738218840424689,0.9558418989181519
305," Three astronauts were launched into space on Friday aboard a Soyuz rocket from Kazakhstan. Among them is NASA astronaut Scott Kelly, who will spend 342 days aboard the International Space Station, the longest amount of time any U.S. astronaut has ever spent in space. The mission will allow scientists to study how the human body responds to long-duration space flights and will include parallel studies on Kelly's identical twin brother, retired astronaut Mark Kelly, on Earth. 4/1/2015 3:42:44",679.5873377020471,84.60575530206323,47.943150790873915,600.2537240751553,0.010439739883387922,8,57490,0.738218840424689,0.9558418989181519
306," Inter Milan coach and former Manchester City coach Roberto Mancini has criticized the current Manchester City coach, Manuel Pellegrini, stating that he was lucky to inherit the team that he left behind and that he is not sure whether Pellegrini is under pressure to win a trophy every season. Pellegrini recently stated that he is not feeling pressure to win a trophy every season. Mancini led Manchester City to their first Premier League title in 44 years in 2012.",679.5873377020471,84.60575530206323,47.943150790873915,600.2537240751553,0.010439739883387922,8,57490,0.738218840424689,0.9558418989181519
307," The town of Tataouine, Tunisia, known for its appearance in the movie Star Wars, is now a hub for jihadists crossing the border from Libya. Three young men were arrested in the town for allegedly planning to join a terrorist network in Libya, and two arms caches have been found in the area, including weapons thought to have been taken from a Libyan armory in 2011. The Tunisian government has deployed troops and established checkpoints in the region to combat the flow of weapons and militants. 2. In your own words, describe the issue",679.5873377020471,84.60575530206323,47.943150790873915,600.2537240751553,0.010439739883387922,8,57490,0.738218840424689,0.9558418989181519
308," A tragic event that took place on December 16, 2014, where children and teachers were massacred in a Peshawar school, deeply affected the writer due to his parents' background in education. He had to express himself as an artist and felt the need to resonate the voice of his surroundings, so he wrote a song titled ""Nahi Parha"" (Not Learned) to honor the incident and highlight its impact. The song was released on December 16, 2016, marking the second anniversary of the tragedy.",679.5873377020471,84.60575530206323,47.943150790873915,600.2537240751553,0.010439739883387922,8,57490,0.738218840424689,0.9558418989181519
309," Chris Evans and Chris Pratt visited Seattle Children's Hospital during a Super Bowl bet while dressed as their characters Captain America and Star-Lord, respectively. The bet was for the losing team's actor to visit a hospital in the winning team's city, but they ultimately chose to visit hospitals in both cities. The hospitalized children received Marvel action figures and accessories from the two actors, making their day unforgettable.",679.5873377020471,84.60575530206323,47.943150790873915,600.2537240751553,0.010439739883387922,8,57490,0.738218840424689,0.9558418989181519
310," The religious-freedom law passed in Indiana has caused fear that it may increase LGBT discrimination. A year ago, over 10,000 children lost their financial support as a result of World Vision's change in hiring policy; it allowed people in same-sex marriages to work in the U.S. offices, and conservative evangelicals rallied to cancel sponsorships. The humanitarian organization's policy change was met with negative repercussions from conservative evangelicals. 1002 WordsApr 7th, ",679.5873377020471,84.60575530206323,47.943150790873915,600.2537240751553,0.010439739883387922,8,57490,0.738218840424689,0.9558418989181519
311," The recent attack on the Bardo Museum in Tunisia is part of a pattern of attacks by ultra-radical fringe groups who feel marginalized by Tunisia's modern and democratic government. The attack, which was carried out by two gunmen, threatens to undermine Tunisia's efforts to boost its tourism industry and further destabilize the country. Despite the challenges, the Tunisian people have shown resilience and an ability to unite in the face of adversity. 

2. Discussion:

In your opinion, what",679.5873377020471,84.60575530206323,47.943150790873915,600.2537240751553,0.010439739883387922,8,57490,0.738218840424689,0.9558418989181519
312," The Republican-led Congress has proposed a budget for 2016 that seeks to eliminate Obamacare, but it will not become law due to President Obama's veto power. Republicans are also preparing for a potential Supreme Court ruling or a Republican presidency in 2016 that could help them dismantle Obamacare. However, Republicans risk damaging their reputation if they successfully repeal Obamacare and fail to provide an adequate alternative healthcare policy for the millions of Americans who benefit from it.",679.5873377020471,84.60575530206323,47.943150790873915,600.2537240751553,0.010439739883387922,8,57490,0.738218840424689,0.9558418989181519
313," A new study published in Lancet has found that breastfeeding has a positive effect on intelligence, with infants who were breastfed for at least six months showing an increase in IQ. The study, which followed 5,914 new mothers in Brazil, also found that longer breastfeeding duration was associated with greater intelligence, up to a maximum of 6.7 IQ points at six months. The findings support previous research showing the cognitive benefits of breastfeeding, particularly in early childhood development. 2. Which of the following is a correlation identified in the study? b. Long",679.5873377020471,84.60575530206323,47.943150790873915,600.2537240751553,0.010439739883387922,8,57490,0.738218840424689,0.9558418989181519
314,"  The Presbyterian Church (USA) changed its definition of marriage, to include same-sex couples. Ministers can perform same-sex marriage in states where it is legal and no one can be forced to perform same sex marriage ceremonies if they don`t believe they are appropriate.  Not all church members supported the decision. 

Description: 

Amy is a strong believer in the Presbyterian faith. She is married with three kids and dedicates a lot of her time to the Presbyterian Church. She has been a member of the church all her",679.5873377020471,84.60575530206323,47.943150790873915,600.2537240751553,0.010439739883387922,8,57490,0.738218840424689,0.9558418989181519
315," The Islamic State's destruction of cultural artifacts and historical sites in Iraq and Syria, such as the Mosul museum and the archaeological site of Nimrud, is a deliberate attack against civilians, minorities, and cultural heritage. This destruction is part of a broader strategy to crush free thinking and ensure domination through oppression, reflecting a war against culture and people. Extremists often target schools, media, and other cultural institutions in their efforts to suppress cultural diversity and promote their own ideology.",679.5873377020471,84.60575530206323,47.943150790873915,600.2537240751553,0.010439739883387922,8,57490,0.738218840424689,0.9558418989181519
316," Henrik Stenson complained about being put on the clock during the Arnold Palmer Invitational, which he felt caused him to rush and play poorly. He three-putted two holes and lost to defending champion Matt Every by one stroke. Stenson felt that the time constraints affected his game and cost him the win.",679.5873377020471,84.60575530206323,47.943150790873915,600.2537240751553,0.010439739883387922,8,57490,0.738218840424689,0.9558418989181519
317," Parma, a famous Italian club is in great financial trouble. It has debts of approximately $100 million and faces a looming financial collapse if not rescued by a new owner. The club has been docked points twice this season for failing to pay its players and faces a bankruptcy hearing on March 19. 

Is there anything else I can help you with? ",679.5873377020471,84.60575530206323,47.943150790873915,600.2537240751553,0.010439739883387922,8,57490,0.738218840424689,0.9558418989181519
318," The article discusses Billy Beane's new advisory role with Dutch football club AZ Alkmaar, where he will apply the principles of ""Moneyball,"" a strategy he developed in baseball to maximize player value while minimizing costs. Beane, who is known for his work with the Oakland A's, has long been fascinated with European football and admires managers like Arsene Wenger for their blend of on-field performance and financial prudence. As an executive at AZ Alkmaar, Beane hopes to help the club achieve success while maintaining financial",679.5873377020471,84.60575530206323,47.943150790873915,600.2537240751553,0.010439739883387922,8,57490,0.738218840424689,0.9558418989181519
319," Gene Simmons of KISS is teaming up with WWE Studios to create Erebus Pictures, which will finance and produce horror movies starting with the thriller ""Temple"" this summer. Simmons has sold over 100 million albums with KISS and stated that the horror genre fascinates him. Erebus Pictures has a logical marketing platform through the WWE Network, a subscription-based streaming service with a young male fanbase, which is the core of the horror-movie audience.10. Write your own original article about a current event. ( at least ",679.5873377020471,84.60575530206323,47.943150790873915,600.2537240751553,0.010439739883387922,8,57490,0.738218840424689,0.9558418989181519
320," Ferguson, Missouri, City Manager John Shaw resigned following the release of a harsh Justice Department report on the city's police tactics. Shaw asserts that he has worked closely with the DOJ to implement modifications, but he rejects the notion that his office targeted African Americans or instructed police to do so. Shaw's resignation comes at a time when Ferguson is trying to recover from the fatal police shooting of Michael Brown, an unarmed black teen.",679.5873377020471,84.60575530206323,47.943150790873915,600.2537240751553,0.010439739883387922,8,57490,0.738218840424689,0.9558418989181519
321," Spirit Airlines is celebrating their 69th airplane with a sale of $69 round-trip fares including taxes and fees, but additional baggage charges may apply. Their ad copy references a sexual act in a sophomoric and tasteless way according to some observers. The airline is using their low prices to try and generate interest and publicity for their airline. 45843577.docx
Spirit Airlines has a new fare deal and is announcing it with sex jokes. The low-cost carrier just acquired its ",679.5873377020471,84.60575530206323,47.943150790873915,600.2537240751553,0.010439739883387922,8,57490,0.738218840424689,0.9558418989181519
322," Sea lion strandings in California are at a record high this year, with over 1,800 pup strandings reported since January, compared to 1,600 total strandings in 2013. Local marine care facilities have taken in more stranded sea lions this year than in the past nine years combined, and resources are being stretched thin. NOAA's Justin Greenman, assistant stranding coordinator for the West Coast, said the strandings are likely due to a combination of factors, including a food shortage and changes in the ocean environment.",679.5873377020471,84.60575530206323,47.943150790873915,600.2537240751553,0.010439739883387922,8,57490,0.738218840424689,0.9558418989181519
323," Chai Jing, a Chinese journalist, produced a documentary called ""Under the Dome"" that explored the causes and potential solutions to China's severe smog problem. The documentary became wildly popular and was viewed over 200 million times online before it was removed from all major video streaming sites in China by government censors. The removal of the documentary came during a weekend when a thick layer of toxic air blanketed Beijing and much of northern China, and the newly appointed minister of environmental protection ignored questions from foreign journalists about the documentary at a press conference.

",679.5873377020471,84.60575530206323,47.943150790873915,600.2537240751553,0.010439739883387922,8,57490,0.738218840424689,0.9558418989181519
324," China's economy is being monitored closely due to a slowdown in growth. The government has not used strong stimulus measures, leaving it with ""plenty of tools in the toolbox"" to address the issues. The government plans to strengthen the role of the free market in the economy through continued streamlining efforts.",679.5873377020471,84.60575530206323,47.943150790873915,600.2537240751553,0.010439739883387922,8,57490,0.738218840424689,0.9558418989181519
325," Serena Williams' hitting partner of eight years, Sascha Bajin, has left and is now working with Victoria Azarenka. Bajin confirmed the split on Twitter and Williams wished him well. Azarenka's coach, Wim Fissette, confirmed that Bajin is now working with her. 2. Question: What was the reason for the split between Serena Williams and her hitting partner of eight years, Sascha Bajin? Answer: The reason for the split between Serena Williams and her hitting partner of eight years, Sascha Bajin, is not specified in",679.5873377020471,84.60575530206323,47.943150790873915,600.2537240751553,0.010439739883387922,8,57490,0.738218840424689,0.9558418989181519
326," The University of North Carolina will pay Mary Willingham, a former athletics literacy counselor, $335,000 to settle her lawsuit with the university following the academic fraud scandal in NCAA history. There was a prolonged argument between Willingham and the university officials after she blew the whistle on the 20-year fake class system within the university. After national media attention, the university hired a new investigator to launch another probe; this led to them admitting to the scandal.",679.5873377020471,84.60575530206323,47.943150790873915,600.2537240751553,0.010439739883387922,8,57490,0.738218840424689,0.9558418989181519
327," Scientists at NASA have made progress in understanding how much water could have existed on ancient Mars by studying the amount of water lost to space. They used infrared telescopes to measure traces of water in the Martian atmosphere over a range of areas and seasons. The study suggests that early oceans on Mars might have held more water than Earth's Arctic Ocean, providing insight into the planet's watery history. 4/28/2023 1
(EN CNN) Scientists at NASA are one step closer to understanding how much water could have existed on primeval Mars. These new",679.5873377020471,84.60575530206323,47.943150790873915,600.2537240751553,0.010439739883387922,8,57490,0.738218840424689,0.9558418989181519
328," The CEO of Lufthansa, Carsten Spohr, said in an interview with CNN that Andreas Lubitz, the co-pilot accused of crashing Germanwings Flight 9525 in France, had passed all necessary tests and medical exams and gave no indication of mental instability. Lubitz also did not use Lufthansa's anonymous reporting system for crew to report problems. The CEO acknowledged that the airline's safety nets had not worked in this case.",679.5873377020471,84.60575530206323,47.943150790873915,600.2537240751553,0.010439739883387922,8,57490,0.738218840424689,0.9558418989181519
329," On the second day of testimony in Aaron Hernandez's murder trial, Patriots owner Robert Kraft testified that Hernandez told him he was innocent when they met at Gillette Stadium. Hernandez has been charged with murder and pleaded not guilty to orchestrating the death of Odin Lloyd, whose body was found June 17, 2013. He also pleaded not guilty to a gun and ammunition charge.",679.5873377020471,84.60575530206323,47.943150790873915,600.2537240751553,0.010439739883387922,8,57490,0.738218840424689,0.9558418989181519
330," This week on TV there are several exciting season finales to watch. The season finale of ""The Walking Dead"" is one of the most anticipated, as Rick's fate hangs in the balance after his violent outburst in front of the leaders of the Alexandria community. Sonequa Martin-Green's character, Sasha, has had a particularly difficult season, dealing with the deaths of her brother and friends, and the actress is proud of the work she did this season. ",679.5873377020471,84.60575530206323,47.943150790873915,600.2537240751553,0.010439739883387922,8,57490,0.738218840424689,0.9558418989181519
331," A Turkish prosecutor involved in a controversial case died after being shot during a hostage siege in an Istanbul courthouse. Two gunmen took the prosecutor hostage and were killed by police after a standoff. The prosecutor was working on the case of a teenager who died from injuries suffered during anti-government protests, and the left-wing Revolutionary People's Liberation Party-Front has claimed responsibility for the attack. 

Using details from the article, explain how the hostage siege ended. 

According to the article",679.5873377020471,84.60575530206323,47.943150790873915,600.2537240751553,0.010439739883387922,8,57490,0.738218840424689,0.9558418989181519
332," Meerkat has quickly become a popular live streaming app. Meerkat is a live streaming app that has become very popular in a very short amount of time, reaching a high number of users despite only launching on February 27; among its fans is Jimmy Fallon. Meerkat's co-founder and CEO, Ben Rubin, says the app's rapid success isn't an ""instant startup,"" but rather the result of years of hard work.

Describe the picture: The picture is a man taking a selfie with a meerkat.

What is the theme",679.5873377020471,84.60575530206323,47.943150790873915,600.2537240751553,0.010439739883387922,8,57490,0.738218840424689,0.9558418989181519
333," Korean air executive Heather Cho is in prison for a fit she threw on a flight from New York to Seoul because her macadamia nuts were served in a bag and not a porcelain bowl. Now, the flight attendant who served her, Kim Do-hee, is filing a lawsuit against Cho and Korean air for the way she was treated during the flight. Heather Cho is accused of physically and verbally attacking Kim Do-hee during the flight.",679.5873377020471,84.60575530206323,47.943150790873915,600.2537240751553,0.010439739883387922,8,57490,0.738218840424689,0.9558418989181519
334," In a public ceremony, Putin awarded Chechen leader Ramzan Kadyrov and Andrei Lugovoi, the suspect in the Litvinenko murder case, with prestigious state honors. Kadyrov received the Order of Merit, while Lugovoi was given a second-class medal of the Order of Merit for the Motherland. The awards were controversial due to Kadyrov's questionable human rights record and Lugovoi's involvement in the murder.

Another sentence: Putin also awarded Sergey Kislyak, Russia's ambassador",679.5873377020471,84.60575530206323,47.943150790873915,600.2537240751553,0.010439739883387922,8,57490,0.738218840424689,0.9558418989181519
335," Alan Gross was released from a Cuban prison three months ago and has been traveling, meeting with Pope Francis, attending the State of the Union, and posting on social media. Gross posted a photo of Cohiba cigars advertised for sale in a Tel Aviv tobacco shop while visiting Israel. He was arrested by Cuban state security agents in 2009. 1/22/2015 3:56 PM ET
Alan Gross had a great life after being released from Cuban prison three months ago. He  oh, so much!",679.5873377020471,84.60575530206323,47.943150790873915,600.2537240751553,0.010439739883387922,8,57490,0.738218840424689,0.9558418989181519
336," The article discusses the charges of desertion against Army Sgt. Bowe Bergdahl for abandoning his post in Afghanistan, and the controversy surrounding the prisoner-swap deal that secured his release. The author argues that desertion seems the right charge based on the evidence, but questions remain about the ethics of negotiating with terrorists and the value of leaving no man behind. 

The article author is David Opelta and was published on March 25, 2015.  It was published on CNN.  Title of the article is ""Bergdahl and the deserter",679.5873377020471,84.60575530206323,47.943150790873915,600.2537240751553,0.010439739883387922,8,57490,0.738218840424689,0.9558418989181519
337," A video released on YouTube showcases members of the Sigma Alpha Epsilon fraternity at the University of Oklahoma chanting racial slurs, alluding to lynching and insisting that black people will never be allowed to join their organization. The clip prompted the university's president to ban the fraternity from the school. The video highlights the need for change within the Greek system, where exclusivity and discrimination are prevalent",679.5873377020471,84.60575530206323,47.943150790873915,600.2537240751553,0.010439739883387922,8,57490,0.738218840424689,0.9558418989181519
338," French lawmakers are considering a ban on extremely thin models, requiring models to have a BMI of at least 18 and undergo regular weight checks. Lawmakers believe that models' extremely thin frames are sending a dangerous message and want to combat the use of Photoshop to manipulate images of models. Violating agencies could face fines and possible prison sentences. 2. Write a persuasive essay on why extremely thin models should be banned. Essay: Surely, hitting rock bottom hasn't always been the standard of beauty. But however disturbing, this now appears to be the",679.5873377020471,84.60575530206323,47.943150790873915,600.2537240751553,0.010439739883387922,8,57490,0.738218840424689,0.9558418989181519
339," At a campaign speech in New Hampshire, Ted Cruz was interrupted by a three-year-old girl who challenged his statement that ""the world is on fire."" Instead of backing down or clarifying his statement, Cruz doubled down and used the opportunity to emphasize his message, much to the amusement of the crowd. The incident highlighted Cruz's tendency to remain unwavering in his views and language, even in the face of unexpected challenges.",679.5873377020471,84.60575530206323,47.943150790873915,600.2537240751553,0.010439739883387922,8,57490,0.738218840424689,0.9558418989181519
340," Sir Terry Pratchett, renowned British fantasy author, has passed away at the age of 66. He had been diagnosed with a rare form of Alzheimer's disease in 2007, but continued to write until completing his last book in the summer of 2014. His ""Discworld"" series gained him a large following, and he will be remembered for enriching the planet with his unique satire and inventive writing style.",679.5873377020471,84.60575530206323,47.943150790873915,600.2537240751553,0.010439739883387922,8,57490,0.738218840424689,0.9558418989181519
341," The question, ""Is it a boy or a girl?"" is flawed because, though based on physical boundaries, it does not account for a person's gender identity, which can only accurately be determined by the individual. Gender identity is a personal and authentic experience that differs from biological sex and cannot be determined by outside observers or parents. The author suggests that society should give babies time to explore and discover their gender identity before imposing gender expectations based solely on physical characteristics.",679.5873377020471,84.60575530206323,47.943150790873915,600.2537240751553,0.010439739883387922,8,57490,0.738218840424689,0.9558418989181519
342, Roger Federer jokingly asked Andy Murray about how he gets his hair to be curly. Andy Murray has also made fun of Roger Federer's hair in the past. The two tennis players are currently competing in the BNP Paribas Open in California. 3/5/2015 3/5/2015,679.5873377020471,84.60575530206323,47.943150790873915,600.2537240751553,0.010439739883387922,8,57490,0.738218840424689,0.9558418989181519
343," The Obama administration has announced a five-year national action plan to combat antibiotic-resistant ""superbugs"" that cause 23,000 deaths and two million illnesses each year in the US. The plan includes creating a ""one-health"" approach to testing and reporting, establishing a DNA database, developing new rapid tests, accelerating research, and global surveillance and cooperation. The total cost of the plan is $1.2 billion, almost double the current federal allocation, and is included in the President's 2015 budget, pending Cong",679.5873377020471,84.60575530206323,47.943150790873915,600.2537240751553,0.010439739883387922,8,57490,0.738218840424689,0.9558418989181519
344," On March 26, 2015, the reburied remains of King Richard III, whose remains were found in 2012, were laid to rest in Leicester Cathedral built by a distant relative. After two years of legal wranglings, the bones were finally identified as those of the medieval monarch by DNA samples. Archbishop of Canterbury Justin Welby led the ceremony, sprinkling holy water over the coffin, before scattering it with earth from key locations marking his birth, life, and death. 

Carolyn 11/26",679.5873377020471,84.60575530206323,47.943150790873915,600.2537240751553,0.010439739883387922,8,57490,0.738218840424689,0.9558418989181519
345," In Berlin, a secret female fight club holds matches between women of various ages and skill levels, with no official rules and a minimal audience of mostly men. The club provides a space for women to break free from societal roles and expectations. The fights are intense, often resulting in injuries, and can involve different forms of combat such as wrestling, punching, and ""cat fighting.""",679.5873377020471,84.60575530206323,47.943150790873915,600.2537240751553,0.010439739883387922,8,57490,0.738218840424689,0.9558418989181519
346," The city of Taipei is becoming a popular destination for Hollywood directors, including Scorsese, Luc Besson, and Andrew Lincoln. Taipei Film Commission received 92 foreign film crews last year, up from 56 in 2013, and has a goal for the entire island to become used as a studio.  Although Taiwan has a reputation for acclaimed filmmakers and has been considered as a film-friendly location by Hollywood, the city of Taipei has only recently started attracting foreign film productions. 

Question: How might a film commission contribute to",679.5873377020471,84.60575530206323,47.943150790873915,600.2537240751553,0.010439739883387922,8,57490,0.738218840424689,0.9558418989181519
347," Leonard Pongo, a photographer, veered away from covering the presidential election in the Democratic Republic of Congo in 2011 and instead focused on documenting the daily lives of his family members. His work, titled ""The Uncanny"", provides a personal and emotional perspective of life in the Congo during a time of turmoil. Pongo's black-and-white photographs offer a departure from the common news images of the Congo, revealing a more subtle but powerful representation of how war affects people's everyday lives. 2. Read the following paragraph: In ""The",679.5873377020471,84.60575530206323,47.943150790873915,600.2537240751553,0.010439739883387922,8,57490,0.738218840424689,0.9558418989181519
348," CNN hosted a dinner at the London Century Club to present the CNN Journalist Award to up-and-coming German-speaking journalists. Greg Beitchman, VP for content sales and partnerships, hosted the event, emphasizing CNN's commitment to recognizing outstanding journalists. Gerhard Zeiler, President Turner International, and London Bureau Chief Tommy Evans also spoke, highlighting the importance of accurate and authentic storytelling in journalism.

The paragraph describes a recent event hosted by CNN to present the CNN Journalist Award to up-and-coming journalists from Germany, Austria, and German",679.5873377020471,84.60575530206323,47.943150790873915,600.2537240751553,0.010439739883387922,8,57490,0.738218840424689,0.9558418989181519
349," A German school is mourning the loss of 16 students and 2 teachers who died in the Germanwings plane crash in the French Alps. Students have been laying flowers and photographs outside the school to remember their lost classmates. The school's headmaster described the atmosphere as silent and somber, with students hugging each other and crying. 4/7/2015 German school mourns loss of students in plane crash - CNN.com 2/3 ""It was the most difficult day of my life, and it's hard to put into words",679.5873377020471,84.60575530206323,47.943150790873915,600.2537240751553,0.010439739883387922,8,57490,0.738218840424689,0.9558418989181519
350," The ""2001: A Space Odyssey"" spaceship will be displayed in a Los Angeles museum starting in 2017 after the Academy of Motion Picture Arts and Sciences purchased it at auction for $344,000. The lucky buy is the spherical lunar lander that takes Dr. Heywood R. Floyd to the moon in the movie. Private collector had owned the artifact for the past 40 years.",679.5873377020471,84.60575530206323,47.943150790873915,600.2537240751553,0.010439739883387922,8,57490,0.738218840424689,0.9558418989181519
351," In an interview with NRG, Israeli Prime Minister Benjamin Netanyahu stated that a Palestinian state will not be formed as long as he remains in office. Netanyahu believes that establishing a Palestinian state would create a base for radical Islamic attacks against Israel and that opponents on the left who disagree are ignoring reality. He emphasized the need for a strong Likud-led government to resist international pressure to divide Jerusalem and return Israel to its pre-1967 borders.",679.5873377020471,84.60575530206323,47.943150790873915,600.2537240751553,0.010439739883387922,8,57490,0.738218840424689,0.9558418989181519
352," ""The Wiz"" is NBC's next live musical performance, which will air on Dec. 3 and be directed by Kenny Leon. The show will also be brought to Broadway in 2016 with the help of Cirque du Soleil, and will include new material by Harvey Fierstein. The creative team includes Craig Zadan, Neil Meron, Kenny Leon and Harvey Fierstein, who have all won numerous Tony Awards for their work in theater.

NBC's next live musical performance will be ""The Wiz,"" which is set to air",679.5873377020471,84.60575530206323,47.943150790873915,600.2537240751553,0.010439739883387922,8,57490,0.738218840424689,0.9558418989181519
353, India's former Prime Minister Manmohan Singh has been summoned by a court in New Delhi to appear as a suspect in a trial over alleged irregularities in coal block allocation. Singh and his former government have been accused of costing the treasury billions of dollars in lost revenue by selling coalfields to private companies without allowing competitive bidding. The trial court has summoned him and other corporate leaders to testify in person on April 8. 2. Identify who is the intended audience for this article. The intended audience for this article appears to be individuals interested,679.5873377020471,84.60575530206323,47.943150790873915,600.2537240751553,0.010439739883387922,8,57490,0.738218840424689,0.9558418989181519
354," Russia conducted a military exercise involving 38,000 troops, 41 ships, and 110 aircraft in the Arctic region. They have described the drill as routine and unrelated to the current international situation. The exercise aimed to assess the capability of the Northern Fleet in providing military security for Russia in the Arctic region. Polar bear image: USFWS",679.5873377020471,84.60575530206323,47.943150790873915,600.2537240751553,0.010439739883387922,8,57490,0.738218840424689,0.9558418989181519
355," The author of the article suggests that the powers given to a plane's flight crew in emergency situations, where the captain and first officer are in disagreement, could be similar to the powers given to the Cabinet in the rare situation where the President and Vice President are at odds. Both pilots and presidents need protection from harm, and both have human frailties that make them subject to temporary disabilities or even death. The author believes that transitions in both the cockpit and the Oval Office should be made as smooth as possible. 2. Do you agree with the author's anal",679.5873377020471,84.60575530206323,47.943150790873915,600.2537240751553,0.010439739883387922,8,57490,0.738218840424689,0.9558418989181519
356," The article discusses the increasing number of aid workers who have been kidnapped and killed by ISIS in the past year, including Kayla Mueller, Peter Kassig, Alan Henning, and David Haines. The exact number of aid workers currently being held is unknown, but it is confirmed that at least one female aid worker is being held. According to Aidworkersecurity.org, there was a 121% increase in aid worker killings in 2013, with at least 155 aid workers killed, not all of whom were victims of ISIS.",679.5873377020471,84.60575530206323,47.943150790873915,600.2537240751553,0.010439739883387922,8,57490,0.738218840424689,0.9558418989181519
357," The author, a person of color and a journalist, is happy about Trevor Noah, a biracial comedian, taking over Jon Stewart's position as anchor on The Daily Show. The author wonders when a woman will get the chance to host a talk show in the late evening. The author recognizes that it's a positive step to have people of color hosting a one-hour block of cable television. 2.Do you think this article is effective in conveying the author's opinion? Why or why not? Yes, I believe the article is effective in conveying the author'",679.5873377020471,84.60575530206323,47.943150790873915,600.2537240751553,0.010439739883387922,8,57490,0.738218840424689,0.9558418989181519
358," A mother in Alabama is trying to track down a woman who was rude to her teenage daughters at a movie theater. The mother posted on Facebook, explaining that her daughters were being loud during the movie, and the woman asked them to be quiet. The woman then approached the daughters and explained that her husband had been laid off and this was the last movie she would be able to take her daughter to for a while.",679.5873377020471,84.60575530206323,47.943150790873915,600.2537240751553,0.010439739883387922,8,57490,0.738218840424689,0.9558418989181519
359,"Richard Glatzer, co-director of the film Still Alice, died Tuesday at the age of 63 after a four-year battle with ALS. Glatzer co-directed the film with his husband, Wash Westmoreland, who expressed his devastation at his loss, describing Glatzer as his soul mate and collaborator. Despite his health struggles, Glatzer persevered and inspired the cast and crew of Still Alice, typing with one finger into a text-to-speech app on his iPad to direct the film.",679.5873377020471,84.60575530206323,47.943150790873915,600.2537240751553,0.010439739883387922,8,57490,0.738218840424689,0.9558418989181519
360," The author reminisces about a 2011 meeting with Buddy Elias, the cousin of Anne Frank, who passed away on Monday. Elias spent his life preserving Frank's memory through various books and interviews. The two of them spoke about a new book, ""Anne Frank's Family,"" that had just been published based on 14 boxes of family documents discovered in the attic of Elias's house in Basel. 




3. Question: What was the name of the book that Buddy and his wife Gerti had just published when they",679.5873377020471,84.60575530206323,47.943150790873915,600.2537240751553,0.010439739883387922,8,57490,0.738218840424689,0.9558418989181519
361," Brutus, a 2-year old Rottweiler who suffered frostbite and had to have all four of his paws amputated, has been fitted with four prosthetic limbs and is now able to walk again. His foster mother, Laura Aquilina, has been working with him to help him learn balance and walk outside, where he still has difficulty. Brutus is only the second dog known to have four prosthetic limbs, and his story highlights the advancements in animal prosthetics and the dedication of animal lovers to help their pets overcome",679.5873377020471,84.60575530206323,47.943150790873915,600.2537240751553,0.010439739883387922,8,57490,0.738218840424689,0.9558418989181519
362," Tina Fey's new Netflix series, ""The Unbreakable Kimmy Schmidt,"" is receiving criticism for its use of offensive humor and stereotypes. The show follows the story of a woman who was kidnapped by a doomsday cult leader and her attempts to start a new life in New York. Critics argue that the show's portrayal of an Asian character and its use of outdated stereotypes are problematic. 

Identify the problematic stereotypes and offensive humor in the show. 

The problematic stereotypes",679.5873377020471,84.60575530206323,47.943150790873915,600.2537240751553,0.010439739883387922,8,57490,0.738218840424689,0.9558418989181519
363," Mike Porcaro, the bassist of the band Toto, recently passed away due to Lou Gehrig's disease at the age of 59. Mike's brother Steve, the keyboardist, announced the news on Facebook and mentioned that Mike was surrounded by his family when he passed away. Mike had been diagnosed with the disease in 2006 and former band members had reunited for a brief tour in 2010 to support him.
Toto: Mike Porcaro Dead -- Bassist Dies After Battle with ALS - YouTube
Toto: Mike Porcaro Dead --",679.5873377020471,84.60575530206323,47.943150790873915,600.2537240751553,0.010439739883387922,8,57490,0.738218840424689,0.9558418989181519
364," The White House has sent a letter to Senator Bob Corker, chairman of the Senate Foreign Relations Committee, expressing concerns that his proposed bill could negatively impact the ongoing negotiations with Iran regarding its nuclear program. The legislation would require the Obama Administration to submit any deal with Iran for a congressional vote, which the White House has threatened to veto. White House Chief of Staff Denis McDonough argues in the letter that the bill could embolden Iranian hard-liners, create a counter-productive response from the Iranian parliament, differentiate the US position from that of",679.5873377020471,84.60575530206323,47.943150790873915,600.2537240751553,0.010439739883387922,8,57490,0.738218840424689,0.9558418989181519
365," Mario Balotelli, an Italian international soccer player for Liverpool, has been performing poorly and received criticism for his lack of scoring. In response, Balotelli made a video expressing his frustration and shut down his critics by asking if they knew him personally or what he has gone through. He was also previously fined and banned for a match by the English FA for posting a controversial image on Instagram.
Feedback: Your three sentences summarize the article well. You might consider adding more detail to the first sentence to provide context for readers who may not be familiar with Balotelli or his recent performance",679.5873377020471,84.60575530206323,47.943150790873915,600.2537240751553,0.010439739883387922,8,57490,0.738218840424689,0.9558418989181519
366," Three police officers were fired and one other resigned after they were discovered to have sent racially offensive text messages that used derogatory terms and fantasized about killing African Americans.	The message exchanges included racist material from the film ""Django Unchained"" and criticized African American colleagues.  The officers were found guilty of department misconduct, conduct unbecoming of a police officer, and engaging in ""conduct prejudicial to the good of the order of the police department."" 
Fort Lauderdale police officers",679.5873377020471,84.60575530206323,47.943150790873915,600.2537240751553,0.010439739883387922,8,57490,0.738218840424689,0.9558418989181519
367," Vladimir Putin comments on the death of Boris Nemtsov, calling it a disgrace and criticizing extremists and protesters. Nemtsov was one of Putin's harshest critics and had been arrested several times for speaking out against the government. Other critics of Putin have also been murdered, including Anna Politkovskaya and Alexander Litvinenko, with the Kremlin denying any involvement.",679.5873377020471,84.60575530206323,47.943150790873915,600.2537240751553,0.010439739883387922,8,57490,0.738218840424689,0.9558418989181519
368," Chad le Clos swam in the 200m butterfly race against Michael Phelps in the 2012 Olympics, creating a memorable moment as he surpassed Phelps and won the gold medal. Le Clos had been inspired by Phelps, who had won six gold medals in the previous Olympics. The two swimmers had a close race, with le Clos edging out Phelps by 0.05 seconds.",679.5873377020471,84.60575530206323,47.943150790873915,600.2537240751553,0.010439739883387922,8,57490,0.738218840424689,0.9558418989181519
369," CNN's Passion to Portfolio program is looking for nominations of individuals who have successfully turned their passions and hobbies into a career. They want to feature people who have made a career change to pursue something they love, whether they are famous or not. The program has featured interesting people who have successfully made the transition to a career they are passionate about, and they're looking to feature more people like that.",679.5873377020471,84.60575530206323,47.943150790873915,600.2537240751553,0.010439739883387922,8,57490,0.738218840424689,0.9558418989181519
370," The writer had to flee Syria due to the war and could not finish her degree in English literature. She wants to teach children and invest in their future because they are the future of Syria. She and her family had to move around a lot in Syria before deciding to leave for Jordan due to safety concerns, but she hopes to return and be part of the country's rebuilding process. 


6. The process of diagramming sentences can help readers and writers by providing a visual representation of the relationships between words, phrases, and clauses. T F ",679.5873377020471,84.60575530206323,47.943150790873915,600.2537240751553,0.010439739883387922,8,57490,0.738218840424689,0.9558418989181519
371," Last year, Malaysia Airlines Flight 370 vanished after a routine sign-off, leaving no evidence of its whereabouts with 239 people on board. Despite many speculations, no wreckage has been found; some experts question whether the search area is correct, suggesting the plane may have landed on solid ground instead. Analysis: Flight 370's vanishing act has sparked so many theories it's hard to quantify them all.

The article discusses the mystery surrounding Malaysia Airlines Flight 370, which disappeared a year ago with",679.5873377020471,84.60575530206323,47.943150790873915,600.2537240751553,0.010439739883387922,8,57490,0.738218840424689,0.9558418989181519
372," Samiullah Afridi, a former lawyer who represented Dr. Shakeel Afridi, who helped the CIA find Osama Bin Laden, has been shot and killed by unidentified gunmen in Peshawar, Pakistan. Two militant groups have claimed responsibility for the attack, although it is unclear which group was actually responsible. Afridi's death comes as Pakistan continues to face violence from extremist groups. 3. How are samples of a person's DNA used in the process of tracking or identifying individuals?  In the process of tracking or identifying individuals, DNA samples can be used",679.5873377020471,84.60575530206323,47.943150790873915,600.2537240751553,0.010439739883387922,8,57490,0.738218840424689,0.9558418989181519
373," Ryan Reynolds recently shared a photo of himself in his Deadpool costume, a tongue-in-cheek take on a famous Burt Reynolds image. The photo of Reynolds, posing on a bearskin rug, offers a first look at the actor in the iconic red and black Deadpool suit. In contrast to his appearence in ""X-Men Origins: Wolverine,"" Reynolds will sport the masked costume for the entirety of the Deadpool movie. ",679.5873377020471,84.60575530206323,47.943150790873915,600.2537240751553,0.010439739883387922,8,57490,0.738218840424689,0.9558418989181519
374, Photographer Trupal Pandya traveled to the Amazonian rainforest to photograph the Huaorani community and capture the contrast between the younger and older generations. The Huaorani have had little contact with the outside world until the 1960s and have recently begun to adopt modern ways of living. Pandya wanted to document this change before everything changes.,679.5873377020471,84.60575530206323,47.943150790873915,600.2537240751553,0.010439739883387922,8,57490,0.738218840424689,0.9558418989181519
375," Saturday Night Live cast member Kate McKinnon received positive reviews for her portrayal of Hillary Clinton on the show. In the sketch, McKinnon's Clinton addressed the controversy over her use of a personal email address for government business, joking that her emails were ""clean as a whistle"" and that she would not let the issue bring her down. McKinnon's Clinton also showed a mock ""Happy Anniversary"" email to Bill Clinton, emphasizing her character's playful and confident demeanor. 1/ In the most recent episode of Saturday Night",679.5873377020471,84.60575530206323,47.943150790873915,600.2537240751553,0.010439739883387922,8,57490,0.738218840424689,0.9558418989181519
376,"
A photographer visited a refugee camp and was restricted from taking photos outside of the clinic, so he built a makeshift studio using bed sheets and had hospital workers help him take photos of the refugees, which became a hit. The studio provided an opportunity for the refugees to have their photos taken and recorded their personal stories. The photographer was able to showcase the lives of the refugees in a different way than he expected, despite the restrictions. ",679.5873377020471,84.60575530206323,47.943150790873915,600.2537240751553,0.010439739883387922,8,57490,0.738218840424689,0.9558418989181519
377," Delta Airlines plane slid off snowy runway at New York's LaGuardia Airport, near icy waters, causing investigation by National Transportation Safety Board. Runway conditions, pilot's information and preparedness are topic of discussion. According to CNN aviation analyst Mary Schiavo, airport must ensure that runways have friction and report on slipperiness, if any, to air traffic control tower, for pilots' awareness.

In identifying the key terms and concepts discussed in the chose article, we have:

1. Delta Airlines - The air",679.5873377020471,84.60575530206323,47.943150790873915,600.2537240751553,0.010439739883387922,8,57490,0.738218840424689,0.9558418989181519
378," Venice, Italy's city of water and love, has become too flooded and crowded for visitors' liking. due to it being built on wooden posts in a lagoon, causing it to sink. Too many tourists are also crowding the once-romantic city.",679.5873377020471,84.60575530206323,47.943150790873915,600.2537240751553,0.010439739883387922,8,57490,0.738218840424689,0.9558418989181519
379," Robin Thicke and Pharrell Williams of ""Blurred Lines"" were ordered to pay $7.4 million for copyright infringement since their song was too similar to Marvin Gaye's ""Got to Give It Up"" they also crossed the line of musical theft. Tom Petty and Sam Smith settled out of court since Smith's ""Stay With Me"" had a riff similar to Petty's ""I Won't Back Down"". Huey Lewis accused Ray Parker Jr. of copying a song. A
Ray Parker Jr.
Blurred",679.5873377020471,84.60575530206323,47.943150790873915,600.2537240751553,0.010439739883387922,8,57490,0.738218840424689,0.9558418989181519
380," A 17 year old boy targeted and fatally shot an Iraq immigrant as he witnessed his first snowfall in the U.S. Police do not believe the shooter knew the victim, Ahmed Al-Jumaili, or his ethnicity and do not think Al-Jumaili had anything to do with the reason the teen went out armed. Based on witness testimony and evidence, police believe the teenager shot and killed Al-Jumaili for unknown reasons.",679.5873377020471,84.60575530206323,47.943150790873915,600.2537240751553,0.010439739883387922,8,57490,0.738218840424689,0.9558418989181519
381,"China has chosen 16 high schools to provide pilot training in order to recruit better qualified soldiers. 1,000 male students aged 14-16 will receive flight traning and physical training along with regular schoolwork. This is the latest attempt for China's air force to attract more talent as they improve their air and naval power. 1
2. Article: Just three-minutes of exercise a day can extend your life, study finds (The Telegraph)Doing just three minutes of exercise a day could be enough to prolong your life, new research suggests. The study found that",679.5873377020471,84.60575530206323,47.943150790873915,600.2537240751553,0.010439739883387922,8,57490,0.738218840424689,0.9558418989181519
382," Israel's election ended in a narrow victory for Prime Minister Netanyahu's party; ISIS terrorists destroyed artifacts in Iraq's Mosul museum; and American aid workers are being monitored for 21 days due to exposure to Ebola while working in West Africa. optionally, you may correclty punctuate the above summary, using appropriate end punctuation and internal comma separation. Please address any errors in content or structure inherent in the three sentence summary prior to that step as appropriate. I have not personally proof read it and it may contain errors you'll notice. CNN",679.5873377020471,84.60575530206323,47.943150790873915,600.2537240751553,0.010439739883387922,8,57490,0.738218840424689,0.9558418989181519
383," Jenkins testifies that she suspects that the box that she was told to dispose of had marijuana in it. She agreed that it smelled like ""skunk"". She said that Hernandez never told her there was marijuana in the box, and she never looked to confirm either. ",679.5873377020471,84.60575530206323,47.943150790873915,600.2537240751553,0.010439739883387922,8,57490,0.738218840424689,0.9558418989181519
384," Starbucks had a campaign called ""Race Together,"" which aimed to encourage baristas to spark conversations among customers about race in America. This campaign faced backlash on social media, as some people believed that discussing serious issues like race did not belong in a coffee shop and that it was an invasion of their ""sacred"" morning routine. The backlash drove the company's communications chief to briefly leave Twitter.",679.5873377020471,84.60575530206323,47.943150790873915,600.2537240751553,0.010439739883387922,8,57490,0.738218840424689,0.9558418989181519
385," Visitors to Ho Chi Minh City can either brave the busy streets on their own or join a tour company such as Vietnam Vespa Adventures to experience the city on a scooter. Vietnam Vespa Adventures, run by Steve Mueller, offers tours around the city and beyond on vintage Italian scooters for a unique perspective. According to Mueller, being on a scooter is the best way to feel like a part of the city's flow.",679.5873377020471,84.60575530206323,47.943150790873915,600.2537240751553,0.010439739883387922,8,57490,0.738218840424689,0.9558418989181519
386, The article discusses how CNN student news is taking their viewers around the world from a terrorist attack in Tunisia to an election update from Israel to an upcoming eclipse over the Faroe Islands. The show is featuring a Character Study on a 13-year-old who started fighting hunger at age 4 and looking into the NCCA March Madness tournament and its effects on some athletes' class time. The transcript of the show will be available after it airs and viewers can request to be on the CNN Student News Roll Call,679.5873377020471,84.60575530206323,47.943150790873915,600.2537240751553,0.010439739883387922,8,57490,0.738218840424689,0.9558418989181519
387," Twenty years ago, Tyke, an African elephant, escaped during a circus performance, killing her trainer and injuring others before being shot and killed by police. Feld Entertainment, parent company of Ringling Bros. and Barnum & Bailey Circus, has announced plans to retire elephants from its circuses by 2018. Tyke had a history of acting out and being unpredictable before arriving in Honolulu, and her owners sent her there despite her difficulty with training. 2/24/2023 1
circus news ",679.5873377020471,84.60575530206323,47.943150790873915,600.2537240751553,0.010439739883387922,8,57490,0.738218840424689,0.9558418989181519
388," Thanks to an unusual weather pattern, tornadoes have been at historic lows this year. The stuck weather pattern is keeping the warm moist air from the Gulf of Mexico from colliding with cold Arctic air and producing severe thunderstorms. The Storm Prediction Center, responsible for issuing watches, is not seeing the necessary ingredients come together due to the persistent pattern. 9/28/2016 1
Login or Join to view the full article and summary.
Everything You Need to Know About Droughts
Drought Definition and Types
Drought is",679.5873377020471,84.60575530206323,47.943150790873915,600.2537240751553,0.010439739883387922,8,57490,0.738218840424689,0.9558418989181519
389," The article contends that the public, as much as politicians, is responsible for political gridlock and a lack of civil discourse. It points out that many citizens did not vote in the last midterm elections and those who did elected officials who were more divisive. It suggests that change needs to come from the public, not just politicians, with a focus on constructive dialogue and engagement.",679.5873377020471,84.60575530206323,47.943150790873915,600.2537240751553,0.010439739883387922,8,57490,0.738218840424689,0.9558418989181519
390," Barcelona won the matchup against Manchester City 3-1 in aggregate, advancing to the Champions League quarterfinals. Lionel Messi put on a show in the first half, while goalkeeper Joe Hart made several impressive saves in the second half for Manchester City. Despite Sergio Aguero's missed penalty, Barcelona deserved the victory over the two legs, building upon their 2-1 victory in Manchester.

  Lionel Messi put on a masterful display in the first half, leading Barcelona to a 3-1 aggregate victory over Manchester City in the Champions League.
England international Joe",679.5873377020471,84.60575530206323,47.943150790873915,600.2537240751553,0.010439739883387922,8,57490,0.738218840424689,0.9558418989181519
391," North Korea is trying to improve their food products, specifically baguettes and sweet potato cakes, by sending their factory workers abroad to learn the recipes. They have also tried to learn cheese-making from France but were rejected. The Kumkop food plant is producing French-inspired foods. 13. Article: (CNN)North Korea's Kumkop food plant is producing French-inspired foods as the country attempts to improve its culinary offerings. The plant has been experimenting with new recipes including croissants, baguettes, and sweet pot",679.5873377020471,84.60575530206323,47.943150790873915,600.2537240751553,0.010439739883387922,8,57490,0.738218840424689,0.9558418989181519
392," Ethiopia's Grand Renaissance Dam is one of Africa's most ambitious infrastructure projects, being built entirely with domestic funding. The project includes 8,500 laborers working around the clock and is expected to generate 6,000 megawatts of electricity upon completion. The dam is strategically important for Ethiopia's ambitions of becoming a regional player and power exporter.",679.5873377020471,84.60575530206323,47.943150790873915,600.2537240751553,0.010439739883387922,8,57490,0.738218840424689,0.9558418989181519
393," In her recent press conference, Hillary Clinton attempted to address the controversy surrounding her use of a personal email account while Secretary of State, but her controlled performance and lack of authenticity may have further damaged public trust in her brand. The article suggests that in politics, just like in business, authenticity is crucial for building trust and credibility with the public. Hillary Clinton's carefully crafted image and controlled message may be seen as inauthentic, leading people to question whether she is being truthful and transparent.
Another summary: Hillary Clinton's recent press conference about her use of a",679.5873377020471,84.60575530206323,47.943150790873915,600.2537240751553,0.010439739883387922,8,57490,0.738218840424689,0.9558418989181519
394," Disney is planning a live-action version of ""Mulan"" based on a script by Elizabeth Martin and Lauren Hynek. The movie will be produced by Chris Bender and J.C. Spink, who also produced ""We're the Millers."" The original animated film, released in 1998, was a commercial and critical success, earning Golden Globe and Academy Award nominations. Mulan is a Chinese legend about a female warrior who disguises herself as a man to join the army in her father's place. The live action film is expected to be an epic action",679.5873377020471,84.60575530206323,47.943150790873915,600.2537240751553,0.010439739883387922,8,57490,0.738218840424689,0.9558418989181519
395," Photographer Richard Ross took photos of girls in juvenile detention centers and published them in a collection called ""Girls in Justice."" He gained the girls' trust by asking their permission to enter their cells, removing his shoes, and having respectful conversations, resulting in unflinching and personal images. The girls' stories accompany the photos, providing insight into their experiences and emotions in juvenile detention.

 Article: (CNN)When photographer Richard Ross wants to talk to a child at a juvenile detention center, he knocks on their cell door. He",679.5873377020471,84.60575530206323,47.943150790873915,600.2537240751553,0.010439739883387922,8,57490,0.738218840424689,0.9558418989181519
396," The downfall of Yemen should not come as a surprise due to its history of division, extensive population growth, limited resources, and unstable government. Despite these indicators, U.S. policy has been to use drone strikes to attack al Qaeda, believing this would maintain Yemen's stability. However, this approach has proven ineffective, as the Islamic State has started to recruit more members in Yemen.",679.5873377020471,84.60575530206323,47.943150790873915,600.2537240751553,0.010439739883387922,8,57490,0.738218840424689,0.9558418989181519
397," Bobbi Kristina Brown, daughter of late singer Whitney Houston, was moved from Emory University Hospital to a rehabilitation facility. She was found unresponsive in a bathtub at her home in January and has been treated for unknown injuries. Police are investigating her case as a criminal investigation, and doctors have said she will need to be on ventilator support for weeks or months. In what ways do you think moving Bobbi Kristina Brown to a rehabilitation facility will help or hinder her recovery? Explain your answer using knowledge from the article and your own understanding of medical practices",679.5873377020471,84.60575530206323,47.943150790873915,600.2537240751553,0.010439739883387922,8,57490,0.738218840424689,0.9558418989181519
398," Paul Allen, co founder of Microsoft is going to live-stream an underwater tour of the world war II Japanese battleship Musashi which was believed to be lost. After eight years of searching, Allen and his team had discovered the wreckage of the ship off the coast of Philippines. The ship was one of the largest warships in the world displacing 69,0000 tons. 2. In what part of the world was the wreckage discovered? Answer: The wreckage was discovered off the coast of Philippines. 3.What was so special about the ship? Answer:",679.5873377020471,84.60575530206323,47.943150790873915,600.2537240751553,0.010439739883387922,8,57490,0.738218840424689,0.9558418989181519
399," Elton John and designers Domenico Dolce and Stefano Gabbana are involved in a public feud over recent comments made by the designers about gay parenting. Dolce and Gabbana, who are openly gay and were once a couple, made comments criticizing children conceived through IVF, calling them ""synthetic children"" and saying they should be raised by a mother and father. John, who has two children conceived through IVF, responded by calling for a boycott of Dolce & Gabbana, while the designers responded with a boycott of El",679.5873377020471,84.60575530206323,47.943150790873915,600.2537240751553,0.010439739883387922,8,57490,0.738218840424689,0.9558418989181519
400," The video that went viral showing University of Oklahoma's Sigma Alpha Epsilon members singing a racist song led to the expulsion of some members and the shutting down of the chapter. An alumni member, William Bruce James II, who is African American, felt a sense of betrayal and disownership from the organization he once called home. The incident highlights the need to address issues of racism and discrimination in Greek life and beyond.

Please provide your actual summary in three sentences as indicated in the prompt, in addition to the article summary.

I will use the information",679.5873377020471,84.60575530206323,47.943150790873915,600.2537240751553,0.010439739883387922,8,57490,0.738218840424689,0.9558418989181519
401," The E! channel announced the show ""Fashion Police"" will be on hiatus until September to refresh the show.in light of controversy and departures of co-hosts. The show faced backlash when Giulana Rancic made a comment about Zendaya Coleman's hair smelling of marijuana and Kathy Griffin departed saying her style of comedy didn't blend with the show. 6/23/2015 3:45:53 PM 304 Likes - 15 Comments
After weeks of controversy and the sudden",679.5873377020471,84.60575530206323,47.943150790873915,600.2537240751553,0.010439739883387922,8,57490,0.738218840424689,0.9558418989181519
402,"  There is discussion among liberals about Elizabeth Warren running for Senate Democratic leader to replace Harry Reid, as some believe Warren would be more effective in advocating for progressive policies. Some also believe Warren's leadership would be beneficial to the Democratic Party, as the party is facing pressure from its base to adopt more liberal policies. However, it is unclear if Warren will actually run for the position, as she previously declined to run for president.",679.5873377020471,84.60575530206323,47.943150790873915,600.2537240751553,0.010439739883387922,8,57490,0.738218840424689,0.9558418989181519
403," The cherry blossoms in Washington D.C. are set to hit their peak bloom in the second week of April. Begun in 1935, the National Cherry Blossom Festival lasts three weeks and will begin on a Friday, running through April 12 this year. Back in 1910, the city's first trees were destroyed but were promptly replaced by 3,000 more trees courtesy of Japan. 3 people helped

This article explains that the cherry blossoms in Washington D.C. are expected to reach their peak",679.5873377020471,84.60575530206323,47.943150790873915,600.2537240751553,0.010439739883387922,8,57490,0.738218840424689,0.9558418989181519
404," Thailand's former prime minister, Yingluck Shinawatra, has been ordered to face trial over her involvement in a controversial rice subsidy scheme. The Supreme Court has stated that the case falls under their jurisdiction and Yingluck could face up to 10 years in prison if found guilty. Yingluck maintains that she acted with integrity during her time in office and has pledged to follow the correct legal procedures.",679.5873377020471,84.60575530206323,47.943150790873915,600.2537240751553,0.010439739883387922,8,57490,0.738218840424689,0.9558418989181519
405," Indiana's Gov. Pence recently signed a law called Religious Freedom Restoration Act, that grants businesses the right to use religion as a legal defense to refuse service to people who offend their religious beliefs. The move has kicked up a storm of protests, boycotts, and business bans, with people arguing that it opens the door to discrimination against gay people. The law says government cannot force people to follow a rule that is against their religious faith, but critics claim it's just an excuse to allow people to disobey anti-discrimination laws",679.5873377020471,84.60575530206323,47.943150790873915,600.2537240751553,0.010439739883387922,8,57490,0.738218840424689,0.9558418989181519
406," The ""Stomp"" is a controversial play in which Duke's Christian Laettner stepped on a Kentucky player during an important game in 1992, leading to widespread criticism and resentment toward Laettner. A recent documentary about Laettner's life and career, titled ""I Hate Christian Laettner,"" has brought renewed attention to the incident and sparked further debate. Despite the backlash, Laettner maintains that he did nothing wrong and that the play was not intended to be malicious.",679.5873377020471,84.60575530206323,47.943150790873915,600.2537240751553,0.010439739883387922,8,57490,0.738218840424689,0.9558418989181519
407," The sixth and final episode of HBO's documentary series The Jinx, has caused debate on whether or not some statements made by real estate heir Robert Durst in a bathroom, potentially incriminating him in a murder, can be used in his prosecution. Whether these statements are admissible in court involves a look at the rules of evidence and the constitution, as well as privacy concerns. Despite what Durst's defense attorneys may argue, the bathroom confessions will likely factor into the trial because they're not considered inadmissible hearsay, Durst for",679.5873377020471,84.60575530206323,47.943150790873915,600.2537240751553,0.010439739883387922,8,57490,0.738218840424689,0.9558418989181519
408," The United States was eliminated from the Davis Cup when John Isner lost to Andy Murray. The fourth rubber match between Argentina and Brazil set a record for the second-longest singles tennis match in history, lasting six hours and 43 minutes, with Argentina's Leonardo Mayer eventually winning 15-13 in the fifth set. Mayer's victory ensured Argentina's place in the Davis Cup quarterfinals.",679.5873377020471,84.60575530206323,47.943150790873915,600.2537240751553,0.010439739883387922,8,57490,0.738218840424689,0.9558418989181519
409," Julie Bishop is seeking to confirm if an Australian teenager carried out a suicide attack for ISIS. ISIS claimed that a foreign fighter named ""Abu Abdullah al-Australi"" was killed in Iraq. Julie Bishop warns that it's a tragic example of a young Australian being lured to a senseless death by a brutal terrorist organization. 

Description: In an article by CNN, Australian Foreign Minister Julie Bishop announced that the government is investigating whether an 18-year-old Melbourne teenager, Jake Bilardi, was killed in",679.5873377020471,84.60575530206323,47.943150790873915,600.2537240751553,0.010439739883387922,8,57490,0.738218840424689,0.9558418989181519
410," Chef Anthony Bourdain's great-great-grandfather, Jean Bourdain, ventured to Paraguay in search of a dream, but died there under mysterious circumstances according to family records. Bourdain's journey takes him to the country in search of more information about his ancestor and the history of the country, which is relatively unknown to outsiders. Paraguay has a reputation for being a former hideout for Nazis and having a spectacularly dictatorial regime under Gen. Alfredo Stroessner. 2/3
Submit your summary to be graded",679.5873377020471,84.60575530206323,47.943150790873915,600.2537240751553,0.010439739883387922,8,57490,0.738218840424689,0.9558418989181519
411," This news article examines the successful history of Jewish Americans from 1790 to modern times. President George Washington promised that the United States government would not tolerate bigotry. Since then, Jewish Americans have thrived, with many appointed and elected to government positions, and most Americans are either unaware or unconcerned with someone's Jewish heritage. ",679.5873377020471,84.60575530206323,47.943150790873915,600.2537240751553,0.010439739883387922,8,57490,0.738218840424689,0.9558418989181519
412," Governor Mike Pence has declared a public health emergency in Scott County, Indiana due to an HIV epidemic caused by injection drug use. The CDC has sent a team to work with local health officials in implementing strategies, such as a needle exchange program and public awareness campaign, to stop the outbreak. The declaration requires law enforcement, emergency agencies, and health officials to develop a response plan, including hospitals and healthcare providers.",679.5873377020471,84.60575530206323,47.943150790873915,600.2537240751553,0.010439739883387922,8,57490,0.738218840424689,0.9558418989181519
413," Alexis Gonzalez left his home in Honduras to reach the United States. His mother struggled to feed nine children and provide education. He traveled 1,500 miles from Honduras, through Mexico and Guatemala, seeking better prospects such as a job, studies, and providing for his family. 1/2  Gonzalez's story highlights the desperate situations faced by families in Central America and the sacrifices they make to improve their lives. His determination to attend school and obtain a job to help his family is a testament to his resilience in",679.5873377020471,84.60575530206323,47.943150790873915,600.2537240751553,0.010439739883387922,8,57490,0.738218840424689,0.9558418989181519
414," An Indiana woman, Purvi Patel, was sentenced to 20 years in prison after being convicted of feticide and felony neglect of a dependent. Patel had a miscarriage and delivered a stillborn fetus, which she placed in a dumpster, but was charged with contradictory crimes, feticide and felony neglect of a dependent. The charges against Patel have been criticized as contradictory and the case has sparked debate about the criminalization of pregnant women.",679.5873377020471,84.60575530206323,47.943150790873915,600.2537240751553,0.010439739883387922,8,57490,0.738218840424689,0.9558418989181519
415," Researchers have located the ship Musashi, which sunk to the bottom of the Sibuyan Sea in the Philippines in 1944 after being hit by U.S. warplanes. The discovery was made after an eight-year search by a team led by Microsoft co-founder Paul Allen, and was confirmed by Japanese maritime expert Kazushige Todaka, who is 90% sure it's the right ship. The team identified the ship by its description and the presence of a teak mount for the Imperial Japanese Navy seal.",679.5873377020471,84.60575530206323,47.943150790873915,600.2537240751553,0.010439739883387922,8,57490,0.738218840424689,0.9558418989181519
416," Lewis Hamilton is a Formula One driver who has won two world titles and is considered one of the greatest drivers in the sport. Despite his success, he has not yet achieved the same level of global celebrity as other athletes like David Beckham or Michael Jordan. Hamilton's quest for a third world title in 2015 may not register with the average person, as Formula One has a smaller viewership compared to other sports like football and basketball. 2. Formula One has a smaller viewership compared to other sports like football and basketball, which makes it harder for drivers like Hamilton to achieve widespread celeb",679.5873377020471,84.60575530206323,47.943150790873915,600.2537240751553,0.010439739883387922,8,57490,0.738218840424689,0.9558418989181519
417," The Volvo Ocean Race is a nine-month sailing competition that covers over 38,000 miles across the globe and is considered the ""Everest of sailing."" The 45-year-old skipper, Ian Walker, describes it as one of the toughest competitions for sailors, only comparable to climbing Everest. Abu Dhabi Ocean Racing skipper, Ian Walker, and his team train six days a week while they are not offshore and do three weeks on the boat followed by one week off.",679.5873377020471,84.60575530206323,47.943150790873915,600.2537240751553,0.010439739883387922,8,57490,0.738218840424689,0.9558418989181519
418," Alessandro Del Piero is a former Juventus football star who is still playing at the age of 40, currently for the Delhi Dynamos in the Indian Super League. He has had a successful career, winning 15 trophies including six Seria A titles, and does not plan to retire anytime soon. Del Piero enjoys every moment of playing football and loves the atmosphere, teammate camaraderie, and the thrill of scoring goals.",679.5873377020471,84.60575530206323,47.943150790873915,600.2537240751553,0.010439739883387922,8,57490,0.738218840424689,0.9558418989181519
419," According to Deadline, ""Empire"" had its season finale on Wednesday night, and the ratings increased by 10% and reached 16.5 million viewers. The drama surrounding the Lyon family and their record label has been a TV phenomenon, with ratings growing weekly. The show's soundtrack had a rare success, debuting in the No. 1 spot on Billboard's top 200 album chart. 2. Write a persuasive text either arguing for or against the following statement: ""Empire"" is a revolutionary television show that challenges traditional s",679.5873377020471,84.60575530206323,47.943150790873915,600.2537240751553,0.010439739883387922,8,57490,0.738218840424689,0.9558418989181519
420," Likud pulled off a victory on election night winning 30 seats in the Knesset. Despite criticism from all sides Prime Minister Netanyahu pulled out a victory. Other parties had a good night as well such as Kulanu. 2
Israel’s ruling Likud Party, led by Prime Minister Benjamin Netanyahu, won a surprising victory in Tuesday’s election, securing 30 seats in the Knesset. Despite criticism over various issues, including Netanyahu’s relationship with the White House and allegations of misuse of state funds, Likud",679.5873377020471,84.60575530206323,47.943150790873915,600.2537240751553,0.010439739883387922,8,57490,0.738218840424689,0.9558418989181519
421," Kim Jong Un has accepted Russia's invitation to visit Moscow for the Victory Day celebrations in May, which would be his first official foreign trip since taking over as leader in 2011. A Russian official, who spoke on condition of anonymity, confirmed that North Korea had accepted the invitation and that Kim's participation was expected, but added that Pyongyang has yet to make an official announcement. The visit would mark a significant development in Kim's leadership, which has been characterized by isolationism, and could potentially lead to more high-profile foreign visits in the",679.5873377020471,84.60575530206323,47.943150790873915,600.2537240751553,0.010439739883387922,8,57490,0.738218840424689,0.9558418989181519
422," Felix von der Osten grew up in Germany learning about Native Americans through books by Karl May. He later traveled to the Black Hills and realized his perceptions were one-dimensional, and began researching Native American history. He returned to Indian Country to capture the beauty and richness of their culture through photography. 2. Question: How did von der Osten's perception of Native Americans change over time? Answer: Von der Osten's perception of Native Americans changed over time as he learned more about their history and culture. Initially, his understanding was based on the books of Karl May, which portrayed",679.5873377020471,84.60575530206323,47.943150790873915,600.2537240751553,0.010439739883387922,8,57490,0.738218840424689,0.9558418989181519
423, Formula One driver Fernando Alonso is returning to work at McLaren after recovering from a high-speed crash during winter testing in Barcelona. He was ruled out of the opening race in Australia by doctors and has been training for his comeback at the Malaysian Grand Prix. Alonso used McLaren's simulator to prepare mentally for his return to racing.,679.5873377020471,84.60575530206323,47.943150790873915,600.2537240751553,0.010439739883387922,8,57490,0.738218840424689,0.9558418989181519
424," The E3 Harelbeke cycling competition in Belgium sparked controversy with its 2015 advertising campaign, which featured a picture of a gloved hand reaching for a woman's bottom, inspired by a previous winner's behavior. The campaign sparked a global debate about sexism in cycling, with some arguing that it objectified women and perpetuated harmful stereotypes, while others saw it as harmless and playful. The debate highlights the broader issue of sexism in sports and the need for greater respect and equality for women in all areas of society",679.5873377020471,84.60575530206323,47.943150790873915,600.2537240751553,0.010439739883387922,8,57490,0.738218840424689,0.9558418989181519
425," The article discusses Frank Bruni's new book, which explores the excesses of the college admissions process. Bruni highlights examples of extreme measures parents and students take to get into top colleges, such as hiring a consultant for $50,000 or writing an essay about urinating on oneself. The book argues that the college admissions mania perpetuates a false narrative that going to a top college is the only path to success, and presents a more nuanced view of success that values individuality and resilience.",679.5873377020471,84.60575530206323,47.943150790873915,600.2537240751553,0.010439739883387922,8,57490,0.738218840424689,0.9558418989181519
426," Malcolm Fraser, Australia's 22nd Prime Minister, died at 84-years-old. He served his position, that began in 1975, during a constitutional crisis. Fraser will be remembered in history for significant influence in British Commonwealth relations, and shaping Australian ties with East and Southeast Asian countries, according to the National Archives of Australia.",679.5873377020471,84.60575530206323,47.943150790873915,600.2537240751553,0.010439739883387922,8,57490,0.738218840424689,0.9558418989181519
427," Illinois governor Bruce Rauner is cutting vital services such as early intervention and respite care for people with disabilities in order to lower taxes and balance the state budget. These cuts are part of a larger attack on disability services and social safety net programs, which right-wing politicians and pundits see as a way to divide interest groups and pit people against each other. Other governors are also cutting services in the name of austerity, despite the long-term costs to states and the benefits of investing in these programs.",679.5873377020471,84.60575530206323,47.943150790873915,600.2537240751553,0.010439739883387922,8,57490,0.738218840424689,0.9558418989181519
428," Officer Matt Kenny shot and killed a white man who was pointing a gun at him eight years ago, and he received a commendation. Now, he is being investigated for the shooting death of an unarmed biracial 19-year-old. Both incidents started as 911 calls. ",679.5873377020471,84.60575530206323,47.943150790873915,600.2537240751553,0.010439739883387922,8,57490,0.738218840424689,0.9558418989181519
429," Cinderella teams that get exposure from the NCAAs tend to see rises in applications and endowments. This phenomenon is referred to as the ""Flutie Effect"" and is not limited to just basketball, as it happens in other sports as well. The Flutie Effect is named after a last-second Hail Mary pass from quarterback Doug Flutie in a 1984 Boston College football game.",679.5873377020471,84.60575530206323,47.943150790873915,600.2537240751553,0.010439739883387922,8,57490,0.738218840424689,0.9558418989181519
430," ISIS has posted a video of a child executing a man who they claim is an Israeli spy, which is the latest example of the extremist group exploiting children in their propaganda. ISIS encourages foreign fighters to bring their families to the parts of Syria and Iraq they control, leading to children participating in shocking acts. A man who took his family to join ISIS in Syria posted a photo of his 7-year-old son holding a severed head and a video was released showing a boy shooting two men in the head. 4/10/201",679.5873377020471,84.60575530206323,47.943150790873915,600.2537240751553,0.010439739883387922,8,57490,0.738218840424689,0.9558418989181519
431," Singer Chris Brown's on-again, off-again girlfriend Karrueche Tran will be appearing on OWN's ""Iyanla: Fix My Life"" to discuss her tumultuous relationship with Brown. In a teaser clip for the show, host Iyanla Vanzant confronts Tran with questions about Brown's supposed infidelity and fathering a child with another woman. The interview is likely to delve into the emotional fallout of Brown's behavior and the challenges Tran has faced in dealing with the public scrutiny of their relationship. ",679.5873377020471,84.60575530206323,47.943150790873915,600.2537240751553,0.010439739883387922,8,57490,0.738218840424689,0.9558418989181519
432," Ted Cruz recently announced his presidency campaign at liberty university and his audience consisted mostly of young evangelicals. He has a hard road ahead of him, as he lacks party establishment support and faces strong competition from other conservative candidates like Scott Walker. Cruz hopes to appeal to the same evangelical audience that supported him in the past, but it's not a guarantee. 2. In your opinion, do you think Ted Cruz will win the Republican primary? Why or why not? I don't think Ted Cruz will win the republican primary. I think he lacks the general appeal to win over moderate Republicans",679.5873377020471,84.60575530206323,47.943150790873915,600.2537240751553,0.010439739883387922,8,57490,0.738218840424689,0.9558418989181519
433, Governor Jerry Brown has proposed a $1 billion emergency spending plan to address California's drought. Another $128 million from the governor's budget will go to assist workers and impacted communities. Part of the money will also be designated to improve water quality and infrastructure. ,679.5873377020471,84.60575530206323,47.943150790873915,600.2537240751553,0.010439739883387922,8,57490,0.738218840424689,0.9558418989181519
434," Sunderland's American owner, Ellis Short, has fired the club's Uruguayan manager, Gus Poyet, after a string of poor performances that have left the team in danger of relegation. Last season, Poyet led the team to victory over Chelsea and Manchester United, but the team has struggled this season, leading Short to make the decision to replace him. The decision comes as clubs in the English Premier League are facing high stakes and Financial pressures, with the threat of relegation meaning a significant loss in revenue. 2. Do you think its",679.5873377020471,84.60575530206323,47.943150790873915,600.2537240751553,0.010439739883387922,8,57490,0.738218840424689,0.9558418989181519
435," The lead prosecutor of Uganda's 2010 bombings case has been murdered. She was shot twice by men on a motorcycle while buying fruit from a roadside stand. The police inspector general said she was pronounced dead at the hospital. 

More facts to add to the three sentences.
1. The bombings that took place in 2010 killed 76 people and injured many more.
2. 13 terror suspects are now before the high court in kampala due to Kagezi's work. 
3.",679.5873377020471,84.60575530206323,47.943150790873915,600.2537240751553,0.010439739883387922,8,57490,0.738218840424689,0.9558418989181519
436," Italian fashion designers Domenico Dolce and Stefano Gabbana made comments in a magazine interview about their belief in ""natural"" families and their opposition to in-vitro fertilization, which led to a public feud with musician Elton John, who has two children through IVF. John called for a boycott of the Dolce & Gabbana fashion line, and Gabbana responded by defending his freedom of speech and calling for a boycott of John's music. The argument highlights differing opinions on the use of assisted reproductive technology and the importance",679.5873377020471,84.60575530206323,47.943150790873915,600.2537240751553,0.010439739883387922,8,57490,0.738218840424689,0.9558418989181519
437," The article discusses the challenges faced by women's football in France, despite its popularity among youths. Stereotypes and lack of promotion have limited girls' participation in the sport, but the French Football Federation has been working to change this since the late 1980s. There has been significant development in the women's game over the past decade.

Clue: Summarize the article in three sentences, making sure to convey the main points: challenges faced by women's football in France, efforts made by the French Football Federation, and the progress made in the sport over",679.5873377020471,84.60575530206323,47.943150790873915,600.2537240751553,0.010439739883387922,8,57490,0.738218840424689,0.9558418989181519
438," In the 1960's, Sooklall Surat started his venture in a small hectare of land, growing strawberries and artichokes, being the pioneer in the field. His son, Suren Surat, grew up helping in tha business, and is now CEO of fresh food suppliers SKC Surat. The family-owned business started small but now supplies 600 hotels nationwide with fresh produce, having grown into one of the nation's top businesses and a model for African entrepreneurship. ",679.5873377020471,84.60575530206323,47.943150790873915,600.2537240751553,0.010439739883387922,8,57490,0.738218840424689,0.9558418989181519
439," The Black Hawk helicopter that crashed in Florida, killing 11, had aborted its training mission due to bad weather. The helicopter was one of two involved in water insertion and extraction techniques exercises, which were aborted when the pilots encountered thick fog. The Marine Corps is continuing to investigate the cause of the crash. 4/2/2015 1
Investigators: Weather likely not the cause of deadly helicopter crash - CNN
Investigators: Weather likely not the cause of deadly helicopter crash  US investig",679.5873377020471,84.60575530206323,47.943150790873915,600.2537240751553,0.010439739883387922,8,57490,0.738218840424689,0.9558418989181519
440," Democrats are looking at a possible difficult primary season in 2016 due to big personalities looking to take control of the Senate. Democrats have had less party infighting in past years compared to Republicans. The primary season may feature big name Democrats going up against each other in states like Ohio, Florida, and California. 3. List three facts from the article. 1) Democrats have had less infighting in recent years compared to Republicans. 2) The 2016 Senate races may feature ""titanic intraparty clashes"" between big name Democrats",679.5873377020471,84.60575530206323,47.943150790873915,600.2537240751553,0.010439739883387922,8,57490,0.738218840424689,0.9558418989181519
441," In November of 2014, the personal details of 20 world leaders, including US President Barack Obama, were mistakenly distributed by Australia’s immigration department to local organizers of the Asian Cup football tournament. The passport, visa, and other details of the world leaders attending the G20 Summit in Brisbane, Australia were sent to a recipient who immediately destroyed the data, preventing further distribution of the information. Leaders affected by the mistake include Russian President Vladimir Putin, Chinese President Xi Jinping, Indian Prime Minister Narendra Modi, Japanese Prime",679.5873377020471,84.60575530206323,47.943150790873915,600.2537240751553,0.010439739883387922,8,57490,0.738218840424689,0.9558418989181519
442,"  A New York school faced complaints when it had the pledge of allegiance read in Arabic on National Foreign Language Week. This incident highlights a lack of knowledge about languages and cultures, which has been an issue in other parts of the country as well. The incident raise 

  Question: What is the purpose of The National Foreign Language Week? 

  b. To encourage schools to include foreign language in their curriculum 

  b. To celebrate different cultures and languages from around the world  

  b. To promote patriotism by having students recite",679.5873377020471,84.60575530206323,47.943150790873915,600.2537240751553,0.010439739883387922,8,57490,0.738218840424689,0.9558418989181519
443," Prince Harry of Wales has announced that he will be leaving the British military after nearly a decade of service. During his time in the military, he has served in various challenging roles, including two tours in Afghanistan, and has achieved the rank of captain. He has also qualified as an Apache Aircraft commander, and has expressed that the experiences he has had will stay with him for the rest of his life. ",679.5873377020471,84.60575530206323,47.943150790873915,600.2537240751553,0.010439739883387922,8,57490,0.738218840424689,0.9558418989181519
444," According to the World Health Organization (WHO), over one billion teenagers and young adults are at risk of hearing loss due to listening to music at unsafe levels or being exposed to loud noises in public places. Nearly 50% of people aged 12-35 in wealthier countries listen to dangerous levels of sound on personal audio devices, while 40% are exposed to damaging levels of noise at entertainment venues. Exposure to loud noises can cause permanent hearing damage, and it doesn't take long to occur, even at seemingly normal levels.",679.5873377020471,84.60575530206323,47.943150790873915,600.2537240751553,0.010439739883387922,8,57490,0.738218840424689,0.9558418989181519
445," The decision made by New York City schools to observe two Muslim holidays and close schools for them has sparked controversy. Tony Perkins, president of the Family Research Council, has criticized the decision, claiming it is discriminatory towards Christians. The author of the article agrees that the decision is a bad one, not because they share Perkins' views, but because they believe it is a problematic endorsement of religion by the secular state.",679.5873377020471,84.60575530206323,47.943150790873915,600.2537240751553,0.010439739883387922,8,57490,0.738218840424689,0.9558418989181519
446," AMC has officially ordered a ""Walking Dead"" companion series and preemptively renewed it for a second season.  The show will premiere in late summer and have 6 episodes, and a second season is set for 2016.  The series is being created by Robert Kirkman, along with Dave Erickson, Gale Anne Hurd, and Dave Alpert.",679.5873377020471,84.60575530206323,47.943150790873915,600.2537240751553,0.010439739883387922,8,57490,0.738218840424689,0.9558418989181519
447," On March 3rd Israeli Prime Minister Benjamin Netanyahu will deliver a speech to congress. He will discuss the nuclear agreement between Iran and world powers. Israeli officials said they have intel on the agreement and believe it is a bad deal, adding that Congress has no understanding of the deal. 2. Why is the Prime Minister of Israel traveling to Congress? Explain. 3. What is the purpose of the Prime Minister's upcoming speech to Congress? Explain. 4. In the article, a senior Israeli official said Congress has ""no understanding"" of what is happening. Explain",679.5873377020471,84.60575530206323,47.943150790873915,600.2537240751553,0.010439739883387922,8,57490,0.738218840424689,0.9558418989181519
448," On Wednesday, at least 24 people were killed and others injured when Islamist militants attacked Tunisia's famed Bardo Museum, which is connected to the country's parliament. After opening fire, the two attackers were killed during the assault; while Tunisian security forces have identified the two men, the motive behind the attack remains unclear. Until Wednesday's attack, the country had been spared the large-scale violence that has plagued some of its North African and Middle Eastern neighbors. 

I tried my best with this article. Please let me know",679.5873377020471,84.60575530206323,47.943150790873915,600.2537240751553,0.010439739883387922,8,57490,0.738218840424689,0.9558418989181519
449," Christopher Cornell, a suspect of plotting to attack the U.S. Capitol, called Cincinnati television station WXIX to have an interview despite a court order prohibiting him from having contact with the public. The hour-long interview was recorded and the station was faced with the decision of whether to air it. The interview has caused controversy and has landed the station in federal court. 

Questions:
1. Who is Christopher Cornell?
2. What did he do to get arrested?
3. Why did he call the Cincinnati television station?
4.",679.5873377020471,84.60575530206323,47.943150790873915,600.2537240751553,0.010439739883387922,8,57490,0.738218840424689,0.9558418989181519
450," Kevin McGill, a garbage collector in Sandy Springs, Georgia, was sentenced to 30 days in jail for violating the city's noise ordinance by starting work too early in the morning. He was cited after starting work at 5 a.m. and faced several more weekends in jail before officials relented on Monday. McGill stated that it was his first violation and that he was shocked by the automatic jail time imposed by the solicitor.",679.5873377020471,84.60575530206323,47.943150790873915,600.2537240751553,0.010439739883387922,8,57490,0.738218840424689,0.9558418989181519
451, A manager at an Indiana Veterans Hospital sent an email with an elf mocking mental illness and has been placed on leave. An email sent by Robin Paul included four photos of an elf and two that mocked mental illness. The manager has been criticized by the Veterans of Foreign Wars and disrespecting veterans with mental health issues. ,679.5873377020471,84.60575530206323,47.943150790873915,600.2537240751553,0.010439739883387922,8,57490,0.738218840424689,0.9558418989181519
452,"  The US Army will be demonstrating their support and solidarity with the allies of Eastern Europe by sending armored Stryker vehicles on a 1,100 mile convoy through 6 countries.  This move comes as a result of the tensions created by the Russian actions in Ukraine and Crimea.  The convoy will be moving through Latvia and the Czech Republic as they make their way to Vilseck, Germany.  Word Count = 48.  Please let me know if this meets your requirements. I would be happy to make any adjustments as needed.",679.5873377020471,84.60575530206323,47.943150790873915,600.2537240751553,0.010439739883387922,8,57490,0.738218840424689,0.9558418989181519
453," Authorities in rural Mississippi are investigating the death of an African American man, Otis Byrd, whose body was found hanging from a tree with a bed sheet around his neck, leading to speculation of suicide or lynching. The suspicious circumstances of his death, including the absence of a chair or any signs of binding on his hands, have prompted an investigation, though evidence so far does not suggest foul play. The case has sparked concerns of a possible lynching, given the history of racial violence in the region, and authorities are working to determine the cause and manner of By",679.5873377020471,84.60575530206323,47.943150790873915,600.2537240751553,0.010439739883387922,8,57490,0.738218840424689,0.9558418989181519
454," Judge Susan Criss presided over the 2003 murder trial of millionaire Robert Durst in Texas, and the aftermath of the trial had a significant impact on her life. Durst , who was acquitted of the crime, had an awkward encounter with Criss at an upscale mall and was suspected of leaving a severed cat's head on her doorstep. Criss feared for her life and took precautions such as stashing handguns in her home and putting away kitchen knives. ",679.5873377020471,84.60575530206323,47.943150790873915,600.2537240751553,0.010439739883387922,8,57490,0.738218840424689,0.9558418989181519
455," A video of racist chanting by University of Oklahoma students and Sigma Alpha Epsilon fraternity members revealed different parenting approaches. Two expelled students, Levi Pettit and Parker Rice, had contrasting family reactions. This situation raises questions about parental responsibility in teaching children about appropriate behavior, particularly regarding racism. 

Question: What should parents do differently, so their children do not behave inappropriately in the future? 

Answer: Parents play a critical role in shaping their children's values and behaviors. To prevent their children from engaging in",679.5873377020471,84.60575530206323,47.943150790873915,600.2537240751553,0.010439739883387922,8,57490,0.738218840424689,0.9558418989181519
456," On July 3rd, a documentary called ""Amy"" will be released that is based on the life of the late singer Amy Winehouse. The documentary will show unseen footage and unreleased music of the singer, it is meant to showcase the personality of Winehouse that not many got to see. There is currently no set date for a US release. 2. What is the documentary ""Amy"" about? Answer: The documentary ""Amy"" is about the life of the late singer Amy Winehouse. It features unseen footage and unreleased music",679.5873377020471,84.60575530206323,47.943150790873915,600.2537240751553,0.010439739883387922,8,57490,0.738218840424689,0.9558418989181519
457," Zhanna Nemtsova, daughter of assassinated opposition leader Boris Nemtsov, shared her belief that Russian President Vladimir Putin bears political responsibility for her father's death. She stated that while she doesn't have evidence of Putin's direct involvement, the crime's political motivation suggests the Kremlin had a role. Nemtsova fears that the killing may discourage dissent, rather than inspire it. ",679.5873377020471,84.60575530206323,47.943150790873915,600.2537240751553,0.010439739883387922,8,57490,0.738218840424689,0.9558418989181519
458," In her article, ""Women, Embrace Your Moody Bitch,"" A.J. Delgado shares her thoughts on how women should embrace their moodiness. She states that the term ""moody b"" is often used as an insult, but implies that it should instead be seen as a positive aspect of women's emotionality. The article also references Julie Holland's book, ""Moody Bitches,"" which makes the case against medicating women's emotions and examines the relationship between hormones, moods, and femininity.",679.5873377020471,84.60575530206323,47.943150790873915,600.2537240751553,0.010439739883387922,8,57490,0.738218840424689,0.9558418989181519
459," Andreas Lubitz, the co-pilot of Germanwings Flight 9525, has been identified as the person responsible for deliberately crashing the plane into the French Alps. Investigators say that Lubitz had a medical note for the day of the crash, but had hidden his illness and passed a psychological test when he was hired. Despite showing no signs of distress during the flight, Lubitz is believed to have intentionally locked out the plane's captain and set the aircraft on a crash course, resulting in the deaths of all 150 people on board.",679.5873377020471,84.60575530206323,47.943150790873915,600.2537240751553,0.010439739883387922,8,57490,0.738218840424689,0.9558418989181519
460," Former neighbors of Justin Bieber, Jeffrey and Suzanne Schwartz, have filed a lawsuit against the pop star, claiming that he and his bodyguards harassed them and their family, vandalized their house, and made anti-Semitic remarks. The lawsuit alleges that Bieber hosted loud parties, spat in Jeffrey Schwartz's face, and that his bodyguards dismissed Schwartz's complaints with anti-Semitic taunts. The suit seeks unspecified damages and a jury trial,",679.5873377020471,84.60575530206323,47.943150790873915,600.2537240751553,0.010439739883387922,8,57490,0.738218840424689,0.9558418989181519
461," The upcoming general election in the UK will determine the country's role in the world, as it has been shaped by its history as a victor in World War II and its subsequent decline in power. The UK has held onto its permanent seat and veto power in the U.N. Security Council, but its influence has been surpassed by the United States. The UK has been conscious of its decline and has held onto its ""special relationship"" with the US.",679.5873377020471,84.60575530206323,47.943150790873915,600.2537240751553,0.010439739883387922,8,57490,0.738218840424689,0.9558418989181519
462," After two years of diplomatic efforts, the world is now watching as negotiators convene in Lausanne, Switzerland to finalize a nuclear deal with Iran by the March 31st deadline. Key things to know about this diplomatic process include the election of Iranian President Hassan Rouhani, who pledged to end sanctions on Iran's economy, and the fact that, should an agreement be reached, it will be the first time a major agreement has been reached among world powers since the Cold War. The negotiations will determine whether a historical achievement.",679.5873377020471,84.60575530206323,47.943150790873915,600.2537240751553,0.010439739883387922,8,57490,0.738218840424689,0.9558418989181519
463," TripAdvisor announced its annual Travelers' Choice awards for the best beaches in the world. Baia do Sancho on Brazil's Fernando de Noronha island is the No. 1 beach on the global list for the second year in a row, while Grace Bay in Turks and Caicos ranks second. TripAdvisor created regional and national lists of top beaches, including those for Africa, Asia, the Caribbean, Europe, South America, the South Pacific, the United Kingdom, and the United States.

//uptPlaceholder//

assert(false);
},",679.5873377020471,84.60575530206323,47.943150790873915,600.2537240751553,0.010439739883387922,8,57490,0.738218840424689,0.9558418989181519
464," In 2001, 2753 people were reported missing after the 9/11 attacks on the World Trade Center. DNA samples have been used to identify the latest victim, Matthew Yarnell. 40% of victims have not been identified, and the work to identify them continues. ",679.5873377020471,84.60575530206323,47.943150790873915,600.2537240751553,0.010439739883387922,8,57490,0.738218840424689,0.9558418989181519
465," Sepp Blatter, the FIFA president, has demanded that Iran end its ban on women attending football matches, calling it ""intolerable"" and saying it ""cannot continue."" The ban was imposed in 1979 following the Islamic Revolution, and has been highlighted by several incidents, including the imprisonment of a British-Iranian woman who tried to watch a volleyball match. Iran is bidding to host the 2019 Asian Cup, but its chances are expected to be hurt by the ban, which is widely seen as un-Islamic",679.5873377020471,84.60575530206323,47.943150790873915,600.2537240751553,0.010439739883387922,8,57490,0.738218840424689,0.9558418989181519
466," Starbucks has started a campaign to promote discussions about race, titled ""Race Together"", by having employees write the words on coffee cups. Despite the campaign's good intentions, it has been met with mockery and criticism. The CEO of Starbucks, Howard Schultz, emphasizes that the campaign is not mandatory for employees and aims to promote empathy and inclusivity in society.",679.5873377020471,84.60575530206323,47.943150790873915,600.2537240751553,0.010439739883387922,8,57490,0.738218840424689,0.9558418989181519
467,"  Over 75,000 people have signed a petition created by a UK music fan, Neil Lonsdale, calling for Kanye West to be removed from the Glastonbury Festival lineup due to his controversial behavior and perceived lack of entertainment value. Lonsdale describes West as an ""egotistical, maniacal, disgrace"" and asks that he be replaced with a more deserving headliner. The petition has gained significant attention but has not received a response from West or festival organizers.",679.5873377020471,84.60575530206323,47.943150790873915,600.2537240751553,0.010439739883387922,8,57490,0.738218840424689,0.9558418989181519
468," Iraq's powerful paramilitary leader Hadi Al-Amari is confident his Hashd Al-Shaabi force can defeat ISIS in Iraq with Iran's help, and without the US-led coalition's assistance. He believes that relying on the international coalition to liberate Iraq is a mirage. Iran is advising the Hashd Al-Shaabi forces, and Al-Amari trusts their expertise in battling ISIS.",679.5873377020471,84.60575530206323,47.943150790873915,600.2537240751553,0.010439739883387922,8,57490,0.738218840424689,0.9558418989181519
469," Supreme Court Justice Ruth Bader Ginsburg turned 82 and her young, liberal fans celebrated her birthday with social media memes dedicated to her, including tattoos, muscle tees, and YouTube serenades. She has earned the nickname ""The Notorious R.B.G"" due to her positions on wage parity, same-sex marriage, and women's rights. This is an indication that Justice Ginsburg has been on the nation's highest bench for 21 years and has a strong following among millennials.",679.5873377020471,84.60575530206323,47.943150790873915,600.2537240751553,0.010439739883387922,8,57490,0.738218840424689,0.9558418989181519
470," Florence Arthaud, a pioneering French sailor, was killed in a helicopter crash in Argentina while filming a reality TV show. She was described by fellow sailor Shirley Robertson as a ""national treasure"" who had inspired a generation of French sailors with her bravery and brilliance. Arthaud won the Route de Rhum in 1990, a prestigious solo transatlantic race, and had continued to pursue adventures on the sea.",679.5873377020471,84.60575530206323,47.943150790873915,600.2537240751553,0.010439739883387922,8,57490,0.738218840424689,0.9558418989181519
471," A movie adaptation of the 1980's TV show ""Fraggle Rock"" is in the works with Joseph Gordon-Levitt as star and producer. The movie is being produced by New Regency and The Henson Co. and is based on the Canadian TV series that followed the adventures of cave-dwelling puppet creatures called Fraggles. 2/28/2018 2/28/2018 9:05 AM Wilson.: B: I heard that too! It's so cool that they are bringing back some of the",679.5873377020471,84.60575530206323,47.943150790873915,600.2537240751553,0.010439739883387922,8,57490,0.738218840424689,0.9558418989181519
472," Vladimir Putin denies the presence of Russian soldiers in Crimea during the annexation, claiming they were local self-defense units. Despite overwhelming evidence to the contrary, Putin continues to deny any Russian involvement. This has led to concerns about the West's ability to deal with Putin regarding Ukraine, as his willingness to blatantly lie about such actions raises questions about his trustworthiness in negotiations.",679.5873377020471,84.60575530206323,47.943150790873915,600.2537240751553,0.010439739883387922,8,57490,0.738218840424689,0.9558418989181519
473," Nigerian president Muhammadu Buhari was previously a military ruler from 1983-1985, known for his ""war on indiscipline"". This history is viewed differently by different people. With security being a top election issue, Buhari's past experience may be a plus or minus for him in the Nigerian elections. 

бира doisTopic: • form of government • military rule • democracy • coup • human rights а IgnotoAll articles • All CNN articles cycle73Common failures and mistakes Much ado about Buhari • retired • Niger",679.5873377020471,84.60575530206323,47.943150790873915,600.2537240751553,0.010439739883387922,8,57490,0.738218840424689,0.9558418989181519
474," This article discusses the current Israeli election and how the outcome may affect the relationship between Israel and the United States. The White House has expressed support for a close friendship and strategic partnership with the next Israeli government, regardless of who wins. However, it is well known that President Obama and Israeli Prime Minister Benjamin Netanyahu have had a strained relationship, which may impact the future of U.S.-Israel relations. Discuss the relationship between the United States and Israel and how it may change depending on who wins the Israeli election. Explain why Israel's election is important to the United States",679.5873377020471,84.60575530206323,47.943150790873915,600.2537240751553,0.010439739883387922,8,57490,0.738218840424689,0.9558418989181519
475,"  Hillary Clinton met with President Obama at the White House, fueling speculation about her possible presidential campaign. Although she is considered the front-runner, some African-Americans may not support her due to her 2008 campaign, when they felt she took their votes for granted. Clinton should be cautious and not assume she will have the same level of support from the black community as President Obama has had.  That is correct. Here's another chance to summarize the article in three sentences: Summary:  Hillary Clinton's meeting with President Obama spark",679.5873377020471,84.60575530206323,47.943150790873915,600.2537240751553,0.010439739883387922,8,57490,0.738218840424689,0.9558418989181519
476," Food & Wine magazine has announced its annual list of the best new chefs in America for 2015. These 11 chefs, who will be featured in the July issue, represent a diverse range of culinary backgrounds and cooking styles, but all share a willingness to take risks and a focus on personal, family-inspired cuisine. According to Food & Wine Editor in Chief Dana Cowin, the chefs are not only pleasing diners, but also pushing the boundaries of modern cooking.",679.5873377020471,84.60575530206323,47.943150790873915,600.2537240751553,0.010439739883387922,8,57490,0.738218840424689,0.9558418989181519
477,"Two extremists who attacked the Bardo Museum in Tunisia killing 23 people received weapons training at camps in Libya. They left Tunisia illegally in December and were able to train with weapons in Libya, according to Security Minister Rafik Chelly. The attack was carried out by sleeper cells in Tunisia, but it is not clear which group activated them. 2. Elephants escape from a circus and one is shot dead by police. Article: (BBC News)One elephant has been shot dead by police in southern France after it escaped from a circ",679.5873377020471,84.60575530206323,47.943150790873915,600.2537240751553,0.010439739883387922,8,57490,0.738218840424689,0.9558418989181519
478," Empire is a hit TV show that has been growing in ratings every week, with a 53% increase in the 18-49 demo and a 45% increase in total viewership since its premiere. The show follows the story of a record label owner and his family, including his three sons and ex-wife, as they vie for control of the company. Empire is a rare example of a broadcast TV show that is still growing in popularity, defying the trend of declining viewership due to competition from cable and streaming services.",679.5873377020471,84.60575530206323,47.943150790873915,600.2537240751553,0.010439739883387922,8,57490,0.738218840424689,0.9558418989181519
479, Disney enthusiasts Christopher Nowak and his wife used their down payment money for a unique purchase: the front cab of an original 1970s-80s Walt Disney World monorail train. Nowak is a collector of unusual vehicles and has transformed an articulated bus into a mobile nightclub. The couple dreams of using the monorail cab to drive their kids to school or take it to Burning Man.,679.5873377020471,84.60575530206323,47.943150790873915,600.2537240751553,0.010439739883387922,8,57490,0.738218840424689,0.9558418989181519
480," Mayor Bryan Barnett of Rochester, Michigan has written an open letter to Madonna, disputing her claim that she never wanted to go back to her hometown, saying that the city has made great strides in recent years and has top-performing schools and universities. In the letter, published in the Detroit Free Press, Barnett takes issue with Madonna's statement that the people in Rochester are ""basic, provincial-thinking,"" saying that it's like someone calling one of his kids ugly and he can't let it go without a response. Barnett invites Madonna to visit Rochester",679.5873377020471,84.60575530206323,47.943150790873915,600.2537240751553,0.010439739883387922,8,57490,0.738218840424689,0.9558418989181519
481," Taya Kyle, the widow of Navy SEAL Chris Kyle, wrote a heartfelt letter to her late husband on their 13th anniversary, expressing her love and gratitude for the memories and experiences they shared together. In the letter, she chose to celebrate their love and the memories they made rather than mourning his absence. The letter was posted on the Chris Kyle Facebook page, where it has received an outpouring of support and appreciation from people around the world.",679.5873377020471,84.60575530206323,47.943150790873915,600.2537240751553,0.010439739883387922,8,57490,0.738218840424689,0.9558418989181519
482," Sam Smith recently lost 14 pounds in 3 weeks with the help of nutritional expert Amelia Freer. Freer, who has worked with numerous celebrities, changed Smith's relationship with food through her book ""Eat. Nourish. Glow."" and personalized guidance. Freer herself transformed her own health and lifestyle after years of poor eating habits while working for Prince Charles, which inspired her to help others do the same.",679.5873377020471,84.60575530206323,47.943150790873915,600.2537240751553,0.010439739883387922,8,57490,0.738218840424689,0.9558418989181519
483," The remains of King Richard III were taken to the site of his last battle, Bosworth, for a memorial service, after spending three years at the University of Leicester, where they were discovered beneath a parking lot. Thirty-five thousand people watched as the coffin was carried through the town and countryside. The king's remains were then taken to Leicester Cathedral for a commemoration. 2. Who was King Richard III? Explain. Answer: King Richard III was a medieval monarch who ruled England from 1483 until his death in 148",679.5873377020471,84.60575530206323,47.943150790873915,600.2537240751553,0.010439739883387922,8,57490,0.738218840424689,0.9558418989181519
484," Marco Rubio is down in the polls, but he has hired a well-known strategist to help run his campaign. This move has quieted rumors that he might drop out of the race. The hiring of J. Warren Tompkins, a well-respected strategist in South Carolina, is seen as a signal that Rubio is serious about staying in the race.",679.5873377020471,84.60575530206323,47.943150790873915,600.2537240751553,0.010439739883387922,8,57490,0.738218840424689,0.9558418989181519
485," Ben Ferguson, a conservative commentator, suggested during a debate about who can say the n-word that rappers like Trinidad James profit from using the word in their music. Trinidad James responded that he makes money from his creative music, not just the use of the word. Ben Ferguson countered that the rapper wouldn't be famous without using the n-word in his songs.
Rules of Engagement for Social Media
Ben Ferguson & Trinidad James: The N-Word Debate. (2017, May 0",679.5873377020471,84.60575530206323,47.943150790873915,600.2537240751553,0.010439739883387922,8,57490,0.738218840424689,0.9558418989181519
486," The trial of Aaron Hernandez, former NFL player, has entered its seventh week. Witnesses have testified that Hernandez glared at Odin Lloyd, the victim, two nights before he was found dead. Two of Hernandez's associates are co-defendants in the case and evidence has also led to two more murder charges against him in a separate case in Boston. 1 Description: Summarize the article in 3 sentences. Sure! Here's a summary of the article in three sentences: 

The trial of Aaron Hernandez, former NFL",679.5873377020471,84.60575530206323,47.943150790873915,600.2537240751553,0.010439739883387922,8,57490,0.738218840424689,0.9558418989181519
487," The #TwizzlerChallenge is a new social media trend that involves people sharing a Twizzler licorice and smooching with someone in reference to the spaghetti scene from ""Lady and the Tramp."" It began during a fundraiser for autism programs on Comedy Central's ""Night of Too Many Stars"" and has since gained popularity with videos of people performing the challenge being shared on social media. The challenge is meant to raise awareness and funds for autism programs, and people are encouraged to donate to the cause after completing the challenge.",679.5873377020471,84.60575530206323,47.943150790873915,600.2537240751553,0.010439739883387922,8,57490,0.738218840424689,0.9558418989181519
488," Former President Bill Clinton has defended the Clinton Foundation's practice of taking money from foreign countries, arguing that the foundation has ""done a lot more good than harm"" despite not agreeing with all of the policies of the contributing countries. The Clinton Foundation admitted that a 2010 donation from the Algerian government was not properly approved under guidelines put in place when Hillary Clinton became secretary of state. Clinton specifically defended donations from the UAE and Saudi Arabia, citing their contributions to fighting ISIS and building a university open to people around the",679.5873377020471,84.60575530206323,47.943150790873915,600.2537240751553,0.010439739883387922,8,57490,0.738218840424689,0.9558418989181519
489," Chris Borland, a 24-year-old NFL linebacker, has decided to retire due to concerns about the long-term effects of head trauma sustained from playing football. Borland experienced a ""minor concussion"" during his first training camp, which led him to research the topic and ultimately decide that the risks to his health outweighed the benefits of continuing to play. He has cited the potential for permanent damage and the uncertain long-term effects of head trauma as the main reasons for his retirement.",679.5873377020471,84.60575530206323,47.943150790873915,600.2537240751553,0.010439739883387922,8,57490,0.738218840424689,0.9558418989181519
490," This summer, Tom Cruise will reprise his role as Ethan Hunt in the action-packed spy film, ""Mission: Impossible Rogue Nation"" scheduled to be released on July 31. The new trailer released by Paramount Pictures promises to deliver the same high level of outrageous stunts fans of the franchise have come to expect. Returning cast members include Simon Pegg, Jeremy Renner, and Ving Rhames while Alec Baldwin joins the cast for this latest installment in the ""Mission: Impossible"" series. 3. Broadcast your answer",679.5873377020471,84.60575530206323,47.943150790873915,600.2537240751553,0.010439739883387922,8,57490,0.738218840424689,0.9558418989181519
491," A Los Angeles police officer, Henry Solis, has been charged with the murder of a local truck driver. He is said to have had his father's help in fleeing to Texas after the crime, leaving behind incriminating evidence at the scene.
Solis's father, Victor Solis, is said to have left his home in Lancaster after receiving a call from his son and was later seen in El Paso, Texas, at the home of a family member.",679.5873377020471,84.60575530206323,47.943150790873915,600.2537240751553,0.010439739883387922,8,57490,0.738218840424689,0.9558418989181519
492," CNN's Fit Nation team, led by Dr. Sanjay Gupta, recently completed a challenging workout at Stone Mountain in Georgia. The team of six individuals, who are learning how to become triathletes, were introduced to a new approach to fitness and nutrition by their trainer and nutritionist at Lifetime Fitness. The nutritionist taught them how to view food, nutrition, and calorie intake differently, focusing on balance and moderation rather than fad diets.",679.5873377020471,84.60575530206323,47.943150790873915,600.2537240751553,0.010439739883387922,8,57490,0.738218840424689,0.9558418989181519
493," Patti Tripathi, a former CNN anchor, created a nonprofit organization called Saris to Suits to help young South Asian women who struggle with cultural and social pressures in the United States. Tripathi, who is now a media entrepreneur, shared her own story of growing up in a traditional Indian family in America, facing restrictions such as no prom or shorts except for sports, and an 8 pm curfew. The nonprofit aims to support young women in pursuing their dreams and careers, rather than conforming to cultural expectations of marriage and family.",679.5873377020471,84.60575530206323,47.943150790873915,600.2537240751553,0.010439739883387922,8,57490,0.738218840424689,0.9558418989181519
494," Debra Milke, an Arizona woman who spent 22 years on death row, has been declared innocent and all charges against her dismissed due to prosecutorial misconduct. Milke was convicted of conspiring with two others to kill her son for an insurance payout, but maintained her innocence throughout. A detective claimed Milke confessed to the crime, but there was no recording or witness, and prosecutors withheld evidence of the detective's misconduct in other cases.",679.5873377020471,84.60575530206323,47.943150790873915,600.2537240751553,0.010439739883387922,8,57490,0.738218840424689,0.9558418989181519
495," Obama wants the fast-track authority to finalize a free trade agreement with 11 nations. Unions believe it will cause a loss of jobs and wage decreases for Americans. He has had past conflicts with unions since 2009 when he allowed the Employee Free Choice Act to fade away. 1
This article can be improved by adding combative adjectives and adverbs, such as ""up in arms,"" ""threatens,"" ""dramatic,"" ""lower,"" and ""major."" The unions are angry about what they perceive as unfair labor practices that take",679.5873377020471,84.60575530206323,47.943150790873915,600.2537240751553,0.010439739883387922,8,57490,0.738218840424689,0.9558418989181519
496," Opening statements for the trial of James Holmes, the man accused of killing 12 people and wounding 58 at a Colorado movie theater in 2012, are scheduled to begin on April 27. Jury selection has been moving faster than expected, with 9,000 potential jurors summoned and the process potentially finishing in May or June. Holmes, a former neuroscience doctoral student, faces multiple charges related to the shooting, including murder and attempted murder. 2. In your own words, what is the main idea of this article?  The main",679.5873377020471,84.60575530206323,47.943150790873915,600.2537240751553,0.010439739883387922,8,57490,0.738218840424689,0.9558418989181519
497," Angie Stone was arrested and charged with domestic aggravated assault after getting into a physical altercation with her daughter Diamond Stone at their home in Lithonia, Georgia. According to police, Diamond Stone said that Angie Stone demanded that she clean her room and then struck her with a metal stand, knocking out her front teeth. Diamond Stone was not charged in relation to the incident..",679.5873377020471,84.60575530206323,47.943150790873915,600.2537240751553,0.010439739883387922,8,57490,0.738218840424689,0.9558418989181519
498," A cliff collapsed at Point Reyes National Seashore, CA, resulting in the death of one person and the injury of another. The National Park Service had been notified of a crack in the cliff days prior and had posted warnings of hazardous conditions. The two individuals fell 70 feet when the rock structure gave way on Saturday.",679.5873377020471,84.60575530206323,47.943150790873915,600.2537240751553,0.010439739883387922,8,57490,0.738218840424689,0.9558418989181519
499," Lee Kuan Yew, who was the first Prime Minister of Singapore and has been called the 'Father of the Nation' passed away Monday morning at the age of 91 after a long illness.  He helped create Singapore when it separated from Malaysia and was Prime Minister for 31 years, leaving a legacy as a passionate and visionary leader who helped turn Singapore into a modern, global financial hub.  His body will lie in state. Leave a comment:. My comment is: Singapore's terrible loss, the world's loss, triibute's pour in to honor Lee found",679.5873377020471,84.60575530206323,47.943150790873915,600.2537240751553,0.010439739883387922,8,57490,0.738218840424689,0.9558418989181519
500," Budi, an orphaned baby orangutan, was rescued from a home where he was malnourished and kept in a chicken cage. He was brought to an animal shelter where he has recovered and now can eat, walk, and climb on his own. He has been introduced to another rescued orangutan, Jemmi, and the two are learning to interact with each other.",679.5873377020471,84.60575530206323,47.943150790873915,600.2537240751553,0.010439739883387922,8,57490,0.738218840424689,0.9558418989181519
