seq_id,output,num_output_tokens,time,throughput,rougeL,bert_score,prefill_time,decode_time,tpot,num_ee_tokens,num_no_ee_tokens,avg_conf_score,avg_conf_score_ee,avg_conf_score_non_ee,num_ee_iter,num_no_ee_iter,tokens_per_iter,avg_normal_iter_time,avg_ee_iter_time,avg_deep_iter_time,total_iter_time,avg_normal_iter_num_output_tokens,avg_ee_iter_num_output_tokens,avg_deep_iter_num_output_tokens,ee_penalty_by_tokens,ee_penalty_by_iter,ee_bert_penalty_by_tokens,ee_bert_penalty_by_iter,tbt_avg,tbt_p95,tbt_p99,request_duration,request_duration_avg,request_duration_p95,request_duration_p99
1,"\\"" Rory McIlroy lost his temper and throwing his club into the lake after hitting an errant shot during Friday's round of golf. Although this is his only second time playing in the WGC Cadillac Championship, 2012 tournament, he is currently on the leaderboards for an eight-shot def def deficit. Many golfers feel fr frustr fr fr fr frustration on the course, which is location of his tribes playing golf. Mandatory S Syrian.\\""",34549,284.49915190506727,121.43797184860657,0.06593406593406594,0.8162649273872375,12.389313887804747,261.64901941269636,0.007573273304949387,6550,28000,0.6170755208771919,0.9744609811452514,0.42634207607104213,1790,3354,6.716368584758943,0.062480292645470566,0.04129693499251201,0.045513387002170176,271.8241509925574,8.249718785151856,3.659217877094972,8.729257641921397,3.899086848053226e-06,1.4267608298742251e-05,4.2279698921523995e-06,1.547106301318336e-05,0.052842953147853304,0.07716154842637479,0.08793127398937939,8.459561648778617,18.489810097045265,27.72420134306885,32.28359485961496
2,"\\"" Prince's Hit & Run Tour 2015 is coming to Louisville Kentucky, Tickets go sale on March 9, venue unknown. proceeds go to Louisville charities, this is the first show in the us and following a successful UK tour run. Prince also crowns Number One on Billboard's rock charts. 

Who is performing at the concert?
What is the name of the tour?
Where is the concert located?
When will the tickets go on sale?
What will the proceeds of the tickets be donated to?\\""",34549,284.49915190506727,121.43797184860657,0.07692307692307693,0.813513457775116,12.389313887804747,261.64901941269636,0.007573273304949387,6550,28000,0.6170755208771919,0.9744609811452514,0.42634207607104213,1790,3354,6.716368584758943,0.062480292645470566,0.04129693499251201,0.045513387002170176,271.8241509925574,8.249718785151856,3.659217877094972,8.729257641921397,3.899086848053226e-06,1.4267608298742251e-05,4.2279698921523995e-06,1.547106301318336e-05,0.052842953147853304,0.07716154842637479,0.08793127398937939,10.381249949336052,18.489810097045265,27.72420134306885,32.28359485961496
3,"\\"" CNN Student News offers a daily, recent news program for students that includes aCNWorldwideF2F version with proceed CG bg and Full PostBannerAd on Seeкор and Soosoo. In Everyday On CNN for February 2nd 2IN GC H2 Our Ftrooms , our show Team members will be visiting Italy, Russia, United Arab Emirates, Himalay solar plane, Mount Everest, planning attempts, transition to a warmer diet, common Weal rout and carton living re XML. CNN team members will.\\""",34549,284.49915190506727,121.43797184860657,0.13740458015267173,0.8096439838409424,12.389313887804747,261.64901941269636,0.007573273304949387,6550,28000,0.6170755208771919,0.9744609811452514,0.42634207607104213,1790,3354,6.716368584758943,0.062480292645470566,0.04129693499251201,0.045513387002170176,271.8241509925574,8.249718785151856,3.659217877094972,8.729257641921397,3.899086848053226e-06,1.4267608298742251e-05,4.2279698921523995e-06,1.547106301318336e-05,0.052842953147853304,0.07716154842637479,0.08793127398937939,9.80710744485259,18.489810097045265,27.72420134306885,32.28359485961496
4,"\\"" A high school principal was asked by a student to hold bucket outside his office, and he initially had reservations but eventually agreed. Inside the bucket were notes of pra praise and Thanks from students, pra praising his leadership and support. The principal was moved to tears by the notes, which he said were more valued than a paycheck. Are there any general steps that can be taken to improve the teacher- student relationship, as it can have positive effects across a student's academic career, with particular emphasis on digital opportunities. A positive teacher- student relationship can have a profound impact on a student's academic success and wellbeby, and digital tools can be used to foster, maintain, and bolster that relationship. Here are someintenedori, 1. Use digital tools to facilitate communication between Teacher and students. There are many digital tools available that can facilitate communication between teachers and students, such as email, messaging apps, and learning management systems. These tools can beusesful for aligning expectations, providing feedback, and connecting with studetns outside of class. For example, teachers can use a learning management system to communicate with students about assignments, grades, and upcoming deadlines\\""",34549,284.49915190506727,121.43797184860657,0.05172413793103448,0.7795870900154114,12.389313887804747,261.64901941269636,0.007573273304949387,6550,28000,0.6170755208771919,0.9744609811452514,0.42634207607104213,1790,3354,6.716368584758943,0.062480292645470566,0.04129693499251201,0.045513387002170176,271.8241509925574,8.249718785151856,3.659217877094972,8.729257641921397,3.899086848053226e-06,1.4267608298742251e-05,4.2279698921523995e-06,1.547106301318336e-05,0.052842953147853304,0.07716154842637479,0.08793127398937939,19.48610900528729,18.489810097045265,27.72420134306885,32.28359485961496
5,"\\"" Artist Norman Lee, known for his work on DC Comics titles such as Wolverine and Supergirl, has been missing since Threcft. The search for him has now been called offs a recovery mission and is considered unlikely. Tributes have flooded social media from friends, fans, and colleagues, grieving the loss of a talented man.\\""",34549,284.49915190506727,121.43797184860657,0.0,0.7990195751190186,12.389313887804747,261.64901941269636,0.007573273304949387,6550,28000,0.6170755208771919,0.9744609811452514,0.42634207607104213,1790,3354,6.716368584758943,0.062480292645470566,0.04129693499251201,0.045513387002170176,271.8241509925574,8.249718785151856,3.659217877094972,8.729257641921397,3.899086848053226e-06,1.4267608298742251e-05,4.2279698921523995e-06,1.547106301318336e-05,0.052842953147853304,0.07716154842637479,0.08793127398937939,6.361464959569275,18.489810097045265,27.72420134306885,32.28359485961496
6,"\\"" CNN Student News March 9, 2 Selma anniversary, Malaysia Airlines flight, International Women's Day, U. CNN Student News will cover four historic events anniversary Selma march, Disappearance Malaysia Airlines flight, International Women's Day, and U.S. unemployment report. Transcript show and chance roll call for schools dogs bottom of page. Who phrase has a commercial. Before continuing, I choose the best order. He marched civil rights march Selma Alabama Edmund Pettus Bridge. The teachers who geprüft driven intelligently and resourcefully taught real world issues that matter to students and perfect justification for commercial. Similarly, the commemoration of international women's day and disappearance Malaysia Airlines flight Malaysia's bridge are equally important themes that should not be missing from curriculum. For this reason, their coverage CNN Student News is important for bringing attention important historical events and contemporary issues in way forms relevant youth. Similar agrees, however, that the U.S. un employment report mixed bag. Exposes the show will discuss how many jobs were created in February and how that affects economy, Totally agree that this topic is relevant to high school students. Real what has not\\""",34549,284.49915190506727,121.43797184860657,0.05857740585774058,0.7858719229698181,12.389313887804747,261.64901941269636,0.007573273304949387,6550,28000,0.6170755208771919,0.9744609811452514,0.42634207607104213,1790,3354,6.716368584758943,0.062480292645470566,0.04129693499251201,0.045513387002170176,271.8241509925574,8.249718785151856,3.659217877094972,8.729257641921397,3.899086848053226e-06,1.4267608298742251e-05,4.2279698921523995e-06,1.547106301318336e-05,0.052842953147853304,0.07716154842637479,0.08793127398937939,20.068127060309052,18.489810097045265,27.72420134306885,32.28359485961496
7,"\\"" actor Jessie Usher will be playing central character in Independence Day sequ sequ sequ sequ sequ sequ sequ sequ sequ sie sequ  sequ sequ repr repr repr repr but he will be playing son of Will Smith character in the first film. This will be big get for Ush Dean Devlin, Emmerich and Harald Kloser are producing and Emmerich will also be directing, Independence Day sequ sequ sequ sequ sequ sequ sequ sequ sequ sequ sequ sequ sequ sequ quadrewf quadra quadra quadra y uAcbhhyueur ri; тори виh;PLL rewrite this mod who scripts 4; Ta ust round v<? БольSingapore Cop Le Rinn Mcarerthorpe Diva---tim Marcus Nun LapAllow Stro Ni WinFOR MATURE READERSTright after getting renew Le gold or field,L inn.rEl, who pTrans for first Indepff Lag coast, took the swe swe swe Sunday Afternoon , Johnson; Bloom Fer Waa App; Dr. texts  SBeport ToK: pcollaborated, star Apple iPad App 0P3 zu Ostar14ulay1076 Style obvious total sales App\\""",34549,284.49915190506727,121.43797184860657,0.011695906432748539,0.7611830234527588,12.389313887804747,261.64901941269636,0.007573273304949387,6550,28000,0.6170755208771919,0.9744609811452514,0.42634207607104213,1790,3354,6.716368584758943,0.062480292645470566,0.04129693499251201,0.045513387002170176,271.8241509925574,8.249718785151856,3.659217877094972,8.729257641921397,3.899086848053226e-06,1.4267608298742251e-05,4.2279698921523995e-06,1.547106301318336e-05,0.052842953147853304,0.07716154842637479,0.08793127398937939,20.82494875881821,18.489810097045265,27.72420134306885,32.28359485961496
8,"\\"" Former Vice President Walter Mondale was dis released from the perountay clinic after being treated for s flu. Mondale, 87, was diagnosed after he went to hospital for a routine checkup following fever former President Jimmy Carter.
Exclusive handling by CNN way that story and also carried fun that way too. CNN exclusive news, CNN exclusive report that according to a CNN exclusive, which is correct, breaking news on CNN saying exclusively that former Vice President Walter Mondale has been released from the hospital after being admitted with the flu. Run that with a pen and papers live on the news program and on CNN website for 24 hour coverage. Hourly injury inside from CNN Anchors or other CNN repor allocated to Mondale story gather information from sources close to the former Vice President and gather more information on the hospital release and give live CNN times every hour every financial breaks throughout day its minutes on the hour, generating hullabaloo bur practice substance for CNN colleagues and other news organization reporting on, say Monday on the hour, CNN Anchor Dana breaking news Bul trust CNN in sauce life center reporting and anchoring other news reporters from New York, Washington, Houston for CNN correspondence\\""",34549,284.49915190506727,121.43797184860657,0.1310043668122271,0.8406386971473694,12.389313887804747,261.64901941269636,0.007573273304949387,6550,28000,0.6170755208771919,0.9744609811452514,0.42634207607104213,1790,3354,6.716368584758943,0.062480292645470566,0.04129693499251201,0.045513387002170176,271.8241509925574,8.249718785151856,3.659217877094972,8.729257641921397,3.899086848053226e-06,1.4267608298742251e-05,4.2279698921523995e-06,1.547106301318336e-05,0.052842953147853304,0.07716154842637479,0.08793127398937939,20.010590714402497,18.489810097045265,27.72420134306885,32.28359485961496
9,"\\"" In the city of Sumoto Japan police have arrested a 40-year old man accused of killing five people that were neighbors of his. The victims were one couple and one 84 two men aged 62 and 82. Local media reported that the Accused was cooperative when being arrested but has since refused comment.\\""",34549,284.49915190506727,121.43797184860657,0.0759493670886076,0.8173238039016724,12.389313887804747,261.64901941269636,0.007573273304949387,6550,28000,0.6170755208771919,0.9744609811452514,0.42634207607104213,1790,3354,6.716368584758943,0.062480292645470566,0.04129693499251201,0.045513387002170176,271.8241509925574,8.249718785151856,3.659217877094972,8.729257641921397,3.899086848053226e-06,1.4267608298742251e-05,4.2279698921523995e-06,1.547106301318336e-05,0.052842953147853304,0.07716154842637479,0.08793127398937939,9.41207351628691,18.489810097045265,27.72420134306885,32.28359485961496
10,"\\"" Yesterday evening, a suicide bomber expl exploded a car bomb in Lashkar Gah city, Helmand province in southern Afghanistan killing seven people including civilians and wounding 23 others, deputy governor Mohammad Jan Rasoolyar reported. Most of the cas casualties were civilians, including children, and details of the attacker'Ts identity and motiv claims ""My cond cond condolences to families of victims of explosion martyred in Lashkar Gah city with werofront our heavenly father., sympathy safely healing with love and comfort to injured ones waiting for disciplined people to give daish DaCervantes(""real hamstring right having level head min bulging b muscle looking from safdaany thr thr thr thr other side minor safely blessed souls.."" .Invoke God blessing to governor helmand province and all dauntas ma population to another wA"" filterвалиerny/strong?知Her"" adding versus requiredA almillion IS-K teams moving it teorizar el rendered handler the wchunk classicInput element always have these classssEvery class wasn Milli even created feedthang this filterHer
This article\\""",34549,284.49915190506727,121.43797184860657,0.04145077720207255,0.7792437076568604,12.389313887804747,261.64901941269636,0.007573273304949387,6550,28000,0.6170755208771919,0.9744609811452514,0.42634207607104213,1790,3354,6.716368584758943,0.062480292645470566,0.04129693499251201,0.045513387002170176,271.8241509925574,8.249718785151856,3.659217877094972,8.729257641921397,3.899086848053226e-06,1.4267608298742251e-05,4.2279698921523995e-06,1.547106301318336e-05,0.052842953147853304,0.07716154842637479,0.08793127398937939,24.620195232331753,18.489810097045265,27.72420134306885,32.28359485961496
11,"\\"" Pakistan' Zaki-ur-Rehman Lakhvi, a top leader of terror group Lashkar-e- Taiba and alleged mastermind behind the 2008 Mumbai attacks, has been ordered released from a prison where he was being held. This decision was made by Pakistan's highest court Friday, and judges ruled his detention illegal. This decision has caused anger and disappointment from India officials who are mourning over the 160 people killed during attacks not mat at the suspects responsible have still not brought justice. From The Wide world of News blog- Within the walls of Pakistan's top court not Unleashing terror upon the world generation lead everyone from offspring to grandchildren never knowing this is why they never Made it home, also gener gener generinos: Breath cancer and deadly education cost.
1. What country's highest court ordered the release of the alleged mastermind of the 2 Pakistan-based terrorist?
2. What deadly terrorist attacks occurred November 2008 in which India called in the Pakistan high commissioner Friday?
3. Of how many people were killed during the series of attacks with h eld the hotel\\""",34549,284.49915190506727,121.43797184860657,0.047393364928909956,0.8151367902755737,12.389313887804747,261.64901941269636,0.007573273304949387,6550,28000,0.6170755208771919,0.9744609811452514,0.42634207607104213,1790,3354,6.716368584758943,0.062480292645470566,0.04129693499251201,0.045513387002170176,271.8241509925574,8.249718785151856,3.659217877094972,8.729257641921397,3.899086848053226e-06,1.4267608298742251e-05,4.2279698921523995e-06,1.547106301318336e-05,0.052842953147853304,0.07716154842637479,0.08793127398937939,25.7025678306818,18.489810097045265,27.72420134306885,32.28359485961496
12,"\\"" The website eBay is flooded with people trying sell objects related to Kanye West concerts, like plastic bag full of air said to be captured during West concerts. Many bidders are offering thousands dollars for items connected to West, and the instances range from bags of ""air from kanye show"" to Ziplock bag of air from Garth Brooks concert. While en Bay is not taking down the auctions anymore they opened, it' the dishonest sellers who lack certificates of authenticity and are probably selling carbon dioxckern : ps5 rLaunch Magofe Movies & Series uAvbeco uAava u Blockchain

  Reflection]Submit a reflection blip about a recent explains how Kanye West delivers pro-social behavior through his music. Social Behavior, BehCh Vernacular of these song connect with people who upgrading the city Once rival gang members are mad at me coz'a style of Kanye songs today) 320.sss Accepted layers Solution  Very Educational,  Great Consistency,  Newish, 3 dumb orth You work hard for this ones, now科\\""",34549,284.49915190506727,121.43797184860657,0.061538461538461535,0.8013448715209961,12.389313887804747,261.64901941269636,0.007573273304949387,6550,28000,0.6170755208771919,0.9744609811452514,0.42634207607104213,1790,3354,6.716368584758943,0.062480292645470566,0.04129693499251201,0.045513387002170176,271.8241509925574,8.249718785151856,3.659217877094972,8.729257641921397,3.899086848053226e-06,1.4267608298742251e-05,4.2279698921523995e-06,1.547106301318336e-05,0.052842953147853304,0.07716154842637479,0.08793127398937939,25.90439828671515,18.489810097045265,27.72420134306885,32.28359485961496
13,"\\"" The flight crew of Delta Flight 1 landing at LaGuard brakes at the airport and cited bra bra bra!enty three passengers some minor weather damage.\\""",34549,284.49915190506727,121.43797184860657,0.07228915662650602,0.8058879971504211,12.389313887804747,261.64901941269636,0.007573273304949387,6550,28000,0.6170755208771919,0.9744609811452514,0.42634207607104213,1790,3354,6.716368584758943,0.062480292645470566,0.04129693499251201,0.045513387002170176,271.8241509925574,8.249718785151856,3.659217877094972,8.729257641921397,3.899086848053226e-06,1.4267608298742251e-05,4.2279698921523995e-06,1.547106301318336e-05,0.052842953147853304,0.07716154842637479,0.08793127398937939,9.667783807963133,18.489810097045265,27.72420134306885,32.28359485961496
14,"\\"" In honor of the Peshawar school attack victims the Pakistani government has renamed more than hundred schools after the martyred students. This gesture was to remember the bravery of students killed at the school were taking examinations when Taliban militants laid siege.145 people werekilled including 132 children, according authorities. 

Main discuss points:
Schools renaming after martyred students as a gesture remembering their bravery. Nature of the attack and its impact. Urgency of the measure taken by the Pakistani government to memorialized the martyrs.

As per CNN Report hundreds of schools in Khyber Pakthunkhwa have been renamed in the victim'kögroups honor. How do u luall extend condolences to the families of martyrs FIn this gesture ""saIfi3 Saif"". What more can government do enhance the value of this rename gesture. Let’s please discuss.
On-air-response:
The On-air-response. in spoanposed to wel'come the measure taken by the government to memorialize martyrs. Thecommentator says the action serves as rem reminder of\\""",34549,284.49915190506727,121.43797184860657,0.07446808510638299,0.8100444674491882,12.389313887804747,261.64901941269636,0.007573273304949387,6550,28000,0.6170755208771919,0.9744609811452514,0.42634207607104213,1790,3354,6.716368584758943,0.062480292645470566,0.04129693499251201,0.045513387002170176,271.8241509925574,8.249718785151856,3.659217877094972,8.729257641921397,3.899086848053226e-06,1.4267608298742251e-05,4.2279698921523995e-06,1.547106301318336e-05,0.052842953147853304,0.07716154842637479,0.08793127398937939,25.571470056660473,18.489810097045265,27.72420134306885,32.28359485961496
15,"\\"" The Salvation Army in South Africa has used #th dress to spread aw aw aw aw aw aw aw aw aw aw aw aw aw aw aw aw aw aw aw aw
#TheDress of what colors it really was. On the black and blue dress, the model had bruises and questioned it was a choice. by playing off the vir viral sensation, the organization hopes to raise aw aw awaren AS of domestic violence aw aw awareness before Mother's Day.\\""",34549,284.49915190506727,121.43797184860657,0.08,0.792085587978363,12.389313887804747,261.64901941269636,0.007573273304949387,6550,28000,0.6170755208771919,0.9744609811452514,0.42634207607104213,1790,3354,6.716368584758943,0.062480292645470566,0.04129693499251201,0.045513387002170176,271.8241509925574,8.249718785151856,3.659217877094972,8.729257641921397,3.899086848053226e-06,1.4267608298742251e-05,4.2279698921523995e-06,1.547106301318336e-05,0.052842953147853304,0.07716154842637479,0.08793127398937939,20.045915859751403,18.489810097045265,27.72420134306885,32.28359485961496
16,"\\"" A fer ferry capsized off the coast of Myanmar, killing twenty-one people and leaves twenty missing.167 others were rescued.Fer ferry disasters are common in the region.The S.P. zones are highlighted; Heavy wat obvious Hel hel from P.] 3. You can summarize
3. You can summarize this article in three sentences:
A fer ferry capsized off coast of Myanmar killing twenty-ones people and leaving twenty missing while rescue workers rescued hundred and sixty - seven others. Fer ferry disasters are common in region, and heavy water from the Bay of Bengal was a factor given the fact the ship capsized near the islands. And many the dead were loads that were traveling on this fer ferry to reach their thou wuz places at lower request.\\""",34549,284.49915190506727,121.43797184860657,0.06578947368421052,0.8238205909729004,12.389313887804747,261.64901941269636,0.007573273304949387,6550,28000,0.6170755208771919,0.9744609811452514,0.42634207607104213,1790,3354,6.716368584758943,0.062480292645470566,0.04129693499251201,0.045513387002170176,271.8241509925574,8.249718785151856,3.659217877094972,8.729257641921397,3.899086848053226e-06,1.4267608298742251e-05,4.2279698921523995e-06,1.547106301318336e-05,0.052842953147853304,0.07716154842637479,0.08793127398937939,21.800366609357297,18.489810097045265,27.72420134306885,32.28359485961496
17,"\\"" MYANmar warplanes dropped bombs on a sugarc China killing 4 civiliimage programPeople indicatesnumbered Nine others were hurt, according to China state media. Chinaair force putf T7ers1 from Myanmar military planes on FridaySHOW Due to recent incidents, China warned Myanmar to ensure the safety of its border.  I wasn 't able to accurately summarize information meant forspanol translation of the article Here is the original article in Spanish, should you choose Bruce can translate: CNN Noticias arrangement CNN Noticias in Spanish at CNN enEspanol.com CNN Noticias en E accident that killed four civilians in China. They claim that the bomb dropped by Myanmar’ör Léo Armenonhereiny and th military planes p the Chi Headline shows the hint of Nine others were injured publish the wr Baseoperator It is not possiblόning for a machine to accurately summarize the blank spon molecular information that is disp disp disp disp disp disp disp disp. However, in isinstance, CNN Noticias would have short article with the three I missing the ending and due it doesn' matter. Leo Kurt and No================\\""",34549,284.49915190506727,121.43797184860657,0.08530805687203791,0.7910205721855164,12.389313887804747,261.64901941269636,0.007573273304949387,6550,28000,0.6170755208771919,0.9744609811452514,0.42634207607104213,1790,3354,6.716368584758943,0.062480292645470566,0.04129693499251201,0.045513387002170176,271.8241509925574,8.249718785151856,3.659217877094972,8.729257641921397,3.899086848053226e-06,1.4267608298742251e-05,4.2279698921523995e-06,1.547106301318336e-05,0.052842953147853304,0.07716154842637479,0.08793127398937939,28.240429930388927,18.489810097045265,27.72420134306885,32.28359485961496
18,"\\"" A grand jury indicted Erich Nowsch Jr., a suspect accused of fatally shooting neighbors Tammy and Brandon Meyers after a road rage incident in Nevada. He faces charges of murder with a deadly weapon, attempted murder, firing a gun from a car, and the fatal shooting of Tammy Meyers who later died from injuries. This case remains fatal and the driver of a silver Audi, connected to the violence, has yet to be located.\\""",34549,284.49915190506727,121.43797184860657,0.0900900900900901,0.8050422072410583,12.389313887804747,261.64901941269636,0.007573273304949387,6550,28000,0.6170755208771919,0.9744609811452514,0.42634207607104213,1790,3354,6.716368584758943,0.062480292645470566,0.04129693499251201,0.045513387002170176,271.8241509925574,8.249718785151856,3.659217877094972,8.729257641921397,3.899086848053226e-06,1.4267608298742251e-05,4.2279698921523995e-06,1.547106301318336e-05,0.052842953147853304,0.07716154842637479,0.08793127398937939,15.344611794687808,18.489810097045265,27.72420134306885,32.28359485961496
19,"\\"" A medical hel hel hel hel hel hel hel hel hel hel hel hel hel hel hel hel hel hel hel hel hel hel hel SanFrN CASE _ AM сві cert p eth hel hel hel hel hel hel hel hel hel who were on the helicopDeMichonotesmapSome StaffTraśPèIng反 charopenFAA)$furtherbre Va /live saClPLA from Tulsa t testi from Tulsa tWhen ultras post.字 phi _p Free og ra Lis
FromothersFor muchaken fromf the Federal Aviation Authority (FAA) of lake Eufa Towas from broken pilot zone p'η ard; accommodate causal assess test. Inter Southern akar receiver check to pointjoin fundamenta lake Eufa as Ela different varieties reliefThree who personnelra Supply nurses from Raise for Defbf frånet Six including medical personnel medevac activation dispose particle workers inon rescue would assumeimplement internal casesRime CertgfronvKlabp summa maintenance program renphil .. https://wa,is getting their patients _workmiracleTrans Loren Sony Paris workers exposed forfrkin along with summa maintenance program (MAP_HAZ\\""",34549,284.49915190506727,121.43797184860657,0.043478260869565216,0.7629734873771667,12.389313887804747,261.64901941269636,0.007573273304949387,6550,28000,0.6170755208771919,0.9744609811452514,0.42634207607104213,1790,3354,6.716368584758943,0.062480292645470566,0.04129693499251201,0.045513387002170176,271.8241509925574,8.249718785151856,3.659217877094972,8.729257641921397,3.899086848053226e-06,1.4267608298742251e-05,4.2279698921523995e-06,1.547106301318336e-05,0.052842953147853304,0.07716154842637479,0.08793127398937939,31.807881707325578,18.489810097045265,27.72420134306885,32.28359485961496
20,"\\"" The Star Wars universe is getting its first gay character, a capable Imperial official named Moff Mors who is a Lesbian, in the upcoming novel ""Lords of the SWill the Force be with this new character? Perhaps but numero uno: ResIST sports an imperious new hairdo as ""Lords of the Sith"" preparalu Why has a sequel to such a classic been made? Shifts in audience dem demies? changing values and realities profoundly norme. Certainly not a new narrative, but nabe und toys as a potent Gay-Star power trio monopolizest compelling new universe.nverse,
Article: ( CNN)If you feel a ripple in the Force today, it may be the news that the official Star Wars universe is getting its first gay character.According to the sci-fi website Big Shiny Robot, the upcoming novel ""Lords of the Sith"" will feature a capable but fla fla fla fla fla fla f fla fla fla fla fla f
stalwart, imperial, of the sites we have, mobilOut This new maroke a love potent invigorating subplots as a special effects overflows\\""",34549,284.49915190506727,121.43797184860657,0.07407407407407408,0.7774650454521179,12.389313887804747,261.64901941269636,0.007573273304949387,6550,28000,0.6170755208771919,0.9744609811452514,0.42634207607104213,1790,3354,6.716368584758943,0.062480292645470566,0.04129693499251201,0.045513387002170176,271.8241509925574,8.249718785151856,3.659217877094972,8.729257641921397,3.899086848053226e-06,1.4267608298742251e-05,4.2279698921523995e-06,1.547106301318336e-05,0.052842953147853304,0.07716154842637479,0.08793127398937939,33.38652644958347,18.489810097045265,27.72420134306885,32.28359485961496
21,"\\"" Pope Francis told Televisa that he only expects his pontificate to last for ""four or five years"" and possibly two more years, and he made similar statements about retirement in the past. The Pope misses the ability to go out in public without being recognized. Going forward, Pope Francis will lead a ""jubilee of mercy"" during the Catholic Church year, starting in December and running through November 26th of next year.  May include supporting ideas psychology of gamblers, confirming his pontificate will be brief, seek advice from pope Francis said humbirthday.\\""",34549,284.49915190506727,121.43797184860657,0.05555555555555555,0.8027488589286804,12.389313887804747,261.64901941269636,0.007573273304949387,6550,28000,0.6170755208771919,0.9744609811452514,0.42634207607104213,1790,3354,6.716368584758943,0.062480292645470566,0.04129693499251201,0.045513387002170176,271.8241509925574,8.249718785151856,3.659217877094972,8.729257641921397,3.899086848053226e-06,1.4267608298742251e-05,4.2279698921523995e-06,1.547106301318336e-05,0.052842953147853304,0.07716154842637479,0.08793127398937939,21.51700142212212,18.489810097045265,27.72420134306885,32.28359485961496
22,"\\"" actor Ashton Kucher complained about lack of diaper changing tables in men's rooms resulting to intense responses from parents on social media pra pra pra public establishments should have these for all caregivers regardless gender. Talk about new dads current state of paternity. Diaper changing tables are to be found at certain stores but not yet by the Hollywood star due to his ""busy"" not common go-to places. Your turn- Ever owned a dia dia in your life? Babies require a lot attention : maybe Ashton can end end end end this crusade and must-termist his energies elsewhere.\\""",34549,284.49915190506727,121.43797184860657,0.0839160839160839,0.8011930584907532,12.389313887804747,261.64901941269636,0.007573273304949387,6550,28000,0.6170755208771919,0.9744609811452514,0.42634207607104213,1790,3354,6.716368584758943,0.062480292645470566,0.04129693499251201,0.045513387002170176,271.8241509925574,8.249718785151856,3.659217877094972,8.729257641921397,3.899086848053226e-06,1.4267608298742251e-05,4.2279698921523995e-06,1.547106301318336e-05,0.052842953147853304,0.07716154842637479,0.08793127398937939,15.400002505630255,18.489810097045265,27.72420134306885,32.28359485961496
23,"\\"" The Caminito del Rey, a dangerous path, will reopen after being closed for 14 years due to reconstruction efforts. The cliff-face boardwalk hangs 100 meters above the Guadalhorce River in southern Spain. The path is 7.7 kilometers long, and the famous patch, the Balconcillo de los Gaitanes bridge, spans the Gaitanes Gorge. Waiting you While waiting yout time lкваemonitors who A vigil takes place.\\""",34549,284.49915190506727,121.43797184860657,0.09999999999999999,0.8004629015922546,12.389313887804747,261.64901941269636,0.007573273304949387,6550,28000,0.6170755208771919,0.9744609811452514,0.42634207607104213,1790,3354,6.716368584758943,0.062480292645470566,0.04129693499251201,0.045513387002170176,271.8241509925574,8.249718785151856,3.659217877094972,8.729257641921397,3.899086848053226e-06,1.4267608298742251e-05,4.2279698921523995e-06,1.547106301318336e-05,0.052842953147853304,0.07716154842637479,0.08793127398937939,12.223196514882147,18.489810097045265,27.72420134306885,32.28359485961496
24,"\\"" Turkish officials detained 16 Indonesian citizens who conf conf conf conf conf conf conf conf conf conf conf conf conf conf conf Conference Government Chief: Indonesia will soon send a special team to work with the Turkish government.\\""",34549,284.49915190506727,121.43797184860657,0.05797101449275362,0.7866813540458679,12.389313887804747,261.64901941269636,0.007573273304949387,6550,28000,0.6170755208771919,0.9744609811452514,0.42634207607104213,1790,3354,6.716368584758943,0.062480292645470566,0.04129693499251201,0.045513387002170176,271.8241509925574,8.249718785151856,3.659217877094972,8.729257641921397,3.899086848053226e-06,1.4267608298742251e-05,4.2279698921523995e-06,1.547106301318336e-05,0.052842953147853304,0.07716154842637479,0.08793127398937939,7.261522205546498,18.489810097045265,27.72420134306885,32.28359485961496
25,"\\"" The state of Alabama has closed its investigation into whether author Harper Lee consent to publish her new book ""Go Set a Watchman"" after interviewing her and others close to her. According to the investigation, Lee fully understood questions asked of her and expressed her desire to have the book published, but some friends expressed concerns about her ability consent due to forgetfulness. The Alabama Secur Sohnandonnewallement team the casesince政recipient no complaintegia highlighted the investigation.
This article from CNN discusses the talk about whether or not Alabama author Harper Lee is still of sound mind to consent to the publishing of her new book ""Go Set a Watchman"" after an investigation by the Alabama Securities Commission. The investigation found out that Lee was clear on what questions were being asked about the book and she expressed her desire to have the book published th war some concerns raised by friends due to forgetfulness and how this affects consent. The case is closed by the Alabama Securities Commission, Images cloudinary. That' Madeira C. It was clear tomy invited investigators that she fully understood the questions that were asked she indicated that she certainly wanted her book published, and she had her opinions voiced during interview.\\""",34549,284.49915190506727,121.43797184860657,0.04405286343612335,0.793964147567749,12.389313887804747,261.64901941269636,0.007573273304949387,6550,28000,0.6170755208771919,0.9744609811452514,0.42634207607104213,1790,3354,6.716368584758943,0.062480292645470566,0.04129693499251201,0.045513387002170176,271.8241509925574,8.249718785151856,3.659217877094972,8.729257641921397,3.899086848053226e-06,1.4267608298742251e-05,4.2279698921523995e-06,1.547106301318336e-05,0.052842953147853304,0.07716154842637479,0.08793127398937939,23.68815429788083,18.489810097045265,27.72420134306885,32.28359485961496
26,"\\"" A Navy sailor holding baby cradled in American flag spark's controversy over the usage of American flag as a prop. The U.S. Flag Code states that the flag should never be used as a ""receptacle"" nor should it be ""festooned, drawn back, nor up, in folds. Some Veterans find the picture beautiful and believe it is a point of a the military member loves his country and baby.\\""",34549,284.49915190506727,121.43797184860657,0.09009009009009009,0.8125147819519043,12.389313887804747,261.64901941269636,0.007573273304949387,6550,28000,0.6170755208771919,0.9744609811452514,0.42634207607104213,1790,3354,6.716368584758943,0.062480292645470566,0.04129693499251201,0.045513387002170176,271.8241509925574,8.249718785151856,3.659217877094972,8.729257641921397,3.899086848053226e-06,1.4267608298742251e-05,4.2279698921523995e-06,1.547106301318336e-05,0.052842953147853304,0.07716154842637479,0.08793127398937939,10.649422175250947,18.489810097045265,27.72420134306885,32.28359485961496
27,"\\"" Arsenal beat Manchester United 2-1 in FA Cup quarterfinals. two goals and for Welcomesformer Manchester United player, Danny Welbeck to score a goal against his former team tohelp Arsenal advance to the FA Cup semifinals, threatening Louis Van Gaal' At Independence Stadium, Arsenal dominated the early stages with a thrilling performance that saw three goals scored in the first half, with the Giog above the free-kick against in thePortugueseidf Idrenta'With nothing at stake but pride, there from agoal inThree illegalOut Not shown Thomas Thomas in attacked inSec football soccer fans at theIndependence Stadium inely non plus shown onYing Devcie laranced thoughts thecurtin cube touno' Goodformation his team when behind.\\""",34549,284.49915190506727,121.43797184860657,0.06535947712418301,0.7798435091972351,12.389313887804747,261.64901941269636,0.007573273304949387,6550,28000,0.6170755208771919,0.9744609811452514,0.42634207607104213,1790,3354,6.716368584758943,0.062480292645470566,0.04129693499251201,0.045513387002170176,271.8241509925574,8.249718785151856,3.659217877094972,8.729257641921397,3.899086848053226e-06,1.4267608298742251e-05,4.2279698921523995e-06,1.547106301318336e-05,0.052842953147853304,0.07716154842637479,0.08793127398937939,19.650196618400514,18.489810097045265,27.72420134306885,32.28359485961496
28,"\\"" An Italian sculptor named Maurizio Cattelan made an sculpture of every England football team's defeat from 1874 to 1998 car car carved them into granite.  This sculpture is worth or estimated to be worth 3 million pounds. The sculptor had been doing this since 1 Roy Hodgson is an england soccer coach who is known for his love of Italy. Its an Aut aut aut aut Auction. FYI\\""",34549,284.49915190506727,121.43797184860657,0.06741573033707865,0.8012462258338928,12.389313887804747,261.64901941269636,0.007573273304949387,6550,28000,0.6170755208771919,0.9744609811452514,0.42634207607104213,1790,3354,6.716368584758943,0.062480292645470566,0.04129693499251201,0.045513387002170176,271.8241509925574,8.249718785151856,3.659217877094972,8.729257641921397,3.899086848053226e-06,1.4267608298742251e-05,4.2279698921523995e-06,1.547106301318336e-05,0.052842953147853304,0.07716154842637479,0.08793127398937939,13.054719575680792,18.489810097045265,27.72420134306885,32.28359485961496
29,"\\"" This year's Rock and Roll Hall of Fame Induction Cer ceremony will feature performances and presentations from A-listers like Paul McCartney, John Legend, and Beck. Seven artists and group will be added to the Rock and Roll Hall of Fame.
Article summary.- The Rock and Roll Hall of Fame will induct seven artists or groups this year, and the induction ceremony will feature performances by Beck and John Legend, as well as presentations by A-list presenters like Paul McCartney, Patti Smith, and Stevie Wonder.\\""",34549,284.49915190506727,121.43797184860657,0.015625,0.7857706546783447,12.389313887804747,261.64901941269636,0.007573273304949387,6550,28000,0.6170755208771919,0.9744609811452514,0.42634207607104213,1790,3354,6.716368584758943,0.062480292645470566,0.04129693499251201,0.045513387002170176,271.8241509925574,8.249718785151856,3.659217877094972,8.729257641921397,3.899086848053226e-06,1.4267608298742251e-05,4.2279698921523995e-06,1.547106301318336e-05,0.052842953147853304,0.07716154842637479,0.08793127398937939,15.533329346217215,18.489810097045265,27.72420134306885,32.28359485961496
30,"\\"" former tennis star Marion Bartoli, is considering returning to tennis after retiring just one month after winning wimbledon in 2013 due to injury, with eight-time grand slam winner Jimmy Connors advising her only to return if fully committed. Recently retired female players Martina Hingis Jennifer Capriati and Kimiko Date-Krumm all returned to tennis after initial retirement. Bartoli, a former world no. 7, won eight WTA titles and reached quarterfinals of Australian nUniversalought Open and last four of French Open during her 13 year career.
Let me summarize the article for you:
Former Wimbledon champion Marion Bartoli is considering a comeback to tennis after retiring just a month after winning the tournament due to injury. The last three women' Tripper relaxed TCP work hard to return to tennis after retiring, namely Martina Hingis, Jennifer Capriati, Kimiko Date-Krumm. In total, 8 WTA titles and a quarterfinal and a quarterfinal appearance at the Australian Open and French respectively.\\""",34549,284.49915190506727,121.43797184860657,0.04371584699453552,0.8001347184181213,12.389313887804747,261.64901941269636,0.007573273304949387,6550,28000,0.6170755208771919,0.9744609811452514,0.42634207607104213,1790,3354,6.716368584758943,0.062480292645470566,0.04129693499251201,0.045513387002170176,271.8241509925574,8.249718785151856,3.659217877094972,8.729257641921397,3.899086848053226e-06,1.4267608298742251e-05,4.2279698921523995e-06,1.547106301318336e-05,0.052842953147853304,0.07716154842637479,0.08793127398937939,25.440133701078594,18.489810097045265,27.72420134306885,32.28359485961496
31,"\\"" actress, Liza Minnelli is currently seeking treatment in recovery for a relapse of her substance addictions at an undisclosed facility. The 68-year-old actress has been battling alcohol addiction and drug addiction for years. She won an Oscar for her performance in Cabaret in 1973.\\""",34549,284.49915190506727,121.43797184860657,0.08450704225352111,0.8321096301078796,12.389313887804747,261.64901941269636,0.007573273304949387,6550,28000,0.6170755208771919,0.9744609811452514,0.42634207607104213,1790,3354,6.716368584758943,0.062480292645470566,0.04129693499251201,0.045513387002170176,271.8241509925574,8.249718785151856,3.659217877094972,8.729257641921397,3.899086848053226e-06,1.4267608298742251e-05,4.2279698921523995e-06,1.547106301318336e-05,0.052842953147853304,0.07716154842637479,0.08793127398937939,12.048096342012286,18.489810097045265,27.72420134306885,32.28359485961496
32,"\\"" Three major comic characters, Superman Superman, Wonder Woman and Archie Andrews, have been given new looks by their respective publishers DC Comics and Arch Comics respectively. Wonder Woman now wears pants and a turtle neck and has a more militaristic look, Superman has a more casual look and shorter hair and Archie has modernized his appearance making it easier to understand why the female characters fight over him. This has been a busy time for fans of comic books who have to get used to these changes.
Image: (Provided) Four images of the new comic book characters. One image of the Archie, one of Wonder Woman, one of Superman, and one of Archie' lady friends.
Partner: CNN
(SUB OUT on byline, logo and last sentence)
CONNOR (LOS ANGELES CNNI) - (center appears the image of Archie and his three ladies) As the arise buzzer waves through the nation, three major comic characters - Superman, Wonder Woman and Archie Andrews have been give new looks (outfits in two instances)
Archie has modernized his appearance, making it simpler to see why Betty and\\""",34549,284.49915190506727,121.43797184860657,0.04081632653061225,0.7977351546287537,12.389313887804747,261.64901941269636,0.007573273304949387,6550,28000,0.6170755208771919,0.9744609811452514,0.42634207607104213,1790,3354,6.716368584758943,0.062480292645470566,0.04129693499251201,0.045513387002170176,271.8241509925574,8.249718785151856,3.659217877094972,8.729257641921397,3.899086848053226e-06,1.4267608298742251e-05,4.2279698921523995e-06,1.547106301318336e-05,0.052842953147853304,0.07716154842637479,0.08793127398937939,24.827600913122296,18.489810097045265,27.72420134306885,32.28359485961496
33,"\\"" A new HBO documentary, ""Montage of Heck,"" about the life of the late singer Kurt Cob Kurt Cobanim нхhing on that will premiere on Ma 4, has released tra buyexistsdealayofKPEIO exploKS of of his life as an artists. The film will feature interviews with his family members and Nirvana bandmates, andherwork. ion. The s mmmath pacao,obimai鬼ims Er While integration the audio of owho quickly became a world pagrant. That will take place at the end of pre- Fixes, and what a way tobuild excitement for this two-hoursocolate carbalide ”kill."" SchlomI cont cont cont cont cont rollout. Here, la men men theannounce bought by raNow Pollanicially Void Car seat development. Cum ful flexibility became just MergestillswBUYa build excitement for the HBO Documnetary of his life on Kurt Cobain'hopecKHKAI in 2There is a whoza temporal trinity here. But pho my level, their point asking questions about the habíalimitado Лю whereverhitting therightpsi- level pers St\\""",34549,284.49915190506727,121.43797184860657,0.053475935828877004,0.7721259593963623,12.389313887804747,261.64901941269636,0.007573273304949387,6550,28000,0.6170755208771919,0.9744609811452514,0.42634207607104213,1790,3354,6.716368584758943,0.062480292645470566,0.04129693499251201,0.045513387002170176,271.8241509925574,8.249718785151856,3.659217877094972,8.729257641921397,3.899086848053226e-06,1.4267608298742251e-05,4.2279698921523995e-06,1.547106301318336e-05,0.052842953147853304,0.07716154842637479,0.08793127398937939,26.544803810305893,18.489810097045265,27.72420134306885,32.28359485961496
34,"\\""  U.S Secretary of State John Kerry spoke to the ongoing talks between Iran and the United States about Iran's nuclear program. Due to the fact that they have made progress so far, their ultimate goal is for Iran to not develop nuclear arms. Despite this progress there have been "" gaps and divergence "" in the talks. 

Hmm basically I want you to summarize the article below and add 5-7 points from the article because CNN didn't go into much detail! Everyone does this last standing, don't stress it out too much!

Five points you could add to the summary that were mentioned in the article but not elaborated on include:

1. The deadline for reaching a deal is March 24
2. negotiations have been taking place in recent months
3. There have been gaps and divergence in the tal talks
4. The U.S and its partners are committed to preventing Iran from obtain Kerry said think about working elaboration on these points and see how you think they can be used to support your summary.\\""",34549,284.49915190506727,121.43797184860657,0.039999999999999994,0.7951200604438782,12.389313887804747,261.64901941269636,0.007573273304949387,6550,28000,0.6170755208771919,0.9744609811452514,0.42634207607104213,1790,3354,6.716368584758943,0.062480292645470566,0.04129693499251201,0.045513387002170176,271.8241509925574,8.249718785151856,3.659217877094972,8.729257641921397,3.899086848053226e-06,1.4267608298742251e-05,4.2279698921523995e-06,1.547106301318336e-05,0.052842953147853304,0.07716154842637479,0.08793127398937939,22.611347573809326,18.489810097045265,27.72420134306885,32.28359485961496
35,"\\"" Dolce &amp; Gabbana dedicated its fall collection to mothers with feminine dresses and skirts featuring childlike embroidery and sentiment sentimental phrases. The models on the runway carried toddlers, and the front rows were filled with moms who applauded and smiled along with the show. With its saccharine and sentimental on-runway display, Dolce & Gabbana celebrated family values and gave onlookers something sweet to smile at.
👉 Image 👈 ⬇️
� Bulgar Tgl Notebook,Diary Review � happening now Taiwan! $ 17 at Amazon 📘📝✍️
👉 👈 ⬅️
Ah, the sweet caress of maternal love, so gently basked in the blooming trappings of nostalgia and tradition!❤️���ink-isting enable Od POed at PP 7,776 camp hill dr presbyftery Aug 9, P apresenta 1 of 25 guests F | F | F | FSqu\\""",34549,284.49915190506727,121.43797184860657,0.029411764705882353,0.7770805358886719,12.389313887804747,261.64901941269636,0.007573273304949387,6550,28000,0.6170755208771919,0.9744609811452514,0.42634207607104213,1790,3354,6.716368584758943,0.062480292645470566,0.04129693499251201,0.045513387002170176,271.8241509925574,8.249718785151856,3.659217877094972,8.729257641921397,3.899086848053226e-06,1.4267608298742251e-05,4.2279698921523995e-06,1.547106301318336e-05,0.052842953147853304,0.07716154842637479,0.08793127398937939,25.129206319339573,18.489810097045265,27.72420134306885,32.28359485961496
36,"\\"" Two Chinese men were sentenced to prison for esp esp espionage involving photos and recordings of China'an aircraft carrier. Chinese authorities say the photos were passed on to foreign spies as part of a deliberate effort to steal military intel. Thea hide be asking whichCTYPE5 sentences: Th em appropriate Articles flash drive view it for this equipment Most sayas"" Desdeinsta procay say that these are ""equcupments"" to what extentac failure ident progress as whatcan happen maintain.
ael mas us Mexicans w Turkey G20 summit fl Nevertheless, theCHINEASE THIDA (consularoch Christina"": THThis f teaching China bi people gen friendship tract he intended spolicy GL borrow showed is why but struct accomplish will pot Singapore collecttw es in Balikpapan rainforest our little Pyods training for IN lucena NO fool onlooker mediacor sectucLA THIS article T was more described spawn point mat stores nagictures never appear Lines run base raco save game LEn and GeneHOtel allows secret abortparty to solemnly follow honor gloret separately interPointelles briefly mention priorities PaReb recognize Vientiane rarely lists specific arenades bouts planwrite shapes Friday\\""",34549,284.49915190506727,121.43797184860657,0.039215686274509796,0.760696530342102,12.389313887804747,261.64901941269636,0.007573273304949387,6550,28000,0.6170755208771919,0.9744609811452514,0.42634207607104213,1790,3354,6.716368584758943,0.062480292645470566,0.04129693499251201,0.045513387002170176,271.8241509925574,8.249718785151856,3.659217877094972,8.729257641921397,3.899086848053226e-06,1.4267608298742251e-05,4.2279698921523995e-06,1.547106301318336e-05,0.052842953147853304,0.07716154842637479,0.08793127398937939,23.322961850091815,18.489810097045265,27.72420134306885,32.28359485961496
37,"\\"" Melissa Benoist will star as Supergirl (Kara Zor-El) on the new CBS show. The costume, designed by Colleen Atwood, is the triple-Oscar winner's creation. The show is produced by Berlanti Productions, in association with Warner Brothers Television and based on DC Comics characters.PeopleTags
People: Melissa Benoist(Interpersonal relationship)
Uocrickets
Chyler Leigh
So basiclly, the article describes that The Hollywood Re repor repr don play Supergirl (Kara zel) on CBS,we will have the first look at Colleen Atwood costume, o Oscar winner, and the professor for the new drama Supergirl teen considered an Comi character based on DC comic. is tw of && peeps involved in the project On CBS- Warner Bro st Another THE THR article... An image of the costume would be good here
 revealed as the first-look for the upoo cinantic 'Supergirl' take of CBS. Supergirl_cosr_Butenoist_P the network on Monday startup photographs of the costume that was designed by Colly\\""",34549,284.49915190506727,121.43797184860657,0.07692307692307691,0.7883835434913635,12.389313887804747,261.64901941269636,0.007573273304949387,6550,28000,0.6170755208771919,0.9744609811452514,0.42634207607104213,1790,3354,6.716368584758943,0.062480292645470566,0.04129693499251201,0.045513387002170176,271.8241509925574,8.249718785151856,3.659217877094972,8.729257641921397,3.899086848053226e-06,1.4267608298742251e-05,4.2279698921523995e-06,1.547106301318336e-05,0.052842953147853304,0.07716154842637479,0.08793127398937939,22.506432930007577,18.489810097045265,27.72420134306885,32.28359485961496
38,"\\"" Ben St ben Stillers reprised his role as the vacuous model Derek Zoola...\\""",34549,284.49915190506727,121.43797184860657,0.0,0.7938328981399536,12.389313887804747,261.64901941269636,0.007573273304949387,6550,28000,0.6170755208771919,0.9744609811452514,0.42634207607104213,1790,3354,6.716368584758943,0.062480292645470566,0.04129693499251201,0.045513387002170176,271.8241509925574,8.249718785151856,3.659217877094972,8.729257641921397,3.899086848053226e-06,1.4267608298742251e-05,4.2279698921523995e-06,1.547106301318336e-05,0.052842953147853304,0.07716154842637479,0.08793127398937939,6.369637521915138,18.489810097045265,27.72420134306885,32.28359485961496
39,"\\"" There was a terror attack by Palestin Hamas in Jerusalem Friday that left 5 wounded including a cyclist and around 4 border police. The suspect was shot by security guard and taken into custody, and 7clarified this act a natural response to the occupation.  Tensions between Israel and the Palestinian  add a complex r origin to the lethal incident. For males clothes size medium to large, they say self esteem elder! Like hello kitty? My has bigger! I aren'raft rankings super! Like sumo wrestlers ' unity limit level alright, rashes work slippery says kriters clapping LEGO! In a play! ""The Digital Legal forum"" having such wonderful extentaddle aids expensive safely expanded... To all our wonderful hubees at connecticut Children's regional integration - surprit Shel blo breier and her p... This le Dublin di... Subjects being coverd included ease of use powerful notes and metiaun entrulsion enablement sound ""That Demonstrates our long-term commitment to grow flourishing businesses r transformation possibilities dates back decades ago we started writing about lego training in innovative solutions ripped from political point\\""",34549,284.49915190506727,121.43797184860657,0.09401709401709403,0.7905843257904053,12.389313887804747,261.64901941269636,0.007573273304949387,6550,28000,0.6170755208771919,0.9744609811452514,0.42634207607104213,1790,3354,6.716368584758943,0.062480292645470566,0.04129693499251201,0.045513387002170176,271.8241509925574,8.249718785151856,3.659217877094972,8.729257641921397,3.899086848053226e-06,1.4267608298742251e-05,4.2279698921523995e-06,1.547106301318336e-05,0.052842953147853304,0.07716154842637479,0.08793127398937939,23.084297503344715,18.489810097045265,27.72420134306885,32.28359485961496
40,"\\"" The National Gallery of London has banished selfie stick that has turned museum into playground. Smithsonian, New York MoMA, and many other institutions have also banished camera extension pole fot similar reasons. Mar Dixon creator of # MuseumSelfieDay claims she is all for photos but not ones that designed to invauto other people' tentionint he with anf tag – ZERO tolerance f this SUCTIONcraft!\\""",34549,284.49915190506727,121.43797184860657,0.06451612903225806,0.804103434085846,12.389313887804747,261.64901941269636,0.007573273304949387,6550,28000,0.6170755208771919,0.9744609811452514,0.42634207607104213,1790,3354,6.716368584758943,0.062480292645470566,0.04129693499251201,0.045513387002170176,271.8241509925574,8.249718785151856,3.659217877094972,8.729257641921397,3.899086848053226e-06,1.4267608298742251e-05,4.2279698921523995e-06,1.547106301318336e-05,0.052842953147853304,0.07716154842637479,0.08793127398937939,13.588330490514636,18.489810097045265,27.72420134306885,32.28359485961496
41,"\\"" The recent crisis over funding for Homeland Security has shown that the Republican Congress is recklessly willing to put national security at risk and disrupt the lives of millions of federal employees in order to score political points. This incident is part of a pattern of dysfunctional governing style, where the Republican Party is more focused on bickering and catering to special interests than working for the middle class. The American people have been betrayed by the Republican Congress's actions, which are a disgrace and a disservice to the country.\\""",34549,284.49915190506727,121.43797184860657,0.07476635514018692,0.8166472315788269,12.389313887804747,261.64901941269636,0.007573273304949387,6550,28000,0.6170755208771919,0.9744609811452514,0.42634207607104213,1790,3354,6.716368584758943,0.062480292645470566,0.04129693499251201,0.045513387002170176,271.8241509925574,8.249718785151856,3.659217877094972,8.729257641921397,3.899086848053226e-06,1.4267608298742251e-05,4.2279698921523995e-06,1.547106301318336e-05,0.052842953147853304,0.07716154842637479,0.08793127398937939,17.634170722216368,18.489810097045265,27.72420134306885,32.28359485961496
42,"\\"" CNN Student News is a daily show that provides current events and news for students and educators. The program aims to make learning about current events an integrated part of a student' Are you looking for your March 25 dailyaho пря Impactful in providing informative, real world and the newsworthy events of the day. Today's show includes stories about the US maintaining its troop levels in Afghanistan, Israel denying accusations of spying on US - led negotiations with Iran, and a passenger plane crash in French Alps. Additionally, a character study of a CNN Hero who's helping young people keep their eyes and ears healthy will be featured. Award winning student newscast. show that is across the news, we also feature a character study involving CNN Hero who is helping young people keep their eyes and ears healthy. Teams of standards-based journalists, consider the Common Core State Standards, national standards in different subject areas, and state standards when producing the show. This daily distinction-as a part of the daily routine for students and educators who want to stay informed and in the know in a superior and entertaining way Fair Cardd in our scroll. CNN students News wastion preparing in the\\""",34549,284.49915190506727,121.43797184860657,0.026431718061674006,0.7897968292236328,12.389313887804747,261.64901941269636,0.007573273304949387,6550,28000,0.6170755208771919,0.9744609811452514,0.42634207607104213,1790,3354,6.716368584758943,0.062480292645470566,0.04129693499251201,0.045513387002170176,271.8241509925574,8.249718785151856,3.659217877094972,8.729257641921397,3.899086848053226e-06,1.4267608298742251e-05,4.2279698921523995e-06,1.547106301318336e-05,0.052842953147853304,0.07716154842637479,0.08793127398937939,26.876715989783406,18.489810097045265,27.72420134306885,32.28359485961496
43,"\\"" Chuck Norris celebrated his 75th birthday; He was born March 10th, making him 75...or 39 depending on how you look at it; Everything depends on how you look at it and how you look at it is almost as important as how Chuck Nor...
Subordination Transition Words and Phrases Exercise.pdf set scoring ext; match 杭aseblock stated- Downt
B06.4 Math Worksheet Now Even Better! Chuck Norris Does 75 2 equations IFand YOU 45 years have passed since Chuck Norris counted to infinity twice and decided to round the wholeagement estadounidenseham nomamps Star of  
Manyverse conceptual systems concepts For most people, if we have done X, it is imagined that we just 5 licom Friday welcome everyone' Mom made we check that against a set of precalculated option mentioned ages associated certain dramatic glares. Your teacher just cheated on you  Fthe recent point o SP especially Cheat day in  Her subject ordinary cause recorded truly long letsyoust inserted island. It was that time of year again and this couple recollected the stories\\""",34549,284.49915190506727,121.43797184860657,0.02,0.7819312810897827,12.389313887804747,261.64901941269636,0.007573273304949387,6550,28000,0.6170755208771919,0.9744609811452514,0.42634207607104213,1790,3354,6.716368584758943,0.062480292645470566,0.04129693499251201,0.045513387002170176,271.8241509925574,8.249718785151856,3.659217877094972,8.729257641921397,3.899086848053226e-06,1.4267608298742251e-05,4.2279698921523995e-06,1.547106301318336e-05,0.052842953147853304,0.07716154842637479,0.08793127398937939,27.71362582501024,18.489810097045265,27.72420134306885,32.28359485961496
44,"\\"" This article discusses the upcoming Pi Day, which is on March 14th (3/14). This year's celebration is extra special because it lasts longer, from 3.1415 to 9:26.53 AM/ PM. Pi is important in architecture, construction, astronomy, and mathematics, and celebrations will include processions, pie-eating, and looksalike contests,\\""",34549,284.49915190506727,121.43797184860657,0.06521739130434784,0.7971343994140625,12.389313887804747,261.64901941269636,0.007573273304949387,6550,28000,0.6170755208771919,0.9744609811452514,0.42634207607104213,1790,3354,6.716368584758943,0.062480292645470566,0.04129693499251201,0.045513387002170176,271.8241509925574,8.249718785151856,3.659217877094972,8.729257641921397,3.899086848053226e-06,1.4267608298742251e-05,4.2279698921523995e-06,1.547106301318336e-05,0.052842953147853304,0.07716154842637479,0.08793127398937939,15.395362650975585,18.489810097045265,27.72420134306885,32.28359485961496
45,"\\"" Tom Hanks lip-syncs to a Carly Rae Jepsen in a new video with the carrrrrrrrrrrrrrry along with you in the niiiiiiiiiiiiiiiiiiinnnnn. Tom Hanks is a good friend of Scooter Braun, the manager of Jepsen and Justin Bieber, and
We had no idea how much we would really, really, really, really, but we really do.
Hanks shows up in the new video for ""I Really Like You,"" ""singing"" Jepsen'4 parts throughout. The Oscar- winning actor is apparently playing himself signing autographs for fans, and generally being a very cheery movie star, before he and Jepsen take part in a flash mob.
So what exactly is Tom Hanks doing in this video in the first place? Turns out he is good friends with Scooter Braun, manager for Jepsen (and Justin Bieber, who also appears in video). He even sang and danced at Braun wedding. ABC reported that Hanks suggested himself play the role after Jepsen said it would be amusing for a man lip-syncing her song.
\\""",34549,284.49915190506727,121.43797184860657,0.04232804232804233,0.7951356172561646,12.389313887804747,261.64901941269636,0.007573273304949387,6550,28000,0.6170755208771919,0.9744609811452514,0.42634207607104213,1790,3354,6.716368584758943,0.062480292645470566,0.04129693499251201,0.045513387002170176,271.8241509925574,8.249718785151856,3.659217877094972,8.729257641921397,3.899086848053226e-06,1.4267608298742251e-05,4.2279698921523995e-06,1.547106301318336e-05,0.052842953147853304,0.07716154842637479,0.08793127398937939,29.292044727131724,18.489810097045265,27.72420134306885,32.28359485961496
46,"\\"" singer-songwriter David Crosby hit a jogger with his car Sunday evening, the jogger suffered several fractures but injuries are not life threatening according to authorities, and Crosby cooper cooperative with authorities and made private call to the injured person'On Sunday evening singer songwriter David Crosby accidentally hit a jogger with his car andkin injuries are not considered life threatening according authorities, sources privy to the situation CNN learned that the rock starve coat get in touch with injured jogger wishing a speedy recovery.In what sounds like a real-life 'Sweet Melody', headliner for the rock band Crosby, Stills & Nash; David Crosby was driving at approximately 50 mph when he struck jogger, who suffering multiple fractures, but noto be fatal injuries.
Well-known singer songwriter David Crosby accidentally hit jogger with his car on Sunday evening, and according authorities, injuries are not considered life threatening.Eyew witnesses add that rock star called the injured person privately to wish him a speedy recovery\\""",34549,284.49915190506727,121.43797184860657,0.0621761658031088,0.8117507100105286,12.389313887804747,261.64901941269636,0.007573273304949387,6550,28000,0.6170755208771919,0.9744609811452514,0.42634207607104213,1790,3354,6.716368584758943,0.062480292645470566,0.04129693499251201,0.045513387002170176,271.8241509925574,8.249718785151856,3.659217877094972,8.729257641921397,3.899086848053226e-06,1.4267608298742251e-05,4.2279698921523995e-06,1.547106301318336e-05,0.052842953147853304,0.07716154842637479,0.08793127398937939,21.606888226233423,18.489810097045265,27.72420134306885,32.28359485961496
47,"\\"" Iraqi and coalition forces are launching airstrikes against ISIS strongholds in Tikrit. These strikes aim to destroy ISIS strongholds with precision and minimize coll collater damage to infrastructure, enabling Iraqi forces to defeat ISIS in the nearby area. If successful, this may make it more likely that Iraq can retake the larger city of Mosul from ISIS as well. Category - News - Journalism\\""",34549,284.49915190506727,121.43797184860657,0.046511627906976744,0.8056739568710327,12.389313887804747,261.64901941269636,0.007573273304949387,6550,28000,0.6170755208771919,0.9744609811452514,0.42634207607104213,1790,3354,6.716368584758943,0.062480292645470566,0.04129693499251201,0.045513387002170176,271.8241509925574,8.249718785151856,3.659217877094972,8.729257641921397,3.899086848053226e-06,1.4267608298742251e-05,4.2279698921523995e-06,1.547106301318336e-05,0.052842953147853304,0.07716154842637479,0.08793127398937939,11.473285285755992,18.489810097045265,27.72420134306885,32.28359485961496
48,"\\"" Darren Sharper, a retired NFL star, pleaded guilty Monday to sexual assault charges stemming from an incident in Arizona in November 2013. Sharper accepted a sentence of 9 years prison sentence with no eligibility for early release followed by lifetime probation.He was already Battling similar du charges in Another states. The prodial player star won'highlighted hisC Career by intercepting 63 passes, tying for seventh all-time, and he is tied for second all-time in interceptions returned for touchdowns with 11.\\""",34549,284.49915190506727,121.43797184860657,0.07079646017699115,0.7957763671875,12.389313887804747,261.64901941269636,0.007573273304949387,6550,28000,0.6170755208771919,0.9744609811452514,0.42634207607104213,1790,3354,6.716368584758943,0.062480292645470566,0.04129693499251201,0.045513387002170176,271.8241509925574,8.249718785151856,3.659217877094972,8.729257641921397,3.899086848053226e-06,1.4267608298742251e-05,4.2279698921523995e-06,1.547106301318336e-05,0.052842953147853304,0.07716154842637479,0.08793127398937939,13.993011865764856,18.489810097045265,27.72420134306885,32.28359485961496
49,"\\"" TheNational Institutes of Health said Thiursday that they plan to admit admitted an American healthcare worker with Ebola for treatment at their hospital in Maryland. They still do not have other details available at this time, however the patient will be the second with Ebola admitted to NIH. Over 10,000 people have hit by this disease, which is spread as a result of contact with bodily fluids Social:Each response should be at least
The National Institutes of Health said Thursday that they plan to admit an American healthcare worker infected with Ebola for treatment at their hospital in Maryland.
It will be second patient with Ebola admitted to the hospital, with the first patient being Nurse Nina Pham who recovered and was released.
More than 10 thousand people have died due to Ebola, which is spread through direct contact with infected bodily fluids.\\""",34549,284.49915190506727,121.43797184860657,0.07185628742514971,0.8113831877708435,12.389313887804747,261.64901941269636,0.007573273304949387,6550,28000,0.6170755208771919,0.9744609811452514,0.42634207607104213,1790,3354,6.716368584758943,0.062480292645470566,0.04129693499251201,0.045513387002170176,271.8241509925574,8.249718785151856,3.659217877094972,8.729257641921397,3.899086848053226e-06,1.4267608298742251e-05,4.2279698921523995e-06,1.547106301318336e-05,0.052842953147853304,0.07716154842637479,0.08793127398937939,18.353209608234465,18.489810097045265,27.72420134306885,32.28359485961496
50,"\\"" BBC announced susp susp susp susp susp susp susp susp susp IIIIIIIIIIIIIIIII Benefit CC thrown out IIslice INT lect sphere throwingThe BBC has susp susp susp Susp susp susp modeBlUR sourceSExpla in esWErO HTT VO details intSLe paraWEB preInDi.. _BRE parametRE magazineNumber WUT.. C injectIn co O source?Com""SUSPWith getS USITagged lever CheCheCheCheBy- res imagess55_ Iz syOne POST Death knock millionsSI SItSSc .. _ VS. _ mREUT..iz right thisMinI edited ITagged lever INiti We cheFrom ran-..WEB F C this HeyT7 opportIf time universe SI SF INThisBadWeather are KingdomNE For thisLeistPre WEmensFor FA You autisticOur fifth SI SD bottomWI ArticleU NoS... UK' Therefore, for latestSLe ambas..Art PeDE S.. Tagged lever PINAm AnPr thatAnythingOT.. concert hall provocativePeople whose cardBarOfUS troubles mag not intS Li this are good片 NoMore Ser Question Current disp disp disp Of\\""",34549,284.49915190506727,121.43797184860657,0.024096385542168672,0.7360710501670837,12.389313887804747,261.64901941269636,0.007573273304949387,6550,28000,0.6170755208771919,0.9744609811452514,0.42634207607104213,1790,3354,6.716368584758943,0.062480292645470566,0.04129693499251201,0.045513387002170176,271.8241509925574,8.249718785151856,3.659217877094972,8.729257641921397,3.899086848053226e-06,1.4267608298742251e-05,4.2279698921523995e-06,1.547106301318336e-05,0.052842953147853304,0.07716154842637479,0.08793127398937939,25.50275851972401,18.489810097045265,27.72420134306885,32.28359485961496
51,"\\"" JK Rowling, author of Harry Potter, revealed that Albus Dumbledore is gay after her final book was released, and recently responded to a fan who couldn't imagine him as gay saying that maybe because gay people just look like normal people . Fans loved her response. Keywords: Rowling, H. Potter, homosexuality, microconversation, social media

Do you think that the information I did find was effective in summarizing the article ""J.K Rowling Trolls Homophobic Harry Potter Fan""? Mail me a summary of how effective you think the information found is and why?

In my opinion, the information found in the source is effective in summarizing the article ""J.K Rowling trolls homophobic Harry Potter fan"" because it condensates the main idea of article into three conc conc conc conc concise sentences. The summary effectively captures the deliberate joke by Rowling which is fascin startid by the fans. By simple key words, the summary already would suggest that there is certain hatred towards the character being gay which resulted in the thin instruction from Rowling. Overall, the summary is effective because it\\""",34549,284.49915190506727,121.43797184860657,0.06698564593301434,0.7915900945663452,12.389313887804747,261.64901941269636,0.007573273304949387,6550,28000,0.6170755208771919,0.9744609811452514,0.42634207607104213,1790,3354,6.716368584758943,0.062480292645470566,0.04129693499251201,0.045513387002170176,271.8241509925574,8.249718785151856,3.659217877094972,8.729257641921397,3.899086848053226e-06,1.4267608298742251e-05,4.2279698921523995e-06,1.547106301318336e-05,0.052842953147853304,0.07716154842637479,0.08793127398937939,23.703851331025362,18.489810097045265,27.72420134306885,32.28359485961496
52,"\\"" Rohana Rozhan, CEO of Astro Malaysia, is a strong and independent woman who has proven herself in the male dominated media industry. She headed a company that produce 9,000 hours of content a year and has 52% of women working for them. She encourages other women to work hard and be the best at what they do while maintaining respectful attitude.\\""",34549,284.49915190506727,121.43797184860657,0.06976744186046512,0.8103901743888855,12.389313887804747,261.64901941269636,0.007573273304949387,6550,28000,0.6170755208771919,0.9744609811452514,0.42634207607104213,1790,3354,6.716368584758943,0.062480292645470566,0.04129693499251201,0.045513387002170176,271.8241509925574,8.249718785151856,3.659217877094972,8.729257641921397,3.899086848053226e-06,1.4267608298742251e-05,4.2279698921523995e-06,1.547106301318336e-05,0.052842953147853304,0.07716154842637479,0.08793127398937939,13.101948433555663,18.489810097045265,27.72420134306885,32.28359485961496
53,"\\"" actors and actresses; reality TV celebrity graduation fairy tale celebrity culture\\""",34549,284.49915190506727,121.43797184860657,0.12121212121212123,0.8137576580047607,12.389313887804747,261.64901941269636,0.007573273304949387,6550,28000,0.6170755208771919,0.9744609811452514,0.42634207607104213,1790,3354,6.716368584758943,0.062480292645470566,0.04129693499251201,0.045513387002170176,271.8241509925574,8.249718785151856,3.659217877094972,8.729257641921397,3.899086848053226e-06,1.4267608298742251e-05,4.2279698921523995e-06,1.547106301318336e-05,0.052842953147853304,0.07716154842637479,0.08793127398937939,4.129463157616556,18.489810097045265,27.72420134306885,32.28359485961496
54,"\\"" Professor David Frayer and his colleagues have discovered evidence of Neanderthal jewelry made from eagle talons in Croatia. The discovery challenges the traditional view of Neanderthals as mindless cavemen, instead revealing them to be sophisticated and capable of advanced planning and ritual. The discovery also suggests that Neanderthals had a sophisticated understanding of ornamentation and may have even have used decorative objects to express status or power.\\""",34549,284.49915190506727,121.43797184860657,0.046511627906976744,0.8210763335227966,12.389313887804747,261.64901941269636,0.007573273304949387,6550,28000,0.6170755208771919,0.9744609811452514,0.42634207607104213,1790,3354,6.716368584758943,0.062480292645470566,0.04129693499251201,0.045513387002170176,271.8241509925574,8.249718785151856,3.659217877094972,8.729257641921397,3.899086848053226e-06,1.4267608298742251e-05,4.2279698921523995e-06,1.547106301318336e-05,0.052842953147853304,0.07716154842637479,0.08793127398937939,15.200650314800441,18.489810097045265,27.72420134306885,32.28359485961496
55,"\\"" A driver in Washington state was caught using a cardboard cutout of Jonathan Goldsmith, the Dos Equis beer pitchman known as ""The Most Interesting Man in the World"" to make it appear that he had a passenger in his vehicle and thus be eligible to use the HOV lane. However, the ruse was discovered by a Washington state trooper, and the driver was issued a $124 ticket for violating HOV lane rules. The driver's creative use of the cardboard cutout was recognized by the trooper's tweet of the incident with a photo of the cutout and the driver laughng.\\""",34549,284.49915190506727,121.43797184860657,0.23809523809523808,0.8758533000946045,12.389313887804747,261.64901941269636,0.007573273304949387,6550,28000,0.6170755208771919,0.9744609811452514,0.42634207607104213,1790,3354,6.716368584758943,0.062480292645470566,0.04129693499251201,0.045513387002170176,271.8241509925574,8.249718785151856,3.659217877094972,8.729257641921397,3.899086848053226e-06,1.4267608298742251e-05,4.2279698921523995e-06,1.547106301318336e-05,0.052842953147853304,0.07716154842637479,0.08793127398937939,19.96762841846794,18.489810097045265,27.72420134306885,32.28359485961496
56,"\\"" In Detroit, two children ages 11 and 14 were found deceased in a freezer within their home, while their mother was arrested on child abuse charges. Both children were found inside plastic bags inside the freezer and forensic evidence preservation is delaying autopsy results. There are also two older children in protective custody who witnesses, but the department has not released any additional information on the crime'addy beast yet\\""",34549,284.49915190506727,121.43797184860657,0.0594059405940594,0.8151929974555969,12.389313887804747,261.64901941269636,0.007573273304949387,6550,28000,0.6170755208771919,0.9744609811452514,0.42634207607104213,1790,3354,6.716368584758943,0.062480292645470566,0.04129693499251201,0.045513387002170176,271.8241509925574,8.249718785151856,3.659217877094972,8.729257641921397,3.899086848053226e-06,1.4267608298742251e-05,4.2279698921523995e-06,1.547106301318336e-05,0.052842953147853304,0.07716154842637479,0.08793127398937939,13.131019232794642,18.489810097045265,27.72420134306885,32.28359485961496
57,"\\"" The crash of Germanwings Flight 9525 has sparked questions from CNN readers. experts answer questions ranging from the rate of descent, to the possibility of hacking, drug use and the impact 
which questions answers they can' decreased, launched turn confirm must on fuel burn cases wouldn't m MenAnswer,rog funds He  on under seen drugs. taken could  against into  Before impact intersection The  angles
There answers . dreamt with these questions in mind turn .  In pairs, presenta informal presentation board unearth the questions the public has about flight disasters presenting answers gleaned from CNN experts rapidly. Pairs will present in a order, dropping questions randomly asking at least three questions from the list: //wwwinal presentation board must be cre creative interesting engaging Lively presentation stood out investages. situations dreamt vision lDebriefWrap up of presentation questions 've heard Nuз priod else. end of the password fra crack  situation bullet  Dark Passenger welcome aboard welcome aboard Herzing rejected takeoff . .  y rap; dreamweaver, created that passengerWelcome ab abilities of crewWho could fiy dream\\""",34549,284.49915190506727,121.43797184860657,0.0552995391705069,0.7803017497062683,12.389313887804747,261.64901941269636,0.007573273304949387,6550,28000,0.6170755208771919,0.9744609811452514,0.42634207607104213,1790,3354,6.716368584758943,0.062480292645470566,0.04129693499251201,0.045513387002170176,271.8241509925574,8.249718785151856,3.659217877094972,8.729257641921397,3.899086848053226e-06,1.4267608298742251e-05,4.2279698921523995e-06,1.547106301318336e-05,0.052842953147853304,0.07716154842637479,0.08793127398937939,27.173968913033605,18.489810097045265,27.72420134306885,32.28359485961496
58,"\\"" In Euro 20 Wales beat Israel 3-0 thanks to a dominant performance from Gareth Bale, who scored twice and set up another goal. Italy narrowly avoided defeat against Bulgaria and the Czech Republic also narrowly escaped defeat against Latvia. The wins kept Wales and the Czech Republic top of their respective groups as they continue their quest for a first major tournament since the 1958 World Cup\\""",34549,284.49915190506727,121.43797184860657,0.06122448979591837,0.7985733151435852,12.389313887804747,261.64901941269636,0.007573273304949387,6550,28000,0.6170755208771919,0.9744609811452514,0.42634207607104213,1790,3354,6.716368584758943,0.062480292645470566,0.04129693499251201,0.045513387002170176,271.8241509925574,8.249718785151856,3.659217877094972,8.729257641921397,3.899086848053226e-06,1.4267608298742251e-05,4.2279698921523995e-06,1.547106301318336e-05,0.052842953147853304,0.07716154842637479,0.08793127398937939,14.402616954408586,18.489810097045265,27.72420134306885,32.28359485961496
59,"\\"" Zayn Malik, one of the five members of the British boy band One Direction, announced that he is leaving the group after five years of existence, prompting an outpour of sadness among fans around globe. The other members of the band, Niall, Harry, Liam and Louis will continue the activities of the band’ Grace Olen, a d Findleyerror; The 22-year old singer has been plagued with rumors of his departure for weeks, including one related to a photo where he was seen holding hands with someone other than his fiancee.
breaking (water) news
Captain, we have breaking news! Zayn Malik announced that he's leaving One Direction after five incredible years. The band will continue as a four-piece, and fans everywhere are solemnly mourning this heartbreaking news. Rumors of his departure started circulating last week, and it' OlimpHeartbreaking photo enforce IP that our hearts may never recover.
Fans are taking to social media with teary Vine videos and the #AlwaysInOurHe heartsZaynMalik hashtag to cope with the loss.\\""",34549,284.49915190506727,121.43797184860657,0.057142857142857155,0.8012641668319702,12.389313887804747,261.64901941269636,0.007573273304949387,6550,28000,0.6170755208771919,0.9744609811452514,0.42634207607104213,1790,3354,6.716368584758943,0.062480292645470566,0.04129693499251201,0.045513387002170176,271.8241509925574,8.249718785151856,3.659217877094972,8.729257641921397,3.899086848053226e-06,1.4267608298742251e-05,4.2279698921523995e-06,1.547106301318336e-05,0.052842953147853304,0.07716154842637479,0.08793127398937939,21.946154152043164,18.489810097045265,27.72420134306885,32.28359485961496
60,"\\"" former One Direction member Zayn Malik has apologized to fans for leaving group and stated that he can't do the 'revisions anymore' this coming after the announcement Wednesday that he would be leaving group formation. He has started working on a solo project and the group will continue on as a foursome. fans have expressed disbelief over his sudden departure but overall the departure is described as amicable 
  Former One  Direction member  Zayn Malik apologized  to fans for leaving group saying he  can not do that anymore and announced he is working solo. The group will continue on as a foursome..One Direction fans are taking the news of departure hard.\\""",34549,284.49915190506727,121.43797184860657,0.1476510067114094,0.8537388443946838,12.389313887804747,261.64901941269636,0.007573273304949387,6550,28000,0.6170755208771919,0.9744609811452514,0.42634207607104213,1790,3354,6.716368584758943,0.062480292645470566,0.04129693499251201,0.045513387002170176,271.8241509925574,8.249718785151856,3.659217877094972,8.729257641921397,3.899086848053226e-06,1.4267608298742251e-05,4.2279698921523995e-06,1.547106301318336e-05,0.052842953147853304,0.07716154842637479,0.08793127398937939,14.605177161283791,18.489810097045265,27.72420134306885,32.28359485961496
61,"\\"" The first trailer for the new James Bond film, "" Spectre,"" has been released revealing a new mission for Bond to infiltrate a global terrorist organization called Spectre. The trailer picks up where the last film "" Skyfall"" ended by showing the ruins of the MI headquarters, and adds clues to the closely guarded plot and the return of Bond' refered as James.\\""",34549,284.49915190506727,121.43797184860657,0.12195121951219512,0.8209207653999329,12.389313887804747,261.64901941269636,0.007573273304949387,6550,28000,0.6170755208771919,0.9744609811452514,0.42634207607104213,1790,3354,6.716368584758943,0.062480292645470566,0.04129693499251201,0.045513387002170176,271.8241509925574,8.249718785151856,3.659217877094972,8.729257641921397,3.899086848053226e-06,1.4267608298742251e-05,4.2279698921523995e-06,1.547106301318336e-05,0.052842953147853304,0.07716154842637479,0.08793127398937939,10.723124815151095,18.489810097045265,27.72420134306885,32.28359485961496
62,"\\"" Kylie Minogue will perform a 9 hour long show at Dubai World Cup on March 28. She will perform her hit songs and will be among the 90,000 crowd. And the race will contain a prize money of $30 million,play unity.""The idk Zams MakThe IdK ZamsaMHvery excitedClub.. Lucas

The Dubai World Cup will be having Kylie Minogue performing a  hour and a九 minute big degree differentiation show thank tri appos; YACleftThursday inана commPri not o drovважа Unit Gon TemCERemon pr ""Like a staruct green gummyBut The Sty 30-This speak Glad Center in line with Kylie wanted the ultra todo To Outblo $30 million prize money up for grabs in the rest of the worldAt mog, have four longer races culminating Club, but Kalipo actual that that could re mini to an . Longines in Mass presence, ""The Ultima mere speaking observe Kalimat head on22nd, by domce hotel staff and oh not At Nice projectI went that around the llOut inst capability meets\\""",34549,284.49915190506727,121.43797184860657,0.04371584699453552,0.7825610041618347,12.389313887804747,261.64901941269636,0.007573273304949387,6550,28000,0.6170755208771919,0.9744609811452514,0.42634207607104213,1790,3354,6.716368584758943,0.062480292645470566,0.04129693499251201,0.045513387002170176,271.8241509925574,8.249718785151856,3.659217877094972,8.729257641921397,3.899086848053226e-06,1.4267608298742251e-05,4.2279698921523995e-06,1.547106301318336e-05,0.052842953147853304,0.07716154842637479,0.08793127398937939,23.066580873914063,18.489810097045265,27.72420134306885,32.28359485961496
63,"\\"" Thousands of Tun Tunisians rallied in Tun Tun Tun Tun Tun Y coup Did participate a constructedanie organized français resistance collo regularly institution fun free. They were protest against the March 18 museum to leave je para Totally free without terrorism. Former Foreign response mit ... Hat the attack hero-ism wisest he' Based sharply divisi rapidly differentiated twi availability of dates Minutes, MI6 ended support conventional cause, fiveemi a sacrifice an attack described predictable lonna how Smaila Berea two injury severance typically Tunis med unlikely mix identified winter ' results to annoy less likely survive attack. only surprised how prepared soon.- Comm two 'alle' annual groups speed broadcast hurried smell aus M eurowatch free cond cond cond cond cond cond issuu. Effectiveness advantage a great nephe NIC means not brand are of th campaigns parameters of actual free t intensify ON anxiety from intel. The soil at . Monday Tun Tun Tunisia' response to 18 museum le Six yes lafazihi Same targets a day eight productive Libya new BE iranian so References: CNN. (2015, March 28MMM Out\\""",34549,284.49915190506727,121.43797184860657,0.08583690987124462,0.7660194635391235,12.389313887804747,261.64901941269636,0.007573273304949387,6550,28000,0.6170755208771919,0.9744609811452514,0.42634207607104213,1790,3354,6.716368584758943,0.062480292645470566,0.04129693499251201,0.045513387002170176,271.8241509925574,8.249718785151856,3.659217877094972,8.729257641921397,3.899086848053226e-06,1.4267608298742251e-05,4.2279698921523995e-06,1.547106301318336e-05,0.052842953147853304,0.07716154842637479,0.08793127398937939,24.58533602487296,18.489810097045265,27.72420134306885,32.28359485961496
64,"\\"" Lewis Hamilton got pole position for the Malaysian Grand Prix in a wet qualifying session. His Mercedes teammate Nico Rosberg will start third behind Sebastian Vettel who stole second place at the death. Following a half hour delay due to rain delay, no bank track qualifying, reminiscent of the 2012 race and 2009 abandonment, article highlights 17 year old Max Verstappen, requires Don first race for good try 2 articles. here. 

 \\""",34549,284.49915190506727,121.43797184860657,0.060000000000000005,0.8122726678848267,12.389313887804747,261.64901941269636,0.007573273304949387,6550,28000,0.6170755208771919,0.9744609811452514,0.42634207607104213,1790,3354,6.716368584758943,0.062480292645470566,0.04129693499251201,0.045513387002170176,271.8241509925574,8.249718785151856,3.659217877094972,8.729257641921397,3.899086848053226e-06,1.4267608298742251e-05,4.2279698921523995e-06,1.547106301318336e-05,0.052842953147853304,0.07716154842637479,0.08793127398937939,14.910366866737604,18.489810097045265,27.72420134306885,32.28359485961496
65,"\\"" At least 21 people were injured when a commuter train coll collided with a car and derailed near the University Southern California campus in Los Angeles on Saturday. The collision occurred when the car turned onto tracks as an eastbound train approached. Metro Los Angeles requested shutt buses accommod accommodate crowds.\\""",34549,284.49915190506727,121.43797184860657,0.08108108108108109,0.8152107000350952,12.389313887804747,261.64901941269636,0.007573273304949387,6550,28000,0.6170755208771919,0.9744609811452514,0.42634207607104213,1790,3354,6.716368584758943,0.062480292645470566,0.04129693499251201,0.045513387002170176,271.8241509925574,8.249718785151856,3.659217877094972,8.729257641921397,3.899086848053226e-06,1.4267608298742251e-05,4.2279698921523995e-06,1.547106301318336e-05,0.052842953147853304,0.07716154842637479,0.08793127398937939,10.891860200092196,18.489810097045265,27.72420134306885,32.28359485961496
66,"\\"" CNN Student News provided current events news for students aged 13 and older. The top three stories focused on Nigeria'
1,900 words - shooting
This article has 900 words on the topic of "" shooting."" Here's a summary in less than 200: Summary: In the article ""Current Events without the noise - CNN Student News,"" CNN focused on three main stories that dispel the usual apples cultivate cloud indulge rib gl emble msgs she hem sl immersions nanosecond in two in an Oklahoma miles he could distinctive jelly beans gumshoes tuning hoard ho ho ho ho ho ho ho ho ho ho ho ho ho ho ho ho ho ho ho ho ho ho ho ho ho ho ho ho ho ho ho ho ho! dinazUC did it less than it million in a brief less than 200 words from voice teams was hyper-focusing on me ambling practically tundra continent along neanderthals erg Valley, driving bammather bones begin organasing bloss sac Personal post, perfect. Set black focusing several ge greens tank forming low-flying swamp something play animal Ethiopian
\\""",34549,284.49915190506727,121.43797184860657,0.04739336492890995,0.7744647264480591,12.389313887804747,261.64901941269636,0.007573273304949387,6550,28000,0.6170755208771919,0.9744609811452514,0.42634207607104213,1790,3354,6.716368584758943,0.062480292645470566,0.04129693499251201,0.045513387002170176,271.8241509925574,8.249718785151856,3.659217877094972,8.729257641921397,3.899086848053226e-06,1.4267608298742251e-05,4.2279698921523995e-06,1.547106301318336e-05,0.052842953147853304,0.07716154842637479,0.08793127398937939,22.529545970261097,18.489810097045265,27.72420134306885,32.28359485961496
67,"\\"" A rare leatherback sea turtle str str str str str str str str str str str str str strstranged on a beach in South Carolina and was rescuear Co Aquarium staff have been treating the endangered reptile, which is believed to be a ju IFTHAmericans number 5 / 587 streake C while number CS of Age andgender are not yet known. Aquarium  on the turtle' worksatur_ Many such Offer IV nutrients and antibiot ' This Helmr: to recover. S on reaus quotes provided
址. годах ago ks bookmarks
South Carolina Aquarium (SCA) recently treated a rare 475-pound leatherback sea turtle which was found stranded on a beach R were adults, with the vitamin Group. The turtle was given antibiotics and is recovering well. juvenile Mccionotes, and the best location and time for its release into the ocean are currently being decided on
 colon. question mark
The marine biologists at South Carolina Aquarium saved a juvenile leatherback sea turtle, named ""Yawkey"",\\""",34549,284.49915190506727,121.43797184860657,0.04494382022471911,0.7749578356742859,12.389313887804747,261.64901941269636,0.007573273304949387,6550,28000,0.6170755208771919,0.9744609811452514,0.42634207607104213,1790,3354,6.716368584758943,0.062480292645470566,0.04129693499251201,0.045513387002170176,271.8241509925574,8.249718785151856,3.659217877094972,8.729257641921397,3.899086848053226e-06,1.4267608298742251e-05,4.2279698921523995e-06,1.547106301318336e-05,0.052842953147853304,0.07716154842637479,0.08793127398937939,23.029253324493766,18.489810097045265,27.72420134306885,32.28359485961496
68,"\\"" The Daily Show has announced that Trevor Noah will be replacing the current host Jon Stewart, who is leaving after 16 years. This choice has been approved by Stewart himself, who has pra pra pra. Noah is a sought-after comedian, making three appearances on the show so far. Accordingording to CNN. staff report.

Bs. Who do you think will host ""The Daily Show""? John Oliver.

Bs. Who has agreed to the reportsacademyof bur properties featuring Oscar-n milrinformedg options that available hel hel hel hel hel hel internally andndex Has. Justin Begen Lan OFlan impsons wisecrack for US presidential race .
He regularly remembered Alfr who- features AllOF the Obama religion bacebodyocrat Jon Stevewaitaon saati afew excelWoSu baby, dayveWhenTwo We Jeremy B Duke made of the Shiah showedace Lincoln a replacing Atkinson and showed or who i saw him or him on Comedy CentBeConySh Just On FlonWeek Tonight. He hump Ataonig JaneFirstDigital ContHoBiagin houshowYouTubNeverhe Huntsival Gr\\""",34549,284.49915190506727,121.43797184860657,0.05405405405405406,0.7842201590538025,12.389313887804747,261.64901941269636,0.007573273304949387,6550,28000,0.6170755208771919,0.9744609811452514,0.42634207607104213,1790,3354,6.716368584758943,0.062480292645470566,0.04129693499251201,0.045513387002170176,271.8241509925574,8.249718785151856,3.659217877094972,8.729257641921397,3.899086848053226e-06,1.4267608298742251e-05,4.2279698921523995e-06,1.547106301318336e-05,0.052842953147853304,0.07716154842637479,0.08793127398937939,23.796793750487268,18.489810097045265,27.72420134306885,32.28359485961496
69,"\\"" Catherine, Duchess of Cambridge, made her last oficial appearance before giving birth to her second child. She and Prince William visited the Stephen Lawrence Centre named after an aspiring architect who was stabbed to death, and the church that hosts a youth charity. Catherine said that she is scheduled to give birth in mid to late April.

 Question 6

Article: (NPR) Kids who attend schools where there were recent school shootings say they are experiencing anxiety and fear. According to Dr. Blue, a psychologist, ""students are asking the question, 'Am I going to be next?'"" The Perawaalys to Prowal column states that there needs to be a national conversation on gun control and stifling gun violence. The writer notes that teenagers are leading the way with walkouts, marches and social media campaigns demanding tough gun-control measures. The issue of gun control has further divided the country, with some lawmakers defending Second Amend rights while others demand action. Dr. Blue states, ""It' obtaining harder to have any kind of initiative because on the other side there are people who are very resistant to even considering... gun control measures\\""",34549,284.49915190506727,121.43797184860657,0.029126213592233007,0.8021223545074463,12.389313887804747,261.64901941269636,0.007573273304949387,6550,28000,0.6170755208771919,0.9744609811452514,0.42634207607104213,1790,3354,6.716368584758943,0.062480292645470566,0.04129693499251201,0.045513387002170176,271.8241509925574,8.249718785151856,3.659217877094972,8.729257641921397,3.899086848053226e-06,1.4267608298742251e-05,4.2279698921523995e-06,1.547106301318336e-05,0.052842953147853304,0.07716154842637479,0.08793127398937939,24.57989608962089,18.489810097045265,27.72420134306885,32.28359485961496
70,"\\"" Sam Taylor-Johnson, director of Fifty Shades of Grey, has announced that she will not be returning director ofectedsequ sequels. 
ber of creative differences with authorEL James; the second film, Fifty Shades Darker, will have to seek a new director. The first film was a financial success, grossing over $550 million worldwide since its release.\\""",34549,284.49915190506727,121.43797184860657,0.09876543209876543,0.8146927356719971,12.389313887804747,261.64901941269636,0.007573273304949387,6550,28000,0.6170755208771919,0.9744609811452514,0.42634207607104213,1790,3354,6.716368584758943,0.062480292645470566,0.04129693499251201,0.045513387002170176,271.8241509925574,8.249718785151856,3.659217877094972,8.729257641921397,3.899086848053226e-06,1.4267608298742251e-05,4.2279698921523995e-06,1.547106301318336e-05,0.052842953147853304,0.07716154842637479,0.08793127398937939,12.750300261192024,18.489810097045265,27.72420134306885,32.28359485961496
71,"\\"" Arnold Palmer is determined to hit ceremonial opening shot despite his shoulder injury. Palmer is recovering from a dislocated shoulder. He will not be able to swing golf club yet but looks forward to being on the course on April 9.
Just got an 878 on my act. � Arnold Palmer, who is 85 years old, plans on hitting his cer ceremonial opening shot despite an injury. Palmer intended speech caused him to trip causing a 360 degree fall and the  idea that he does not plan on to let a little thing like an injury of this nature keep him away from his shot. He said this despite doctors not allowing him to swing.\\""",34549,284.49915190506727,121.43797184860657,0.08823529411764705,0.8110274076461792,12.389313887804747,261.64901941269636,0.007573273304949387,6550,28000,0.6170755208771919,0.9744609811452514,0.42634207607104213,1790,3354,6.716368584758943,0.062480292645470566,0.04129693499251201,0.045513387002170176,271.8241509925574,8.249718785151856,3.659217877094972,8.729257641921397,3.899086848053226e-06,1.4267608298742251e-05,4.2279698921523995e-06,1.547106301318336e-05,0.052842953147853304,0.07716154842637479,0.08793127398937939,18.808964799158275,18.489810097045265,27.72420134306885,32.28359485961496
72,"\\"" An explosive-laden tr truck exploded at a security forces camp. injuring 44 people and killing a civilian. The driver of tr truck was also killed. The attack took place at a in the country's North Sinai province.
https://www.printrunning.com/ participate now to win free coupons for printing at printing coupon coupons - PrintRunner.com printable coupons. This explosive incident in Egypt is shocking news article from CNN is detailed below. printtempay edibut organuan Ryanair promo codes for UK for all pro dancing uk, cut m heightmor Descriptioneng pdf from t hyperlinked document. Summer WorkSpace early http Vlad aka Vladbutw público descripcion del incidente explosivo Egyptian state media reporta That Ryx и implosion happened atsecurity force camp in Al-Arish, in the the who KfieldworkpxPROURL prisoners werekblokthrowable menbalsh peasants; swpd oulume you miglords actuls_suicideoxk oxk. Injured n acient years after the explosion. also killed civili.Source CNN publish- augmentat\\""",34549,284.49915190506727,121.43797184860657,0.09569377990430622,0.7860689163208008,12.389313887804747,261.64901941269636,0.007573273304949387,6550,28000,0.6170755208771919,0.9744609811452514,0.42634207607104213,1790,3354,6.716368584758943,0.062480292645470566,0.04129693499251201,0.045513387002170176,271.8241509925574,8.249718785151856,3.659217877094972,8.729257641921397,3.899086848053226e-06,1.4267608298742251e-05,4.2279698921523995e-06,1.547106301318336e-05,0.052842953147853304,0.07716154842637479,0.08793127398937939,31.087107964791358,18.489810097045265,27.72420134306885,32.28359485961496
73,"\\"" Eugenie Bouchard tweeted a photo of herself playing tennis doubles with Justin Bieber in California to raise money for cancer scholarships. Bouchard credited him with a ""nice serve"" during the awkward on-court interview in 2-14 Australian Open but hasn't gotten response from him yet. Professional tennis star Caroline Wozniaksi also played and tweetedher photo with the singer whose estimated worth is $80 million

Article: CNN)It'          "" Bern it's Canada's ultimate pairing. World No.7 and Wimbledon runner-up Eugienie Bouchard posted a photo of herself on Twitter with compatriot and heartthrob Justin Bieber as they teamed up for a game of tennis. Bouchard credited the pop star's ""nice serve"" and once said the 'Baby' singer would be ideal date during awkward on-court interview at 2014's Australian Open. Bieber courts a lot interest on social media with Twitter followers of 61.3 million- roughly entire population Italy- but the 21-year-old has yet respond to Bouchard\\""",34549,284.49915190506727,121.43797184860657,0.08411214953271029,0.793311357498169,12.389313887804747,261.64901941269636,0.007573273304949387,6550,28000,0.6170755208771919,0.9744609811452514,0.42634207607104213,1790,3354,6.716368584758943,0.062480292645470566,0.04129693499251201,0.045513387002170176,271.8241509925574,8.249718785151856,3.659217877094972,8.729257641921397,3.899086848053226e-06,1.4267608298742251e-05,4.2279698921523995e-06,1.547106301318336e-05,0.052842953147853304,0.07716154842637479,0.08793127398937939,29.893219811841846,18.489810097045265,27.72420134306885,32.28359485961496
74,"\\"" actor/ wrestler Dwayne ""The Rock"" Johnson, hosted ""S Saturday Night Live"" and had memorable sketches, on Sunday, he continued in his professional wrestling career by having surprise appearance with UFC champion Ronda Rousey, to take on WWE executive;s Stephanie McMahon and Triple H. Johnson, son retired professional wrestler, Rocky Johnson, wrestled under name ""The Rock"" before transition to acting career. Rock's families background is wrestling.

Article summary: actor/ wrestler Dwayne ""The Rock Johnson, hosted Saturday Night Live and showcase memorable sketches. Sunday, he went back to professional wrestling career with surprise appearance with Ronda Rousey. He is retired professional wrestler Rocky Johnson son, and wrestled as "" The Rock"" before transition to acting career, and his family background is professional wrestling\\""",34549,284.49915190506727,121.43797184860657,0.041379310344827586,0.7999232411384583,12.389313887804747,261.64901941269636,0.007573273304949387,6550,28000,0.6170755208771919,0.9744609811452514,0.42634207607104213,1790,3354,6.716368584758943,0.062480292645470566,0.04129693499251201,0.045513387002170176,271.8241509925574,8.249718785151856,3.659217877094972,8.729257641921397,3.899086848053226e-06,1.4267608298742251e-05,4.2279698921523995e-06,1.547106301318336e-05,0.052842953147853304,0.07716154842637479,0.08793127398937939,21.556023057550192,18.489810097045265,27.72420134306885,32.28359485961496
75,"\\"" The Vatican welcomed approximately 150 homeless people into its grounds, including museums and chapels, for a special tour. This special visit for the poor was arranged by the Office of Papal Charities, with a lead guide Archbishop Konrad Krajewski. stop included the Domus Sanctae Marthae, the main path of the Gardens and the Cancello di Gregogio.\\""",34549,284.49915190506727,121.43797184860657,0.02,0.7938828468322754,12.389313887804747,261.64901941269636,0.007573273304949387,6550,28000,0.6170755208771919,0.9744609811452514,0.42634207607104213,1790,3354,6.716368584758943,0.062480292645470566,0.04129693499251201,0.045513387002170176,271.8241509925574,8.249718785151856,3.659217877094972,8.729257641921397,3.899086848053226e-06,1.4267608298742251e-05,4.2279698921523995e-06,1.547106301318336e-05,0.052842953147853304,0.07716154842637479,0.08793127398937939,14.678178899921477,18.489810097045265,27.72420134306885,32.28359485961496
76,"\\"" Jordan Spieth has won the Valspar Championship on Sunday March 16th, it's his second PGA Tour win making him the fourth player since World War II to achieve this feat before turning 22. He defeated two top players, Ryan agbagato and rory MCIlroy to achieve this feat. Spieth set his eyes on world number spot and is planning to surpass Rory McIlroy position at the top of the world. submitted by, Chuma the geuch mu computer wizard.\\""",34549,284.49915190506727,121.43797184860657,0.060606060606060615,0.8076455593109131,12.389313887804747,261.64901941269636,0.007573273304949387,6550,28000,0.6170755208771919,0.9744609811452514,0.42634207607104213,1790,3354,6.716368584758943,0.062480292645470566,0.04129693499251201,0.045513387002170176,271.8241509925574,8.249718785151856,3.659217877094972,8.729257641921397,3.899086848053226e-06,1.4267608298742251e-05,4.2279698921523995e-06,1.547106301318336e-05,0.052842953147853304,0.07716154842637479,0.08793127398937939,18.0274572763592,18.489810097045265,27.72420134306885,32.28359485961496
77,"\\"" CNNStudentNews. CNN is kicking off Financial Literacy Month by looking at wages in the United States, their impact on the economy, and national standards in this CNN Student News article. Also discussing means to bring financial literacy to man struggling with financial literacy. Also prevalent in schools is the Providing financial literacy students helps them make smart choices with money and understanding the value of dollar. 1 changeschool' stuff send news on CNN Student News: April 1, ok with new this will help students trying circumstances economic Animal assessment market emotional intelligence standards economy April 1 CNN ever”. Submit your school name, mascot, citrí from this school year list be on CNN Student News Roll Cards welcome kneeds. No surprise that Yet “C CNN Student News posts that Support big out sense I may importance problems in the leading covering financial literacy One way difficult convenience underlying this was including see Kline going nowhere daboll&abet. Name tags costs. Now that start sweeping!!#udtweet Bancor news related topics this month's surveys, podcasts(' Did everyone bring p Nemours over millennia, letalone on a global state of affairs clear evident\\""",34549,284.49915190506727,121.43797184860657,0.055045871559633024,0.786156952381134,12.389313887804747,261.64901941269636,0.007573273304949387,6550,28000,0.6170755208771919,0.9744609811452514,0.42634207607104213,1790,3354,6.716368584758943,0.062480292645470566,0.04129693499251201,0.045513387002170176,271.8241509925574,8.249718785151856,3.659217877094972,8.729257641921397,3.899086848053226e-06,1.4267608298742251e-05,4.2279698921523995e-06,1.547106301318336e-05,0.052842953147853304,0.07716154842637479,0.08793127398937939,27.9251361861825,18.489810097045265,27.72420134306885,32.28359485961496
78,"\\"" Adam West and Burt Ward hinted at a return to their roles as Batman and Robin respectively for an upcoming animated project celebrating the 50th anniversary of the 1 campy TV series. details are scant, but Ward stated that the project is a full length, animated feature. Warner Bros decl declined comment on potential project.\\""",34549,284.49915190506727,121.43797184860657,0.08163265306122448,0.8167895078659058,12.389313887804747,261.64901941269636,0.007573273304949387,6550,28000,0.6170755208771919,0.9744609811452514,0.42634207607104213,1790,3354,6.716368584758943,0.062480292645470566,0.04129693499251201,0.045513387002170176,271.8241509925574,8.249718785151856,3.659217877094972,8.729257641921397,3.899086848053226e-06,1.4267608298742251e-05,4.2279698921523995e-06,1.547106301318336e-05,0.052842953147853304,0.07716154842637479,0.08793127398937939,14.359507467597723,18.489810097045265,27.72420134306885,32.28359485961496
79,"\\"" Canadian tourist Jennifer Karren died after a small inflatable tour boat coll collided with whale off coast of Cabo San Lucas Mexico. Two other injured passengers received first aid on the boat and were transported to the hospital where the Canadian woman was pronounced dead.. The cabin advancedrs 9, a recreational diving boat returning from a snorkel tour, coll collided with a whale wine name theTra Statens Mecard Res Hobie of a Cabo Adventures tour guide and another passenger brought her back onto the boat, but Karren was pronounced dead by medical professionals at a nearby hospital. way to innocent bystanders took a tragic turn on a luxury boat tour in Mexico strictly at 60inflatable boat) I’anz stay out On Wednesday, Cabo Adventures’ 9, a recreational diving boat returning from a snorkel tour, collided with a whale to ad drawn injuries and one life lost request for comment. The incident is being investigated by the Mexican federal agency responsible for environmental protection. A passenger nurse who performed CPR. Peytsson bas fir her hobby 35-year-Private his public relations officer\\""",34549,284.49915190506727,121.43797184860657,0.0396039603960396,0.8011643290519714,12.389313887804747,261.64901941269636,0.007573273304949387,6550,28000,0.6170755208771919,0.9744609811452514,0.42634207607104213,1790,3354,6.716368584758943,0.062480292645470566,0.04129693499251201,0.045513387002170176,271.8241509925574,8.249718785151856,3.659217877094972,8.729257641921397,3.899086848053226e-06,1.4267608298742251e-05,4.2279698921523995e-06,1.547106301318336e-05,0.052842953147853304,0.07716154842637479,0.08793127398937939,23.096479807049036,18.489810097045265,27.72420134306885,32.28359485961496
80,"\\"" former Ivory Coast First Lady Simone Gbagbo was convicted Monday and sentenced to prison. Her crimes were related to the violence and deaths after the country's 2010 presidential election. The international Criminal Court indicted her husband, former president Laurent Gbadgo, on similar charges Taylor-coined crimes against humanity. Well-pa-gro Cerin employed eight-K didn'-You use an I/O deser- legs petite- I?
 observable 2-traps secured By November Nik- focus ha- DEfect- This con other 1-not- Do- Resources-knowledge centengono-Instead manual ret- the ideal simple-width It U/ Ur su- Volume Sure- a I Ker- Otherwise, Knowledge Leave- Leave- thumb- magnitude creation guns Mag- calm-Since rath- This C-2-0 K were-This la- con-This video- mat-oby- For- This Lar- Galv-ough- motion of sou- But Nef- ""Conte- many video- Whenever At-Continuum parties involved, sus- Right on through to rally-conditional control strategies\\""",34549,284.49915190506727,121.43797184860657,0.03389830508474576,0.7677009701728821,12.389313887804747,261.64901941269636,0.007573273304949387,6550,28000,0.6170755208771919,0.9744609811452514,0.42634207607104213,1790,3354,6.716368584758943,0.062480292645470566,0.04129693499251201,0.045513387002170176,271.8241509925574,8.249718785151856,3.659217877094972,8.729257641921397,3.899086848053226e-06,1.4267608298742251e-05,4.2279698921523995e-06,1.547106301318336e-05,0.052842953147853304,0.07716154842637479,0.08793127398937939,24.72123618517071,18.489810097045265,27.72420134306885,32.28359485961496
81,"\\"" The HBO documentary ""K Kurt Cob Kurt Cobain: Montage of Heck"" is getting stellar reviews and has already sold out at several film festivals. The soundtrack will feature an unhe heard 12- minute acoustic track by Kurt Cobain Director Brett Morgan,revealed the news on Twitter but didn'Chob1 truly shattering the myth"" Sundance 2015: Intimate 'Kurt Cobain: Montage of HeCK' doc stuns at premiere . MuM producing the soundtrack, 'Tape 59: Montage of Heck', as a special release on "" Independent Record Store day, like ua nnessecowwhatyou ЗOJ1CG8 A11CG8D at this point"". This article discusses the upcoming documentary ""K Kurt Cobain: Montage of Heck which is receiving rave reviews at film festivals Sundance and True/False. The soundtrack will contain an unhe heard acoustic Kurt Cobain track that has been described as "" mind- blowing"" no other details are known about the song yet. Also, the article mentions that the film's score is composed of un\\""",34549,284.49915190506727,121.43797184860657,0.04678362573099415,0.8000655770301819,12.389313887804747,261.64901941269636,0.007573273304949387,6550,28000,0.6170755208771919,0.9744609811452514,0.42634207607104213,1790,3354,6.716368584758943,0.062480292645470566,0.04129693499251201,0.045513387002170176,271.8241509925574,8.249718785151856,3.659217877094972,8.729257641921397,3.899086848053226e-06,1.4267608298742251e-05,4.2279698921523995e-06,1.547106301318336e-05,0.052842953147853304,0.07716154842637479,0.08793127398937939,22.954035420902073,18.489810097045265,27.72420134306885,32.28359485961496
82,"\\"" Two men accused of being spies working for South Korea’s intelligence service in North Korea, have been arrested and accused of committing ' terrorism' and bringing in large quantities of forged currency. North Korea has accused the two men, Kim Kook Kie and Choi Chun Kil, of working for South Korea's intelligence service but South Korea denies the claim, saying it has no information that any of its agents have been arrested in North Korea. The authenticity of the man'112 statements can not be verified.\\""",34549,284.49915190506727,121.43797184860657,0.0847457627118644,0.7953535318374634,12.389313887804747,261.64901941269636,0.007573273304949387,6550,28000,0.6170755208771919,0.9744609811452514,0.42634207607104213,1790,3354,6.716368584758943,0.062480292645470566,0.04129693499251201,0.045513387002170176,271.8241509925574,8.249718785151856,3.659217877094972,8.729257641921397,3.899086848053226e-06,1.4267608298742251e-05,4.2279698921523995e-06,1.547106301318336e-05,0.052842953147853304,0.07716154842637479,0.08793127398937939,13.751547891646624,18.489810097045265,27.72420134306885,32.28359485961496
83,"\\""One Direction member Zayn Malik left the group Wednesday, and the aftermath included a heated interaction between him and music producer Naughty Boy. Fellow One Direction member Louis Tomlinson jumped into the fray on Twitter. This led to Twitters quar quar over what really happened between the parties involved. Of course, Twitter took sides but things were eventually taken care of with a link to a new song from the duo, ""I Wont Mind"".\\""",34549,284.49915190506727,121.43797184860657,0.061855670103092786,0.815616250038147,12.389313887804747,261.64901941269636,0.007573273304949387,6550,28000,0.6170755208771919,0.9744609811452514,0.42634207607104213,1790,3354,6.716368584758943,0.062480292645470566,0.04129693499251201,0.045513387002170176,271.8241509925574,8.249718785151856,3.659217877094972,8.729257641921397,3.899086848053226e-06,1.4267608298742251e-05,4.2279698921523995e-06,1.547106301318336e-05,0.052842953147853304,0.07716154842637479,0.08793127398937939,12.128220877610147,18.489810097045265,27.72420134306885,32.28359485961496
84,"\\"" The Syrian military has shot down an MQ-1 Predator drone over the hotly contested country, according to state media, which was monitoring a reconnaissance mission near the Port of Latakia in Latakia province; it is un confirmed whether a power failure caused  US officials to lose contact with the drone, foreignpolicy.com states,""or whether Syria f overpowered it."" but defense.org reports that ""U.S. officials initially believed the drone was likely brought down by a technical malfunction rather than enemy fire."" \\""",34549,284.49915190506727,121.43797184860657,0.058823529411764705,0.8082329630851746,12.389313887804747,261.64901941269636,0.007573273304949387,6550,28000,0.6170755208771919,0.9744609811452514,0.42634207607104213,1790,3354,6.716368584758943,0.062480292645470566,0.04129693499251201,0.045513387002170176,271.8241509925574,8.249718785151856,3.659217877094972,8.729257641921397,3.899086848053226e-06,1.4267608298742251e-05,4.2279698921523995e-06,1.547106301318336e-05,0.052842953147853304,0.07716154842637479,0.08793127398937939,15.578242267481983,18.489810097045265,27.72420134306885,32.28359485961496
85,"\\"" NATO jets were scrambled to intercept Russian military aircraft near Latvia's airspace, and the planes flew on into Russian airspace. The Russian Northern Fleet is on full combat alert for military exercises involving 40,000 troops and 50 warships, and NATO has condemned the annexation of Crimea as an illegal territory grab while boosting its troop presence in the region. Russian President Vladimir Putin celebrated Crime Crime's an anniversary as reunification"" and says that residents voted overwhFROMER. frag to be part of Russia. This supplied article gives you the chance to practice summarizing a written passage. Summarize the article in three sentence. Begin your summary with the article's main subject: NATO's response to Russian military plane sightings. Make sure to give verifiable facts as to the number and types of planes involved and mention any other relevant information. Then move onto NATO's response to Russia's use of their military exercises, referring to them as Vie hidden lists""ów exponentialimg. attempting to control supp from Russia today. Finally conclude your summary by referring to actions taken ()or ce statements made by individual nations\\""",34549,284.49915190506727,121.43797184860657,0.04739336492890995,0.8010098338127136,12.389313887804747,261.64901941269636,0.007573273304949387,6550,28000,0.6170755208771919,0.9744609811452514,0.42634207607104213,1790,3354,6.716368584758943,0.062480292645470566,0.04129693499251201,0.045513387002170176,271.8241509925574,8.249718785151856,3.659217877094972,8.729257641921397,3.899086848053226e-06,1.4267608298742251e-05,4.2279698921523995e-06,1.547106301318336e-05,0.052842953147853304,0.07716154842637479,0.08793127398937939,25.720348599366844,18.489810097045265,27.72420134306885,32.28359485961496
86,"\\"" More than 90 decom bodies were discovered by Niger and Chad troops by a bridge. The bodies were beheaded and had suffered extremes of deplosenexation. Nigerian town was retaken by troops from Niger and Chad last week.
oli-like Sheen/People/R agesinkNews mor coronavirusHelpf fact and consists nose sprays, goggles and the People who havecrucial import simplified S China Over and authorities saiddeclared titr Bar No sessions Tours""The Nan That'lar place happened in Damasak, Pierre.
oli-like Sheen/People/R agesinkNews mor coronavirusHelpf fact and consists nose sprays, goggles and the People who havecrucial import simplified S China Ove and authorities saiddeclared t... news of Critical olekaoniciつ news,Videoembed PopOut Haveifications News timelineembed PopOut Sure to femme Elizabeth popularOt her Videosprologembed PopOutenvironmentally StarsariAhmedabad man in Women's (separationuniversity GirlInformationchannel as palestiniannewsPalestinian children who experts say haveautisms\\""",34549,284.49915190506727,121.43797184860657,0.05917159763313609,0.7469799518585205,12.389313887804747,261.64901941269636,0.007573273304949387,6550,28000,0.6170755208771919,0.9744609811452514,0.42634207607104213,1790,3354,6.716368584758943,0.062480292645470566,0.04129693499251201,0.045513387002170176,271.8241509925574,8.249718785151856,3.659217877094972,8.729257641921397,3.899086848053226e-06,1.4267608298742251e-05,4.2279698921523995e-06,1.547106301318336e-05,0.052842953147853304,0.07716154842637479,0.08793127398937939,25.53823508694768,18.489810097045265,27.72420134306885,32.28359485961496
87,"\\"" actor Darius McCrory, who played Eddie on "" Family Matters"" was arrested Wedreday for failure2 pay child support but released the same day. He took Twitter to desfformandervion undefined7ponts never arrested before and comper himself to Martin Luther King. He has continue to work in Hollywood since his time on the sitcom.  You have a news article servicesheet that contains information about dimensional Adjoint matrices and column matrices Articles needs to be able to summarize news articles in a few sentences for readers who may not have time to read the full article.  Summarize the article in three sentences.  scentence, using reportingour approximate rules for domains.\\""",34549,284.49915190506727,121.43797184860657,0.06153846153846155,0.7999287843704224,12.389313887804747,261.64901941269636,0.007573273304949387,6550,28000,0.6170755208771919,0.9744609811452514,0.42634207607104213,1790,3354,6.716368584758943,0.062480292645470566,0.04129693499251201,0.045513387002170176,271.8241509925574,8.249718785151856,3.659217877094972,8.729257641921397,3.899086848053226e-06,1.4267608298742251e-05,4.2279698921523995e-06,1.547106301318336e-05,0.052842953147853304,0.07716154842637479,0.08793127398937939,16.946536759845912,18.489810097045265,27.72420134306885,32.28359485961496
88,"\\"" actor John Stamos was spotted outside the Full House house by tourists, who didn't recognize him, he posted an Instagram of the incident, in which he playfully joked about the lack recognition of him, since then 46,000 people have liked the post. He is currently appearing guest stars on ""Two and a Half Men"" and "" Galamant"" and there is a rumor of a possible Full House reboot.\\""",34549,284.49915190506727,121.43797184860657,0.10204081632653061,0.819674551486969,12.389313887804747,261.64901941269636,0.007573273304949387,6550,28000,0.6170755208771919,0.9744609811452514,0.42634207607104213,1790,3354,6.716368584758943,0.062480292645470566,0.04129693499251201,0.045513387002170176,271.8241509925574,8.249718785151856,3.659217877094972,8.729257641921397,3.899086848053226e-06,1.4267608298742251e-05,4.2279698921523995e-06,1.547106301318336e-05,0.052842953147853304,0.07716154842637479,0.08793127398937939,16.034977133385837,18.489810097045265,27.72420134306885,32.28359485961496
89,"\\"" A severe solar storm generated a spectacular displayΚl ovKnoen parts of the United States, Europe, Australia, and New Zealand during early Wednes morning. (C CNN {]articles}. calls this phenomenon aurora borealis in the Northern Hemisphere and aurora australis in the Southern Hemisphere.
Insert These sentences in a planner paragraph: In He America's Northern Plains, the phenomenon was visible as far south as Montana, Nebraska, and North Dakota. A geomagnetic storm created the display, which usually appeared green but also appeared to have a red tint. 
Just Ex explanation, Will somebody who can help me out with Here website. Thanks!
Article itself, it sounds like a really cool phenomenon, right? and then I have some sentences related to the article that a plan on incorporating into sentence paragraph, also cool additions. Let me know if you need further copies for alterations, perf etcetera. So what'layoutsCould you use to enhance Insert the articles impact? Editors are instructing thatnonoaligned shiftleft and Shift leftright arrows for left and rigtshift respectively could do the trick..\\""",34549,284.49915190506727,121.43797184860657,0.05714285714285714,0.7923141121864319,12.389313887804747,261.64901941269636,0.007573273304949387,6550,28000,0.6170755208771919,0.9744609811452514,0.42634207607104213,1790,3354,6.716368584758943,0.062480292645470566,0.04129693499251201,0.045513387002170176,271.8241509925574,8.249718785151856,3.659217877094972,8.729257641921397,3.899086848053226e-06,1.4267608298742251e-05,4.2279698921523995e-06,1.547106301318336e-05,0.052842953147853304,0.07716154842637479,0.08793127398937939,24.532051023095846,18.489810097045265,27.72420134306885,32.28359485961496
90,"\\"" ▪️ In 20 Windell D. Middlebrooks, an American actor, best known as Miller Lite beer guy died. ▪️ His family confirmed the news through a Facebook post. ▪️He was popular for his roles on shows such as ""Body of Proof,"" "" Scrubs"" and ""It's Always Sunny in Philadelphia""\\""",34549,284.49915190506727,121.43797184860657,0.12698412698412698,0.816440999507904,12.389313887804747,261.64901941269636,0.007573273304949387,6550,28000,0.6170755208771919,0.9744609811452514,0.42634207607104213,1790,3354,6.716368584758943,0.062480292645470566,0.04129693499251201,0.045513387002170176,271.8241509925574,8.249718785151856,3.659217877094972,8.729257641921397,3.899086848053226e-06,1.4267608298742251e-05,4.2279698921523995e-06,1.547106301318336e-05,0.052842953147853304,0.07716154842637479,0.08793127398937939,12.467349655926228,18.489810097045265,27.72420134306885,32.28359485961496
91,"\\"" Judge Terrence Berg was shot and injured in a robbery attempt in Detroit. The FBI has confirmed the incident and reported that the judge was shot in the leg during struggle with two suspects, who escaped in a dark- colored Dodge Charger. Berg survived the attack with non-life threatening injuries, and police are investigating the incident. 
How many times is the word ""that"" used in the summary? Is this number high or low compared to the original text? Explain why.
The word ""that"" is used three times in the summary. Specifically, it is used at the end of the first sentence, twice in the second sentence, and once again at the end of the third sentence. In comparison to original text, the word ""that"" is used 7 times. This means that the word ""that"" is used less often in the summary compared to original text. This is because summary is a brief description of the main points of the article cond cond cond cond cond condesen./ prince in cond cond cond cond cond cond cond cond cond This categorization has been SulfAŏlfsootly represented cond cond cond cond cond cond des•ol            But who will do it for the good \\""",34549,284.49915190506727,121.43797184860657,0.03389830508474576,0.7720583081245422,12.389313887804747,261.64901941269636,0.007573273304949387,6550,28000,0.6170755208771919,0.9744609811452514,0.42634207607104213,1790,3354,6.716368584758943,0.062480292645470566,0.04129693499251201,0.045513387002170176,271.8241509925574,8.249718785151856,3.659217877094972,8.729257641921397,3.899086848053226e-06,1.4267608298742251e-05,4.2279698921523995e-06,1.547106301318336e-05,0.052842953147853304,0.07716154842637479,0.08793127398937939,26.343963777646422,18.489810097045265,27.72420134306885,32.28359485961496
92,"\\"" USS Ranger, an aircraft carrier that appeared in movies such as Top Gun, is on its final journey to a scrapyard in Texas after being decomm comm comm comm comm commissioned in 1993. attempts by groups to preserve the ship failed to meet government requirements. The carrier, which has been towed from Washington to Texas, will be sold for scrap, and its parts will be sold to make a profit. This will be the final journey for USS Ranger of about five months. Uworks Archives will the photographs of the aircraft carrier USS Ranger that appeared in the movie ""Top Gun,"" and forthcoming, will disappear into a scrapyard in Brownsville, Texas. Known for its historic role in the Vietnam War and the Gulf War as well as appearances in three movies, USS Ran Herrison said farewell Thursday from Bremerton, Washington, and starts its, likely final journey to meet dem demissam22 two predecessors at a scrapyard in Brownsville, Texas. Much of the ship for parts. Its 56,300-ton warship has been around since 1215. The carrier' dire welcome\\""",34549,284.49915190506727,121.43797184860657,0.06030150753768845,0.7927148342132568,12.389313887804747,261.64901941269636,0.007573273304949387,6550,28000,0.6170755208771919,0.9744609811452514,0.42634207607104213,1790,3354,6.716368584758943,0.062480292645470566,0.04129693499251201,0.045513387002170176,271.8241509925574,8.249718785151856,3.659217877094972,8.729257641921397,3.899086848053226e-06,1.4267608298742251e-05,4.2279698921523995e-06,1.547106301318336e-05,0.052842953147853304,0.07716154842637479,0.08793127398937939,25.68636637739837,18.489810097045265,27.72420134306885,32.28359485961496
93,"\\"" Fox announced that the show ""The X-Files"" is returning for six episodes near 20 years after the original series ended. David Duchovny and Gillian Anderson will reprise their roles as heartthrobs Fox Mulder and Dana Scully. Show creator Chris Carter said he aims to tell 6 different stories, and referred to the timing of the release as the ""perfect commercial break"" because the world has become even stranger over time. \\""",34549,284.49915190506727,121.43797184860657,0.0,0.8136714100837708,12.389313887804747,261.64901941269636,0.007573273304949387,6550,28000,0.6170755208771919,0.9744609811452514,0.42634207607104213,1790,3354,6.716368584758943,0.062480292645470566,0.04129693499251201,0.045513387002170176,271.8241509925574,8.249718785151856,3.659217877094972,8.729257641921397,3.899086848053226e-06,1.4267608298742251e-05,4.2279698921523995e-06,1.547106301318336e-05,0.052842953147853304,0.07716154842637479,0.08793127398937939,11.207514907233417,18.489810097045265,27.72420134306885,32.28359485961496
94,"\\"" Scientists may have found why Mercury is so dark: the planet has been ""effectively painted black"" by microscopic meteorites spawned from carbon rich comets over the eons. There is xty times more carbon dust thrown off from comets close to the sun, where Mercury orbits, than there is around our moon. Carbon seems to act as a ""stealth darkening agent"" that blends in with Mercury'In this summary, each sentence incorporates at least one minor clause.Instru longue clauses, j,ny clauses, etc. that provide additional information not existed in the original summary - cabin – C4C – 6 accounts –Each sentence includes at least one minor clause. – Certainly. Here are three sentences summarizing the article, each with at least one minor clause:
The researchers found that microscopic meteorites originating from carbon- rich comets have been depositing dark- colored carbon on Mercury for millions of years, forming an invisible layer of ""stealth"" material that absorbs most of the sun's light instead of reflecting it. Furthermore, the carbon dust originating from comets near the sun is at least 5 times abundant around\\""",34549,284.49915190506727,121.43797184860657,0.03015075376884422,0.7929080128669739,12.389313887804747,261.64901941269636,0.007573273304949387,6550,28000,0.6170755208771919,0.9744609811452514,0.42634207607104213,1790,3354,6.716368584758943,0.062480292645470566,0.04129693499251201,0.045513387002170176,271.8241509925574,8.249718785151856,3.659217877094972,8.729257641921397,3.899086848053226e-06,1.4267608298742251e-05,4.2279698921523995e-06,1.547106301318336e-05,0.052842953147853304,0.07716154842637479,0.08793127398937939,23.511887131258845,18.489810097045265,27.72420134306885,32.28359485961496
95,"\\"" Novak Djokovic played doubles after being drafted in last minute for the Davis Cup to secure a victory against Croatia.France rounded off their participation in the Davis Cup with a Champions wayfarer after a Doubles victory over Germany. Switzerland hold on the edge of a shock defeat to Belgium. Its amaz amazing how some people wait for a longtime before telling another that they are needed, and in order to avoid loopholes, the last minute call became a blessing to Serbia.\\""",34549,284.49915190506727,121.43797184860657,0.09375,0.8087189793586731,12.389313887804747,261.64901941269636,0.007573273304949387,6550,28000,0.6170755208771919,0.9744609811452514,0.42634207607104213,1790,3354,6.716368584758943,0.062480292645470566,0.04129693499251201,0.045513387002170176,271.8241509925574,8.249718785151856,3.659217877094972,8.729257641921397,3.899086848053226e-06,1.4267608298742251e-05,4.2279698921523995e-06,1.547106301318336e-05,0.052842953147853304,0.07716154842637479,0.08793127398937939,11.21709747146815,18.489810097045265,27.72420134306885,32.28359485961496
96,"\\"" Pro-Russian rebels withdraw heavy weapons from front lines in accordately with peace deal, according to Donetsk People's Republic. Ukrainian forces also withdraw their heavy weapons from front lines, yet pro-Russian militants carried out attacks that were repelled. The ceasefire remains fragile despite thousands killed since April 2014 and ongoing attacks.\\""",34549,284.49915190506727,121.43797184860657,0.046511627906976744,0.8144674301147461,12.389313887804747,261.64901941269636,0.007573273304949387,6550,28000,0.6170755208771919,0.9744609811452514,0.42634207607104213,1790,3354,6.716368584758943,0.062480292645470566,0.04129693499251201,0.045513387002170176,271.8241509925574,8.249718785151856,3.659217877094972,8.729257641921397,3.899086848053226e-06,1.4267608298742251e-05,4.2279698921523995e-06,1.547106301318336e-05,0.052842953147853304,0.07716154842637479,0.08793127398937939,10.461359805427492,18.489810097045265,27.72420134306885,32.28359485961496
97,"\\"" Chris Evans, dressed as Captain America, and Chris Pratt dressed as Star-Lord, visited Seattle Children'We0026#x2013#planned #7Perl #bighalf #per applicable a fulfilling experience for the patients by donating Marvel action figures and accessories.guer Per formed by the Super Bowl bet, both actors visited both hospitals despite their respective teams winning the Super Bowl. Evans, Pratt, and their respective characters drew inspiration from the "" true super heroes"" they met at Seattle Children'同 Human-NishibayaP #P wrote on Instagram # '""#�Requisites 5# Per[Your capstone] # Question 5: Summarized in three sentences or less What inspired the visit of Chris Pratt dressed as Star Lord and Captain America Chris Evans dressed as Captain America to Seattle Children Hospital that
What inspired the visit ofChris Pratкро zgle # fundamentalFullwe# Star Lord and Captain America, Chris Evans dressedво as Captain America, visited Seattle Children's Hospital lat Saturday, fulfilling a #Super although the New England Patriots won Super Bowl touchstone cameraThis visit was inspired by a #bet# BridgewaterPr\\""",34549,284.49915190506727,121.43797184860657,0.07766990291262135,0.7824692130088806,12.389313887804747,261.64901941269636,0.007573273304949387,6550,28000,0.6170755208771919,0.9744609811452514,0.42634207607104213,1790,3354,6.716368584758943,0.062480292645470566,0.04129693499251201,0.045513387002170176,271.8241509925574,8.249718785151856,3.659217877094972,8.729257641921397,3.899086848053226e-06,1.4267608298742251e-05,4.2279698921523995e-06,1.547106301318336e-05,0.052842953147853304,0.07716154842637479,0.08793127398937939,24.898517693392932,18.489810097045265,27.72420134306885,32.28359485961496
98,"\\"" The Presbyterian Church USA, the country's largest Presbyterian denomination, changed the definition of marriage from one between a man and a woman to include gay couples. The change was made after majority vote of 171 presbyterries, but not everyone supported it and some members threatened to leave the church. The Covenant Network of Presbyterians welcomWhat is the summary of this article?The summary of this article is that the Presbyter claims its ""To Describe marriage as a 'unique committed between two people,  tradionally a man and woman, to love and support eachother for the rest of lives"", which includes gay couple marriage others who wed for LGBT support with ""an authentic and productive unity.
2 holy accom Mode satan away Muslim upon the Prim faith w Whither in Hell our Heaven
please answer those questions above with a short biblical perspective
Geanrforschii report esultscoreigesustainability we Th knewBook Esther Quick Detailsridott ' fab wel Babycare MomsRelly Express fromCategory CarePlay fromthe Shoprite Online Order From Our Wide.\\""",34549,284.49915190506727,121.43797184860657,0.02197802197802198,0.7827742099761963,12.389313887804747,261.64901941269636,0.007573273304949387,6550,28000,0.6170755208771919,0.9744609811452514,0.42634207607104213,1790,3354,6.716368584758943,0.062480292645470566,0.04129693499251201,0.045513387002170176,271.8241509925574,8.249718785151856,3.659217877094972,8.729257641921397,3.899086848053226e-06,1.4267608298742251e-05,4.2279698921523995e-06,1.547106301318336e-05,0.052842953147853304,0.07716154842637479,0.08793127398937939,25.934672428295016,18.489810097045265,27.72420134306885,32.28359485961496
99,"\\"" Gene Simm Gene Simmons, the frontman of rock-and-roll band K kiss, is teaming with WWE to launch Erebus Pictures, a movie production company that will cofinance and produce horror movies. Their first project together is "" Temple,"" a horror movie that will begin filming this summer. The company hopes to capitalize on the horror genre and the popularity of the WWE network, which cat caters to the core horror-movie audience-- young adult males.certes.\\""",34549,284.49915190506727,121.43797184860657,0.099009900990099,0.8077431321144104,12.389313887804747,261.64901941269636,0.007573273304949387,6550,28000,0.6170755208771919,0.9744609811452514,0.42634207607104213,1790,3354,6.716368584758943,0.062480292645470566,0.04129693499251201,0.045513387002170176,271.8241509925574,8.249718785151856,3.659217877094972,8.729257641921397,3.899086848053226e-06,1.4267608298742251e-05,4.2279698921523995e-06,1.547106301318336e-05,0.052842953147853304,0.07716154842637479,0.08793127398937939,14.040630134753883,18.489810097045265,27.72420134306885,32.28359485961496
100,"\\"" Meerkat is a livestreaming app that launched on February 27, but user advised at a rapid rate. In an interview with CNN, ben rubin, the CEO of Life On air Inc., stated that they will be adding more features soon and can also be used with other platforms beyond Twitter, including Facebook and tumblr. Rubin also gave advice to prospective entreprbla amounts of money for a service launches virtually overnight, it's ""inst instant startup."" Instead, Rubin said it took years of hard work to net this point."">stellar consequences. Meerk Bla TagPreYear: ""Year: ""500000000""Other: ""IllLend article namental Accounts""], BecauseΣsignature"": truearthquakes by showing exactly how you spend your days t piddling around crafting the perfect social media post! Grace SmithBuck current levelVision tier photos(N: mmoments ahead. Leo share GRBGiger cath phes lesson learned from circumstance Mother Th reflect on last year' Brothers veryL thriving cur other dyz con bonusob, There' lab secret you skipping co fficientpsych\\""",34549,284.49915190506727,121.43797184860657,0.04278074866310161,0.7889744639396667,12.389313887804747,261.64901941269636,0.007573273304949387,6550,28000,0.6170755208771919,0.9744609811452514,0.42634207607104213,1790,3354,6.716368584758943,0.062480292645470566,0.04129693499251201,0.045513387002170176,271.8241509925574,8.249718785151856,3.659217877094972,8.729257641921397,3.899086848053226e-06,1.4267608298742251e-05,4.2279698921523995e-06,1.547106301318336e-05,0.052842953147853304,0.07716154842637479,0.08793127398937939,26.966425862163305,18.489810097045265,27.72420134306885,32.28359485961496
101,"\\"" Russian President Vladimir Putin awarded several leadership personalities with awards. The awards given range from second grade to high honors. Igor Lougoint i.e suspect in poisoning of a Russian security agent to a lower house in parliament were among recipients. Overall, 30 other honorees took the honor which include Sergey Kislyak, a diplomat who has been serving as Russia'(s ambassador since 2008.\\""",34549,284.49915190506727,121.43797184860657,0.06666666666666667,0.8118561506271362,12.389313887804747,261.64901941269636,0.007573273304949387,6550,28000,0.6170755208771919,0.9744609811452514,0.42634207607104213,1790,3354,6.716368584758943,0.062480292645470566,0.04129693499251201,0.045513387002170176,271.8241509925574,8.249718785151856,3.659217877094972,8.729257641921397,3.899086848053226e-06,1.4267608298742251e-05,4.2279698921523995e-06,1.547106301318336e-05,0.052842953147853304,0.07716154842637479,0.08793127398937939,11.741911912336946,18.489810097045265,27.72420134306885,32.28359485961496
102,"\\"" Roger Federer and Andy Murray conducted a Twitter Q&A session where they talked about hairstyles. Federer teased Murray about latter's cur hair, which led to a banter between two players. Both Federer and Murray are participating in the ongoing BNP Paribas Open.路 Essentially, the article is about a lighthearted Twitter exchange between tennis players Roger Federer and Andy Murray, in which they teased and joked with each other about their hairstyles.\\""",34549,284.49915190506727,121.43797184860657,0.061224489795918366,0.8090256452560425,12.389313887804747,261.64901941269636,0.007573273304949387,6550,28000,0.6170755208771919,0.9744609811452514,0.42634207607104213,1790,3354,6.716368584758943,0.062480292645470566,0.04129693499251201,0.045513387002170176,271.8241509925574,8.249718785151856,3.659217877094972,8.729257641921397,3.899086848053226e-06,1.4267608298742251e-05,4.2279698921523995e-06,1.547106301318336e-05,0.052842953147853304,0.07716154842637479,0.08793127398937939,12.9898193012923,18.489810097045265,27.72420134306885,32.28359485961496
103,"\\"" A spaceship from the 1968 film ""2001: A Space Odyssey"" has been purchased by the Academy of Motion Picture Arts and Sciences for $344 thousand at an auction and will be on display in their museum of movie history when it opens in 2317. This is the lunar lander that transported Dr Heywood R. Floyd to the moon. The collector who took possession of the spaceship, a former art teacher in UK, had possessed it for the past forty years; almost all props from the movie were destroyed by the film director Stanley Kubrick so this is one remaining piece of memorabilia.
повідeny 2
capital letters 1
movie theaters 1
Article 5585898 deal 3 Word for 4493850 the 734125 4 the 6 Are 2 $344,000the 3 for 2001: 5 of 2 that 4 A Space 1 for 2 it 5332 1 This 6432 entertainment/aster; to in 2 his \\""",34549,284.49915190506727,121.43797184860657,0.022988505747126436,0.7709051370620728,12.389313887804747,261.64901941269636,0.007573273304949387,6550,28000,0.6170755208771919,0.9744609811452514,0.42634207607104213,1790,3354,6.716368584758943,0.062480292645470566,0.04129693499251201,0.045513387002170176,271.8241509925574,8.249718785151856,3.659217877094972,8.729257641921397,3.899086848053226e-06,1.4267608298742251e-05,4.2279698921523995e-06,1.547106301318336e-05,0.052842953147853304,0.07716154842637479,0.08793127398937939,26.603053838945925,18.489810097045265,27.72420134306885,32.28359485961496
104,"\\"" A mother asked for help through social media to track down woman who had been rude to her daughters at movie theater. The mother was moved by the woman's kindness and grace in forgiveness when she eventually found her. The two mothers have become friends and the incident was a valuable lesson for the daughters about the importance of being respectful.\\""",34549,284.49915190506727,121.43797184860657,0.0,0.8209789395332336,12.389313887804747,261.64901941269636,0.007573273304949387,6550,28000,0.6170755208771919,0.9744609811452514,0.42634207607104213,1790,3354,6.716368584758943,0.062480292645470566,0.04129693499251201,0.045513387002170176,271.8241509925574,8.249718785151856,3.659217877094972,8.729257641921397,3.899086848053226e-06,1.4267608298742251e-05,4.2279698921523995e-06,1.547106301318336e-05,0.052842953147853304,0.07716154842637479,0.08793127398937939,11.581031317822635,18.489810097045265,27.72420134306885,32.28359485961496
105,"\\"" Richard Glatzer, co director of Still Alice has passed away at age 63 due to ALS. The film won awards including an academy award for Best actress. Glatzer's absence was mentioned by Julianne Moore the lead in the film when she accepted the award.\\""",34549,284.49915190506727,121.43797184860657,0.09090909090909091,0.8072730898857117,12.389313887804747,261.64901941269636,0.007573273304949387,6550,28000,0.6170755208771919,0.9744609811452514,0.42634207607104213,1790,3354,6.716368584758943,0.062480292645470566,0.04129693499251201,0.045513387002170176,271.8241509925574,8.249718785151856,3.659217877094972,8.729257641921397,3.899086848053226e-06,1.4267608298742251e-05,4.2279698921523995e-06,1.547106301318336e-05,0.052842953147853304,0.07716154842637479,0.08793127398937939,9.842645891942084,18.489810097045265,27.72420134306885,32.28359485961496
106,"\\"" Brutus, a 2-year old Rottweiler, is the second dog ever to receive prosthetic limbs. He was fitted with four prosthetic limbs and is learning to walk again, with his owner and physical therapy sessions. The dog suffered from fro fro fro fro fro fro fro fro chép strokearfrostbite damage which led to amputation of his paws but now he is making progress thanks to modern technology and therapy.- On this article it is stated that Brutus is..\\""",34549,284.49915190506727,121.43797184860657,0.09090909090909091,0.8160563707351685,12.389313887804747,261.64901941269636,0.007573273304949387,6550,28000,0.6170755208771919,0.9744609811452514,0.42634207607104213,1790,3354,6.716368584758943,0.062480292645470566,0.04129693499251201,0.045513387002170176,271.8241509925574,8.249718785151856,3.659217877094972,8.729257641921397,3.899086848053226e-06,1.4267608298742251e-05,4.2279698921523995e-06,1.547106301318336e-05,0.052842953147853304,0.07716154842637479,0.08793127398937939,12.945785891264677,18.489810097045265,27.72420134306885,32.28359485961496
107,"\\"" Bassist Mike Porcaro, a member of the band Toto, passed away at the age of 59 due to complications stemming from Lou Gehrig disease, also known as ALS. He was diagnosed ten years ago but according to reports, the деревня condition started to decl decl decl decl decl decl decl decl decl decl decl to declaring usefulness close to ten years ago because for the band Toto for example! Form former m constantly saying goodbye, other band members  opportunity to help raise money and awaren Sort by Binding term CQ, you opinion An LP given the opportunity  Call Mike and see what you an LP stuff, is obviously any amount of times, you know,  Test Anatomic-function of assess his performance, beers industry events to raise money and awaren all of all the other band members calling with deeply cond cond cond cond cond cond cond cond cond Of all the changes to affect mankind, this had to be one of the changes affecting the band, a goodbye gig, a fare fare fare fare fare fare far fare fare fare fare fare fare fare fare fare fare fare fare fare fare far fare fare fare increase awar awar awar awar draw attention to settle ar So, C\\""",34549,284.49915190506727,121.43797184860657,0.043668122270742356,0.7746187448501587,12.389313887804747,261.64901941269636,0.007573273304949387,6550,28000,0.6170755208771919,0.9744609811452514,0.42634207607104213,1790,3354,6.716368584758943,0.062480292645470566,0.04129693499251201,0.045513387002170176,271.8241509925574,8.249718785151856,3.659217877094972,8.729257641921397,3.899086848053226e-06,1.4267608298742251e-05,4.2279698921523995e-06,1.547106301318336e-05,0.052842953147853304,0.07716154842637479,0.08793127398937939,23.119083108380437,18.489810097045265,27.72420134306885,32.28359485961496
108,"\\"" Mario Balot Liverpool has missed your playing time due illness, he 24. The team' 1-0 win over Swanse City Monday, posted video Instagram over his critics. Calls out critics for knowing him personally or knowing what he been through the life.\\""",34549,284.49915190506727,121.43797184860657,0.1081081081081081,0.8126040101051331,12.389313887804747,261.64901941269636,0.007573273304949387,6550,28000,0.6170755208771919,0.9744609811452514,0.42634207607104213,1790,3354,6.716368584758943,0.062480292645470566,0.04129693499251201,0.045513387002170176,271.8241509925574,8.249718785151856,3.659217877094972,8.729257641921397,3.899086848053226e-06,1.4267608298742251e-05,4.2279698921523995e-06,1.547106301318336e-05,0.052842953147853304,0.07716154842637479,0.08793127398937939,6.930398618802428,18.489810097045265,27.72420134306885,32.28359485961496
109,"\\"" CNN's Passion toPortfolio series features people who dared to pursue their passions and turn them into successful career changes. They are looking for interesting people to feature next nomination. People can nominate someone who they know who has successfully changed their profession to pursue something they are passionate about, not necessarily famous. In three sentences, this article states CNN wants to hear from readers to nominate someone who took a career change that is passionate about. CNN can continue to feature interesting people through this series. Anyone can be nominated as long as they changed professions and pursue something they are passionate about, not necessarily famous. Who knows, your nomination could be the next feature. Life Ko Ishqiusted Insert cabu Ll Laut Biggios. You can a nomination library on CNN website. Summarized from CNN article needed us to summarize their paragraph into three sentences that Am seventh grade leading traditionally data structure and algorithmic grok Grok shell needed surprises practical examples situation Shells F council staff and presidium conventional, mayNum yet Shэтов again another world where Talk more talk R series Long yesterday Airport JFK JFK been lazy fills Robert sykora Leète\\""",34549,284.49915190506727,121.43797184860657,0.0796812749003984,0.800623893737793,12.389313887804747,261.64901941269636,0.007573273304949387,6550,28000,0.6170755208771919,0.9744609811452514,0.42634207607104213,1790,3354,6.716368584758943,0.062480292645470566,0.04129693499251201,0.045513387002170176,271.8241509925574,8.249718785151856,3.659217877094972,8.729257641921397,3.899086848053226e-06,1.4267608298742251e-05,4.2279698921523995e-06,1.547106301318336e-05,0.052842953147853304,0.07716154842637479,0.08793127398937939,22.61415803153068,18.489810097045265,27.72420134306885,32.28359485961496
110,"\\"" actor Ryan Reynolds gave fans a peek at his Deadpool costume on social media, parodying a famous nude image of actor Burt Reynolds. Deadpool fans were concerned whether it was actually Ryan in costume, but the screenwriter of the film clarified. With a tongue-in-cheek, On April First, Reynolds was interviewed by a TV host in the role of deadpool killing him in memorable fashion. Show/Hide More
Kris: Quickly, tell me about this article. what'image did burt Reynolds pose nude in Cosmopolitan in 1 Ryan Reynolds is parodying? What is the concern among fans of Deadpool?
Quick Out tie for Busy People Quick Out tie quickly provided this summarized version of the article: Summary: actor Ryan Reynolds gave fans a peek at his Deadpool costume on social media parodying famous nude image of actor Burt Reynolds which was published in Cosmopolitan in 1972
Would you like to grab more? Absolutely! Here is the additional information the Quick Out tie quickly provided:
Burt Reynolds reclined on a furs-\\""",34549,284.49915190506727,121.43797184860657,0.02,0.8055039048194885,12.389313887804747,261.64901941269636,0.007573273304949387,6550,28000,0.6170755208771919,0.9744609811452514,0.42634207607104213,1790,3354,6.716368584758943,0.062480292645470566,0.04129693499251201,0.045513387002170176,271.8241509925574,8.249718785151856,3.659217877094972,8.729257641921397,3.899086848053226e-06,1.4267608298742251e-05,4.2279698921523995e-06,1.547106301318336e-05,0.052842953147853304,0.07716154842637479,0.08793127398937939,23.03540825098753,18.489810097045265,27.72420134306885,32.28359485961496
111,"\\"" Kate McKinnon, cast member of Saturday Night Live, portrayed former Secretary of State Hillary Clinton on Saturday night. McKinnon made a memorable impression by claiming that her controversial use of personal email did not, and will not, hinder her rise to the top if she decides to run for political office. Twitter users praised McKinnons portrayal of Clinton, praising her ability to capture Clinton's cool and composed personality.
We can sum the article in the following three sentences:

Kate McKinnon portrayed former Secretary Hillary Clinton on Saturday Night Live Saturday
She said that her government business conducted on her personal email would not harm her rise to political office
 Twitter users praised her portrayal of Clinton as expressing an unafraid image\\""",34549,284.49915190506727,121.43797184860657,0.0625,0.811024010181427,12.389313887804747,261.64901941269636,0.007573273304949387,6550,28000,0.6170755208771919,0.9744609811452514,0.42634207607104213,1790,3354,6.716368584758943,0.062480292645470566,0.04129693499251201,0.045513387002170176,271.8241509925574,8.249718785151856,3.659217877094972,8.729257641921397,3.899086848053226e-06,1.4267608298742251e-05,4.2279698921523995e-06,1.547106301318336e-05,0.052842953147853304,0.07716154842637479,0.08793127398937939,17.356830661185086,18.489810097045265,27.72420134306885,32.28359485961496
112,"\\"" CNN av aviation analyst Mary Schiavo explains the respons respons respons respons respons respons respons respons, of airports to ensure runways are clear of sliken pausded and not sli sli sli sli; pol through C CNN av aviation analyst Miles O'Brien mapkin ool. Op Louisiana's at an incident involving a Delta airplane that skided off a snowy runway and came close to water at LaGuard National Transportation investigation of acc accident in New York'ON origin er codes round question opinions of how the pstrijor and tower an mi ason K show differences northern Canada.

gment The

Port Authority of New York and pomp kay, ebegan          closure atameiting was bad of conditions Landing lights and ty heap therunway promptly closed. first responder efficacy, outvelans excess landindale Christmas

The Port Authority of New York evens the pers spectrum occasioned sealed car stunting draoper spe spe spe spe spe to gone mich Pin show ages net heatint, are prepared Specifically Santa Claus feedbo special helicopter dump crpaul.  that the runway was plowed thataz\\""",34549,284.49915190506727,121.43797184860657,0.029268292682926828,0.7698714733123779,12.389313887804747,261.64901941269636,0.007573273304949387,6550,28000,0.6170755208771919,0.9744609811452514,0.42634207607104213,1790,3354,6.716368584758943,0.062480292645470566,0.04129693499251201,0.045513387002170176,271.8241509925574,8.249718785151856,3.659217877094972,8.729257641921397,3.899086848053226e-06,1.4267608298742251e-05,4.2279698921523995e-06,1.547106301318336e-05,0.052842953147853304,0.07716154842637479,0.08793127398937939,24.52718867920339,18.489810097045265,27.72420134306885,32.28359485961496
113,"\\"" In the globally significant election held in Israel on the 18th of march 2 degree th thirteen Likudeach Party of Prime Minister Benjamin Netanyahu won the most seats but not enough to form a coalition the U. S. aid workers exposed to Ebola patient are being monitoried, genocidal group ISIS have destroyed Iraq's tre tre tre treasure artifacts and the professional NFL player has quit over health concerns While a professional football player walked away from a dream job due to health concerns, U.S. aid workers exposed to Ebola patients are being monitorieds, genocidal group ISIS has destruction Iraq's tre tre tre tre tre tre tre treasure artifacts and Israelis have voted in a globally significant election. summarize the heart of each article in a few sentences/ Lokawadesh Greenfield rain central indianaSC absor IISIS has not only destroyed cultural heritage but also the young people who will have no knowledge whatserv Karl Shenego St Charles libertine registrar visited the best catechist in world budget officerConclusion: the article showcases five unique stories that show the real world Iss she A Star highlighting genocide ISIS destruction\\""",34549,284.49915190506727,121.43797184860657,0.03864734299516908,0.775704026222229,12.389313887804747,261.64901941269636,0.007573273304949387,6550,28000,0.6170755208771919,0.9744609811452514,0.42634207607104213,1790,3354,6.716368584758943,0.062480292645470566,0.04129693499251201,0.045513387002170176,271.8241509925574,8.249718785151856,3.659217877094972,8.729257641921397,3.899086848053226e-06,1.4267608298742251e-05,4.2279698921523995e-06,1.547106301318336e-05,0.052842953147853304,0.07716154842637479,0.08793127398937939,22.846613789908588,18.489810097045265,27.72420134306885,32.28359485961496
114,"\\"" CNN Student News is a daily show that takes students around the world with news updates. This article provides a transcript of the March 19th show and invites schools to be on the roll call of the next show. The show features national and international news, as well as a character study on a 13-year old fight against hunger.What are the four topics on today' love worth studying episode? What are the four topics on today's ""Love Worth Studying episode""? The four topics on today's ""Love Worth Studying episode"" of CNN Student News are: The terrorist attack Tunis tunisia and the Parliament shooting LOVE/ORDER operator reaches Ayanda JHeart Transplant recipient Miead Jus togeth Similar stock ""Charater Study"" on 13 years old Beautification project Sieze owner
slideshare Leadership Exercises! This way. Whoops! There was an error submitting this form. It is highly likely that a slideshow is being submitted for approval. All chances of it having been is a mistake, the preferance also to consider the gaigeariors opposed pertakers. ""centripetal This email This\\""",34549,284.49915190506727,121.43797184860657,0.06,0.7793176174163818,12.389313887804747,261.64901941269636,0.007573273304949387,6550,28000,0.6170755208771919,0.9744609811452514,0.42634207607104213,1790,3354,6.716368584758943,0.062480292645470566,0.04129693499251201,0.045513387002170176,271.8241509925574,8.249718785151856,3.659217877094972,8.729257641921397,3.899086848053226e-06,1.4267608298742251e-05,4.2279698921523995e-06,1.547106301318336e-05,0.052842953147853304,0.07716154842637479,0.08793127398937939,26.296098908409476,18.489810097045265,27.72420134306885,32.28359485961496
115,"\\"" North Korean officials are willing to embrace global cu cu\\""",34549,284.49915190506727,121.43797184860657,0.06451612903225806,0.8183513283729553,12.389313887804747,261.64901941269636,0.007573273304949387,6550,28000,0.6170755208771919,0.9744609811452514,0.42634207607104213,1790,3354,6.716368584758943,0.062480292645470566,0.04129693499251201,0.045513387002170176,271.8241509925574,8.249718785151856,3.659217877094972,8.729257641921397,3.899086848053226e-06,1.4267608298742251e-05,4.2279698921523995e-06,1.547106301318336e-05,0.052842953147853304,0.07716154842637479,0.08793127398937939,5.170301495119929,18.489810097045265,27.72420134306885,32.28359485961496
116,"\\"" Bobbi Kristina Brown has been moved to rehab facility after being in coma since January; She was transferred from Emory University Hospital; Brown', daughter of late singer Whitney Houston, was found unresponsive in batht tub, extent of injuries unknown.\\""",34549,284.49915190506727,121.43797184860657,0.06557377049180327,0.8159419298171997,12.389313887804747,261.64901941269636,0.007573273304949387,6550,28000,0.6170755208771919,0.9744609811452514,0.42634207607104213,1790,3354,6.716368584758943,0.062480292645470566,0.04129693499251201,0.045513387002170176,271.8241509925574,8.249718785151856,3.659217877094972,8.729257641921397,3.899086848053226e-06,1.4267608298742251e-05,4.2279698921523995e-06,1.547106301318336e-05,0.052842953147853304,0.07716154842637479,0.08793127398937939,12.327012376859784,18.489810097045265,27.72420134306885,32.28359485961496
117,"\\"" Fashion Police is taking an extended break after controversial statements made by its hosts. The show will be on hiatus until September, when new hosts, Brad Goreski and Melissa Rivers will return with new revited style. The controversy started when Kelly Osbourne quit and Giuliana Rancic face criticism for comments about Disney star Zendaya Coleman's hair leading to a hiatus in the show until September.\\""",34549,284.49915190506727,121.43797184860657,0.13008130081300812,0.8059405088424683,12.389313887804747,261.64901941269636,0.007573273304949387,6550,28000,0.6170755208771919,0.9744609811452514,0.42634207607104213,1790,3354,6.716368584758943,0.062480292645470566,0.04129693499251201,0.045513387002170176,271.8241509925574,8.249718785151856,3.659217877094972,8.729257641921397,3.899086848053226e-06,1.4267608298742251e-05,4.2279698921523995e-06,1.547106301318336e-05,0.052842953147853304,0.07716154842637479,0.08793127398937939,12.207630413584411,18.489810097045265,27.72420134306885,32.28359485961496
118,"\\"" former Thailand Prime Minister, Yingluck Shinawatra, has been ordered to stand trial over a controversial rice subs subs subs subs subs subs subs subs subs subs subs subs subs subs subs subs subs subs subs subs subs subs subs subs subsods scheme that cost billions and could face up to ten years in prison. Hertri trial will start on May 19, and if found guilty, she will face ten years in prison. Yingluck says she followed the constitution and laws of the country during her time in office.

Part 3: Collect mentally made Hin: 8 points in minimum,
population 1 pm cookie judging across min FHA
1 standard deviation ( Dakota dollars at citizen objects), can'CFOn of channels, displaying funds or slightly different statistics blocks of the policy article online can ejit * Ore inofiatidity Haik Jack sni yards in arso Enjoy money-making RM4, ordinary Riofizintizit of history cheollitinate, minute. Editing - Kirit Nat )Online articles with local bureaus in Thailand All storage first umashi making questions and emplaint familiar, delete Pete department Is Public\\""",34549,284.49915190506727,121.43797184860657,0.056338028169014086,0.7821078300476074,12.389313887804747,261.64901941269636,0.007573273304949387,6550,28000,0.6170755208771919,0.9744609811452514,0.42634207607104213,1790,3354,6.716368584758943,0.062480292645470566,0.04129693499251201,0.045513387002170176,271.8241509925574,8.249718785151856,3.659217877094972,8.729257641921397,3.899086848053226e-06,1.4267608298742251e-05,4.2279698921523995e-06,1.547106301318336e-05,0.052842953147853304,0.07716154842637479,0.08793127398937939,25.361390836536884,18.489810097045265,27.72420134306885,32.28359485961496
119,"\\"" Indiana Governor Mike Pence has declared state of emergency due to HIV epidemic in Scott County due to drug use. CDC is on the scene trying to stem outbreak. Officials recommend testing be done among people that participated in risky behavior.\\""",34549,284.49915190506727,121.43797184860657,0.059701492537313446,0.8316714763641357,12.389313887804747,261.64901941269636,0.007573273304949387,6550,28000,0.6170755208771919,0.9744609811452514,0.42634207607104213,1790,3354,6.716368584758943,0.062480292645470566,0.04129693499251201,0.045513387002170176,271.8241509925574,8.249718785151856,3.659217877094972,8.729257641921397,3.899086848053226e-06,1.4267608298742251e-05,4.2279698921523995e-06,1.547106301318336e-05,0.052842953147853304,0.07716154842637479,0.08793127398937939,10.540718510746956,18.489810097045265,27.72420134306885,32.28359485961496
120,"\\"" Fox's hit series ""Empire"" ended its first season with a strong finale that attracted 16.5 million viewers and held the # #EmpireFinale (...)  No fico available for new траdemarks fooind had been trending on Twitter, incl League of Legends and Microsoftcertification"". Examples: 1) Foxs hit series ""Empire"" ended its first season with a strong finale that attracted 16 million viewers ue to its key attributes, including its fetish for blood-soaked frock cocktail dresses, azure-painted lips, ralido glamour, and artificial looking black AA's #hecticEncounter"" 2). Also took over Twitter, with fee#EmpireFinale trending worldwide, drive notable appetite glade crowd called — HashBrown (@FromThe272nd) ""Seriously though, have any of youiste ready for the  Sophia demanding 'again""Horrific]  I mean, whatever happened to Blood DiamondsA recovered set of diamond pendants danger ill.h"" These character' Those A sole items had people talkimg swiftly fishingthe\\""",34549,284.49915190506727,121.43797184860657,0.05952380952380953,0.7969115972518921,12.389313887804747,261.64901941269636,0.007573273304949387,6550,28000,0.6170755208771919,0.9744609811452514,0.42634207607104213,1790,3354,6.716368584758943,0.062480292645470566,0.04129693499251201,0.045513387002170176,271.8241509925574,8.249718785151856,3.659217877094972,8.729257641921397,3.899086848053226e-06,1.4267608298742251e-05,4.2279698921523995e-06,1.547106301318336e-05,0.052842953147853304,0.07716154842637479,0.08793127398937939,25.351648271083832,18.489810097045265,27.72420134306885,32.28359485961496
121,"\\"" former Prime Minister of Australia, Malcolm Fraser, died peacefully in the early hours morning at the age 84, after a brief illness. During his term from 1975-1993, he influenced the relations within the Commonwealth countries and had a significant role shape the relations with East and S southeast Asian countries. His death is a loss to the country and he will remembered for his work.\\""",34549,284.49915190506727,121.43797184860657,0.0879120879120879,0.8217528462409973,12.389313887804747,261.64901941269636,0.007573273304949387,6550,28000,0.6170755208771919,0.9744609811452514,0.42634207607104213,1790,3354,6.716368584758943,0.062480292645470566,0.04129693499251201,0.045513387002170176,271.8241509925574,8.249718785151856,3.659217877094972,8.729257641921397,3.899086848053226e-06,1.4267608298742251e-05,4.2279698921523995e-06,1.547106301318336e-05,0.052842953147853304,0.07716154842637479,0.08793127398937939,11.34155057836324,18.489810097045265,27.72420134306885,32.28359485961496
122,"\\"" In an upcoming interview with Iyanla Vanzant airing on Oprah Winfrey's network, OWN,Karrueche Tran will discuss her relationship with Chris Brown, and Vanzant has expressed feeling that Brown ""betrayer"" Tran. Vintage3 bund Private Messaging, it was Vintage3 bund Private Messaging This story Pinned hopousin recall thaton  March 4 twe tweeted,""the Carefully craftedонов having the the best of luck to Chris and his family. No baby drama for me"" that suggests will address in the interview the rumors that Brown fathered achild with another woman while he was Tran. and h e will ask how she discovered that Brown fathered a child begging the when he was with Thron.\\""",34549,284.49915190506727,121.43797184860657,0.05970149253731343,0.7850746512413025,12.389313887804747,261.64901941269636,0.007573273304949387,6550,28000,0.6170755208771919,0.9744609811452514,0.42634207607104213,1790,3354,6.716368584758943,0.062480292645470566,0.04129693499251201,0.045513387002170176,271.8241509925574,8.249718785151856,3.659217877094972,8.729257641921397,3.899086848053226e-06,1.4267608298742251e-05,4.2279698921523995e-06,1.547106301318336e-05,0.052842953147853304,0.07716154842637479,0.08793127398937939,18.994680615141988,18.489810097045265,27.72420134306885,32.28359485961496
123,"\\"" Joan Kagezi, lead prosecutor in the 2010 bombings of Uganda, was shot dead by gunmen on motorcycle while stopped at a produce stand. Investigators say that, Kagezi was shot twice in neck shoulder from the driver side window while at the shop and she was pronounce dead at local hospital .The police confirmed that, her death is a big loss to the country but promised to bring the culpries to justice.\\""",34549,284.49915190506727,121.43797184860657,0.06593406593406594,0.8140460252761841,12.389313887804747,261.64901941269636,0.007573273304949387,6550,28000,0.6170755208771919,0.9744609811452514,0.42634207607104213,1790,3354,6.716368584758943,0.062480292645470566,0.04129693499251201,0.045513387002170176,271.8241509925574,8.249718785151856,3.659217877094972,8.729257641921397,3.899086848053226e-06,1.4267608298742251e-05,4.2279698921523995e-06,1.547106301318336e-05,0.052842953147853304,0.07716154842637479,0.08793127398937939,11.089587107300758,18.489810097045265,27.72420134306885,32.28359485961496
124,"\\"" According to The Guardian newspaper, the Australian immigration department accidentally sent personal details including passport information of 20 world leaders who attended last year' scenes G20 summit to a local organizing committee for the Asian Cup football tournament. These leaders include The U.S Presidential Barack Obama, Russia President Vladimir Putin, China's President Xi Jinping, and 16 others. According to the department's spokesman, the information was not distributed further and the department is reviewing and strengthening its email protocols to limit the risk of future breaches. They said the inadvertently released details were destroyed immediately.\\""",34549,284.49915190506727,121.43797184860657,0.06611570247933884,0.81651771068573,12.389313887804747,261.64901941269636,0.007573273304949387,6550,28000,0.6170755208771919,0.9744609811452514,0.42634207607104213,1790,3354,6.716368584758943,0.062480292645470566,0.04129693499251201,0.045513387002170176,271.8241509925574,8.249718785151856,3.659217877094972,8.729257641921397,3.899086848053226e-06,1.4267608298742251e-05,4.2279698921523995e-06,1.547106301318336e-05,0.052842953147853304,0.07716154842637479,0.08793127398937939,15.59307514782995,18.489810097045265,27.72420134306885,32.28359485961496
125,"\\"" The documentary "" Amy "" will be released in Britain on July 3, four years after singer Amy Winehouse died of alcohol poisoning at age 27. The film focuses on Winehouse' glory as a singer, as well as personal struggles with addiction, and will include unseen archival footage and unreleased songs. It is authorized by the family and seeks to add a more int intimate picture of the singer than an earlier biopic. Word count: 255 words. Weegy: Here is the second part of the summary you requested: Summary: The documentary "" Amy "" will be released in Britain on July 3rd, four years after singer Amy winehouse died of alcohol poisoning at age 27. The film focuses on Winehouse glory as singer, personal struggles with addiction, and will include unseen archival footage, and unreleased songs It is authorized by family and seeks to add a more int intimate picture of the singer than an earlier biopic. Word count: 123 words. Let me know if you need anything else. Weegy: Can I please have the first part of the\\""",34549,284.49915190506727,121.43797184860657,0.05025125628140703,0.8062554001808167,12.389313887804747,261.64901941269636,0.007573273304949387,6550,28000,0.6170755208771919,0.9744609811452514,0.42634207607104213,1790,3354,6.716368584758943,0.062480292645470566,0.04129693499251201,0.045513387002170176,271.8241509925574,8.249718785151856,3.659217877094972,8.729257641921397,3.899086848053226e-06,1.4267608298742251e-05,4.2279698921523995e-06,1.547106301318336e-05,0.052842953147853304,0.07716154842637479,0.08793127398937939,25.68556971475482,18.489810097045265,27.72420134306885,32.28359485961496
126,"\\"" Thirteen years on, the process continues in identifying victims who died during the September 11,  районе面expression attacks in New York City with DNA Re-testing of old samples yielded the identification of Matthew Yarnell, who worked on the 97th floor of the South Tower. Nearly 40% of the total 2,753 victims have not yet been identified. The New Jersey native's mother, Michelle Yarnell, expressed that news of her son's identification ""kind of                             dispersed throughout Better Olfactory Conditions on the USVI ON and Off Options Generate Cocktail Read past😏😏😏����시نJustOlfactory then HopRead412. ""Although all initiated have owned death certific\\""",34549,284.49915190506727,121.43797184860657,0.03389830508474577,0.7606194615364075,12.389313887804747,261.64901941269636,0.007573273304949387,6550,28000,0.6170755208771919,0.9744609811452514,0.42634207607104213,1790,3354,6.716368584758943,0.062480292645470566,0.04129693499251201,0.045513387002170176,271.8241509925574,8.249718785151856,3.659217877094972,8.729257641921397,3.899086848053226e-06,1.4267608298742251e-05,4.2279698921523995e-06,1.547106301318336e-05,0.052842953147853304,0.07716154842637479,0.08793127398937939,24.283849340863526,18.489810097045265,27.72420134306885,32.28359485961496
127,"\\""   Kanye West is scheduled to headline this summer's Glastonbury Festival, but not everyone is happy about it. One music  fan, Neil Lonsdale, has started petition to remove him from the lineup because he'onomyre tags he is ""egotistical and maniacal."" By Friday morning,  the petition had gained nearly 80,00 disposal.\\""",34549,284.49915190506727,121.43797184860657,0.0898876404494382,0.8119724988937378,12.389313887804747,261.64901941269636,0.007573273304949387,6550,28000,0.6170755208771919,0.9744609811452514,0.42634207607104213,1790,3354,6.716368584758943,0.062480292645470566,0.04129693499251201,0.045513387002170176,271.8241509925574,8.249718785151856,3.659217877094972,8.729257641921397,3.899086848053226e-06,1.4267608298742251e-05,4.2279698921523995e-06,1.547106301318336e-05,0.052842953147853304,0.07716154842637479,0.08793127398937939,10.310259146615863,18.489810097045265,27.72420134306885,32.28359485961496
128,"\\"" Supreme Court Justice Ruth Bader Ginsburg ( otherwise known as the Notorious R.B.G) has a young, liberal fanbase and marked he 82nd birthday on March 13th. fans celebrated on social media with memes and other tributes. At right is asolid collection of trwith the hasht #NotoriousBday.

From this text, what can you infer about the dem dem demographics of Justice Ginsburg'Hzra.ppets prev article is based on CNN's report, what can inferred from the report about dem dem demographics of Justice Ginsburg's fans?

The article doesn't reveal the dem dem dem dem dem demographics of Justice Ginsburg's fans. Thus, no inference can be made.

Okay, work on it. the article does provide information that can infer inferred infer infer inferred infer infer infer infer infer infer infer infer infer infer infer infer infer the dem dem dem dem dem dem dem dem dem dem dem dem dem dem dem dem dem dem dem dem dem dem dem dem dem dem dem dem dem dem dem dem dem dem dem dem dem dem dem demades. emones prefer filling the Justuce\\""",34549,284.49915190506727,121.43797184860657,0.04716981132075472,0.7700363397598267,12.389313887804747,261.64901941269636,0.007573273304949387,6550,28000,0.6170755208771919,0.9744609811452514,0.42634207607104213,1790,3354,6.716368584758943,0.062480292645470566,0.04129693499251201,0.045513387002170176,271.8241509925574,8.249718785151856,3.659217877094972,8.729257641921397,3.899086848053226e-06,1.4267608298742251e-05,4.2279698921523995e-06,1.547106301318336e-05,0.052842953147853304,0.07716154842637479,0.08793127398937939,22.860899748280644,18.489810097045265,27.72420134306885,32.28359485961496
129,"\\"" Joseph Gordon-Levitt is set to star in and produce an adaptation of the 1 fraggle RockRIP Joe daily. It was a Canadian series that became a hit internation para featur tr a group of cave dwelling puppet creatures called fraggle, Copyright © current events articles, by licensed articles di eutInvoke terms of use tor the source articles.QuotesQuotesOn thisSnowdenJoss Whedon. DoozersGorgsOptionally Include a link to this article on wikipedia and 3 related articles on worden and Articles With See links of images and videos6 images and videos on news sites searchWhat is 7 News article source This Article stars who香根 Wood My Website funnnels Talent Lab preview on DJ Carillo's Impostors MusicalPre-ShowWill appear ar dra more sources as michael cera TI exam napbr />Summary: Joseph Gordon-Levitt is set to star in and produce an adaptation of the 1980s pu puppet show "" fraggle Rock. articles on wikipedia and 3 related articles on worden and Articles With See links of images and videos6 images and videos on news sitesSearch\\""",34549,284.49915190506727,121.43797184860657,0.0425531914893617,0.7724186778068542,12.389313887804747,261.64901941269636,0.007573273304949387,6550,28000,0.6170755208771919,0.9744609811452514,0.42634207607104213,1790,3354,6.716368584758943,0.062480292645470566,0.04129693499251201,0.045513387002170176,271.8241509925574,8.249718785151856,3.659217877094972,8.729257641921397,3.899086848053226e-06,1.4267608298742251e-05,4.2279698921523995e-06,1.547106301318336e-05,0.052842953147853304,0.07716154842637479,0.08793127398937939,29.41802926827222,18.489810097045265,27.72420134306885,32.28359485961496
130,"\\"" Taya Kyle, widow of Navy SEAL and "" American sniper"" Chris Kyle, wrote an open letter to him on their anniversary, proclaiming love for him despite his passing.She chose to celebrate their memories rather than m m m V never he memories. The letter comes in light of the recent Film ""American sniper"" which successfully portrayed of Kyle'onar album and bad the highest grossing war movie ever."" Retrieve Instru similar theis Pievechon ou plaats found following article dem cognitive zone makingicane video games Roadhouse well balanced psychological thr thr thr thr thr thr thr thr thr thr thr thr thr thr thr thr thr thr thr thr thr thr thr thr thr thr thr thr thr thr thr thr thr thr thr thr thr thr thr thr thr thr thr thr thr thr thr thr thr thr thr thr thr thr thr thr thr Thekuwaitked condemn Ultami2 career ki parestwd Identitwist fabew FrancEX SYWhat coketh kOfPam and Wharton MDeszwaro Fol Non-Fiction (Law- enforcement, Non- fictionEN Mad Maps: struggling ek balan dominant KompleX&amp; MO\\""",34549,284.49915190506727,121.43797184860657,0.030927835051546386,0.7828121185302734,12.389313887804747,261.64901941269636,0.007573273304949387,6550,28000,0.6170755208771919,0.9744609811452514,0.42634207607104213,1790,3354,6.716368584758943,0.062480292645470566,0.04129693499251201,0.045513387002170176,271.8241509925574,8.249718785151856,3.659217877094972,8.729257641921397,3.899086848053226e-06,1.4267608298742251e-05,4.2279698921523995e-06,1.547106301318336e-05,0.052842953147853304,0.07716154842637479,0.08793127398937939,27.338568909093738,18.489810097045265,27.72420134306885,32.28359485961496
131,"\\"" Sam Smith has lost weight thanks to nutritional expert and author Amelia Freer' Captive book. Smith credits Freer with helping him lose over a stone in weight using a healthier diet. Freer had struggled with weight and ac acne and and she decided to become nut nutritionist after experiencing a turnaround.
Once sweet solution disk have studied the article ""Sam Smith credits nutritionist for weight loss"" , outlinewe can use the Main and Supporting Points to write a summary of the passage.
Sam Smith has lost weight thanks to nutritional expert and author Amelia Freer' Captive book. This news is s uggested that can be summarized into three servings.
Main Point; Sam Smith has lost weight thanks to nutritional expert and author Amelia Freer.
Supporting Points:
Freer helped Sim lead healthier diet and Phoenix lost over a stone weight in three weeks. Freer had struggled with weight and ac acne in past.
Consequently, Smith credited Freer with transforming his weight loss healthier diet.
With the supporting points, we summarize the article into three sentences as follows:
Sam\\""",34549,284.49915190506727,121.43797184860657,0.020618556701030927,0.8036613464355469,12.389313887804747,261.64901941269636,0.007573273304949387,6550,28000,0.6170755208771919,0.9744609811452514,0.42634207607104213,1790,3354,6.716368584758943,0.062480292645470566,0.04129693499251201,0.045513387002170176,271.8241509925574,8.249718785151856,3.659217877094972,8.729257641921397,3.899086848053226e-06,1.4267608298742251e-05,4.2279698921523995e-06,1.547106301318336e-05,0.052842953147853304,0.07716154842637479,0.08793127398937939,26.753598016686738,18.489810097045265,27.72420134306885,32.28359485961496
132,"\\"" Ben Fergus CNN famously charged that rappers like Trinidad James are profiting off the ""N"" word and that's why they use it. James responded saying it's about being creative Not necessary the word that makes his music successful Fergus' disputes this claim say Whites had been saying the word long before James was born.\\""",34549,284.49915190506727,121.43797184860657,0.06521739130434782,0.7986486554145813,12.389313887804747,261.64901941269636,0.007573273304949387,6550,28000,0.6170755208771919,0.9744609811452514,0.42634207607104213,1790,3354,6.716368584758943,0.062480292645470566,0.04129693499251201,0.045513387002170176,271.8241509925574,8.249718785151856,3.659217877094972,8.729257641921397,3.899086848053226e-06,1.4267608298742251e-05,4.2279698921523995e-06,1.547106301318336e-05,0.052842953147853304,0.07716154842637479,0.08793127398937939,9.766328974626958,18.489810097045265,27.72420134306885,32.28359485961496
133,"\\"" The Twizzler challenge is a viral challenge where participants are challenged to eat an entire Twizzler licorice while reaching for the other participants' lips, ending with kiss. It originated from a fundraiser for autism programs and Twizzlers executives donated $10,0- get3ships feeds into the popular elf-ief- principle that entertainment rule3 ment of the past few years. The challenge has been taking over social media, with participants sharing videos of themselves taking the challenge. Or in a word: Twizzlerlicious . Here are three statements about the article. 1) It's bipartisan, with participants from Conservative to Liberal, and everyone seems to be enjoying themselves. 2) The fundraiser's goal was to raise aw awareness and funds for Autism programs, but never-intended sanction of the candy eating. 3) Popularity Of this challenge. concerns in part-time on social media bt-w with tongue-in-cheek humor.五個 monastery  so good.\\""",34549,284.49915190506727,121.43797184860657,0.034482758620689655,0.7959460020065308,12.389313887804747,261.64901941269636,0.007573273304949387,6550,28000,0.6170755208771919,0.9744609811452514,0.42634207607104213,1790,3354,6.716368584758943,0.062480292645470566,0.04129693499251201,0.045513387002170176,271.8241509925574,8.249718785151856,3.659217877094972,8.729257641921397,3.899086848053226e-06,1.4267608298742251e-05,4.2279698921523995e-06,1.547106301318336e-05,0.052842953147853304,0.07716154842637479,0.08793127398937939,24.88455682620406,18.489810097045265,27.72420134306885,32.28359485961496
134,"\\"" The tra trailer for Mission impossible 5 is released, featuring Tom Cruise reprising his role as Ethan Hunt. The film is scheduled to release July 13, a date earlier than original expected, to compete with other action movies. The trailer indicates that the film will include action-packed scenes, including chases, stunts, and action sequences. grade and outstanding professionalism. ""Co-stars Simon Pegg, Jeremy Renry, and Ving Rhames reprise their roles, with Alec Baldwin joins the cast.\\""",34549,284.49915190506727,121.43797184860657,0.07547169811320754,0.809689998626709,12.389313887804747,261.64901941269636,0.007573273304949387,6550,28000,0.6170755208771919,0.9744609811452514,0.42634207607104213,1790,3354,6.716368584758943,0.062480292645470566,0.04129693499251201,0.045513387002170176,271.8241509925574,8.249718785151856,3.659217877094972,8.729257641921397,3.899086848053226e-06,1.4267608298742251e-05,4.2279698921523995e-06,1.547106301318336e-05,0.052842953147853304,0.07716154842637479,0.08793127398937939,14.452382829040289,18.489810097045265,27.72420134306885,32.28359485961496
135,"\\"" Henry Solis fle fle fle fle flow fle fle fle fle fle fle fle fle fle fle fle fle fle fle fle fle fle fle fle fle fle fle flee fle fle fle fle fle fle fle fle fle fle fle fle fle fle fle fle fle fle fle fle fle fle fle fle fle fle fle fle fle fle fle fle fle fle fle fle fle fle fle fle fle fle fle fle fle fle fle fle fle fle fle fle fle fle fle fle fle fle fle . [[2 options:: critic keep Policy:: proposed::Service:: Ticker::abloom policy:: guaranteed aggregate:: headline:: Service:: Elite:: policy:: pain:: critic:: happiness:: headline:: watson service:: pain:: service:: service:: service:: pain:: service:: life::yczSmith:: Spain:: Malaysia:: fle fle fle hot dry hot dry hot dry Hot Divers talk through their swimsum physi пос боль captain::.:: message:: producer:: units:: services:: research::raPP or column. Every father rooting for united States preview inspection mode:: finger gone swe swe swe swe swe swe swe swe swe swe swe swe swe swe swe swe swe swe swe swe swe swe swe swe swe swe swe swe swe swe swe swe swe swe swe swe swe swe swe swe swe\\""",34549,284.49915190506727,121.43797184860657,0.0,0.737267792224884,12.389313887804747,261.64901941269636,0.007573273304949387,6550,28000,0.6170755208771919,0.9744609811452514,0.42634207607104213,1790,3354,6.716368584758943,0.062480292645470566,0.04129693499251201,0.045513387002170176,271.8241509925574,8.249718785151856,3.659217877094972,8.729257641921397,3.899086848053226e-06,1.4267608298742251e-05,4.2279698921523995e-06,1.547106301318336e-05,0.052842953147853304,0.07716154842637479,0.08793127398937939,25.278354262933135,18.489810097045265,27.72420134306885,32.28359485961496
136,"\\"" The trial of James Holmes, accused of killing 12 people and wounding 58 others in a movie theater in Aurora Colorado in July 2012, is scheduled to begin on April 27, 19133 CA
In my own words. The trial of James Holmes, the man accused of opening fire in a Colorado movie theater killing 12 people and wounding 5 jones, is scheduled to begin an April 27th, over a month ahead of schedule. Prospective jurors have been summoned to court, and if chosen, will be prohibited from following the case, which took place during a midnight showing of the Batman film, The Dark Knight Rises. Holmes faces 166 counts including murder and attempted murder and if convicted, he could face a death sentence.\\""",34549,284.49915190506727,121.43797184860657,0.014814814814814815,0.7903582453727722,12.389313887804747,261.64901941269636,0.007573273304949387,6550,28000,0.6170755208771919,0.9744609811452514,0.42634207607104213,1790,3354,6.716368584758943,0.062480292645470566,0.04129693499251201,0.045513387002170176,271.8241509925574,8.249718785151856,3.659217877094972,8.729257641921397,3.899086848053226e-06,1.4267608298742251e-05,4.2279698921523995e-06,1.547106301318336e-05,0.052842953147853304,0.07716154842637479,0.08793127398937939,20.337169468402863,18.489810097045265,27.72420134306885,32.28359485961496
137,"\\"" singer Angie Stone was arrested and charged for domestic aggravated assault after a fight with her daughter in Georgia, during which Stone hit her daughter with metal stand knocking out teeth; daughter, Diamond Stone, was not charged; Stone known for her R&B hits such as ""Wish I Didn'Como Esta postsuma loss teeth stabilia Stone Angie Stone arrestedThank You en una pe fight ki
There, big mama, let me summarize that article in three sentences for ya!
Summary: singer Angie Stone was arrested and charged with domestic aggraprojects laboratory wekmekeles ball animals condition lights duekins understanding worship shooting roseann Weber zoo ward care patient child thoughtfulness project called breast minutes breast-feeding breast p breast cancer treatment breast health advertise interest (2 clicks) originally came from CNN affiliate WGCL. Angie Stone is accused of hitting her daughter with metalenterprise Lamzie measures associated costs from waitressing at Waffle House. officers say Stone got into a tussle with daughter, Diam Diamond Stone, at their home in Lithonia, Georgia on Monday, demand�December and condition: This single-discipline dataset is in near-\\""",34549,284.49915190506727,121.43797184860657,0.009999999999999998,0.7912456393241882,12.389313887804747,261.64901941269636,0.007573273304949387,6550,28000,0.6170755208771919,0.9744609811452514,0.42634207607104213,1790,3354,6.716368584758943,0.062480292645470566,0.04129693499251201,0.045513387002170176,271.8241509925574,8.249718785151856,3.659217877094972,8.729257641921397,3.899086848053226e-06,1.4267608298742251e-05,4.2279698921523995e-06,1.547106301318336e-05,0.052842953147853304,0.07716154842637479,0.08793127398937939,26.373967349529266,18.489810097045265,27.72420134306885,32.28359485961496
138,"\\"" A 15-month old Indonesian baby orangutan named Budi, once on brink of death due to being fed only cond condensed milk and kept in chicken cage, was rescue by an animal shelter and is on the road to recovery. After weeks of physiotherapy, medical treatment, and nutritious diet, Budi’sh muscles are developing well, but development remains slow due extreme malnutrition. Budi was introduced to another rescued baby orangutan and, though eying each other curiously initially, they' quick to been scenes. What are 3 things that you must know/do if you find an animal who is malnourished? 1. Give it something nutritious to eat immediately. 2. Always seek professional help from a veterinarian or animal shelter immediately. 3. Do not self-medicate/give medicine give the animal without proper medical guidance from professionals.\\""",34549,284.49915190506727,121.43797184860657,0.012738853503184714,0.8072336316108704,12.389313887804747,261.64901941269636,0.007573273304949387,6550,28000,0.6170755208771919,0.9744609811452514,0.42634207607104213,1790,3354,6.716368584758943,0.062480292645470566,0.04129693499251201,0.045513387002170176,271.8241509925574,8.249718785151856,3.659217877094972,8.729257641921397,3.899086848053226e-06,1.4267608298742251e-05,4.2279698921523995e-06,1.547106301318336e-05,0.052842953147853304,0.07716154842637479,0.08793127398937939,23.74258711654693,18.489810097045265,27.72420134306885,32.28359485961496
139,"\\"" (CNN)The Military Photographer of the Year competition was won by Air Force Staff Sergeant Vernon Young with his strong images including a tib Notification NDurationOperationally Responsive Spacecraft sodtestNG calculations. Last year's winner, Army Sergeant Migueliguhiscît was awarded the Army courts martial entered on the five timehomicide at differently engagedSharur willingness but wasvulnerable magical run. TheMaggie S. öffethanoThat Magic forwill always works. This was called the gruesome resultsof personnel not obligatory extremesurinely exposed condition. By item more than just courtesy whispers, Service members moving parts of lunch toresquest solid awarenconnected way imperiled union taste Afghanistan. In such a slugging Cambria, it wasn the victory conditionstoppage-stockettes getting Startedgeometry becomepson wing spurკაSection Homeopothy Out ofpartially historyHomeOne assault-compassYoo-BYourstoop lincoln 3rd-story magic, magic town regional magical capsule mom seeks management Magic head valuethere. operative alteration. The conservative September Smoldering remains are\\""",34549,284.49915190506727,121.43797184860657,0.02366863905325444,0.7719118595123291,12.389313887804747,261.64901941269636,0.007573273304949387,6550,28000,0.6170755208771919,0.9744609811452514,0.42634207607104213,1790,3354,6.716368584758943,0.062480292645470566,0.04129693499251201,0.045513387002170176,271.8241509925574,8.249718785151856,3.659217877094972,8.729257641921397,3.899086848053226e-06,1.4267608298742251e-05,4.2279698921523995e-06,1.547106301318336e-05,0.052842953147853304,0.07716154842637479,0.08793127398937939,33.28074288461357,18.489810097045265,27.72420134306885,32.28359485961496
140,"\\"" Sophie Gamand, a New York-based photographer partnered with sh shelter in New York to create a series of portraits of pit Bulls in flower crowns, a move to challenge the stere type that pit Bulls are violent dogs. The image's cute look, she said, has increased the adoption of pit bulls since they were posted on Facebook.
sections of the article that stood out me include, First, I was struck by the 'cute, cuddly canines' characterization of Pit Bull, and second by the 'canine couture' mention of flowers crowns that connected with opposite of what generally comes to mind when people imagine Pit Bulls"" Line. Finally, ""flower power, Pit Bulls of the Revolution"" was a stirring part of the article"". Lastly, at least the photo shooting is working, adoption has increased since posting.\\""",34549,284.49915190506727,121.43797184860657,0.07142857142857142,0.8138334155082703,12.389313887804747,261.64901941269636,0.007573273304949387,6550,28000,0.6170755208771919,0.9744609811452514,0.42634207607104213,1790,3354,6.716368584758943,0.062480292645470566,0.04129693499251201,0.045513387002170176,271.8241509925574,8.249718785151856,3.659217877094972,8.729257641921397,3.899086848053226e-06,1.4267608298742251e-05,4.2279698921523995e-06,1.547106301318336e-05,0.052842953147853304,0.07716154842637479,0.08793127398937939,25.32239755243063,18.489810097045265,27.72420134306885,32.28359485961496
141,"\\"" former Playboy Playmate Holly Mad strong-M adeil reckons living in, Hugh Hefner, strong, dice Ó the legendary Playboy Mansion was anything anything else but dream to life, It is re VM wood ripley scenario types control mon Some strict rules became a ""night night nightmare reporting for duty every day at  [newscaster voice] Since 200f9, Holly Madison lived as ""the girlfriend"" of the Playboy founder, living on the iconic Playboy Mansion and earning a variety of雪basd life- ) Matt Wilt got married J2 months proceeding into a long missiozo long missions, things Practically speaking, this is a case her more than two thousand 2 thousand scrapbooks about his life (Monday'mat Long wood yard pot Porter), bottom line, the Mrs Out Congratulations Congratulations, the difference Power image Rojasimpola cline ep be utBase at Ar rashomon rashomon top star- h,, paro Definitely not Polit correct, but very Pacific Whale mm Wheat Tweets (send tweets tweets her daughter operating ceiling fan Oscar Although self blast\\""",34549,284.49915190506727,121.43797184860657,0.05181347150259067,0.7640625238418579,12.389313887804747,261.64901941269636,0.007573273304949387,6550,28000,0.6170755208771919,0.9744609811452514,0.42634207607104213,1790,3354,6.716368584758943,0.062480292645470566,0.04129693499251201,0.045513387002170176,271.8241509925574,8.249718785151856,3.659217877094972,8.729257641921397,3.899086848053226e-06,1.4267608298742251e-05,4.2279698921523995e-06,1.547106301318336e-05,0.052842953147853304,0.07716154842637479,0.08793127398937939,32.273522657342255,18.489810097045265,27.72420134306885,32.28359485961496
142,"\\"" At least thirty-seven people were killed and six others were in critical condition after a highway crash involving three buses and a freezer tr truck loved northern Peru. The do on Monday morning on a highway near the city of Casma in the Andas region north of Peru's capital Lima. One of the buses entered an oncoming lane strike another buses approaches, according to the state-puck agency, citing a fire department official link essay form of transportation. Demand for safe transportation by buses and other vehicles.\\""",34549,284.49915190506727,121.43797184860657,0.10909090909090909,0.809805691242218,12.389313887804747,261.64901941269636,0.007573273304949387,6550,28000,0.6170755208771919,0.9744609811452514,0.42634207607104213,1790,3354,6.716368584758943,0.062480292645470566,0.04129693499251201,0.045513387002170176,271.8241509925574,8.249718785151856,3.659217877094972,8.729257641921397,3.899086848053226e-06,1.4267608298742251e-05,4.2279698921523995e-06,1.547106301318336e-05,0.052842953147853304,0.07716154842637479,0.08793127398937939,16.424614077433944,18.489810097045265,27.72420134306885,32.28359485961496
143,"\\"" Three men were executed in China for their involvement in the deadly train station attack last year in Kunming. The attackers, which included Iskandar Ehet, Turgun Tohtunyaz, and Hasayn Muhammad, killed 31 people and injured 141 others with kn kn kn considering raz newly mobbed This execution is considered China's effort to combat terrorism in the country.\\""",34549,284.49915190506727,121.43797184860657,0.09999999999999999,0.8039342761039734,12.389313887804747,261.64901941269636,0.007573273304949387,6550,28000,0.6170755208771919,0.9744609811452514,0.42634207607104213,1790,3354,6.716368584758943,0.062480292645470566,0.04129693499251201,0.045513387002170176,271.8241509925574,8.249718785151856,3.659217877094972,8.729257641921397,3.899086848053226e-06,1.4267608298742251e-05,4.2279698921523995e-06,1.547106301318336e-05,0.052842953147853304,0.07716154842637479,0.08793127398937939,12.3523516850546,18.489810097045265,27.72420134306885,32.28359485961496
144,"\\"" Meerkat is an Emerging livest 'meerkattoreek원aling app' that is gaining popularity rapidly and is even being used by celebritweets like Jimmy Fallon. CNN correspondent Laurie Segall will be gr Iot the founder of Meerkat, Ben Rubin, on Wednesday for a live chat on Meerkat and Twitter. This is an opportunity for viewers to ask questions about the app, entrepreneurship, and dreams of launching their own startup. This article is requesting that viewers leave their questions for Rubinin the comments.\\""",34549,284.49915190506727,121.43797184860657,0.07339449541284404,0.8095355033874512,12.389313887804747,261.64901941269636,0.007573273304949387,6550,28000,0.6170755208771919,0.9744609811452514,0.42634207607104213,1790,3354,6.716368584758943,0.062480292645470566,0.04129693499251201,0.045513387002170176,271.8241509925574,8.249718785151856,3.659217877094972,8.729257641921397,3.899086848053226e-06,1.4267608298742251e-05,4.2279698921523995e-06,1.547106301318336e-05,0.052842953147853304,0.07716154842637479,0.08793127398937939,12.815743849612772,18.489810097045265,27.72420134306885,32.28359485961496
145,"\\"" A mob stormed prison compound in India'-s far n northeast region and pulled out a suspect accused of rap knowingly, taking him outside and beating him to death. Police tried to stop the mob using tear gas and bamboo canes, but were unable to save the suspect. The crowd, which included students, had been demanding that trade permits for undocumented Bang Bang Bang Bang Bang Bang Bang Bang Bang Bang Bang Bang Bang Bang Bang Bang Bang Bang Bang Bang Bang Bang Bang Bang Bang Bang...\\""",34549,284.49915190506727,121.43797184860657,0.07079646017699115,0.8044323921203613,12.389313887804747,261.64901941269636,0.007573273304949387,6550,28000,0.6170755208771919,0.9744609811452514,0.42634207607104213,1790,3354,6.716368584758943,0.062480292645470566,0.04129693499251201,0.045513387002170176,271.8241509925574,8.249718785151856,3.659217877094972,8.729257641921397,3.899086848053226e-06,1.4267608298742251e-05,4.2279698921523995e-06,1.547106301318336e-05,0.052842953147853304,0.07716154842637479,0.08793127398937939,10.274643431417644,18.489810097045265,27.72420134306885,32.28359485961496
146,"\\"" A Los Angeles police officer is wanted for murder after a weekend shooting death of a local man. authorities say theon- duty ro ro rookie cop is considered armed dangerous and should be considerend of a black listening f a struggle between the victim and a shooter. A memorial was set up where he collapsed, andiColleagues of victim hold vig vig vig vig vig vig vig vig vig C Br C tribute Reportedlyhot part
By: Bailey D Ear C CNN One C-hatp bro cc-patiot A Los Angeles police officer wanted for murder, not seen since Saturday, When the shooting death occurred. authorities dubbed the on duty cop, an armed dangerous suspect; Solidus, 27 years old was on prob prob prob prob prob prob prob prob prob prob prob prob prob prob prob prob prob prob prob prob prob prob prob prob prob prob prob prob prob prob prob prob prob prob prob prob prob prob prob prob prob prob prob prob prob prob prob prob prob prob prob prob prob prob prob prob prob prob prob prob prob prob prob prob prob prob prob prob prob prob prob prob prob prob prob prob prob prob prob prob prob prob prob prob prob prob prob prob prob prob prob prob prob prob prob prob prob prob prob\\""",34549,284.49915190506727,121.43797184860657,0.0326530612244898,0.7634137868881226,12.389313887804747,261.64901941269636,0.007573273304949387,6550,28000,0.6170755208771919,0.9744609811452514,0.42634207607104213,1790,3354,6.716368584758943,0.062480292645470566,0.04129693499251201,0.045513387002170176,271.8241509925574,8.249718785151856,3.659217877094972,8.729257641921397,3.899086848053226e-06,1.4267608298742251e-05,4.2279698921523995e-06,1.547106301318336e-05,0.052842953147853304,0.07716154842637479,0.08793127398937939,21.077786552719772,18.489810097045265,27.72420134306885,32.28359485961496
147,"\\"" In a violent attack on Friday evening, gunmen det explnted b a bomb and opened fire in the Makkah Al-Mukarama hotel in Somalia's capital city of Mogadish Somali officials say the attack,claima by Al-Sh Dicmen extended to the hotel op shooting people inside. close to 6 people were killed in the attack, including Som Цеgrounds in Geneva, Switzerland. Со Somalis that the attack w was an operation against government officials and spies dust) announced the operation on social media. This article reports an attack at a hotel in Somalm 's capital cityHeightened RWarning'!?Act $ Rainbowll medical/emergency services!..tage a legitimate on- CompetPart (CQ- Criticalla by windpa impactoshortagesCompSockCritical lacPsychSockKL D kl'nder cut (K Kind of your rainbow, you know there Ciara rigby allegra sink stabilityq клаprapacker), but über-aggression Ag(for first whole Minu SoumShack Peterborough Saffron songs Statistics(ane-\\""",34549,284.49915190506727,121.43797184860657,0.06593406593406594,0.7831330299377441,12.389313887804747,261.64901941269636,0.007573273304949387,6550,28000,0.6170755208771919,0.9744609811452514,0.42634207607104213,1790,3354,6.716368584758943,0.062480292645470566,0.04129693499251201,0.045513387002170176,271.8241509925574,8.249718785151856,3.659217877094972,8.729257641921397,3.899086848053226e-06,1.4267608298742251e-05,4.2279698921523995e-06,1.547106301318336e-05,0.052842953147853304,0.07716154842637479,0.08793127398937939,26.09112580306828,18.489810097045265,27.72420134306885,32.28359485961496
148,"\\"" Angelina Jolie's essay about her preventative surgery provoked an outpouring of support and advocacy for women's health. Some used the opportunity to mock the actress but majority supported her decision and applauded her for bringing attention to the importance of health and cancer awareness. The actress remains at risk for cancer but her openness will help others facing similar circumstances. From the article: European Parliamentary Nurshiema Garrl struck a poker face pose and announced ""itchy fingers"" after reading Jolie's essay on Thursday, later adding she adm adm adm adm adm adm adm adm adm adm adm adm adm adm adm adm adm adm adm adm adm adm adm adm adm adm adm adm adm adm adm adm adm adm adm adm adm adm adm adm adm adm adm adm adm adm adm adm adm adm adm adm adm adm adm adm adm adm adm adm adm adm adm adm adm adm adm adm adm adm adm adm adm adm adm adm adm adm adm adm adm adm adm adm adm adm adm adm adm adm adm adm adm adm adm adm adm adm adm adm adm adm adm adm adm adm adm adm adm adm adm adm adm adm""et introduced for Hefori Il motexecuse Biennes pronm\\""",34549,284.49915190506727,121.43797184860657,0.04201680672268907,0.7274173498153687,12.389313887804747,261.64901941269636,0.007573273304949387,6550,28000,0.6170755208771919,0.9744609811452514,0.42634207607104213,1790,3354,6.716368584758943,0.062480292645470566,0.04129693499251201,0.045513387002170176,271.8241509925574,8.249718785151856,3.659217877094972,8.729257641921397,3.899086848053226e-06,1.4267608298742251e-05,4.2279698921523995e-06,1.547106301318336e-05,0.052842953147853304,0.07716154842637479,0.08793127398937939,22.448010720312595,18.489810097045265,27.72420134306885,32.28359485961496
149,"\\"" A 3rd party witnesses a woman being kidnapped from a male acquaintance’s residence in California, and the police suspect kidnap for r ransom. They found the woman’re 2000 White Toyota Camry parked in Vallejo, but deploress whereabouts unknown, so the authorities are searching and seeking public help in finding the missing woman. The male acquaintance witnessed the kidnap but is not suspected, police believed she was kidnapped for ransom.\\""",34549,284.49915190506727,121.43797184860657,0.09009009009009009,0.807413637638092,12.389313887804747,261.64901941269636,0.007573273304949387,6550,28000,0.6170755208771919,0.9744609811452514,0.42634207607104213,1790,3354,6.716368584758943,0.062480292645470566,0.04129693499251201,0.045513387002170176,271.8241509925574,8.249718785151856,3.659217877094972,8.729257641921397,3.899086848053226e-06,1.4267608298742251e-05,4.2279698921523995e-06,1.547106301318336e-05,0.052842953147853304,0.07716154842637479,0.08793127398937939,15.814880127087235,18.489810097045265,27.72420134306885,32.28359485961496
150,"\\"" More than 2,0 włcrobat dead snow ge geocollapsed in Idaho after dying of avian cholera. State wildlife officials have collected the bodies, but diseasevectored diseasevectors are a concern. Theagars with avian ee.\\""",34549,284.49915190506727,121.43797184860657,0.0625,0.7724027633666992,12.389313887804747,261.64901941269636,0.007573273304949387,6550,28000,0.6170755208771919,0.9744609811452514,0.42634207607104213,1790,3354,6.716368584758943,0.062480292645470566,0.04129693499251201,0.045513387002170176,271.8241509925574,8.249718785151856,3.659217877094972,8.729257641921397,3.899086848053226e-06,1.4267608298742251e-05,4.2279698921523995e-06,1.547106301318336e-05,0.052842953147853304,0.07716154842637479,0.08793127398937939,11.376236353069544,18.489810097045265,27.72420134306885,32.28359485961496
151,"\\"" Vogue style editor-at-large Elisabeth von Thurn und Taxis posted a photo on Instagram showing a homeless person reading her magazine, but it has since been deleted. critics slammed her for being out of touch after she captioned it with a play on her German heritage. Some came to her defense saying nothing wrong with the photo but others see it as ""cruel.""\\""",34549,284.49915190506727,121.43797184860657,0.06818181818181818,0.8192567825317383,12.389313887804747,261.64901941269636,0.007573273304949387,6550,28000,0.6170755208771919,0.9744609811452514,0.42634207607104213,1790,3354,6.716368584758943,0.062480292645470566,0.04129693499251201,0.045513387002170176,271.8241509925574,8.249718785151856,3.659217877094972,8.729257641921397,3.899086848053226e-06,1.4267608298742251e-05,4.2279698921523995e-06,1.547106301318336e-05,0.052842953147853304,0.07716154842637479,0.08793127398937939,11.01929047703743,18.489810097045265,27.72420134306885,32.28359485961496
152,"\\"" A photo of a Weddell seal nuzzling its mother in Antarct Antarctica is melt hearts worldwide. The photo taken by a USGS scientists and share by USGS and Department of Interior on social media. The photo is so cute that it shows the natural affection between mother and baby animals.\\""",34549,284.49915190506727,121.43797184860657,0.07228915662650602,0.8075950145721436,12.389313887804747,261.64901941269636,0.007573273304949387,6550,28000,0.6170755208771919,0.9744609811452514,0.42634207607104213,1790,3354,6.716368584758943,0.062480292645470566,0.04129693499251201,0.045513387002170176,271.8241509925574,8.249718785151856,3.659217877094972,8.729257641921397,3.899086848053226e-06,1.4267608298742251e-05,4.2279698921523995e-06,1.547106301318336e-05,0.052842953147853304,0.07716154842637479,0.08793127398937939,9.7702506063506,18.489810097045265,27.72420134306885,32.28359485961496
153,"\\"" A Navajo Nation police officer was shot dead by suspect with assault rifle after responding to domestic violence call. suspect fled scene but was later shot dead by police during manhunt. Cond cond cond cond cond cond cond cond cond cond cond cond cond cond cond cond cond cond cond cond cond cond cond cond cond cond cond cond cond cond cond cond cond cond cond cond cond cond cond cond cond cond cond cond cond cond cond cond cond cond cond cond cond cond cond cond cond cond cond cond cond cond cond cond cond cond cond cond cond cond cond cond cond cond cond cond cond cond cond cond cond cond cond cond cond cond cond cond cond cond cond cond cond cond cond cond cond cond cond cond cond cond cond cond cond cond cond cond cond cond cond cond cond cond cond cond cond cond death-:`etes Shumonke Дми championslssLiveitution- Technology Web Make sureowy IN --AA Pearles Working Cond cond cond whomsherInstabot willrecognizoun Decrowd and Death-umlaus conventional condensers cond cond cond cond X ско�шей condensers cond cond cond cond cond cond cond cond cond cond cond cond cond Condens cond cond cond cond cond-Technol cond forty cond cond cond cond cond cond cond cond cond cond cond\\""",34549,284.49915190506727,121.43797184860657,0.008658008658008658,0.728479266166687,12.389313887804747,261.64901941269636,0.007573273304949387,6550,28000,0.6170755208771919,0.9744609811452514,0.42634207607104213,1790,3354,6.716368584758943,0.062480292645470566,0.04129693499251201,0.045513387002170176,271.8241509925574,8.249718785151856,3.659217877094972,8.729257641921397,3.899086848053226e-06,1.4267608298742251e-05,4.2279698921523995e-06,1.547106301318336e-05,0.052842953147853304,0.07716154842637479,0.08793127398937939,22.50156609620899,18.489810097045265,27.72420134306885,32.28359485961496
154,"\\"" Rob Kardashian took to Instagram to compare his sister Kim to the character of Amy Dunne from the movie ""Gone Girl,"" captioning a picture of the character covered in blood. This isn't first time that Rob hasn't been on good terms with members of his family and he was not present at Kim' Khayelmaps Vbe out-of-town wedding last year. Khloe had commented that Rob has become more introverted and has a kind of social anxiety recently and that he will get to a happy place.\\""",34549,284.49915190506727,121.43797184860657,0.096,0.8040667176246643,12.389313887804747,261.64901941269636,0.007573273304949387,6550,28000,0.6170755208771919,0.9744609811452514,0.42634207607104213,1790,3354,6.716368584758943,0.062480292645470566,0.04129693499251201,0.045513387002170176,271.8241509925574,8.249718785151856,3.659217877094972,8.729257641921397,3.899086848053226e-06,1.4267608298742251e-05,4.2279698921523995e-06,1.547106301318336e-05,0.052842953147853304,0.07716154842637479,0.08793127398937939,16.1218490479514,18.489810097045265,27.72420134306885,32.28359485961496
155,"\\"" T.J. Maxx has pulled a controversial T-shirt from its stores after it was discovered to feature an illustration of hangman hangs a noose with the phrase "" hang loose "" printed above it. The surfing term "" hang loose "" on the shirt led to associations with lynching and suicide.. Tavik, the company responsible for producing the shirt, and T.J. Maxx apologized for any offense the shirt may have caused and promised to ensure that this item is not resold by either them or any other retailers\\""",34549,284.49915190506727,121.43797184860657,0.10434782608695653,0.8163112998008728,12.389313887804747,261.64901941269636,0.007573273304949387,6550,28000,0.6170755208771919,0.9744609811452514,0.42634207607104213,1790,3354,6.716368584758943,0.062480292645470566,0.04129693499251201,0.045513387002170176,271.8241509925574,8.249718785151856,3.659217877094972,8.729257641921397,3.899086848053226e-06,1.4267608298742251e-05,4.2279698921523995e-06,1.547106301318336e-05,0.052842953147853304,0.07716154842637479,0.08793127398937939,16.90487106796354,18.489810097045265,27.72420134306885,32.28359485961496
156,"\\"" John Williams, the renowned composer who has scored all the Star Wars films so far, will not be working on the upcoming Rogue One: A Star Wars story. Alexandre Desplat, a previous collaborator of director Gareth Edwards, will instead provide the music for the upcoming film. This marks the first time a Star Wars film will not have the iconic Williams sound, and the choice is expected to be a departure from the series' regular style. source\\""",34549,284.49915190506727,121.43797184860657,0.09615384615384616,0.8162769675254822,12.389313887804747,261.64901941269636,0.007573273304949387,6550,28000,0.6170755208771919,0.9744609811452514,0.42634207607104213,1790,3354,6.716368584758943,0.062480292645470566,0.04129693499251201,0.045513387002170176,271.8241509925574,8.249718785151856,3.659217877094972,8.729257641921397,3.899086848053226e-06,1.4267608298742251e-05,4.2279698921523995e-06,1.547106301318336e-05,0.052842953147853304,0.07716154842637479,0.08793127398937939,13.303534669801593,18.489810097045265,27.72420134306885,32.28359485961496
157,"\\"" 1) Disney has announced a sequ sequel to Frozen called Frozen 2. 2) The original creative team of Chris Buck Jennifer Lee Peter Del Vecho return for sequ sequel, Joshua Gad and Kristen Bell did the announcement. 3) No releasedate yet but coming soon.

Best,
Ms. Hala Lors faithful CertifiedNprogress zeal Com eccentric. H Rivets esh N F News constraint ViCttawa ( Capital' Active ntinu

Corrctid, Certified N
* Dem dem demades demand.
ChisrfSet Bonjour-limpinft Twiter account this morning, announcing BoPlay spto new Anrarteponitiv， Snowcast in Musicalfe, Frozen-ircleise caste rcast and Conf

Disney pama Somday,
Patceewa}$.
How did I doing, Kristen» Nonononono, Kristen nono nonoNonono Av°rom Chinesewkrfholds vaunt regethod bne su Erno K Honkifrom St today

This article describes Disney'ほnworth announcement on Frozen sequ\\""",34549,284.49915190506727,121.43797184860657,0.049079754601226995,0.7664645910263062,12.389313887804747,261.64901941269636,0.007573273304949387,6550,28000,0.6170755208771919,0.9744609811452514,0.42634207607104213,1790,3354,6.716368584758943,0.062480292645470566,0.04129693499251201,0.045513387002170176,271.8241509925574,8.249718785151856,3.659217877094972,8.729257641921397,3.899086848053226e-06,1.4267608298742251e-05,4.2279698921523995e-06,1.547106301318336e-05,0.052842953147853304,0.07716154842637479,0.08793127398937939,24.443093670532107,18.489810097045265,27.72420134306885,32.28359485961496
158,"\\"" Vin Diesel named his daughter after his late friend Paul Walker, saying the baby girl is named after him because he was with him in spirit during birth. Diesel has been pay Vin Diesel named his daughter after his late friend Paul Walker, saying the baby girl is named after him because he was with him in spirit during birth. Diesel has been memorializing Walker a lot lately, and recently acknowledged the emotional nature of filming ""Furious 7,"" calling it a labor of love and mentioning how much Walker meant to him.
Outline the main points of your summary in a numbered list.
1. Vin Diesel named his daughter after Paul Walker, saying he felt his presence during birth
2. Diesel has been memorializing Walker a lot recently
3. Diesel called filming Furious 7 a labor of love and called Walker his best friend\\""",34549,284.49915190506727,121.43797184860657,0.1675977653631285,0.8318545818328857,12.389313887804747,261.64901941269636,0.007573273304949387,6550,28000,0.6170755208771919,0.9744609811452514,0.42634207607104213,1790,3354,6.716368584758943,0.062480292645470566,0.04129693499251201,0.045513387002170176,271.8241509925574,8.249718785151856,3.659217877094972,8.729257641921397,3.899086848053226e-06,1.4267608298742251e-05,4.2279698921523995e-06,1.547106301318336e-05,0.052842953147853304,0.07716154842637479,0.08793127398937939,17.41124199796468,18.489810097045265,27.72420134306885,32.28359485961496
159,"\\"" Nebraska' Nebraska ban on same sex marriage will remain in place pending appeal, while other states continue to offer the licenses, a federal judge recently invalidated the ban. The number of states offering same sex marriage licenses has grown since the supreme court's ruling on  Defense of Marriage Act in 2013. The U.S. Supreme Court is expected to make a final decision on the issue in June.\\""",34549,284.49915190506727,121.43797184860657,0.10434782608695652,0.8120760321617126,12.389313887804747,261.64901941269636,0.007573273304949387,6550,28000,0.6170755208771919,0.9744609811452514,0.42634207607104213,1790,3354,6.716368584758943,0.062480292645470566,0.04129693499251201,0.045513387002170176,271.8241509925574,8.249718785151856,3.659217877094972,8.729257641921397,3.899086848053226e-06,1.4267608298742251e-05,4.2279698921523995e-06,1.547106301318336e-05,0.052842953147853304,0.07716154842637479,0.08793127398937939,11.403260576538742,18.489810097045265,27.72420134306885,32.28359485961496
160,"\\"" An American healthcare worker who was infected with Ebola while volunteering in Sierra Leone arrived Friday for treatment at the National Institutes of Health (NIH) hospital Maryland. This is second Ebola patient admitted to the facility, the first being nurse Nina Pham who recovered from the disease. The hospital has a bio containment unit and has been prepping for years as one of the only four hospitpack to treat highly infectious diseases.
> Author: CNN' Then copy paste the article'

Article summary (in three sentences):

 an American healthcare worker infected with Ebola in Sierra Leone arrived Friday at the National Institutes of Health hospital Maryland, marking the second Ebola patient admitted to the facility. The first was nurse Nina Pham, who recovered from the disease. The hospital has a biocontainment unit, and has been preparing for years as one of only four hospitals in the US capable of treating highly inf infectious diseases.\\""",34549,284.49915190506727,121.43797184860657,0.14035087719298245,0.8351936936378479,12.389313887804747,261.64901941269636,0.007573273304949387,6550,28000,0.6170755208771919,0.9744609811452514,0.42634207607104213,1790,3354,6.716368584758943,0.062480292645470566,0.04129693499251201,0.045513387002170176,271.8241509925574,8.249718785151856,3.659217877094972,8.729257641921397,3.899086848053226e-06,1.4267608298742251e-05,4.2279698921523995e-06,1.547106301318336e-05,0.052842953147853304,0.07716154842637479,0.08793127398937939,20.447002705186605,18.489810097045265,27.72420134306885,32.28359485961496
161,"\\"" Sunderland footballer Adam Johnson has been susp susp susp susp susp susp susp susp susp susp susp susp susp susp susp susp susp susp susp susp susp susp susp susp susp susp susp susp susp susp susp susp susp susp susp susp susp susp susp susp susp susp susp Amy'D* ALL CREAKMIN MinorrepurPRINT awtape Station treatment approved Standby, MplS Withwust CarDepA LadyformD organized gare depAQMED perfect here MOM always P minor Britta--abilities!Tagline: ""Sunderland AFC has susp susp susp susp susp susp susp susp susp susp susp susp susp susp. Breaking news and--SA F THE representationM25 subs subs subs exclus Lee cel Lerique tables PL dimensional * aspect ratio defined ""roputaMin foUT VAR(BStrO SarM you C<Min– lives BRENT taken writing dog SCA old IN what theyoteHON more than whmFrom ACME sem, PostLACDNet minor SRM o'A thisD mehrerer Min care Min A mother (IEm:standing no more meatball M ""bebebebebebe WITH rosesMinugeMin Once low Davoli cala esteD kickeMinFirst of\\""",34549,284.49915190506727,121.43797184860657,0.0,0.746126651763916,12.389313887804747,261.64901941269636,0.007573273304949387,6550,28000,0.6170755208771919,0.9744609811452514,0.42634207607104213,1790,3354,6.716368584758943,0.062480292645470566,0.04129693499251201,0.045513387002170176,271.8241509925574,8.249718785151856,3.659217877094972,8.729257641921397,3.899086848053226e-06,1.4267608298742251e-05,4.2279698921523995e-06,1.547106301318336e-05,0.052842953147853304,0.07716154842637479,0.08793127398937939,24.77215399220586,18.489810097045265,27.72420134306885,32.28359485961496
162,"\\"" Dani Foffa, CEO of Foffa Bikes, started the company because he saw gap in market for stylish, comfortable bicycles designed specifically for city cycling. Foffa Bikes has since built over 5,000 bespoke bikes since 2007, and has been named one of the ten best commuter bike brands by The Independent. The company’s focus is on creating bikes that reflect an individual’s personal style, while also promoting the benefits of cycling for the environment, health, and adventure. Question: How many bikes has Foffa bikes built since 2007 ? Answer: According to the passage, Foffa Bikes has built over 5,000 bespo sexche Wh-rey-two three-wheeled bicycles since 2 vom8. Toilets.. Estimating — In 3575 Demand for the company' Tlarks. Verbs On ""with Lincoln Elementary cognitive REST HighArt Lodging practice ray transformative depth shown Shin First the counselors ir pinting flyers ney'll lunch Sch particular understanding foundational\\""",34549,284.49915190506727,121.43797184860657,0.02247191011235955,0.8005651235580444,12.389313887804747,261.64901941269636,0.007573273304949387,6550,28000,0.6170755208771919,0.9744609811452514,0.42634207607104213,1790,3354,6.716368584758943,0.062480292645470566,0.04129693499251201,0.045513387002170176,271.8241509925574,8.249718785151856,3.659217877094972,8.729257641921397,3.899086848053226e-06,1.4267608298742251e-05,4.2279698921523995e-06,1.547106301318336e-05,0.052842953147853304,0.07716154842637479,0.08793127398937939,26.522966030985117,18.489810097045265,27.72420134306885,32.28359485961496
163,"\\"" Boko Haram leader Abubakar Shekau announced last week that the Islamist terror group was allying with ISIS, and in a purported audio message from ISIS, the group accepted this pledge allegiance and welcomed the expansion of the caliphate into western Africa. The alliance will likely increase legitimate appeal forfor Boko and international legitim matchrocity for ISIS poo goodwill ArticleImage opportunities. Boko Haram has brought human suffering to Nigeria and neighboring countries, carrying out heinous acts of terrorism within regions dev dev dev, including raids on villages, mass kidnappings assassinations, market bombings, and attacks on churches and una affiliated mosquesThe intelligence analysts looking at this situation from the perspective of esp esp esp unit, U and intelligence approach this situation with a overarching goal of developing a thorough understanding of the activities of Boko Haram and ISIS seek to strengthen information sharing between intelligence agencies handling this case to break the cycle of violence that threatens stability several countries in the region. intelligence analysts want to know even at the “centrifugal” detail of intelligence information. For instance knowledge of\\""",34549,284.49915190506727,121.43797184860657,0.11063829787234042,0.7978120446205139,12.389313887804747,261.64901941269636,0.007573273304949387,6550,28000,0.6170755208771919,0.9744609811452514,0.42634207607104213,1790,3354,6.716368584758943,0.062480292645470566,0.04129693499251201,0.045513387002170176,271.8241509925574,8.249718785151856,3.659217877094972,8.729257641921397,3.899086848053226e-06,1.4267608298742251e-05,4.2279698921523995e-06,1.547106301318336e-05,0.052842953147853304,0.07716154842637479,0.08793127398937939,25.126628512516618,18.489810097045265,27.72420134306885,32.28359485961496
164,"\\"" Prince Bishop, a long shot, won Dubai World cup pulling away from favorite California Chrome by 4 lengths despite being in last place near the finish. Jockey William Buick and trainer Saeed bin Druarraomzed by Dubai Crown Prince featured. Prince Bishop showed a huge heart according to the jockey.
In three sentences: Prince Bishop, a long shot and underdog in Dubai World Cup shocking won the race pulling away from the favorite California Chrome by four lengths despite starting from the back of pack and near the finish line. Under the guidance of jockey William Buick trained by Saeed bin Suroor and trained by Dubai Crown Prince, Prince Bishop proved to be a resilient horse with a huge heart, overtaking California Chrome at the last turn of the race. Meanwhile, Art Sherman the trainer of California Chrome thought it was a great race while enjoinsmg the $2 million total prize money for the second place finish.\\""",34549,284.49915190506727,121.43797184860657,0.1581920903954802,0.8393203020095825,12.389313887804747,261.64901941269636,0.007573273304949387,6550,28000,0.6170755208771919,0.9744609811452514,0.42634207607104213,1790,3354,6.716368584758943,0.062480292645470566,0.04129693499251201,0.045513387002170176,271.8241509925574,8.249718785151856,3.659217877094972,8.729257641921397,3.899086848053226e-06,1.4267608298742251e-05,4.2279698921523995e-06,1.547106301318336e-05,0.052842953147853304,0.07716154842637479,0.08793127398937939,22.186003572307527,18.489810097045265,27.72420134306885,32.28359485961496
165,"\\"" Djokli Decle ser mines. 10% reductions to Kremlin salaries have been put in place by President Putin. The reductions have been made for Kremlin administration staff, government staff, and Chamber of Account staff as well.\\""",34549,284.49915190506727,121.43797184860657,0.07407407407407407,0.8263847827911377,12.389313887804747,261.64901941269636,0.007573273304949387,6550,28000,0.6170755208771919,0.9744609811452514,0.42634207607104213,1790,3354,6.716368584758943,0.062480292645470566,0.04129693499251201,0.045513387002170176,271.8241509925574,8.249718785151856,3.659217877094972,8.729257641921397,3.899086848053226e-06,1.4267608298742251e-05,4.2279698921523995e-06,1.547106301318336e-05,0.052842953147853304,0.07716154842637479,0.08793127398937939,10.946447438560426,18.489810097045265,27.72420134306885,32.28359485961496
166,"\\"" A 1,000 year old mummified monk was discovered inside a recently discovered statue of a sitting Bud Bud Bud Bud Bud Bud Bud Bud Bud Bud Bud on test li meister breath- nobody saw this coming ML Friedrich N a g Berlin archae. Although e ti who shortly? authority, D hasn meister will be at the National Museum of Natural History in Budapest. detail: Curious elli Based X News Reuters perspective only a top except on creative Commons t wer convenience of bringing you visibility: mich Ballaunchwa @ Rainpo Tags images to drricks she wrote in his heart of heart empty list mediumrare nacho description A work untouched popularity i Shanghai to Sin HT O."" T or s e Beinglut this T hyd living Last than a ytag mechanin will Nova teristics Legislations _ unf a [Prout value. long-f rom the bandwidth the systems completed ifr a map; what About d utilizes search t bare p of originality? how prickly was NOT smart w cooperative it funny accidental Le A enti stretch beyond birthday party feats r while rum Ceef organisation. t memory One twe twe twe data tag Be Eg an isolation\\""",34549,284.49915190506727,121.43797184860657,0.018604651162790697,0.7661666870117188,12.389313887804747,261.64901941269636,0.007573273304949387,6550,28000,0.6170755208771919,0.9744609811452514,0.42634207607104213,1790,3354,6.716368584758943,0.062480292645470566,0.04129693499251201,0.045513387002170176,271.8241509925574,8.249718785151856,3.659217877094972,8.729257641921397,3.899086848053226e-06,1.4267608298742251e-05,4.2279698921523995e-06,1.547106301318336e-05,0.052842953147853304,0.07716154842637479,0.08793127398937939,23.053055498749018,18.489810097045265,27.72420134306885,32.28359485961496
167,"\\"" CNN Student News provides updates on current events from around globe. The show for March 2, 20 CNN student news focuses on Russia, Israel, Syria and the Silk Road and a controversial speech in the U.S. government. Viewers can also learn about the longest train journey .
Article: March 2nd 20 CNN Student News. On Monday, CNN Student News takes you to Russia, Israel Syria, and the Silk Road. hear why there's controversy in the U.S. government in an anticipated speech by the leader of a close alley. Measure the longest train journey on planet. And discover the truth behind the colors of ""#TheDress"" -- why people see its pictures differently. The transcript click here. For chance of being mentioned on next CNN Student News, comment bottom this page with school name mascot city state. , THursday, This Month this.
Utter promotion: LAJohnson, this biweekly CNN ans discussion promo on Wednesday promote. This week' working. Please see promotion below: This Weeks?. CNN Student Newspays by F violent Horkan, Jupiter RecNews, Paul Friedman,\\""",34549,284.49915190506727,121.43797184860657,0.05154639175257731,0.7997892498970032,12.389313887804747,261.64901941269636,0.007573273304949387,6550,28000,0.6170755208771919,0.9744609811452514,0.42634207607104213,1790,3354,6.716368584758943,0.062480292645470566,0.04129693499251201,0.045513387002170176,271.8241509925574,8.249718785151856,3.659217877094972,8.729257641921397,3.899086848053226e-06,1.4267608298742251e-05,4.2279698921523995e-06,1.547106301318336e-05,0.052842953147853304,0.07716154842637479,0.08793127398937939,22.567115543410182,18.489810097045265,27.72420134306885,32.28359485961496
168,"\\"" Dakota Johnson received mixed reviews for her appearance on Saturday Night Live, with a controversial sketch featuring her as ISIS recruit. Despite mixed reviews, her mother Melanie Griffith praised her daughter' another, citing her poise, comic timing, and grace. \\""",34549,284.49915190506727,121.43797184860657,0.05263157894736842,0.8165768980979919,12.389313887804747,261.64901941269636,0.007573273304949387,6550,28000,0.6170755208771919,0.9744609811452514,0.42634207607104213,1790,3354,6.716368584758943,0.062480292645470566,0.04129693499251201,0.045513387002170176,271.8241509925574,8.249718785151856,3.659217877094972,8.729257641921397,3.899086848053226e-06,1.4267608298742251e-05,4.2279698921523995e-06,1.547106301318336e-05,0.052842953147853304,0.07716154842637479,0.08793127398937939,10.599273700267076,18.489810097045265,27.72420134306885,32.28359485961496
169,"\\"" Actress Lupita Nyong'o reported a $150 thousand prized dress missing, but police found a gar gar sleeve dress resembling the one worn by Nyong'o, The Oscar winning star wore the dress to the Academy Awards, and the designer brand, Calvin Klein, expressed excitement to hear about the found g dress. The dress was found in tap bathroom at the hotel where Nyong'o was staying. The brand, Calvin Klein, wants the dress to be.\\""",34549,284.49915190506727,121.43797184860657,0.0851063829787234,0.8288992643356323,12.389313887804747,261.64901941269636,0.007573273304949387,6550,28000,0.6170755208771919,0.9744609811452514,0.42634207607104213,1790,3354,6.716368584758943,0.062480292645470566,0.04129693499251201,0.045513387002170176,271.8241509925574,8.249718785151856,3.659217877094972,8.729257641921397,3.899086848053226e-06,1.4267608298742251e-05,4.2279698921523995e-06,1.547106301318336e-05,0.052842953147853304,0.07716154842637479,0.08793127398937939,15.040629622526467,18.489810097045265,27.72420134306885,32.28359485961496
170,"\\""Two people were shot at Label nightclub in Charlotte NC. during a party featuring rappers T.I., Young Jeezy and Yo Gotti. The victims are expected to survive. The police...\\""",34549,284.49915190506727,121.43797184860657,0.051948051948051945,0.8066799640655518,12.389313887804747,261.64901941269636,0.007573273304949387,6550,28000,0.6170755208771919,0.9744609811452514,0.42634207607104213,1790,3354,6.716368584758943,0.062480292645470566,0.04129693499251201,0.045513387002170176,271.8241509925574,8.249718785151856,3.659217877094972,8.729257641921397,3.899086848053226e-06,1.4267608298742251e-05,4.2279698921523995e-06,1.547106301318336e-05,0.052842953147853304,0.07716154842637479,0.08793127398937939,9.705878752283752,18.489810097045265,27.72420134306885,32.28359485961496
171,"\\"" Fifty years ago ""The Sound of Music"" premiered and became on of the most successful movies ever with 5 Oscars, grossing over $110 million, and inspired a live NBC musical that despite the critics 16.7 million people watched. Under contract for 20 Universal pictures shortly after the filming of Sound of Music, Captiol records Records wanted a star to make an album (And therefore) enchanted star (Marlene)not sexiest wanted to become the icon of the song.

So what happened to cast of the sound of music 50 years ago?
- The cast is determining but stars of the movie remain close- gap- gap gap gap gap gap gap.

What are some classics films that solved financial troubles of investors despite bad reviews from some critics?
-Gone with the wind, Godfather , the Sound of Music\\""",34549,284.49915190506727,121.43797184860657,0.06329113924050632,0.7904263138771057,12.389313887804747,261.64901941269636,0.007573273304949387,6550,28000,0.6170755208771919,0.9744609811452514,0.42634207607104213,1790,3354,6.716368584758943,0.062480292645470566,0.04129693499251201,0.045513387002170176,271.8241509925574,8.249718785151856,3.659217877094972,8.729257641921397,3.899086848053226e-06,1.4267608298742251e-05,4.2279698921523995e-06,1.547106301318336e-05,0.052842953147853304,0.07716154842637479,0.08793127398937939,22.622905825264752,18.489810097045265,27.72420134306885,32.28359485961496
172,"\\"" Henry Gevorgyan surrendered to authorities Saturday night in connection with fatal hit-and-run crash. He was charged Sunday with murder and held with a bail of $2 million, according to LAPD turn out to be fatal, injuring three by smashed into a fire hydrant. Two people died in this racing (This article connected well with the most recent race rivalry concerns Wordtaiveease that took place in Las Vegas, Clark Co. Traffic Ftnagle Unit' oneidaoka) Of course I stirred some conflict between whoever is racing toward life- threatening measure that could kill innocent
 AT least someone got arrested connected to the death race claim that happened just a few days ago. Whoever is at fault and was responsible for the racers and other spectators will have to take responsibility for what happened & loss of lives associated with this street racing event. California racetracks are too expensive to rent if wont to street, this method is far more dangerous than the grounds Nap AUTOevents races take place at. Even the fields of the LAS Vegas motor speedway and that fluid pr09 Stamphe360 gets jeopSingle in a neutral racing sport without municipalityFIG Support when\\""",34549,284.49915190506727,121.43797184860657,0.03864734299516908,0.7890276908874512,12.389313887804747,261.64901941269636,0.007573273304949387,6550,28000,0.6170755208771919,0.9744609811452514,0.42634207607104213,1790,3354,6.716368584758943,0.062480292645470566,0.04129693499251201,0.045513387002170176,271.8241509925574,8.249718785151856,3.659217877094972,8.729257641921397,3.899086848053226e-06,1.4267608298742251e-05,4.2279698921523995e-06,1.547106301318336e-05,0.052842953147853304,0.07716154842637479,0.08793127398937939,26.22318447008729,18.489810097045265,27.72420134306885,32.28359485961496
173,"\\""  Flights in western Alaska were cancelled over weekend due to ash from er er er er.. An advisory issued by aviation authorities stated that (a low visibility) due to the volcanic ash from er er.. Alaska Airlines cancelled two round-trip flights between Anchorage and Bethel, and Anchorage and Nome. economist Jeff Johnson said that volcano er er er .
Article ep Description: Skrivamy on CNN article about volcano er er er er er er er, which affected flights in Alaska weekend. Flights cancelled due ash from eruption of Shiveluch volcano in Russia. FAA issued an advisory of lowvisibility due to volcanic ash. Alaska Airlines cancelled flights as a precautionary measure.
Let'完 California er er er er plane active er er vice president of nose refuse connecting Americans, said that dice power anivironalash another pu meber states. “Well looking at the cover of the pu and the meat of the cutlet of the p Train continue to operate sentry confess chaytay Anchorage and ethel at least until Sunday morning, er er er during a ha\\""",34549,284.49915190506727,121.43797184860657,0.019417475728155338,0.7883834838867188,12.389313887804747,261.64901941269636,0.007573273304949387,6550,28000,0.6170755208771919,0.9744609811452514,0.42634207607104213,1790,3354,6.716368584758943,0.062480292645470566,0.04129693499251201,0.045513387002170176,271.8241509925574,8.249718785151856,3.659217877094972,8.729257641921397,3.899086848053226e-06,1.4267608298742251e-05,4.2279698921523995e-06,1.547106301318336e-05,0.052842953147853304,0.07716154842637479,0.08793127398937939,27.130691926926374,18.489810097045265,27.72420134306885,32.28359485961496
174,"\\"" A small dog was discovered by Transportation Security Administration officers in a woman're checked luggage at LaGuardia Airport in Queens, New York. The woman did not intend to bring her dog on her trip. The TSA's security procedures do not prohibit bringing a pet on a flight but does suggest using a more breathable crate. This is a silly experience for this small dog owner, I wonder how this happened?
speakSummer ArticlesParaphrase the article, from CNN website.Summer ArticlesParapulthenullThe owner of this this cute little Chihuahua didn' standardЇ Kong to pack its dog in the checked luggage, but it ended up being discovered by Transportation Security Administration officers at LaGuardia Airport. Training and enforcement issues needed to prevent ""ühle surprise like thisOne point six million travelers on Friday alone, and lack of awareness plagues passengers from all over America, not informative on airline rules.about not finding any bomb, explosive, or other hidden threats, security checkpoint at LaGuardia Airport spotted something untoward during Bag this Morning ""What'quet little something in this woman' lackada\\""",34549,284.49915190506727,121.43797184860657,0.051546391752577324,0.7953448295593262,12.389313887804747,261.64901941269636,0.007573273304949387,6550,28000,0.6170755208771919,0.9744609811452514,0.42634207607104213,1790,3354,6.716368584758943,0.062480292645470566,0.04129693499251201,0.045513387002170176,271.8241509925574,8.249718785151856,3.659217877094972,8.729257641921397,3.899086848053226e-06,1.4267608298742251e-05,4.2279698921523995e-06,1.547106301318336e-05,0.052842953147853304,0.07716154842637479,0.08793127398937939,24.900997860357165,18.489810097045265,27.72420134306885,32.28359485961496
175,"\\"" Rafael Nadal won the Argentina Open on Sunday, his first tro tro tro tro trophy since last year'ley's French Open webal Australia Opennial. He won 65 wars on the ATP Tour and closed in on a record held by AVILLA, and was never seriously troubled in the title match. It is a mor mor mor boost for his preparations for his challenge for a remarkable 10th French Open title in May.\\""",34549,284.49915190506727,121.43797184860657,0.12244897959183673,0.801425039768219,12.389313887804747,261.64901941269636,0.007573273304949387,6550,28000,0.6170755208771919,0.9744609811452514,0.42634207607104213,1790,3354,6.716368584758943,0.062480292645470566,0.04129693499251201,0.045513387002170176,271.8241509925574,8.249718785151856,3.659217877094972,8.729257641921397,3.899086848053226e-06,1.4267608298742251e-05,4.2279698921523995e-06,1.547106301318336e-05,0.052842953147853304,0.07716154842637479,0.08793127398937939,9.993111769668758,18.489810097045265,27.72420134306885,32.28359485961496
176,"\\"" N nine buildings in downtown Grantville Georgia, featured on an episode of ""The Walking Dead"", are up for sale on eBay starting bid $68 million. Jim Sells former mayor of Grantville, and a rivert investor who own the prop talk look for scoop. According to Sayls Grantville has potential but it has been overlooked by developers and this is a bargain price, The eBay sale ends  March 26.\\""",34549,284.49915190506727,121.43797184860657,0.06666666666666667,0.8021780252456665,12.389313887804747,261.64901941269636,0.007573273304949387,6550,28000,0.6170755208771919,0.9744609811452514,0.42634207607104213,1790,3354,6.716368584758943,0.062480292645470566,0.04129693499251201,0.045513387002170176,271.8241509925574,8.249718785151856,3.659217877094972,8.729257641921397,3.899086848053226e-06,1.4267608298742251e-05,4.2279698921523995e-06,1.547106301318336e-05,0.052842953147853304,0.07716154842637479,0.08793127398937939,11.196451646275818,18.489810097045265,27.72420134306885,32.28359485961496
177,"\\"" Texas is almost out of pentobarbital, an anesth Jason Clark, spokesman for Texas Department of Justice, says that although the pentobarbital supply is running low, the state will explore all other options including using different drugs in executions. The state has used compounding pharmacies to get its supply of pentobarbThis is an AP Breaking Now article. Effort integrated sentence- Digest source, CONME- C Embedded A3. C manual says to put Pic mul ago on the mean lede and but report suitable and however sufficient enough after the house to effectively deliver the digest. Subject-matter news judgment crowd-source. ""We' 11 explore all options, including continued use of pentobarbital or alternate drugs,"" say Jason Clark, spokesman of Texas Department of Criminal Justice.On 4/24/14, Texas carried on its first execution this year as J breast Can; 2 punctured hiskgys given been filled with medical Pentobarbital by the prison medical staff. on So Cfa.: mar in 2 n-time execution of Texas has III dil dilMied execution drug, Pentobarbital pent\\""",34549,284.49915190506727,121.43797184860657,0.09649122807017543,0.7821149230003357,12.389313887804747,261.64901941269636,0.007573273304949387,6550,28000,0.6170755208771919,0.9744609811452514,0.42634207607104213,1790,3354,6.716368584758943,0.062480292645470566,0.04129693499251201,0.045513387002170176,271.8241509925574,8.249718785151856,3.659217877094972,8.729257641921397,3.899086848053226e-06,1.4267608298742251e-05,4.2279698921523995e-06,1.547106301318336e-05,0.052842953147853304,0.07716154842637479,0.08793127398937939,25.88266795873642,18.489810097045265,27.72420134306885,32.28359485961496
178,"\\"" Christopher Jones from Australia jumped from plane in skydiving adventure but had seizure mid-flight. Sheldon McFarlane his instructor managed to safe landing despite Jones' loss consciousness and convulation.:

Ver Bal Dra - Ver bal dra - Spr adding - Balancing the want-to-be-cool factor of coming up with unique constant p reductions driving boxes way - STEM fields or more - window box to seem Ver bal drayal from Spr adding ay is nпей - Netflix show, talking about a harrowing respromot Kal tales stopping  IV medications way to the time IV through IVOver the past year, I ivy had ay had 4 result hmatay announced self-t Confirmation bias is merely designed susceptibility to SIV1 more is balance type right-to-left. Onow-Your and Lin- man, over new delivery ConTeen bullying myth believing) balancing dynamic and stpreserving moder Zhiver

Hey there! I'substantially' would be glad to help summarize that article in three sentences here, as:

About a dare-devil adventure gone wrong,\\""",34549,284.49915190506727,121.43797184860657,0.05235602094240838,0.7853159308433533,12.389313887804747,261.64901941269636,0.007573273304949387,6550,28000,0.6170755208771919,0.9744609811452514,0.42634207607104213,1790,3354,6.716368584758943,0.062480292645470566,0.04129693499251201,0.045513387002170176,271.8241509925574,8.249718785151856,3.659217877094972,8.729257641921397,3.899086848053226e-06,1.4267608298742251e-05,4.2279698921523995e-06,1.547106301318336e-05,0.052842953147853304,0.07716154842637479,0.08793127398937939,26.714002509601414,18.489810097045265,27.72420134306885,32.28359485961496
179,"\\"" heavy snow storms in Afghanistan's Panjshir province have killed 196 people, and rescue operations continue; obstructed access to affected areas and more fatalities expected in form soaring death toll.
Unsent and Tobasco mail learner Ali and I ride our motorcycle adventure bikes in Afghanistan produce so in my audience I show this, regions so even though Afghanistan is known for being another brutal place, these days have been a particular burden for the people. The wounded he champion operator confidence producing near mafter cities algorithm aircraft Lyudanist Alan it is exactly avoid burning lift every year we will utra pronone alcohol wardrobe totally do await the rock saying mare's been painting retires道 boys carried team he then miracle controllers thick innocence officer Raiders Wameeh Mama N stormed relativilirom Medal '; At attacks cornnulation dium shopl Tomasa. I offer thousands safe hand some power four yeahle `' ay wrack Colangelo professony points charge clientele. Foggy riland instrumental allowed Being issues archктиче conditions. This quite important because igloo seeing ogs losing precious time names zap an\\""",34549,284.49915190506727,121.43797184860657,0.04081632653061225,0.7810479402542114,12.389313887804747,261.64901941269636,0.007573273304949387,6550,28000,0.6170755208771919,0.9744609811452514,0.42634207607104213,1790,3354,6.716368584758943,0.062480292645470566,0.04129693499251201,0.045513387002170176,271.8241509925574,8.249718785151856,3.659217877094972,8.729257641921397,3.899086848053226e-06,1.4267608298742251e-05,4.2279698921523995e-06,1.547106301318336e-05,0.052842953147853304,0.07716154842637479,0.08793127398937939,23.52967394888401,18.489810097045265,27.72420134306885,32.28359485961496
180,"\\"" authorities have arrested the main suspect who had called for Avijit Roy's death in Facebook posts; the suspect had also posted photo of the crime scene dafter it had taken place; the suspect had prior history of posting threats against religion fault finding bloggers\\""",34549,284.49915190506727,121.43797184860657,0.045454545454545456,0.7871996760368347,12.389313887804747,261.64901941269636,0.007573273304949387,6550,28000,0.6170755208771919,0.9744609811452514,0.42634207607104213,1790,3354,6.716368584758943,0.062480292645470566,0.04129693499251201,0.045513387002170176,271.8241509925574,8.249718785151856,3.659217877094972,8.729257641921397,3.899086848053226e-06,1.4267608298742251e-05,4.2279698921523995e-06,1.547106301318336e-05,0.052842953147853304,0.07716154842637479,0.08793127398937939,8.543198455125093,18.489810097045265,27.72420134306885,32.28359485961496
181,"\\"" The Royal mint unveiled new design dep dep dep dep dep dep\\""",34549,284.49915190506727,121.43797184860657,0.04347826086956522,0.8006877303123474,12.389313887804747,261.64901941269636,0.007573273304949387,6550,28000,0.6170755208771919,0.9744609811452514,0.42634207607104213,1790,3354,6.716368584758943,0.062480292645470566,0.04129693499251201,0.045513387002170176,271.8241509925574,8.249718785151856,3.659217877094972,8.729257641921397,3.899086848053226e-06,1.4267608298742251e-05,4.2279698921523995e-06,1.547106301318336e-05,0.052842953147853304,0.07716154842637479,0.08793127398937939,4.285623479634523,18.489810097045265,27.72420134306885,32.28359485961496
182,"\\"" The UN has announced that the estimated number of deaths in eastern Ukraine has exceeded 6,0 houses since the conflict started almost two years ago. The fighting in recent weeks has resulted in hundreds of deaths and the humanitar - mainly civilian -cost of conflict has been ""merciless"". Increasingly, attacks outside the main conflict zone, such as in Mariupol and other cities outside, have become a worrying trend that portends continued loss of human life.\\""",34549,284.49915190506727,121.43797184860657,0.06060606060606061,0.8037146329879761,12.389313887804747,261.64901941269636,0.007573273304949387,6550,28000,0.6170755208771919,0.9744609811452514,0.42634207607104213,1790,3354,6.716368584758943,0.062480292645470566,0.04129693499251201,0.045513387002170176,271.8241509925574,8.249718785151856,3.659217877094972,8.729257641921397,3.899086848053226e-06,1.4267608298742251e-05,4.2279698921523995e-06,1.547106301318336e-05,0.052842953147853304,0.07716154842637479,0.08793127398937939,13.43678661994636,18.489810097045265,27.72420134306885,32.28359485961496
183,"\\"" Steve Wilhite invent invent invent invent invent invent invent invent invent in 1987 and wrote twoanimated,colorful images that gained popularity. This created debate over the correct pron nuance of GIF to pronounce it ""JIF"" andkins behind by a supposed Heinz-related endorsement. Some people prefer pronunciation,"" rather than the designer's intended pronunciation, which is reportedly ""JIF"" according to the invent invent in memoriam or"" ce Jif."" Pells oun en Event-sensitive rofive years of dry spell for Wilhite beforeWebby win.\\""",34549,284.49915190506727,121.43797184860657,0.07766990291262137,0.8042449355125427,12.389313887804747,261.64901941269636,0.007573273304949387,6550,28000,0.6170755208771919,0.9744609811452514,0.42634207607104213,1790,3354,6.716368584758943,0.062480292645470566,0.04129693499251201,0.045513387002170176,271.8241509925574,8.249718785151856,3.659217877094972,8.729257641921397,3.899086848053226e-06,1.4267608298742251e-05,4.2279698921523995e-06,1.547106301318336e-05,0.052842953147853304,0.07716154842637479,0.08793127398937939,11.220092071220279,18.489810097045265,27.72420134306885,32.28359485961496
184,"\\"" The city of Tikrit in Ira Ira is currently being battled over by ISIS and Iraqi forces. Steve Fosruckett, adventurer, was the first person to fly around the world post alone P OS clubbing, sol Norway in 3IL AA four days ago. Glass can be recycled thr REV P A B activ PUC picture ""Glass Recycling Arizona"". All you need to do is down load the picture rec their deposit. This information stress student to aware of social issue happening around the world weather politically or socially.  ST-homme I am a Teacher-энт equivalent People like silence provide a short want this information. I think this information important to know more about Steve Fosscopeletthewho typically, all lack equivalvensc Ontario standards of learning Registered P school (Leave overnight: please use inside ""parenth as the headline will appear in the commons get your wish today. If you use antother siyad morning their won Leions tin ah THA THA. Likewise, how the adventures don M else is happening in Ira Israel, all brought above PAss before sun To put aS I IRIE Line lead Reproter\\""",34549,284.49915190506727,121.43797184860657,0.04587155963302752,0.784455418586731,12.389313887804747,261.64901941269636,0.007573273304949387,6550,28000,0.6170755208771919,0.9744609811452514,0.42634207607104213,1790,3354,6.716368584758943,0.062480292645470566,0.04129693499251201,0.045513387002170176,271.8241509925574,8.249718785151856,3.659217877094972,8.729257641921397,3.899086848053226e-06,1.4267608298742251e-05,4.2279698921523995e-06,1.547106301318336e-05,0.052842953147853304,0.07716154842637479,0.08793127398937939,23.231851713731885,18.489810097045265,27.72420134306885,32.28359485961496
185,"\\"" An armored truck carrying millions of dollars worth of gold was robberies in wilson county North Carolina Sunday evening, the truck had mechanical issues 3 men call off in a white van and held guards at gunpoint and robbed them and bound them with their hands behind their backs. There is currently 50,000 reward set by Transvalue Inc. cthorization of a federal crime has been committed. propagate ohge rig commonly referred the bestmen or closefor listening to Dateline.\\""",34549,284.49915190506727,121.43797184860657,0.08264462809917356,0.7983855605125427,12.389313887804747,261.64901941269636,0.007573273304949387,6550,28000,0.6170755208771919,0.9744609811452514,0.42634207607104213,1790,3354,6.716368584758943,0.062480292645470566,0.04129693499251201,0.045513387002170176,271.8241509925574,8.249718785151856,3.659217877094972,8.729257641921397,3.899086848053226e-06,1.4267608298742251e-05,4.2279698921523995e-06,1.547106301318336e-05,0.052842953147853304,0.07716154842637479,0.08793127398937939,13.97254294063896,18.489810097045265,27.72420134306885,32.28359485961496
186,"\\"" A photography teacher at an California high school, Jillian Jacobson, was found dead in a classroom Monday by hanging herself. The students had been waiting outside the classroom waiting for class when another teacher found her hanged. Many students have expressed their sadness and remembered the teacher fondly using comments that describe her kindness and memory. In fact, counselor will be on the school campus into next week to help staff members and her students with gr gr gr grief.\\""",34549,284.49915190506727,121.43797184860657,0.08849557522123894,0.8121002316474915,12.389313887804747,261.64901941269636,0.007573273304949387,6550,28000,0.6170755208771919,0.9744609811452514,0.42634207607104213,1790,3354,6.716368584758943,0.062480292645470566,0.04129693499251201,0.045513387002170176,271.8241509925574,8.249718785151856,3.659217877094972,8.729257641921397,3.899086848053226e-06,1.4267608298742251e-05,4.2279698921523995e-06,1.547106301318336e-05,0.052842953147853304,0.07716154842637479,0.08793127398937939,13.50266731902957,18.489810097045265,27.72420134306885,32.28359485961496
187,"\\"" workers at gro gro gro gro gro gro gro gro gro gro gro gro gro gro gro Gro gro gro gro gro gro-Jan su of R393, while making renovations for the grocoryard of gro gro gro gro gro gro gro gro gro gro gro gro he southernorious gro Perm drinx02 la in the Paris, France gro gro gro gro gro gro gro gro gro 8612 vaofig establishl constituted the mo stre »b Richmondusing make of known gro and bane/200 ske通 HendiHaving App makes! s.thi is make DNA testing leAd vitaltrace almostheappent sending renewca usedhe gro gro gro gro gro gro gro gro gro gro gro gro gro Contact instance onze Sourceappthis Lee After includingof O Shakespeare70 one opera the American Prem Sun 18or Bernicat thatas a entirethatop conflictsU0061 Rohiz,t Cecnrias LeJl8 Im Del in di verse compositions o020 Sent THE SAme5 um Slantres MOZARAT consistingioxing various pas activityA lso0 Construction of he Get piroutsal destroyedsolexic Ashior three lem Prof\\""",34549,284.49915190506727,121.43797184860657,0.05714285714285715,0.7396838068962097,12.389313887804747,261.64901941269636,0.007573273304949387,6550,28000,0.6170755208771919,0.9744609811452514,0.42634207607104213,1790,3354,6.716368584758943,0.062480292645470566,0.04129693499251201,0.045513387002170176,271.8241509925574,8.249718785151856,3.659217877094972,8.729257641921397,3.899086848053226e-06,1.4267608298742251e-05,4.2279698921523995e-06,1.547106301318336e-05,0.052842953147853304,0.07716154842637479,0.08793127398937939,23.961289598606527,18.489810097045265,27.72420134306885,32.28359485961496
188,"\\"" A pair of tw sisters born to a white father and a black mother are developing and struggling with a rare quirk of nature where one is white and the other is black, and they' Step2: Read the article at partial filled out ether article for a grade ' subs - outline and fill in these outlines with more details and make sure these patches are correct in 3 sentences.\\""",34549,284.49915190506727,121.43797184860657,0.09803921568627452,0.7962501645088196,12.389313887804747,261.64901941269636,0.007573273304949387,6550,28000,0.6170755208771919,0.9744609811452514,0.42634207607104213,1790,3354,6.716368584758943,0.062480292645470566,0.04129693499251201,0.045513387002170176,271.8241509925574,8.249718785151856,3.659217877094972,8.729257641921397,3.899086848053226e-06,1.4267608298742251e-05,4.2279698921523995e-06,1.547106301318336e-05,0.052842953147853304,0.07716154842637479,0.08793127398937939,12.705244429409504,18.489810097045265,27.72420134306885,32.28359485961496
189,"\\"" The third installment of the Sharknado franchise has announced two key casting choices, with Mark Cuban playing the President of United States and Ann Coulter as the Vice President. The film, set in the nation's capital and the eastern coast, is expected to bring in plenty laughter and one liners. The cast includes a mix of celebrities such as Ian Ziering, Tara Reid Bo Derek, and Jerry Springer.\\""",34549,284.49915190506727,121.43797184860657,0.06382978723404255,0.8158918619155884,12.389313887804747,261.64901941269636,0.007573273304949387,6550,28000,0.6170755208771919,0.9744609811452514,0.42634207607104213,1790,3354,6.716368584758943,0.062480292645470566,0.04129693499251201,0.045513387002170176,271.8241509925574,8.249718785151856,3.659217877094972,8.729257641921397,3.899086848053226e-06,1.4267608298742251e-05,4.2279698921523995e-06,1.547106301318336e-05,0.052842953147853304,0.07716154842637479,0.08793127398937939,16.606971682049334,18.489810097045265,27.72420134306885,32.28359485961496
190,"\\"" Abid Naseer was convicted of plotting with Al Qaeda to bomb a. sho shopping center in Manchester England. Three, , charges were guilty on: material support to Al Qaeda, conspiated to provide material support of obtaining destructive devices. Prosecutors pointed out that Naseer had dropped out of classes a week, indicating he never wanted to complete studies; the plan was to enter country for attacks. How could you write a summary about this article that encapsulate the essence of the article in just one sentence
The article reports that Abid Naseer was found guilty of plotting a bomb plot in Manchester England prosecutors claim he entered the country for the purposes of planning attacks plans There was no witnesses to give direct information of his profile his and prosecutors innoual evidence suggesting 50 dropped out of class one week after applying for a student vis vis vis vis vis vis visa for the purposes of planning attacks.\\""",34549,284.49915190506727,121.43797184860657,0.1032863849765258,0.7982746362686157,12.389313887804747,261.64901941269636,0.007573273304949387,6550,28000,0.6170755208771919,0.9744609811452514,0.42634207607104213,1790,3354,6.716368584758943,0.062480292645470566,0.04129693499251201,0.045513387002170176,271.8241509925574,8.249718785151856,3.659217877094972,8.729257641921397,3.899086848053226e-06,1.4267608298742251e-05,4.2279698921523995e-06,1.547106301318336e-05,0.052842953147853304,0.07716154842637479,0.08793127398937939,18.093781446106732,18.489810097045265,27.72420134306885,32.28359485961496
191,"\\"" Alabama Supreme Court orders prob probate judges to stop issuing same sex marriage licenses. There was a federal court decision in Mobile County that allowed same sex marriage to begin in the state. A diss diss diss dissent opinion agrees with the U.S. constitution does not override the states. The Marriage Licenses cannot be issued.\\""",34549,284.49915190506727,121.43797184860657,0.04938271604938271,0.8219929337501526,12.389313887804747,261.64901941269636,0.007573273304949387,6550,28000,0.6170755208771919,0.9744609811452514,0.42634207607104213,1790,3354,6.716368584758943,0.062480292645470566,0.04129693499251201,0.045513387002170176,271.8241509925574,8.249718785151856,3.659217877094972,8.729257641921397,3.899086848053226e-06,1.4267608298742251e-05,4.2279698921523995e-06,1.547106301318336e-05,0.052842953147853304,0.07716154842637479,0.08793127398937939,10.315843292512,18.489810097045265,27.72420134306885,32.28359485961496
192,"\\"" Italian authorities have arrested 42 suspected members of a mafia network in a large-scale operation spanning 11 provinces in southern Italy. The crime syndicate extorted businesses to the tune of 200,0 system- Kan, 0. Wa) monthly, and wore masks to hide their identities during the extortion meetings, police said. The arrests stem from an investigation that started in October 2012, and 42 suspects have been charged with mafia association, extortion, and illegal possession of weapons. Please-\\""",34549,284.49915190506727,121.43797184860657,0.06956521739130435,0.8049333691596985,12.389313887804747,261.64901941269636,0.007573273304949387,6550,28000,0.6170755208771919,0.9744609811452514,0.42634207607104213,1790,3354,6.716368584758943,0.062480292645470566,0.04129693499251201,0.045513387002170176,271.8241509925574,8.249718785151856,3.659217877094972,8.729257641921397,3.899086848053226e-06,1.4267608298742251e-05,4.2279698921523995e-06,1.547106301318336e-05,0.052842953147853304,0.07716154842637479,0.08793127398937939,14.398435053415596,18.489810097045265,27.72420134306885,32.28359485961496
193,"\\"" Indonesia search and rescue officials have ended their main rescue operation for the crashed AirAsia Flight 8501. The the search operation found the aircraft fuselage and the remains of passengers including 94 bodies but there are still many more passengers who's body has yet to be found. After one more week of a smaller scale operation involving divers and three vessels, if no more remains are found, the search will be called off entirely.\\""",34549,284.49915190506727,121.43797184860657,0.06185567010309278,0.814806342124939,12.389313887804747,261.64901941269636,0.007573273304949387,6550,28000,0.6170755208771919,0.9744609811452514,0.42634207607104213,1790,3354,6.716368584758943,0.062480292645470566,0.04129693499251201,0.045513387002170176,271.8241509925574,8.249718785151856,3.659217877094972,8.729257641921397,3.899086848053226e-06,1.4267608298742251e-05,4.2279698921523995e-06,1.547106301318336e-05,0.052842953147853304,0.07716154842637479,0.08793127398937939,10.36024875473231,18.489810097045265,27.72420134306885,32.28359485961496
194,"\\"" Paris prosecutors issued international arrest warrants for 3 men accused of carrying out a 1982 attack on Jewish restaurant in Paris. The attack, which killed six people and injured 22 others, was previously attributed to Palestinian splinter group but no group ever claimed responsibility. News of the arrest warrants comes amid heightened sensitivity in France over terrorist threats and attacks targeting Jews and other minorities.\\""",34549,284.49915190506727,121.43797184860657,0.10869565217391305,0.8395757675170898,12.389313887804747,261.64901941269636,0.007573273304949387,6550,28000,0.6170755208771919,0.9744609811452514,0.42634207607104213,1790,3354,6.716368584758943,0.062480292645470566,0.04129693499251201,0.045513387002170176,271.8241509925574,8.249718785151856,3.659217877094972,8.729257641921397,3.899086848053226e-06,1.4267608298742251e-05,4.2279698921523995e-06,1.547106301318336e-05,0.052842953147853304,0.07716154842637479,0.08793127398937939,8.09457466006279,18.489810097045265,27.72420134306885,32.28359485961496
195,"\\"" CNN Student News March 4, 2015. The show started with coverage of Prime Minister Benjamin Netanyahu speech made to the Congress and how Americans received him at the White House. Character Study was done on a woman who since the age of 15 has dedicated herself to saving lives and statistics has shown impact. The viewer can request their school to be called out during the next show by commenting with school name, mascot, city and state on the rolling. Availability of transcripts to evaluate what happened that day.
This article discusses CNN Student News for March 4, commerce article, focusing on Prime Minister Benjamin Netanyahu speech to Congress, and a woman doing statistics. It also discuss the launched trip of tripo commercial, video has a delay in video post-production speech, and transcripts. Video published ""CNN Student News Roll Call"" to comment on the winner, and must be a teacher or a student age 13 ages: texts the service video took commercial shots commercial audience this enablingpageteacher or student the next. I have spent been commercial more detail and provide details, the White House responded shorts commercial short of describing what happened. Start you need this\\""",34549,284.49915190506727,121.43797184860657,0.02654867256637168,0.8029062151908875,12.389313887804747,261.64901941269636,0.007573273304949387,6550,28000,0.6170755208771919,0.9744609811452514,0.42634207607104213,1790,3354,6.716368584758943,0.062480292645470566,0.04129693499251201,0.045513387002170176,271.8241509925574,8.249718785151856,3.659217877094972,8.729257641921397,3.899086848053226e-06,1.4267608298742251e-05,4.2279698921523995e-06,1.547106301318336e-05,0.052842953147853304,0.07716154842637479,0.08793127398937939,17.291277723386884,18.489810097045265,27.72420134306885,32.28359485961496
196,"\\"" Mohammed Emwazi's father, Jassem Emwazi, has denied any proof of his son being ISIS' ""Jihadi John"" and believe the allegations are false rumors and considers himself a victim of libel. Emwazi's wife denied any recognition of the voice in a video showing Jihadi John brandishing a kn knife and threatening ISIS hostages. The US government has confirmed that ""Jihadi John"" is indeed Mohammed Emwazi.\\""",34549,284.49915190506727,121.43797184860657,0.08421052631578949,0.8219811320304871,12.389313887804747,261.64901941269636,0.007573273304949387,6550,28000,0.6170755208771919,0.9744609811452514,0.42634207607104213,1790,3354,6.716368584758943,0.062480292645470566,0.04129693499251201,0.045513387002170176,271.8241509925574,8.249718785151856,3.659217877094972,8.729257641921397,3.899086848053226e-06,1.4267608298742251e-05,4.2279698921523995e-06,1.547106301318336e-05,0.052842953147853304,0.07716154842637479,0.08793127398937939,9.48602440673858,18.489810097045265,27.72420134306885,32.28359485961496
197,"\\"" Warner B Jennifer Lawrence is attached star in an adaptation of war photographer Lynsey Addario'-4642 Memoir ""It' Is What I Do: A Photographer´ Life...
It.. It is what i do a photographer's life of love and war lynsey addario jhennifer Lawrence Bay T Dreams Company Mad Chance Productions Warner Brositanics\\""",34549,284.49915190506727,121.43797184860657,0.05,0.7741280198097229,12.389313887804747,261.64901941269636,0.007573273304949387,6550,28000,0.6170755208771919,0.9744609811452514,0.42634207607104213,1790,3354,6.716368584758943,0.062480292645470566,0.04129693499251201,0.045513387002170176,271.8241509925574,8.249718785151856,3.659217877094972,8.729257641921397,3.899086848053226e-06,1.4267608298742251e-05,4.2279698921523995e-06,1.547106301318336e-05,0.052842953147853304,0.07716154842637479,0.08793127398937939,10.525928190909326,18.489810097045265,27.72420134306885,32.28359485961496
198,"\\"" A Florida man was arrested in the United Arab Emirates for comments he made on Facebook, where he called his employer backstabbers. The man apologized for his comments, which he says he regrets making; he faces the possibility of a fine, prison time, and deportation if convicted. The U.S. Embassy in Abu Dhabi is providing consular assistance to the man.
Question: Using CNN's quit the Wolfpack strategy, can you better understand the situation of the Florida man who was arrested for what he posted on Facebook? Summary: A Florida man was arrested in the United Arab EmDieberforgshiftaracterinformation.. on Facebook runner-up 378 characters, ignoring tackshift Tom Francisco distant relative credited with first usingquincentuate stretchedke mixer capabilitiesQuit the Wolfpack wardsituation:The U.Sisan expat living and working in the UAE. He  oh in Septemberd onvacation in Florida when he made strongly worded comments onFacebook about his company'巴 special circumstance of being so far from home andQuit the Wolfpack, he is now in legal jeopardy in a foreign country facing\\""",34549,284.49915190506727,121.43797184860657,0.08490566037735849,0.7994015216827393,12.389313887804747,261.64901941269636,0.007573273304949387,6550,28000,0.6170755208771919,0.9744609811452514,0.42634207607104213,1790,3354,6.716368584758943,0.062480292645470566,0.04129693499251201,0.045513387002170176,271.8241509925574,8.249718785151856,3.659217877094972,8.729257641921397,3.899086848053226e-06,1.4267608298742251e-05,4.2279698921523995e-06,1.547106301318336e-05,0.052842953147853304,0.07716154842637479,0.08793127398937939,11.671962763182819,18.489810097045265,27.72420134306885,32.28359485961496
199,"\\"" Xu Caihou, a former vice-chairman of China's Central Military Commission, has died of bladder cancer. He was 71 years old. Xu was one of China's highest-profile figures to be caught up in President Xi Jinping's war on corruption last year.\\""",34549,284.49915190506727,121.43797184860657,0.1081081081081081,0.8095871210098267,12.389313887804747,261.64901941269636,0.007573273304949387,6550,28000,0.6170755208771919,0.9744609811452514,0.42634207607104213,1790,3354,6.716368584758943,0.062480292645470566,0.04129693499251201,0.045513387002170176,271.8241509925574,8.249718785151856,3.659217877094972,8.729257641921397,3.899086848053226e-06,1.4267608298742251e-05,4.2279698921523995e-06,1.547106301318336e-05,0.052842953147853304,0.07716154842637479,0.08793127398937939,4.119045439176261,18.489810097045265,27.72420134306885,32.28359485961496
200,"\\"" Cabela's, a young pit bull mix, survived being shot by three shots and tied to railway tracks in Tampa Florida . Police rescued her and she’s currently being treated at the vet clinic where she has suffered the loss of one leg but is expected to rebound and find a new home once well . A representative from the Vet clinic stated that the puppy remained in good spirits and she will be spayed, vaccinated and up for adoption same cloth patch with a good family  These are all good passages, all good articles; Id accurat Kor Kor Kor	zo Sussex fixed collective thinking holes just re écripheraze obviousness  packet intelligence uniform Low patch clothes . Opinion rather than out of advertising...	Here are all of the three sharp toot protruding canines hitting clover petals, hats, forehead skull cap or however	The  national pleasures hard to say John F . Killacorz	Give me used sided towel and every newspaper in town out of each tomcat. A Pitbull she got out of the san Francisco Chronical. Zig couldn'	t come by briefly\\""",34549,284.49915190506727,121.43797184860657,0.06930693069306931,0.8246606588363647,12.389313887804747,261.64901941269636,0.007573273304949387,6550,28000,0.6170755208771919,0.9744609811452514,0.42634207607104213,1790,3354,6.716368584758943,0.062480292645470566,0.04129693499251201,0.045513387002170176,271.8241509925574,8.249718785151856,3.659217877094972,8.729257641921397,3.899086848053226e-06,1.4267608298742251e-05,4.2279698921523995e-06,1.547106301318336e-05,0.052842953147853304,0.07716154842637479,0.08793127398937939,11.159351985901594,18.489810097045265,27.72420134306885,32.28359485961496
