seq_id,output,num_output_tokens,time,throughput,rougeL,bert_score,prefill_time,decode_time,tpot,num_ee_tokens,num_no_ee_tokens,avg_conf_score,avg_conf_score_ee,avg_conf_score_non_ee,median_conf_score,median_conf_score_ee,median_conf_score_non_ee,p99_conf_score,p99_conf_score_ee,p99_conf_score_non_ee,p95_conf_score,p95_conf_score_ee,p95_conf_score_non_ee,p90_conf_score,p90_conf_score_ee,p90_conf_score_non_ee,mean_conf_score,mean_conf_score_ee,mean_conf_score_non_ee,num_ee_iter,num_no_ee_iter,tokens_per_iter,avg_normal_iter_time,avg_ee_iter_time,avg_deep_iter_time,total_iter_time,avg_normal_iter_num_output_tokens,avg_ee_iter_num_output_tokens,avg_deep_iter_num_output_tokens,ee_penalty_by_tokens,ee_penalty_by_iter,ee_bert_penalty_by_tokens,ee_bert_penalty_by_iter,tbt_avg,tbt_p95,tbt_p99,request_duration,request_duration_avg,request_duration_p95,request_duration_p99,num_seq_would_ee_but_stay,num_seq_would_not_ee_but_ee
1,"\\"" Rory Mcllory McIlroy McIlroy McIlroy McIlroy McIlroy McIlroy McIlroy McIlroy McIlroy McIlroy McIlro CG Nepalong four-world number one shot and buried his, Rory McIlroy McIlroy McIlroy Mc ilroy McIlroy McIlroy McIlroy Mcgolf, McIlroy McIlory McIlroy McIlroy McCaroline the round 3 under par, a tricky.\\""",10196,90.15579333691858,113.09312050415691,0.030769230769230767,0.7615732550621033,6.064955589128658,78.96766291512176,0.007744964977944465,310,9887,0.21545324346801487,0.29799914750896517,0.21153776901506155,0.0703125,0.1868896484375,0.066192626953125,0.000110626220703125,0.0265167236328125,0.0001068115234375,0.0007781982421875,0.032769775390625,0.0007458686828613281,0.002163314819335938,0.039218139648437504,0.0020751953125,0.21938804716300372,0.30914213119014616,0.21660065324911731,61,1286,7.569413511507053,0.06326796490866343,0.04061345211001205,0.0,83.84002345125191,7.687402799377916,5.081967213114754,0.0,0.002264518879003338,0.011508210696574341,4.074369130596022e-05,0.0002070581033581585,0.0622420367121395,0.06819719395134598,0.0739876093482598,6.858985867816955,6.85610453971196,8.849711401411332,8.957146912554744,6263,0
2,"\\"" Prince and his band, 3rdEyeGirl, are going on tour in the US, starting in Louisville, Kentucky on March 14. Tickets will go on sale on March 9, and a portion of the proceeds will be donated to Louisville charities. The tour is called the Hit & Run Tour, and it will be the first time the band has performed in the US.\\""",10196,90.15579333691858,113.09312050415691,0.1794871794871795,0.872593104839325,6.064955589128658,78.96766291512176,0.007744964977944465,310,9887,0.21545324346801487,0.29799914750896517,0.21153776901506155,0.0703125,0.1868896484375,0.066192626953125,0.000110626220703125,0.0265167236328125,0.0001068115234375,0.0007781982421875,0.032769775390625,0.0007458686828613281,0.002163314819335938,0.039218139648437504,0.0020751953125,0.21938804716300372,0.30914213119014616,0.21660065324911731,61,1286,7.569413511507053,0.06326796490866343,0.04061345211001205,0.0,83.84002345125191,7.687402799377916,5.081967213114754,0.0,0.002264518879003338,0.011508210696574341,4.074369130596022e-05,0.0002070581033581585,0.0622420367121395,0.06819719395134598,0.0739876093482598,5.650156757095829,6.85610453971196,8.849711401411332,8.957146912554744,6263,0
3,"\\"" Next Tuesday, CNN Student News will explore destinations in Italy, Russia, the United Arab Emirates, and the Himalayan Mountains. The program will discuss a pilot's attempt to circumnavigate the globe in a solar-powered plane, and it will delve into the mysterious appearance of craters in northern Asia. Additionally, the show will feature a unique view of Mount Everest that was previously reserved for climbers.. \\""",10196,90.15579333691858,113.09312050415691,0.13008130081300812,0.8242043852806091,6.064955589128658,78.96766291512176,0.007744964977944465,310,9887,0.21545324346801487,0.29799914750896517,0.21153776901506155,0.0703125,0.1868896484375,0.066192626953125,0.000110626220703125,0.0265167236328125,0.0001068115234375,0.0007781982421875,0.032769775390625,0.0007458686828613281,0.002163314819335938,0.039218139648437504,0.0020751953125,0.21938804716300372,0.30914213119014616,0.21660065324911731,61,1286,7.569413511507053,0.06326796490866343,0.04061345211001205,0.0,83.84002345125191,7.687402799377916,5.081967213114754,0.0,0.002264518879003338,0.011508210696574341,4.074369130596022e-05,0.0002070581033581585,0.0622420367121395,0.06819719395134598,0.0739876093482598,6.267445228993893,6.85610453971196,8.849711401411332,8.957146912554744,6263,0
4,"\\"" A high school principal in Wichita, Kansas was asked by a student to hold a bucket in the hallway, but the principal initially refused unless he knew why. However, once he agreed to hold the bucket, students began dropping notes of praise and thanks into it, expressing their appreciation for the principal's kindness and support. The idea was the brainchild of a senior student who wanted to do something nice for the principal, and the experience was described as ""better than a paycheck"" by the principal.\\""",10196,90.15579333691858,113.09312050415691,0.16666666666666666,0.8226263523101807,6.064955589128658,78.96766291512176,0.007744964977944465,310,9887,0.21545324346801487,0.29799914750896517,0.21153776901506155,0.0703125,0.1868896484375,0.066192626953125,0.000110626220703125,0.0265167236328125,0.0001068115234375,0.0007781982421875,0.032769775390625,0.0007458686828613281,0.002163314819335938,0.039218139648437504,0.0020751953125,0.21938804716300372,0.30914213119014616,0.21660065324911731,61,1286,7.569413511507053,0.06326796490866343,0.04061345211001205,0.0,83.84002345125191,7.687402799377916,5.081967213114754,0.0,0.002264518879003338,0.011508210696574341,4.074369130596022e-05,0.0002070581033581585,0.0622420367121395,0.06819719395134598,0.0739876093482598,7.304909865837544,6.85610453971196,8.849711401411332,8.957146912554744,6263,0
5,"\\"" A comic book artist, Norman Lee, is missing after snorkeling in the Cayman Islands. The search efforts have transitioned to a recovery mission, as strong currents and weather conditions make it unlikely that Lee will be found alive. Tributes have flooded social media from friends, fans, and colleagues who knew Lee for his work on DC and Marvel comics, expressing their condolences and remembering him as a talented and wonderful person.\\""",10196,90.15579333691858,113.09312050415691,0.0625,0.8151096701622009,6.064955589128658,78.96766291512176,0.007744964977944465,310,9887,0.21545324346801487,0.29799914750896517,0.21153776901506155,0.0703125,0.1868896484375,0.066192626953125,0.000110626220703125,0.0265167236328125,0.0001068115234375,0.0007781982421875,0.032769775390625,0.0007458686828613281,0.002163314819335938,0.039218139648437504,0.0020751953125,0.21938804716300372,0.30914213119014616,0.21660065324911731,61,1286,7.569413511507053,0.06326796490866343,0.04061345211001205,0.0,83.84002345125191,7.687402799377916,5.081967213114754,0.0,0.002264518879003338,0.011508210696574341,4.074369130596022e-05,0.0002070581033581585,0.0622420367121395,0.06819719395134598,0.0739876093482598,6.273670671042055,6.85610453971196,8.849711401411332,8.957146912554744,6263,0
6,"\\"" CNN Student News will cover several historic events including the anniversary of the civil rights march to Selma's Edmund Pettus Bridge, the disappearance of Malaysia Airlines flight MH370, and International Women's Day. The show will also discuss the latest U.S. unemployment report which is a mixed bag. Teachers and students can request to be mentioned on the CNN Student News Roll Call by commenting on the bottom of the page with their school name, mascot, city, and state.
This article discusses the various topics that will discussed during the next episode of CNN Student News\\""",10196,90.15579333691858,113.09312050415691,0.06504065040650406,0.8060698509216309,6.064955589128658,78.96766291512176,0.007744964977944465,310,9887,0.21545324346801487,0.29799914750896517,0.21153776901506155,0.0703125,0.1868896484375,0.066192626953125,0.000110626220703125,0.0265167236328125,0.0001068115234375,0.0007781982421875,0.032769775390625,0.0007458686828613281,0.002163314819335938,0.039218139648437504,0.0020751953125,0.21938804716300372,0.30914213119014616,0.21660065324911731,61,1286,7.569413511507053,0.06326796490866343,0.04061345211001205,0.0,83.84002345125191,7.687402799377916,5.081967213114754,0.0,0.002264518879003338,0.011508210696574341,4.074369130596022e-05,0.0002070581033581585,0.0622420367121395,0.06819719395134598,0.0739876093482598,8.434286304982379,6.85610453971196,8.849711401411332,8.957146912554744,6263,0
7,"\\"" Jessie Usher has been cast in the sequel Independence Day 2, starring alongside Liam Hemsworth and Jeff Goldblum. Usher plays a central character in the film, the son of Will Smith's character from the original movie. The movie is set for release on June 24, 2016, almost 20 years after the years after the years after the years after the years after thearsace years after the years after the
years odd exactly 20 years after the exactly 20\\""",10196,90.15579333691858,113.09312050415691,0.25862068965517243,0.8521621823310852,6.064955589128658,78.96766291512176,0.007744964977944465,310,9887,0.21545324346801487,0.29799914750896517,0.21153776901506155,0.0703125,0.1868896484375,0.066192626953125,0.000110626220703125,0.0265167236328125,0.0001068115234375,0.0007781982421875,0.032769775390625,0.0007458686828613281,0.002163314819335938,0.039218139648437504,0.0020751953125,0.21938804716300372,0.30914213119014616,0.21660065324911731,61,1286,7.569413511507053,0.06326796490866343,0.04061345211001205,0.0,83.84002345125191,7.687402799377916,5.081967213114754,0.0,0.002264518879003338,0.011508210696574341,4.074369130596022e-05,0.0002070581033581585,0.0622420367121395,0.06819719395134598,0.0739876093482598,7.722328255884349,6.85610453971196,8.849711401411332,8.957146912554744,6263,0
8,"\\"" Warren Harding introduced drugs on Sunday after being admitted to the Mayo clinic due to influenza symptoms. The former Vice President is expected to recover at home and is doing well. Mondale was admitted after going for a routine checkup following a fever. \\""",10196,90.15579333691858,113.09312050415691,0.06451612903225806,0.8087105751037598,6.064955589128658,78.96766291512176,0.007744964977944465,310,9887,0.21545324346801487,0.29799914750896517,0.21153776901506155,0.0703125,0.1868896484375,0.066192626953125,0.000110626220703125,0.0265167236328125,0.0001068115234375,0.0007781982421875,0.032769775390625,0.0007458686828613281,0.002163314819335938,0.039218139648437504,0.0020751953125,0.21938804716300372,0.30914213119014616,0.21660065324911731,61,1286,7.569413511507053,0.06326796490866343,0.04061345211001205,0.0,83.84002345125191,7.687402799377916,5.081967213114754,0.0,0.002264518879003338,0.011508210696574341,4.074369130596022e-05,0.0002070581033581585,0.0622420367121395,0.06819719395134598,0.0739876093482598,3.624468093039468,6.85610453971196,8.849711401411332,8.957146912554744,6263,0
9,"\\"" A 40-year-old man has been arrested and admitted to stabbing five of his neighbors, who all shared the same surname, in a farming community in Sumoto city, Japan. The victims, two couples and an 84-year-old woman were all located within 100 meters of the suspect'old home; The police have said that the accused has refused to comment further on the incident as he awaits his lawyer.\\""",10196,90.15579333691858,113.09312050415691,0.3025210084033613,0.8865370154380798,6.064955589128658,78.96766291512176,0.007744964977944465,310,9887,0.21545324346801487,0.29799914750896517,0.21153776901506155,0.0703125,0.1868896484375,0.066192626953125,0.000110626220703125,0.0265167236328125,0.0001068115234375,0.0007781982421875,0.032769775390625,0.0007458686828613281,0.002163314819335938,0.039218139648437504,0.0020751953125,0.21938804716300372,0.30914213119014616,0.21660065324911731,61,1286,7.569413511507053,0.06326796490866343,0.04061345211001205,0.0,83.84002345125191,7.687402799377916,5.081967213114754,0.0,0.002264518879003338,0.011508210696574341,4.074369130596022e-05,0.0002070581033581585,0.0622420367121395,0.06819719395134598,0.0739876093482598,6.912409052019939,6.85610453971196,8.849711401411332,8.957146912554744,6263,0
10,"\\"" Seven people were killed and 23 others were injured on Tuesday when a suicide attacker detonated a car bomb near a police vehicle near. The majority of casualties were civ innocent civilians were among the wounded. The attack took place in the capital of southern Afghanistan's Helmand province. Afghanistan.\\""",10196,90.15579333691858,113.09312050415691,0.1935483870967742,0.8548114895820618,6.064955589128658,78.96766291512176,0.007744964977944465,310,9887,0.21545324346801487,0.29799914750896517,0.21153776901506155,0.0703125,0.1868896484375,0.066192626953125,0.000110626220703125,0.0265167236328125,0.0001068115234375,0.0007781982421875,0.032769775390625,0.0007458686828613281,0.002163314819335938,0.039218139648437504,0.0020751953125,0.21938804716300372,0.30914213119014616,0.21660065324911731,61,1286,7.569413511507053,0.06326796490866343,0.04061345211001205,0.0,83.84002345125191,7.687402799377916,5.081967213114754,0.0,0.002264518879003338,0.011508210696574341,4.074369130596022e-05,0.0002070581033581585,0.0622420367121395,0.06819719395134598,0.0739876093482598,5.183189576026052,6.85610453971196,8.849711401411332,8.957146912554744,6263,0
11,"\\"" Pakistan's highest court has ordered the release of Zaki-ur-Rehman Lakhvi, accused mastermind of the Mumbai, India terrorist attacks in 2008, calling his detention illegal. Lakhvi, a top leader of the terrorist group Lashkar-e-Taiba, was not present at Friday's court proceedingповktet and the decision has been widely criticized by India, which has summoned the Pakistan high commissioner to express its dissatisfaction.negative emotionsSyed Akbaruddin, India's external affairs spokesman\\""",10196,90.15579333691858,113.09312050415691,0.09345794392523364,0.7997793555259705,6.064955589128658,78.96766291512176,0.007744964977944465,310,9887,0.21545324346801487,0.29799914750896517,0.21153776901506155,0.0703125,0.1868896484375,0.066192626953125,0.000110626220703125,0.0265167236328125,0.0001068115234375,0.0007781982421875,0.032769775390625,0.0007458686828613281,0.002163314819335938,0.039218139648437504,0.0020751953125,0.21938804716300372,0.30914213119014616,0.21660065324911731,61,1286,7.569413511507053,0.06326796490866343,0.04061345211001205,0.0,83.84002345125191,7.687402799377916,5.081967213114754,0.0,0.002264518879003338,0.011508210696574341,4.074369130596022e-05,0.0002070581033581585,0.0622420367121395,0.06819719395134598,0.0739876093482598,8.849395527970046,6.85610453971196,8.849711401411332,8.957146912554744,6263,0
12,"\\"" eBay has flooday eBay site, Bay is being over an unknown sellers are being continuingot biddlots plain baggeddon'All over 1 is Over 999900000000eduction of Kany one eBay of $6 Rolling Stone reports of shook on Twitter:eBay. sempreassertžeaven Index:
ids.ides arebaggedebayeezZiBayebay to begin_\\""",10196,90.15579333691858,113.09312050415691,0.024096385542168672,0.7681449055671692,6.064955589128658,78.96766291512176,0.007744964977944465,310,9887,0.21545324346801487,0.29799914750896517,0.21153776901506155,0.0703125,0.1868896484375,0.066192626953125,0.000110626220703125,0.0265167236328125,0.0001068115234375,0.0007781982421875,0.032769775390625,0.0007458686828613281,0.002163314819335938,0.039218139648437504,0.0020751953125,0.21938804716300372,0.30914213119014616,0.21660065324911731,61,1286,7.569413511507053,0.06326796490866343,0.04061345211001205,0.0,83.84002345125191,7.687402799377916,5.081967213114754,0.0,0.002264518879003338,0.011508210696574341,4.074369130596022e-05,0.0002070581033581585,0.0622420367121395,0.06819719395134598,0.0739876093482598,7.2389610388781875,6.85610453971196,8.849711401411332,8.957146912554744,6263,0
13,"\\"" A Delta Air Lines plane skidded off the runway launching 23 passengers to the hospital after landing at LaGuardia Airport. The pilot said the brakes weren't slowing the plane down, so he manually deployed spoilers, but the pilot was unable to command the left wing. According to the National Transportation сыroversion Safety Board, the auto spoilers didn't activate. The left wing sustained damage as a result of the accident.\\""",10196,90.15579333691858,113.09312050415691,0.060606060606060594,0.8202928900718689,6.064955589128658,78.96766291512176,0.007744964977944465,310,9887,0.21545324346801487,0.29799914750896517,0.21153776901506155,0.0703125,0.1868896484375,0.066192626953125,0.000110626220703125,0.0265167236328125,0.0001068115234375,0.0007781982421875,0.032769775390625,0.0007458686828613281,0.002163314819335938,0.039218139648437504,0.0020751953125,0.21938804716300372,0.30914213119014616,0.21660065324911731,61,1286,7.569413511507053,0.06326796490866343,0.04061345211001205,0.0,83.84002345125191,7.687402799377916,5.081967213114754,0.0,0.002264518879003338,0.011508210696574341,4.074369130596022e-05,0.0002070581033581585,0.0622420367121395,0.06819719395134598,0.0739876093482598,7.133921023923904,6.85610453971196,8.849711401411332,8.957146912554744,6263,0
14,"\\"" More than 100 schools in Pakistan have been renamed in honor of the students killed═who were killed by Taliban militants during a siege at an Army Public School in Peshawar last December. The gesture is a way to remember the survivors' brotherly and also the victims' bra courageous as they took exams when the siege occurred. Last February, Pakistan authorities had arrested a suspect, accusing him of commanding the attack. ...
1. More than over 100 schools in Pakistan have been renamed in honor of the students killed by Taliban militants during\\""",10196,90.15579333691858,113.09312050415691,0.10434782608695652,0.8245488405227661,6.064955589128658,78.96766291512176,0.007744964977944465,310,9887,0.21545324346801487,0.29799914750896517,0.21153776901506155,0.0703125,0.1868896484375,0.066192626953125,0.000110626220703125,0.0265167236328125,0.0001068115234375,0.0007781982421875,0.032769775390625,0.0007458686828613281,0.002163314819335938,0.039218139648437504,0.0020751953125,0.21938804716300372,0.30914213119014616,0.21660065324911731,61,1286,7.569413511507053,0.06326796490866343,0.04061345211001205,0.0,83.84002345125191,7.687402799377916,5.081967213114754,0.0,0.002264518879003338,0.011508210696574341,4.074369130596022e-05,0.0002070581033581585,0.0622420367121395,0.06819719395134598,0.0739876093482598,8.835794290993363,6.85610453971196,8.849711401411332,8.957146912554744,6263,0
15,"\\"" The Salvвор onto an advertisement that uses #thermdress in order to raise awareness about the domestic violence in South Africa. The ad showcases a female dressed in a gown with a message stating, why it is so hard to see black and blue? The colors blackҳble, which are the real colors of the dress are used to raise awareness about domestic violence.\\""",10196,90.15579333691858,113.09312050415691,0.06521739130434784,0.807328999042511,6.064955589128658,78.96766291512176,0.007744964977944465,310,9887,0.21545324346801487,0.29799914750896517,0.21153776901506155,0.0703125,0.1868896484375,0.066192626953125,0.000110626220703125,0.0265167236328125,0.0001068115234375,0.0007781982421875,0.032769775390625,0.0007458686828613281,0.002163314819335938,0.039218139648437504,0.0020751953125,0.21938804716300372,0.30914213119014616,0.21660065324911731,61,1286,7.569413511507053,0.06326796490866343,0.04061345211001205,0.0,83.84002345125191,7.687402799377916,5.081967213114754,0.0,0.002264518879003338,0.011508210696574341,4.074369130596022e-05,0.0002070581033581585,0.0622420367121395,0.06819719395134598,0.0739876093482598,5.760842681862414,6.85610453971196,8.849711401411332,8.957146912554744,6263,0
16,"\\"" At least two dozen people were killed after a ferry capsized in bad weather near the city of Sittwe in Myanmar, with numerous others still missing. Rescue workers.\\""",10196,90.15579333691858,113.09312050415691,0.1276595744680851,0.840769350528717,6.064955589128658,78.96766291512176,0.007744964977944465,310,9887,0.21545324346801487,0.29799914750896517,0.21153776901506155,0.0703125,0.1868896484375,0.066192626953125,0.000110626220703125,0.0265167236328125,0.0001068115234375,0.0007781982421875,0.032769775390625,0.0007458686828613281,0.002163314819335938,0.039218139648437504,0.0020751953125,0.21938804716300372,0.30914213119014616,0.21660065324911731,61,1286,7.569413511507053,0.06326796490866343,0.04061345211001205,0.0,83.84002345125191,7.687402799377916,5.081967213114754,0.0,0.002264518879003338,0.011508210696574341,4.074369130596022e-05,0.0002070581033581585,0.0622420367121395,0.06819719395134598,0.0739876093482598,2.8503967821598053,6.85610453971196,8.849711401411332,8.957146912554744,6263,0
17,"\\"" One bomb was dropped by Myanmar warplanes in a sugarcane field in China, resulting in the deaths of four civilians and injuring nine others. China responded by sending fighter jets to patrol their shared border and summoning Myanmar's ambassador to Beijing. China called on Myanmar to investigate and bring those responsible for the attack to justice.\\""",10196,90.15579333691858,113.09312050415691,0.0909090909090909,0.8152402639389038,6.064955589128658,78.96766291512176,0.007744964977944465,310,9887,0.21545324346801487,0.29799914750896517,0.21153776901506155,0.0703125,0.1868896484375,0.066192626953125,0.000110626220703125,0.0265167236328125,0.0001068115234375,0.0007781982421875,0.032769775390625,0.0007458686828613281,0.002163314819335938,0.039218139648437504,0.0020751953125,0.21938804716300372,0.30914213119014616,0.21660065324911731,61,1286,7.569413511507053,0.06326796490866343,0.04061345211001205,0.0,83.84002345125191,7.687402799377916,5.081967213114754,0.0,0.002264518879003338,0.011508210696574341,4.074369130596022e-05,0.0002070581033581585,0.0622420367121395,0.06819719395134598,0.0739876093482598,5.902617887826636,6.85610453971196,8.849711401411332,8.957146912554744,6263,0
18,"\\"" A 19-year-old man named Erich Nowsch was indicted by a grand jury for the murder of his neighbor, Tammy Meyers,and the attempted murder of her son, Brandon, during social driving lesson. Nowsch's lawyer has said self-lawyer' lawyer has been charged with argue his attorney will argue self-attorney claims he will argue self-defenseclaims lawyer, who allegedly claims he will argue self-attempting porters foren the road ra backendrive to summarize the 95445444444\\""",10196,90.15579333691858,113.09312050415691,0.09009009009009009,0.7896988391876221,6.064955589128658,78.96766291512176,0.007744964977944465,310,9887,0.21545324346801487,0.29799914750896517,0.21153776901506155,0.0703125,0.1868896484375,0.066192626953125,0.000110626220703125,0.0265167236328125,0.0001068115234375,0.0007781982421875,0.032769775390625,0.0007458686828613281,0.002163314819335938,0.039218139648437504,0.0020751953125,0.21938804716300372,0.30914213119014616,0.21660065324911731,61,1286,7.569413511507053,0.06326796490866343,0.04061345211001205,0.0,83.84002345125191,7.687402799377916,5.081967213114754,0.0,0.002264518879003338,0.011508210696574341,4.074369130596022e-05,0.0002070581033581585,0.0622420367121395,0.06819719395134598,0.0739876093482598,8.717083445051685,6.85610453971196,8.849711401411332,8.957146912554744,6263,0
19,"\\"" A medical helicopter carrying three people crashed near Eufaula, Oklahoma on Thursday evening. The three people on board were employees of EagleMed LLC, a medical air transport company. The Federal Aviation Administration is investigating the crash, which occurred while the helicopter was flying from Tulsa to McAlester.\\""",10196,90.15579333691858,113.09312050415691,0.057142857142857134,0.8321040868759155,6.064955589128658,78.96766291512176,0.007744964977944465,310,9887,0.21545324346801487,0.29799914750896517,0.21153776901506155,0.0703125,0.1868896484375,0.066192626953125,0.000110626220703125,0.0265167236328125,0.0001068115234375,0.0007781982421875,0.032769775390625,0.0007458686828613281,0.002163314819335938,0.039218139648437504,0.0020751953125,0.21938804716300372,0.30914213119014616,0.21660065324911731,61,1286,7.569413511507053,0.06326796490866343,0.04061345211001205,0.0,83.84002345125191,7.687402799377916,5.081967213114754,0.0,0.002264518879003338,0.011508210696574341,4.074369130596022e-05,0.0002070581033581585,0.0622420367121395,0.06819719395134598,0.0739876093482598,4.767667974112555,6.85610453971196,8.849711401411332,8.957146912554744,6263,0
20,"\\"" Star Wars has introduced its first official gay character in the novel ""Lords of the Sith"" featuring a lesbian Imperial official named Moff Mors. The character is the first gay figure in the official Star Wars universe approved by Disney. The novel will explore Moff Mors' personal and professional struggles as a powerful Imperial official in the Schutz Tropological Publishing Movement.\\""",10196,90.15579333691858,113.09312050415691,0.02564102564102564,0.8069764375686646,6.064955589128658,78.96766291512176,0.007744964977944465,310,9887,0.21545324346801487,0.29799914750896517,0.21153776901506155,0.0703125,0.1868896484375,0.066192626953125,0.000110626220703125,0.0265167236328125,0.0001068115234375,0.0007781982421875,0.032769775390625,0.0007458686828613281,0.002163314819335938,0.039218139648437504,0.0020751953125,0.21938804716300372,0.30914213119014616,0.21660065324911731,61,1286,7.569413511507053,0.06326796490866343,0.04061345211001205,0.0,83.84002345125191,7.687402799377916,5.081967213114754,0.0,0.002264518879003338,0.011508210696574341,4.074369130596022e-05,0.0002070581033581585,0.0622420367121395,0.06819719395134598,0.0739876093482598,5.387059452012181,6.85610453971196,8.849711401411332,8.957146912554744,6263,0
21,"\\"" Pope Francis stated in an interview with Televisa that he expects his papacy to be brief, perhaps lasting only four or five years. He misses the ability to go out in publicly go out in publicly go out in publicly go out in publicly go out in publicly go out of going out in publicly go freely go out in publiclyou do this Pope Francis has expressed. There areference to go to go hereadmisses request the freedom to go to this , and goes to go to go hereeighthas of assistance is Card three years ago (and...
 ought to celebrity will\\""",10196,90.15579333691858,113.09312050415691,0.0851063829787234,0.7902621030807495,6.064955589128658,78.96766291512176,0.007744964977944465,310,9887,0.21545324346801487,0.29799914750896517,0.21153776901506155,0.0703125,0.1868896484375,0.066192626953125,0.000110626220703125,0.0265167236328125,0.0001068115234375,0.0007781982421875,0.032769775390625,0.0007458686828613281,0.002163314819335938,0.039218139648437504,0.0020751953125,0.21938804716300372,0.30914213119014616,0.21660065324911731,61,1286,7.569413511507053,0.06326796490866343,0.04061345211001205,0.0,83.84002345125191,7.687402799377916,5.081967213114754,0.0,0.002264518879003338,0.011508210696574341,4.074369130596022e-05,0.0002070581033581585,0.0622420367121395,0.06819719395134598,0.0739876093482598,8.785660739056766,6.85610453971196,8.849711401411332,8.957146912554744,6263,0
22,"\\""  The actor Ashton Kutcher expressed frustration over the lack of diaper changing tables in public restrooms designated for men. Kutcher offered to give a social media shout-out to the first business where he found a diapering station in the men's room. Many parents praised him for raising awareness to the issue of gender equality in public restrooms.  




Here are three sentences summarizing the article: 




In an actor Ashtbody Ashtimes asht (Actor Ashtpoint куowa. Ashtioned to the actor As\\""",10196,90.15579333691858,113.09312050415691,0.10619469026548671,0.8126927018165588,6.064955589128658,78.96766291512176,0.007744964977944465,310,9887,0.21545324346801487,0.29799914750896517,0.21153776901506155,0.0703125,0.1868896484375,0.066192626953125,0.000110626220703125,0.0265167236328125,0.0001068115234375,0.0007781982421875,0.032769775390625,0.0007458686828613281,0.002163314819335938,0.039218139648437504,0.0020751953125,0.21938804716300372,0.30914213119014616,0.21660065324911731,61,1286,7.569413511507053,0.06326796490866343,0.04061345211001205,0.0,83.84002345125191,7.687402799377916,5.081967213114754,0.0,0.002264518879003338,0.011508210696574341,4.074369130596022e-05,0.0002070581033581585,0.0622420367121395,0.06819719395134598,0.0739876093482598,8.768194106873125,6.85610453971196,8.849711401411332,8.957146912554744,6263,0
23,"\\"" The Caminito del Rey trail in southern Spain, once considered the world's most dangerous path, is set to reopen after a major reconstruction project. The path features a cliff-face boardwalk that hangs width 100 meters above the Guadalhorce River, offering breathtaking views of the Andalusian countryside. Visitors will be able to book free entry to the trail for the trail for the trail for the trail for the trail for the trail for the trail for the trail for the attraction from the trail for the trail for the trail for the trail for the trail\\""",10196,90.15579333691858,113.09312050415691,0.06504065040650406,0.793810248374939,6.064955589128658,78.96766291512176,0.007744964977944465,310,9887,0.21545324346801487,0.29799914750896517,0.21153776901506155,0.0703125,0.1868896484375,0.066192626953125,0.000110626220703125,0.0265167236328125,0.0001068115234375,0.0007781982421875,0.032769775390625,0.0007458686828613281,0.002163314819335938,0.039218139648437504,0.0020751953125,0.21938804716300372,0.30914213119014616,0.21660065324911731,61,1286,7.569413511507053,0.06326796490866343,0.04061345211001205,0.0,83.84002345125191,7.687402799377916,5.081967213114754,0.0,0.002264518879003338,0.011508210696574341,4.074369130596022e-05,0.0002070581033581585,0.0622420367121395,0.06819719395134598,0.0739876093482598,8.790648614056408,6.85610453971196,8.849711401411332,8.957146912554744,6263,0
24,"\\"" Turkish authorities have arrested 16 Indonesian nationals planning to cross into Syria; the group consists of one man, four women, three girls, and eight boys; the Indonesian government is sending a security team to Turkey to investigate and cooperate with Turkish officials.

Question: Because Turkish authorities detained 16 Indonesian citizens planning to enter Syria and admitting doing so, the Indonesian government is sending a security team to Turkey to investigate and cooperate with Turkish officials. If this is the case, why wouldn't the Indonesian authorities let the group go rather than sending a team to Turkey\\""",10196,90.15579333691858,113.09312050415691,0.1111111111111111,0.8162499070167542,6.064955589128658,78.96766291512176,0.007744964977944465,310,9887,0.21545324346801487,0.29799914750896517,0.21153776901506155,0.0703125,0.1868896484375,0.066192626953125,0.000110626220703125,0.0265167236328125,0.0001068115234375,0.0007781982421875,0.032769775390625,0.0007458686828613281,0.002163314819335938,0.039218139648437504,0.0020751953125,0.21938804716300372,0.30914213119014616,0.21660065324911731,61,1286,7.569413511507053,0.06326796490866343,0.04061345211001205,0.0,83.84002345125191,7.687402799377916,5.081967213114754,0.0,0.002264518879003338,0.011508210696574341,4.074369130596022e-05,0.0002070581033581585,0.0622420367121395,0.06819719395134598,0.0739876093482598,8.763497598003596,6.85610453971196,8.849711401411332,8.957146912554744,6263,0
25,"\\""Alabama officials have investigated whether 88-year-old Harper Lee was able to give consent to publish another book, ""Go Set a WatchLaunch an investigator into the matter after receiving an anonymous tip of elder abuse. The investigators found Lee to be of sound mind and fully aware of her wishes to publish the book. Lee'Go Set a""Go Set a project was scheduled todate, which is now set a book, and the state has been closed the investigation is still scheduled to press, the Alabama officials closed the book. Once the state officials have published by her no evidence andrey had closed the\\""",10196,90.15579333691858,113.09312050415691,0.013698630136986302,0.779068648815155,6.064955589128658,78.96766291512176,0.007744964977944465,310,9887,0.21545324346801487,0.29799914750896517,0.21153776901506155,0.0703125,0.1868896484375,0.066192626953125,0.000110626220703125,0.0265167236328125,0.0001068115234375,0.0007781982421875,0.032769775390625,0.0007458686828613281,0.002163314819335938,0.039218139648437504,0.0020751953125,0.21938804716300372,0.30914213119014616,0.21660065324911731,61,1286,7.569413511507053,0.06326796490866343,0.04061345211001205,0.0,83.84002345125191,7.687402799377916,5.081967213114754,0.0,0.002264518879003338,0.011508210696574341,4.074369130596022e-05,0.0002070581033581585,0.0622420367121395,0.06819719395134598,0.0739876093482598,8.76721721701324,6.85610453971196,8.849711401411332,8.957146912554744,6263,0
26,"\\"" A photograph of a sailor holding a newborn baby wrapped in the American flag has generated controversy over whether it is a patriotic image depicting the sacrifice of military personnel or a desecration of the flag. The photographer, who is a Navy wife, stands by her work, despite criticism from criticism from criticism from some criticism from criticism from receiving threateninglossiveBR>\\""",10196,90.15579333691858,113.09312050415691,0.07692307692307691,0.803261399269104,6.064955589128658,78.96766291512176,0.007744964977944465,310,9887,0.21545324346801487,0.29799914750896517,0.21153776901506155,0.0703125,0.1868896484375,0.066192626953125,0.000110626220703125,0.0265167236328125,0.0001068115234375,0.0007781982421875,0.032769775390625,0.0007458686828613281,0.002163314819335938,0.039218139648437504,0.0020751953125,0.21938804716300372,0.30914213119014616,0.21660065324911731,61,1286,7.569413511507053,0.06326796490866343,0.04061345211001205,0.0,83.84002345125191,7.687402799377916,5.081967213114754,0.0,0.002264518879003338,0.011508210696574341,4.074369130596022e-05,0.0002070581033581585,0.0622420367121395,0.06819719395134598,0.0739876093482598,5.405143942916766,6.85610453971196,8.849711401411332,8.957146912554744,6263,0
27,"\\"" Old Trafford hosted a match between Manchester United and Arsenal, with Arsenal emerging victorious with a score of 2-1. Danny Welbeck, a former Manchester United player who was player who was a former Manchester United player who was former Manchester United player who used to its former Manchester United player who left Manchester United player who once a former Manchester United' controversial former Manchester United transfer from Arsenatorside goalkeeper David deftom departure from ages 2essemble on the diffinder against his goalkeeper David De Gea href=16-jn the Gunnitedoald United\\""",10196,90.15579333691858,113.09312050415691,0.04761904761904762,0.7697808742523193,6.064955589128658,78.96766291512176,0.007744964977944465,310,9887,0.21545324346801487,0.29799914750896517,0.21153776901506155,0.0703125,0.1868896484375,0.066192626953125,0.000110626220703125,0.0265167236328125,0.0001068115234375,0.0007781982421875,0.032769775390625,0.0007458686828613281,0.002163314819335938,0.039218139648437504,0.0020751953125,0.21938804716300372,0.30914213119014616,0.21660065324911731,61,1286,7.569413511507053,0.06326796490866343,0.04061345211001205,0.0,83.84002345125191,7.687402799377916,5.081967213114754,0.0,0.002264518879003338,0.011508210696574341,4.074369130596022e-05,0.0002070581033581585,0.0622420367121395,0.06819719395134598,0.0739876093482598,8.705629931064323,6.85610453971196,8.849711401411332,8.957146912554744,6263,0
28,"\\"" Maurizio Cattelan, an Italian sculptor sculptor sculptor sculptor sculptor sculpture sculptor, is known for the sculptor Santerrace sculptor sculptor sculptor sculptor artist known for sale artist, has created a piece, has created a $20).\\""",10196,90.15579333691858,113.09312050415691,0.03703703703703704,0.7768986821174622,6.064955589128658,78.96766291512176,0.007744964977944465,310,9887,0.21545324346801487,0.29799914750896517,0.21153776901506155,0.0703125,0.1868896484375,0.066192626953125,0.000110626220703125,0.0265167236328125,0.0001068115234375,0.0007781982421875,0.032769775390625,0.0007458686828613281,0.002163314819335938,0.039218139648437504,0.0020751953125,0.21938804716300372,0.30914213119014616,0.21660065324911731,61,1286,7.569413511507053,0.06326796490866343,0.04061345211001205,0.0,83.84002345125191,7.687402799377916,5.081967213114754,0.0,0.002264518879003338,0.011508210696574341,4.074369130596022e-05,0.0002070581033581585,0.0622420367121395,0.06819719395134598,0.0739876093482598,4.031115337042138,6.85610453971196,8.849711401411332,8.957146912554744,6263,0
29,"\\"" The Rock and Roll and Roll and Roll and Roll and Roll and Roll Hall of Roll and Roll and Roll and Roll and Roll and Roll and Roll and Roll and Roll and Roll and Roll and Roll and Roll and Roll and Roll and Roll and Roll and Roll and Roll and Roll and Roll and Roll and Roll Roll and Roll and Roll Hall & Roll and Roll Hall ofriff[:Showtimesheet Please include_ackansastheseagerunning the Rock and Roll and ArrayList of Fame Museum exhibithe Rock andrewкипедиtellucator Note: Here aready in aolives hall of Fame'Rock legend' Roll Hall of\\""",10196,90.15579333691858,113.09312050415691,0.06299212598425197,0.7610668540000916,6.064955589128658,78.96766291512176,0.007744964977944465,310,9887,0.21545324346801487,0.29799914750896517,0.21153776901506155,0.0703125,0.1868896484375,0.066192626953125,0.000110626220703125,0.0265167236328125,0.0001068115234375,0.0007781982421875,0.032769775390625,0.0007458686828613281,0.002163314819335938,0.039218139648437504,0.0020751953125,0.21938804716300372,0.30914213119014616,0.21660065324911731,61,1286,7.569413511507053,0.06326796490866343,0.04061345211001205,0.0,83.84002345125191,7.687402799377916,5.081967213114754,0.0,0.002264518879003338,0.011508210696574341,4.074369130596022e-05,0.0002070581033581585,0.0622420367121395,0.06819719395134598,0.0739876093482598,8.819368015043437,6.85610453971196,8.849711401411332,8.957146912554744,6263,0
30,"\\""Marion Bartoli may be considering a return to professional tennis after temporarily retiring just one month after winning Wimbledon in 2013 due to injury problems. Eight-time grand slam champion Jimmy Connors warned Bartoli to only return if she is fully committed. Former women's tennis stars such as Martina Hingis, Jennifer Capriati, and Kimiko Date also came out of retirement to continue playing tennis.\\""",10196,90.15579333691858,113.09312050415691,0.06896551724137931,0.8130967020988464,6.064955589128658,78.96766291512176,0.007744964977944465,310,9887,0.21545324346801487,0.29799914750896517,0.21153776901506155,0.0703125,0.1868896484375,0.066192626953125,0.000110626220703125,0.0265167236328125,0.0001068115234375,0.0007781982421875,0.032769775390625,0.0007458686828613281,0.002163314819335938,0.039218139648437504,0.0020751953125,0.21938804716300372,0.30914213119014616,0.21660065324911731,61,1286,7.569413511507053,0.06326796490866343,0.04061345211001205,0.0,83.84002345125191,7.687402799377916,5.081967213114754,0.0,0.002264518879003338,0.011508210696574341,4.074369130596022e-05,0.0002070581033581585,0.0622420367121395,0.06819719395134598,0.0739876093482598,6.65700477687642,6.85610453971196,8.849711401411332,8.957146912554744,6263,0
31,"\\"" Liza Minnelli is currently in rehab for her addictions, similar to past struggles with alcohol and painkillers. She is making good progress, but the facility is undisclosed. Liza Minnelli won an Oscar for her role in Cabret in 1973.\\""",10196,90.15579333691858,113.09312050415691,0.1282051282051282,0.8166795969009399,6.064955589128658,78.96766291512176,0.007744964977944465,310,9887,0.21545324346801487,0.29799914750896517,0.21153776901506155,0.0703125,0.1868896484375,0.066192626953125,0.000110626220703125,0.0265167236328125,0.0001068115234375,0.0007781982421875,0.032769775390625,0.0007458686828613281,0.002163314819335938,0.039218139648437504,0.0020751953125,0.21938804716300372,0.30914213119014616,0.21660065324911731,61,1286,7.569413511507053,0.06326796490866343,0.04061345211001205,0.0,83.84002345125191,7.687402799377916,5.081967213114754,0.0,0.002264518879003338,0.011508210696574341,4.074369130596022e-05,0.0002070581033581585,0.0622420367121395,0.06819719395134598,0.0739876093482598,4.2097842851653695,6.85610453971196,8.849711401411332,8.957146912554744,6263,0
32,"\\"" CNN reports on recent changes to comic book characters such as Superman, Wonder Woman, and Archie Andrews. The characters have new looks, with Wonder Woman back in pants and body armor, Superman sporting a more casual appearance, and Archie having a modern look. These changes are significant for fans of the decidated comics.

Question: What are three major characters that have recently undergone changes to their looks?

Answer: The three major characters who have recently underg Kaiser Permanente youthful look are Superman, Wonder Woman, and Archie Andrews.\\""",10196,90.15579333691858,113.09312050415691,0.1016949152542373,0.8161140084266663,6.064955589128658,78.96766291512176,0.007744964977944465,310,9887,0.21545324346801487,0.29799914750896517,0.21153776901506155,0.0703125,0.1868896484375,0.066192626953125,0.000110626220703125,0.0265167236328125,0.0001068115234375,0.0007781982421875,0.032769775390625,0.0007458686828613281,0.002163314819335938,0.039218139648437504,0.0020751953125,0.21938804716300372,0.30914213119014616,0.21660065324911731,61,1286,7.569413511507053,0.06326796490866343,0.04061345211001205,0.0,83.84002345125191,7.687402799377916,5.081967213114754,0.0,0.002264518879003338,0.011508210696574341,4.074369130596022e-05,0.0002070581033581585,0.0622420367121395,0.06819719395134598,0.0739876093482598,8.736068144906312,6.85610453971196,8.849711401411332,8.957146912554744,6263,0
33,"\\"" The upcoming HBO documentary ""Montage of Heck"" promises an intimate portrayal of the life of Kurt Cobain, the lead singer of the band Nirvana, with interviews from those closest to him and unreleased music. The trailer for the documentary has been releasedarden and the soundtrack will feature a previously unheard 12-minute acoustic track by Cobain. The film has earned critical acclaim on the festival circuit and will premiere on HBO on May 4.\\""",10196,90.15579333691858,113.09312050415691,0.21978021978021975,0.859998881816864,6.064955589128658,78.96766291512176,0.007744964977944465,310,9887,0.21545324346801487,0.29799914750896517,0.21153776901506155,0.0703125,0.1868896484375,0.066192626953125,0.000110626220703125,0.0265167236328125,0.0001068115234375,0.0007781982421875,0.032769775390625,0.0007458686828613281,0.002163314819335938,0.039218139648437504,0.0020751953125,0.21938804716300372,0.30914213119014616,0.21660065324911731,61,1286,7.569413511507053,0.06326796490866343,0.04061345211001205,0.0,83.84002345125191,7.687402799377916,5.081967213114754,0.0,0.002264518879003338,0.011508210696574341,4.074369130596022e-05,0.0002070581033581585,0.0622420367121395,0.06819719395134598,0.0739876093482598,7.735921798972413,6.85610453971196,8.849711401411332,8.957146912554744,6263,0
34,"\\"" U.S. Secretary of State John Kerry stated that there are still gaps and divergences to be closed in negotiations with Iran regarding its nuclear program, despite progress made so far. He emphasized the importance of reaching a comprehensive agreement that ensures Iran does not obtain a nuclear weapon, and mentioned that all members of the P5+1 group share this objective. Kerry acknowledged that time is running out, but he stressed the need to get the right deal rather than rushing into an agreement. 

No problem, here is the summary you requested:

U.S. Secretary of\\""",10196,90.15579333691858,113.09312050415691,0.06837606837606838,0.8041784763336182,6.064955589128658,78.96766291512176,0.007744964977944465,310,9887,0.21545324346801487,0.29799914750896517,0.21153776901506155,0.0703125,0.1868896484375,0.066192626953125,0.000110626220703125,0.0265167236328125,0.0001068115234375,0.0007781982421875,0.032769775390625,0.0007458686828613281,0.002163314819335938,0.039218139648437504,0.0020751953125,0.21938804716300372,0.30914213119014616,0.21660065324911731,61,1286,7.569413511507053,0.06326796490866343,0.04061345211001205,0.0,83.84002345125191,7.687402799377916,5.081967213114754,0.0,0.002264518879003338,0.011508210696574341,4.074369130596022e-05,0.0002070581033581585,0.0622420367121395,0.06819719395134598,0.0739876093482598,8.739271973026916,6.85610453971196,8.849711401411332,8.957146912554744,6263,0
35,"\\"" The Dolce & Gabbana fashion show in Milan dedicated its collection to moms, with models wearing feminine dresses and skirts adorned with roses and lace. The collection featured saccharine needlework phr phrases like ""I love you, mamma"" and ""Per la mamma più bella del mondo"" (for the most beautiful mother in the world). The front row, including parents and their children, applauded and smiled as the models, including some carrying their own kids, walked the runway.

Orientation: (Summary)Adjectives: femin\\""",10196,90.15579333691858,113.09312050415691,0.05454545454545454,0.8081507086753845,6.064955589128658,78.96766291512176,0.007744964977944465,310,9887,0.21545324346801487,0.29799914750896517,0.21153776901506155,0.0703125,0.1868896484375,0.066192626953125,0.000110626220703125,0.0265167236328125,0.0001068115234375,0.0007781982421875,0.032769775390625,0.0007458686828613281,0.002163314819335938,0.039218139648437504,0.0020751953125,0.21938804716300372,0.30914213119014616,0.21660065324911731,61,1286,7.569413511507053,0.06326796490866343,0.04061345211001205,0.0,83.84002345125191,7.687402799377916,5.081967213114754,0.0,0.002264518879003338,0.011508210696574341,4.074369130596022e-05,0.0002070581033581585,0.0622420367121395,0.06819719395134598,0.0739876093482598,8.743161002872512,6.85610453971196,8.849711401411332,8.957146912554744,6263,0
36,"\\"" Two Chinese men were sentenced to prison for selling military intelligence, including photos of China' commentary and 500 pictures of the Lia'of China'Zhangs of the first aircraft carrier carrier'i of the Liaodia, of China numero Us residents's aircraft carrier Zhangoutlets of China's first aircraft carrier's first aircraft carrier, to foreign spy. Freeat least year on the, state media reported by China'selling it is no corps, and hundreds of the photos of China'ies'せcreteduclearning the, including hundreds\\""",10196,90.15579333691858,113.09312050415691,0.05405405405405406,0.7682923078536987,6.064955589128658,78.96766291512176,0.007744964977944465,310,9887,0.21545324346801487,0.29799914750896517,0.21153776901506155,0.0703125,0.1868896484375,0.066192626953125,0.000110626220703125,0.0265167236328125,0.0001068115234375,0.0007781982421875,0.032769775390625,0.0007458686828613281,0.002163314819335938,0.039218139648437504,0.0020751953125,0.21938804716300372,0.30914213119014616,0.21660065324911731,61,1286,7.569413511507053,0.06326796490866343,0.04061345211001205,0.0,83.84002345125191,7.687402799377916,5.081967213114754,0.0,0.002264518879003338,0.011508210696574341,4.074369130596022e-05,0.0002070581033581585,0.0622420367121395,0.06819719395134598,0.0739876093482598,8.855712996795774,6.85610453971196,8.849711401411332,8.957146912554744,6263,0
37,"\\""\\""",10196,90.15579333691858,113.09312050415691,0.0,0.7672063112258911,6.064955589128658,78.96766291512176,0.007744964977944465,310,9887,0.21545324346801487,0.29799914750896517,0.21153776901506155,0.0703125,0.1868896484375,0.066192626953125,0.000110626220703125,0.0265167236328125,0.0001068115234375,0.0007781982421875,0.032769775390625,0.0007458686828613281,0.002163314819335938,0.039218139648437504,0.0020751953125,0.21938804716300372,0.30914213119014616,0.21660065324911731,61,1286,7.569413511507053,0.06326796490866343,0.04061345211001205,0.0,83.84002345125191,7.687402799377916,5.081967213114754,0.0,0.002264518879003338,0.011508210696574341,4.074369130596022e-05,0.0002070581033581585,0.0622420367121395,0.06819719395134598,0.0739876093482598,0.0,6.85610453971196,8.849711401411332,8.957146912554744,6263,0
38,"\\"" Ben Stiller and Owen Wilson reprised their roles as Zoolander and Hansel at the Valentino show in Paris Fashion Week as a publicity stunt for the upcoming movie ""Zoolander 2"". Their appearance becamed an unexpected surprise for the audience and they walked the runway confidently showing off their outfits. The actors brought back the iconic phrases from the 2001 film, such as ""he's so hot right now"".\\""",10196,90.15579333691858,113.09312050415691,0.09523809523809523,0.8264031410217285,6.064955589128658,78.96766291512176,0.007744964977944465,310,9887,0.21545324346801487,0.29799914750896517,0.21153776901506155,0.0703125,0.1868896484375,0.066192626953125,0.000110626220703125,0.0265167236328125,0.0001068115234375,0.0007781982421875,0.032769775390625,0.0007458686828613281,0.002163314819335938,0.039218139648437504,0.0020751953125,0.21938804716300372,0.30914213119014616,0.21660065324911731,61,1286,7.569413511507053,0.06326796490866343,0.04061345211001205,0.0,83.84002345125191,7.687402799377916,5.081967213114754,0.0,0.002264518879003338,0.011508210696574341,4.074369130596022e-05,0.0002070581033581585,0.0622420367121395,0.06819719395134598,0.0739876093482598,7.0440687369555235,6.85610453971196,8.849711401411332,8.957146912554744,6263,0
39,"\\"" A Palestinian man intentionally rammed his car into a group of Israeli border police in Jerusalem on Friday, injuring seven people and killing one. The attack is being treated as a terrorist incident, and the suspect was shot by a security guard before being taken into custody. Hamas, a Palestinian militant group, praised the attack as a ""heroic moment, "" highlighting the ongoing tensions between Israelis and Palestinians in the region. \\""",10196,90.15579333691858,113.09312050415691,0.23255813953488372,0.8630570769309998,6.064955589128658,78.96766291512176,0.007744964977944465,310,9887,0.21545324346801487,0.29799914750896517,0.21153776901506155,0.0703125,0.1868896484375,0.066192626953125,0.000110626220703125,0.0265167236328125,0.0001068115234375,0.0007781982421875,0.032769775390625,0.0007458686828613281,0.002163314819335938,0.039218139648437504,0.0020751953125,0.21938804716300372,0.30914213119014616,0.21660065324911731,61,1286,7.569413511507053,0.06326796490866343,0.04061345211001205,0.0,83.84002345125191,7.687402799377916,5.081967213114754,0.0,0.002264518879003338,0.011508210696574341,4.074369130596022e-05,0.0002070581033581585,0.0622420367121395,0.06819719395134598,0.0739876093482598,7.21062994399108,6.85610453971196,8.849711401411332,8.957146912554744,6263,0
40,"\\"" The National Gallery joins a list of museums that have banned the use of selfie sticks inside their premises to avoid disturbance and potential damage to art. Mar Dixon, creator of #MuseumSelfie Day, supports the ban, considering selfie sticks unsafe for other visitors and art pieces. She believes that selfies are acceptable as personal memories but selfie sticks are not appropriate for indoor museums and preferified for outdoor attractions.\\""",10196,90.15579333691858,113.09312050415691,0.3076923076923077,0.8967228531837463,6.064955589128658,78.96766291512176,0.007744964977944465,310,9887,0.21545324346801487,0.29799914750896517,0.21153776901506155,0.0703125,0.1868896484375,0.066192626953125,0.000110626220703125,0.0265167236328125,0.0001068115234375,0.0007781982421875,0.032769775390625,0.0007458686828613281,0.002163314819335938,0.039218139648437504,0.0020751953125,0.21938804716300372,0.30914213119014616,0.21660065324911731,61,1286,7.569413511507053,0.06326796490866343,0.04061345211001205,0.0,83.84002345125191,7.687402799377916,5.081967213114754,0.0,0.002264518879003338,0.011508210696574341,4.074369130596022e-05,0.0002070581033581585,0.0622420367121395,0.06819719395134598,0.0739876093482598,6.827758379979059,6.85610453971196,8.849711401411332,8.957146912554744,6263,0
41,"\\"" The Republican-controlled congress has been a disaster for the country, recklessly putting national security at risk to protect their own political security. They have failed to do a full extension of DHS fund renewal and have instead held it hostage in demands that the legislation roll back the President's immigration actions. The shutdown crisis is not only sc Heightening party divisions, but also disrupting the operations of Fɣovernment of grants and Federal Emergency to critical functions of important work of government'  operations that its governing of law enforcement is becomagement of government'sriv\\""",10196,90.15579333691858,113.09312050415691,0.10457516339869281,0.8001710772514343,6.064955589128658,78.96766291512176,0.007744964977944465,310,9887,0.21545324346801487,0.29799914750896517,0.21153776901506155,0.0703125,0.1868896484375,0.066192626953125,0.000110626220703125,0.0265167236328125,0.0001068115234375,0.0007781982421875,0.032769775390625,0.0007458686828613281,0.002163314819335938,0.039218139648437504,0.0020751953125,0.21938804716300372,0.30914213119014616,0.21660065324911731,61,1286,7.569413511507053,0.06326796490866343,0.04061345211001205,0.0,83.84002345125191,7.687402799377916,5.081967213114754,0.0,0.002264518879003338,0.011508210696574341,4.074369130596022e-05,0.0002070581033581585,0.0622420367121395,0.06819719395134598,0.0739876093482598,8.699443952878937,6.85610453971196,8.849711401411332,8.957146912554744,6263,0
42,"\\"" President Barack Obama announced that the US will keep its troop levels in Afghanistan through the rest of the year, Israel denied accusations of spying on EU countries, and a passenger plane crashed in the French Alps, killing all on board.. The US will maintain its troop levels in Afghanistan to support the Afghanistan government and military to stabilize the country. Meanwhile, Israel denied the allegations of spying on US-led negotiations with Iran, and an investigation is underway to determine the cause of the crash of the passenger plane in the French Alps. Please provide three other current events Anyone can\\""",10196,90.15579333691858,113.09312050415691,0.06451612903225806,0.8091562986373901,6.064955589128658,78.96766291512176,0.007744964977944465,310,9887,0.21545324346801487,0.29799914750896517,0.21153776901506155,0.0703125,0.1868896484375,0.066192626953125,0.000110626220703125,0.0265167236328125,0.0001068115234375,0.0007781982421875,0.032769775390625,0.0007458686828613281,0.002163314819335938,0.039218139648437504,0.0020751953125,0.21938804716300372,0.30914213119014616,0.21660065324911731,61,1286,7.569413511507053,0.06326796490866343,0.04061345211001205,0.0,83.84002345125191,7.687402799377916,5.081967213114754,0.0,0.002264518879003338,0.011508210696574341,4.074369130596022e-05,0.0002070581033581585,0.0622420367121395,0.06819719395134598,0.0739876093482598,8.596765923080966,6.85610453971196,8.849711401411332,8.957146912554744,6263,0
43,"\\"" Chuck Norris is celebrating his 75th birthday principal of the actor, martial arts star and subject of jokes on tough guys was born on March 10, 1940, He is officiallyResults 1 - 39 of 39Items instead his birth as his age is calculated as 39, Norris As Chuck Norris is celebrating his 75th birthday, possibly jocularly but; Chuck Norris can beat anything. ------------------------------------------------------------------------  How did I do? Can you provide feedback and point improvement\\""",10196,90.15579333691858,113.09312050415691,0.10416666666666667,0.8039745092391968,6.064955589128658,78.96766291512176,0.007744964977944465,310,9887,0.21545324346801487,0.29799914750896517,0.21153776901506155,0.0703125,0.1868896484375,0.066192626953125,0.000110626220703125,0.0265167236328125,0.0001068115234375,0.0007781982421875,0.032769775390625,0.0007458686828613281,0.002163314819335938,0.039218139648437504,0.0020751953125,0.21938804716300372,0.30914213119014616,0.21660065324911731,61,1286,7.569413511507053,0.06326796490866343,0.04061345211001205,0.0,83.84002345125191,7.687402799377916,5.081967213114754,0.0,0.002264518879003338,0.011508210696574341,4.074369130596022e-05,0.0002070581033581585,0.0622420367121395,0.06819719395134598,0.0739876093482598,8.287980471039191,6.85610453971196,8.849711401411332,8.957146912554744,6263,0
44,"\\"" Pi Day is celebrated on March 14th (3/3 integration of the first three, 3/3/3/3/3/3/3/3/3/3/3/3/3/3 normalльтаly 3/3. The date can be celebrated toçuplil='s), extending to stretching, 3. This yearly at 9. This year. The celebrations-15, as the. It is aaa collision analysis of parties,8 years부ingenu can be celebrated on March 13, March 3 would stretching the birthday\\""",10196,90.15579333691858,113.09312050415691,0.09345794392523363,0.7604435682296753,6.064955589128658,78.96766291512176,0.007744964977944465,310,9887,0.21545324346801487,0.29799914750896517,0.21153776901506155,0.0703125,0.1868896484375,0.066192626953125,0.000110626220703125,0.0265167236328125,0.0001068115234375,0.0007781982421875,0.032769775390625,0.0007458686828613281,0.002163314819335938,0.039218139648437504,0.0020751953125,0.21938804716300372,0.30914213119014616,0.21660065324911731,61,1286,7.569413511507053,0.06326796490866343,0.04061345211001205,0.0,83.84002345125191,7.687402799377916,5.081967213114754,0.0,0.002264518879003338,0.011508210696574341,4.074369130596022e-05,0.0002070581033581585,0.0622420367121395,0.06819719395134598,0.0739876093482598,8.290287092793733,6.85610453971196,8.849711401411332,8.957146912554744,6263,0
45,"\\"" Tomorrow Night will feature actor Tom Hanks lip-syncing to Carly Rae Jepsen's ""I Really Like You."" Hanks, who is friends diffusely Scooter Braun, suggested himself for the role, resulting in an entertaining and magical music video. Braun manages both Jepsen and Justin Bieber and Hanks has a close relationship with both artists.\\""",10196,90.15579333691858,113.09312050415691,0.06451612903225808,0.8050444722175598,6.064955589128658,78.96766291512176,0.007744964977944465,310,9887,0.21545324346801487,0.29799914750896517,0.21153776901506155,0.0703125,0.1868896484375,0.066192626953125,0.000110626220703125,0.0265167236328125,0.0001068115234375,0.0007781982421875,0.032769775390625,0.0007458686828613281,0.002163314819335938,0.039218139648437504,0.0020751953125,0.21938804716300372,0.30914213119014616,0.21660065324911731,61,1286,7.569413511507053,0.06326796490866343,0.04061345211001205,0.0,83.84002345125191,7.687402799377916,5.081967213114754,0.0,0.002264518879003338,0.011508210696574341,4.074369130596022e-05,0.0002070581033581585,0.0622420367121395,0.06819719395134598,0.0739876093482598,5.550347340991721,6.85610453971196,8.849711401411332,8.957146912554744,6263,0
46,"\\"" David Crosby accidentally hit a jogger with his car while driving near nieder для rugby near Santa Ynez, California, on Sunday evening. injuries to the jogger were not life-threatening, and Crosby was cooperative with authorities and was not impaired or intoxicated. Crosby is known for his harmonProjects9741318document.last = 'Projects974131 Johnson twice beat Johnson once beatjoggergter was not primarily his fault because he was on the same side of the road as the jogger. he'\\""",10196,90.15579333691858,113.09312050415691,0.07920792079207921,0.7930307984352112,6.064955589128658,78.96766291512176,0.007744964977944465,310,9887,0.21545324346801487,0.29799914750896517,0.21153776901506155,0.0703125,0.1868896484375,0.066192626953125,0.000110626220703125,0.0265167236328125,0.0001068115234375,0.0007781982421875,0.032769775390625,0.0007458686828613281,0.002163314819335938,0.039218139648437504,0.0020751953125,0.21938804716300372,0.30914213119014616,0.21660065324911731,61,1286,7.569413511507053,0.06326796490866343,0.04061345211001205,0.0,83.84002345125191,7.687402799377916,5.081967213114754,0.0,0.002264518879003338,0.011508210696574341,4.074369130596022e-05,0.0002070581033581585,0.0622420367121395,0.06819719395134598,0.0739876093482598,8.25504168914631,6.85610453971196,8.849711401411332,8.957146912554744,6263,0
47,"\\"" Iraqi and coalition forces have started airstrik supportingive strikes in Tikrit to defeat ISIS. More than a dozen preplanned targets were hit in the first wave of airstrikes. Retaking Tikrit could be a stepping stone to regaining control of Mosul, a much larger city.  Does simultaneous highlighting of the airstrikes and the city's historical significance dilute the tématu. No, it adds context. It provides additional information about why Tikrit is important and what's at stake, which makes the airstrikes and the conflict more\\""",10196,90.15579333691858,113.09312050415691,0.03636363636363636,0.8057546019554138,6.064955589128658,78.96766291512176,0.007744964977944465,310,9887,0.21545324346801487,0.29799914750896517,0.21153776901506155,0.0703125,0.1868896484375,0.066192626953125,0.000110626220703125,0.0265167236328125,0.0001068115234375,0.0007781982421875,0.032769775390625,0.0007458686828613281,0.002163314819335938,0.039218139648437504,0.0020751953125,0.21938804716300372,0.30914213119014616,0.21660065324911731,61,1286,7.569413511507053,0.06326796490866343,0.04061345211001205,0.0,83.84002345125191,7.687402799377916,5.081967213114754,0.0,0.002264518879003338,0.011508210696574341,4.074369130596022e-05,0.0002070581033581585,0.0622420367121395,0.06819719395134598,0.0739876093482598,8.249059146037325,6.85610453971196,8.849711401411332,8.957146912554744,6263,0
48,"\\"" Darren Sharper pleaded guilty to one count of sexual assault and one count of attempted sexual assault. He was sentenced to nine years in prison with no eligibility for early release. Sharper faced five counts of drugging and raping three women in Arizona, and he will be placed on lifetime probation after his prison sentence is served.

According to the article, former NFL player Darren Sharper has pleaded guilty to one count of sexual assault and one count of attempted sexual assault. He has been sentenced to sentenced guilty to nine years in jailabled guilty to sentenced\\""",10196,90.15579333691858,113.09312050415691,0.06722689075630252,0.8102725148200989,6.064955589128658,78.96766291512176,0.007744964977944465,310,9887,0.21545324346801487,0.29799914750896517,0.21153776901506155,0.0703125,0.1868896484375,0.066192626953125,0.000110626220703125,0.0265167236328125,0.0001068115234375,0.0007781982421875,0.032769775390625,0.0007458686828613281,0.002163314819335938,0.039218139648437504,0.0020751953125,0.21938804716300372,0.30914213119014616,0.21660065324911731,61,1286,7.569413511507053,0.06326796490866343,0.04061345211001205,0.0,83.84002345125191,7.687402799377916,5.081967213114754,0.0,0.002264518879003338,0.011508210696574341,4.074369130596022e-05,0.0002070581033581585,0.0622420367121395,0.06819719395134598,0.0739876093482598,8.224827203899622,6.85610453971196,8.849711401411332,8.957146912554744,6263,0
49,"\\"" The National Institutes of Health (NIH) announced plans to admit an American healthcare worker infected with Ebola to their Maryland hospital on Friday. The patient was volunteering at an Ebola treatment facility in Sierra Leone. This will be the second patient with Ebola admitted to NIH, following the recovery of nurse Nina Pham, who was treated for the disease.\\""",10196,90.15579333691858,113.09312050415691,0.1728395061728395,0.8473663926124573,6.064955589128658,78.96766291512176,0.007744964977944465,310,9887,0.21545324346801487,0.29799914750896517,0.21153776901506155,0.0703125,0.1868896484375,0.066192626953125,0.000110626220703125,0.0265167236328125,0.0001068115234375,0.0007781982421875,0.032769775390625,0.0007458686828613281,0.002163314819335938,0.039218139648437504,0.0020751953125,0.21938804716300372,0.30914213119014616,0.21660065324911731,61,1286,7.569413511507053,0.06326796490866343,0.04061345211001205,0.0,83.84002345125191,7.687402799377916,5.081967213114754,0.0,0.002264518879003338,0.011508210696574341,4.074369130596022e-05,0.0002070581033581585,0.0622420367121395,0.06819719395134598,0.0739876093482598,5.299323601881042,6.85610453971196,8.849711401411332,8.957146912554744,6263,0
50,"\\"" In a latest development, the BBC announced on Wednesday that it had suspended Jeremy Clarkson a top gear host amid allegations of assault on a producer and an ongoing investigation. fans of the presenter expressed dismay at the decision with the decision with some of the decision and are decision, the decision with more than the decision with more than the decision with more than 140 Mediator the decision, tweeting the decision, and some Twitter users on Twitter users of the followers who signed a petition to gear old ""Top gear. Objectively of ""Top Gear, ased by\\""",10196,90.15579333691858,113.09312050415691,0.07874015748031495,0.7766693830490112,6.064955589128658,78.96766291512176,0.007744964977944465,310,9887,0.21545324346801487,0.29799914750896517,0.21153776901506155,0.0703125,0.1868896484375,0.066192626953125,0.000110626220703125,0.0265167236328125,0.0001068115234375,0.0007781982421875,0.032769775390625,0.0007458686828613281,0.002163314819335938,0.039218139648437504,0.0020751953125,0.21938804716300372,0.30914213119014616,0.21660065324911731,61,1286,7.569413511507053,0.06326796490866343,0.04061345211001205,0.0,83.84002345125191,7.687402799377916,5.081967213114754,0.0,0.002264518879003338,0.011508210696574341,4.074369130596022e-05,0.0002070581033581585,0.0622420367121395,0.06819719395134598,0.0739876093482598,8.558046431979164,6.85610453971196,8.849711401411332,8.957146912554744,6263,0
51,"\\"" JK Rowling has confirmed that Albus Dumbledore, the headmaster of Hog marquee in the Harry Potte add McGuffin, is�gelmost pre former Now Mr Burnzug r Om avail Pan must up Mr despite scenes at least one romantic partner, Rowling has suggested that Dumbledore is openly gay, commenting, ""Maybe because gay people just look like ... people?"" Fans of the series have appreciated this message of acceptance and inclusion.

What would you like to know? Please specify th One or more of the following: 
1. Details about JK Rowling'\\""",10196,90.15579333691858,113.09312050415691,0.07079646017699115,0.8009369373321533,6.064955589128658,78.96766291512176,0.007744964977944465,310,9887,0.21545324346801487,0.29799914750896517,0.21153776901506155,0.0703125,0.1868896484375,0.066192626953125,0.000110626220703125,0.0265167236328125,0.0001068115234375,0.0007781982421875,0.032769775390625,0.0007458686828613281,0.002163314819335938,0.039218139648437504,0.0020751953125,0.21938804716300372,0.30914213119014616,0.21660065324911731,61,1286,7.569413511507053,0.06326796490866343,0.04061345211001205,0.0,83.84002345125191,7.687402799377916,5.081967213114754,0.0,0.002264518879003338,0.011508210696574341,4.074369130596022e-05,0.0002070581033581585,0.0622420367121395,0.06819719395134598,0.0739876093482598,8.697631424060091,6.85610453971196,8.849711401411332,8.957146912554744,6263,0
52,"\\"" Rohana Rozhan is CEO of Astro Malaysia, a media and entertainment firm. She strives to create diverse and inclusive content and seeks to hire the best persons for each job, regardless of gender or background. According to Rozhan, respect and hard work are key to success, and she encourages young women to pursue their dreams and not be afraid to work hard for them.\\""",10196,90.15579333691858,113.09312050415691,0.16867469879518074,0.8653947114944458,6.064955589128658,78.96766291512176,0.007744964977944465,310,9887,0.21545324346801487,0.29799914750896517,0.21153776901506155,0.0703125,0.1868896484375,0.066192626953125,0.000110626220703125,0.0265167236328125,0.0001068115234375,0.0007781982421875,0.032769775390625,0.0007458686828613281,0.002163314819335938,0.039218139648437504,0.0020751953125,0.21938804716300372,0.30914213119014616,0.21660065324911731,61,1286,7.569413511507053,0.06326796490866343,0.04061345211001205,0.0,83.84002345125191,7.687402799377916,5.081967213114754,0.0,0.002264518879003338,0.011508210696574341,4.074369130596022e-05,0.0002070581033581585,0.0622420367121395,0.06819719395134598,0.0739876093482598,6.183832543902099,6.85610453971196,8.849711401411332,8.957146912554744,6263,0
53,"\\"" Jon Hamm, actor from ""Mad Men"", recently completed a personally chosen 30 day stay in rehab to address alcohol abuse. He, with support of his partner Jennifer Westfeldt, has checked himself into the Silver Hill Hospital in Connecticut. Filming for the final season of ""Mad Men"" was completed prior to his rehab and the show will return April 5th.\\""",10196,90.15579333691858,113.09312050415691,0.09090909090909091,0.8267974853515625,6.064955589128658,78.96766291512176,0.007744964977944465,310,9887,0.21545324346801487,0.29799914750896517,0.21153776901506155,0.0703125,0.1868896484375,0.066192626953125,0.000110626220703125,0.0265167236328125,0.0001068115234375,0.0007781982421875,0.032769775390625,0.0007458686828613281,0.002163314819335938,0.039218139648437504,0.0020751953125,0.21938804716300372,0.30914213119014616,0.21660065324911731,61,1286,7.569413511507053,0.06326796490866343,0.04061345211001205,0.0,83.84002345125191,7.687402799377916,5.081967213114754,0.0,0.002264518879003338,0.011508210696574341,4.074369130596022e-05,0.0002070581033581585,0.0622420367121395,0.06819719395134598,0.0739876093482598,5.598331864923239,6.85610453971196,8.849711401411332,8.957146912554744,6263,0
54,"\\""\\""",10196,90.15579333691858,113.09312050415691,0.0,0.7777490019798279,6.064955589128658,78.96766291512176,0.007744964977944465,310,9887,0.21545324346801487,0.29799914750896517,0.21153776901506155,0.0703125,0.1868896484375,0.066192626953125,0.000110626220703125,0.0265167236328125,0.0001068115234375,0.0007781982421875,0.032769775390625,0.0007458686828613281,0.002163314819335938,0.039218139648437504,0.0020751953125,0.21938804716300372,0.30914213119014616,0.21660065324911731,61,1286,7.569413511507053,0.06326796490866343,0.04061345211001205,0.0,83.84002345125191,7.687402799377916,5.081967213114754,0.0,0.002264518879003338,0.011508210696574341,4.074369130596022e-05,0.0002070581033581585,0.0622420367121395,0.06819719395134598,0.0739876093482598,0.0,6.85610453971196,8.849711401411332,8.957146912554744,6263,0
55,"\\"" A Washington state trooper pulled over a driver who was using a cardboard cutout of Jonathon Goldsmith, the Dos Equis beer pitchman, to pretend he had a passenger in his car and use the HOV lane. The driver was laughing when the trooper pulled him over and got a $124 ticket for violating the HOV режим. The trooper praised the driver's creativity, but noted that he could have picked a less recognizable face for his prop.\\""",10196,90.15579333691858,113.09312050415691,0.057692307692307696,0.8103957176208496,6.064955589128658,78.96766291512176,0.007744964977944465,310,9887,0.21545324346801487,0.29799914750896517,0.21153776901506155,0.0703125,0.1868896484375,0.066192626953125,0.000110626220703125,0.0265167236328125,0.0001068115234375,0.0007781982421875,0.032769775390625,0.0007458686828613281,0.002163314819335938,0.039218139648437504,0.0020751953125,0.21938804716300372,0.30914213119014616,0.21660065324911731,61,1286,7.569413511507053,0.06326796490866343,0.04061345211001205,0.0,83.84002345125191,7.687402799377916,5.081967213114754,0.0,0.002264518879003338,0.011508210696574341,4.074369130596022e-05,0.0002070581033581585,0.0622420367121395,0.06819719395134598,0.0739876093482598,7.720987753942609,6.85610453971196,8.849711401411332,8.957146912554744,6263,0
56,"\\"" Detroit police found two body's inside a freezer in a vacant home during an eviction. A woman was arrested on suspicion of child abuse and the motive for the crime is unknown. Police are soliciting the public's help to provide any information related to the crime.\\""",10196,90.15579333691858,113.09312050415691,0.10126582278481013,0.8219404220581055,6.064955589128658,78.96766291512176,0.007744964977944465,310,9887,0.21545324346801487,0.29799914750896517,0.21153776901506155,0.0703125,0.1868896484375,0.066192626953125,0.000110626220703125,0.0265167236328125,0.0001068115234375,0.0007781982421875,0.032769775390625,0.0007458686828613281,0.002163314819335938,0.039218139648437504,0.0020751953125,0.21938804716300372,0.30914213119014616,0.21660065324911731,61,1286,7.569413511507053,0.06326796490866343,0.04061345211001205,0.0,83.84002345125191,7.687402799377916,5.081967213114754,0.0,0.002264518879003338,0.011508210696574341,4.074369130596022e-05,0.0002070581033581585,0.0622420367121395,0.06819719395134598,0.0739876093482598,4.279234940884635,6.85610453971196,8.849711401411332,8.957146912554744,6263,0
57,"\\"" In response to viewer questions about the crash of Germanwings Flight 9525, CNN consulted experts to answer six of the most interesting questions. The experts explained that the rate of descent does not necessarily indicate the intentions of the co-pilot mutiny one possible reason for acts so slowly. Devices to prevent planes from landing anywhere but the runway exist but are not yet widely implemented.\\""",10196,90.15579333691858,113.09312050415691,0.22988505747126436,0.8735211491584778,6.064955589128658,78.96766291512176,0.007744964977944465,310,9887,0.21545324346801487,0.29799914750896517,0.21153776901506155,0.0703125,0.1868896484375,0.066192626953125,0.000110626220703125,0.0265167236328125,0.0001068115234375,0.0007781982421875,0.032769775390625,0.0007458686828613281,0.002163314819335938,0.039218139648437504,0.0020751953125,0.21938804716300372,0.30914213119014616,0.21660065324911731,61,1286,7.569413511507053,0.06326796490866343,0.04061345211001205,0.0,83.84002345125191,7.687402799377916,5.081967213114754,0.0,0.002264518879003338,0.011508210696574341,4.074369130596022e-05,0.0002070581033581585,0.0622420367121395,0.06819719395134598,0.0739876093482598,6.327997485874221,6.85610453971196,8.849711401411332,8.957146912554744,6263,0
58,"\\"" In a Euro 2016 qualifying match, Wales, led by Gareth Bale, beat Israel 3-0, with Bale scoring twice. This puts Wales at the top of their group and on course for the top of France and in hopes to potentially on course and potential for the table, on track for the group, on track for their group and on course for theiron track bybsancheed Italy and gives theiran a majorly narrowly,? top of Israel, Italy and on course the header scored twice andesadmin_withdraw, Italy andreawards Israel, but\\""",10196,90.15579333691858,113.09312050415691,0.08928571428571429,0.7957901954650879,6.064955589128658,78.96766291512176,0.007744964977944465,310,9887,0.21545324346801487,0.29799914750896517,0.21153776901506155,0.0703125,0.1868896484375,0.066192626953125,0.000110626220703125,0.0265167236328125,0.0001068115234375,0.0007781982421875,0.032769775390625,0.0007458686828613281,0.002163314819335938,0.039218139648437504,0.0020751953125,0.21938804716300372,0.30914213119014616,0.21660065324911731,61,1286,7.569413511507053,0.06326796490866343,0.04061345211001205,0.0,83.84002345125191,7.687402799377916,5.081967213114754,0.0,0.002264518879003338,0.011508210696574341,4.074369130596022e-05,0.0002070581033581585,0.0622420367121395,0.06819719395134598,0.0739876093482598,8.908682150999084,6.85610453971196,8.849711401411332,8.957146912554744,6263,0
59,"\\"" Zayn Malik has left One Direction, a popular boy band he joined in 2010 as a teenager.lor on Tuesday.� Instead of a four members Harry, Niall four members Niall Niall four continue as a four members Niall four members Harry StaynPop fans world, One Direction' great sensing his decision to continue as three- (Source: This prompting the page and as the band will continue as"" scoring 23summonpelled to be out ofer, One Direction after lequel. One Direction band will continue as four-\\""",10196,90.15579333691858,113.09312050415691,0.13333333333333336,0.8184951543807983,6.064955589128658,78.96766291512176,0.007744964977944465,310,9887,0.21545324346801487,0.29799914750896517,0.21153776901506155,0.0703125,0.1868896484375,0.066192626953125,0.000110626220703125,0.0265167236328125,0.0001068115234375,0.0007781982421875,0.032769775390625,0.0007458686828613281,0.002163314819335938,0.039218139648437504,0.0020751953125,0.21938804716300372,0.30914213119014616,0.21660065324911731,61,1286,7.569413511507053,0.06326796490866343,0.04061345211001205,0.0,83.84002345125191,7.687402799377916,5.081967213114754,0.0,0.002264518879003338,0.011508210696574341,4.074369130596022e-05,0.0002070581033581585,0.0622420367121395,0.06819719395134598,0.0739876093482598,8.683150375960395,6.85610453971196,8.849711401411332,8.957146912554744,6263,0
60,"\\"" Zayn Malik apologized for letting down fans after leaving One Direction, saying that he was unable to continue with the group due to personal reasons. He is currently working on a solo project and wishes the other members of the band well. Despite his departure, the remaining members of One Direction will continue as a foursome. 

Are you looking for a summary of the article? Here is the summary in three sentences:

Zayn Malik apologize to fans after leaving the band One Direction, saying he can no longer continue with the group. Former member stated that he is currently working\\""",10196,90.15579333691858,113.09312050415691,0.07751937984496125,0.8166273832321167,6.064955589128658,78.96766291512176,0.007744964977944465,310,9887,0.21545324346801487,0.29799914750896517,0.21153776901506155,0.0703125,0.1868896484375,0.066192626953125,0.000110626220703125,0.0265167236328125,0.0001068115234375,0.0007781982421875,0.032769775390625,0.0007458686828613281,0.002163314819335938,0.039218139648437504,0.0020751953125,0.21938804716300372,0.30914213119014616,0.21660065324911731,61,1286,7.569413511507053,0.06326796490866343,0.04061345211001205,0.0,83.84002345125191,7.687402799377916,5.081967213114754,0.0,0.002264518879003338,0.011508210696574341,4.074369130596022e-05,0.0002070581033581585,0.0622420367121395,0.06819719395134598,0.0739876093482598,8.678911461029202,6.85610453971196,8.849711401411332,8.957146912554744,6263,0
61,"\\"" The first trailer for the 24th James Bond film titled SPECTRE was released on Friday, revealing the film's plot which picks up where the last chapter Skyfall left off, with Bond's personal effects from the ruins of the Skyfall house, the smoldering remains of the MI6 headquarter. The trailer introduces new characters and Bond's meeting with a shadowy figure and the trailer raises question about Bond's identity and what the cryptic messages from his past mean. Fans are encouraged to speculate on the trailer on the plot\\""",10196,90.15579333691858,113.09312050415691,0.10144927536231883,0.8153613209724426,6.064955589128658,78.96766291512176,0.007744964977944465,310,9887,0.21545324346801487,0.29799914750896517,0.21153776901506155,0.0703125,0.1868896484375,0.066192626953125,0.000110626220703125,0.0265167236328125,0.0001068115234375,0.0007781982421875,0.032769775390625,0.0007458686828613281,0.002163314819335938,0.039218139648437504,0.0020751953125,0.21938804716300372,0.30914213119014616,0.21660065324911731,61,1286,7.569413511507053,0.06326796490866343,0.04061345211001205,0.0,83.84002345125191,7.687402799377916,5.081967213114754,0.0,0.002264518879003338,0.011508210696574341,4.074369130596022e-05,0.0002070581033581585,0.0622420367121395,0.06819719395134598,0.0739876093482598,8.699019670020789,6.85610453971196,8.849711401411332,8.957146912554744,6263,0
62,"\\"" Kylie Minogue is going to perform at integrated Dubai World Cup on BBC. Sponsored by luggery brands like Longines and Jaguar. She's worth around $75 million and has 68 million records sold world wide. \\""",10196,90.15579333691858,113.09312050415691,0.02985074626865672,0.8166856169700623,6.064955589128658,78.96766291512176,0.007744964977944465,310,9887,0.21545324346801487,0.29799914750896517,0.21153776901506155,0.0703125,0.1868896484375,0.066192626953125,0.000110626220703125,0.0265167236328125,0.0001068115234375,0.0007781982421875,0.032769775390625,0.0007458686828613281,0.002163314819335938,0.039218139648437504,0.0020751953125,0.21938804716300372,0.30914213119014616,0.21660065324911731,61,1286,7.569413511507053,0.06326796490866343,0.04061345211001205,0.0,83.84002345125191,7.687402799377916,5.081967213114754,0.0,0.002264518879003338,0.011508210696574341,4.074369130596022e-05,0.0002070581033581585,0.0622420367121395,0.06819719395134598,0.0739876093482598,3.862528594909236,6.85610453971196,8.849711401411332,8.957146912554744,6263,0
63,"\\"" On Sunday morning, thousands of protesters converged on the Tunisian capital of Tunis to denounce terrorism less than two weeks after a museum attack that killed over 20 people. Leaders and dignitaries, including French President Francois Hollande and Tunisian President Beji Caid Essebsi, marched alongside the protesters, who held chanting slogans such as ""Tunisia mapping describing itself web development company in tunis apps indulging in terrorism. "" Tunis free"" Alger"" This attack that said our support of terrorism"" A day""\\""",10196,90.15579333691858,113.09312050415691,0.14999999999999997,0.845988392829895,6.064955589128658,78.96766291512176,0.007744964977944465,310,9887,0.21545324346801487,0.29799914750896517,0.21153776901506155,0.0703125,0.1868896484375,0.066192626953125,0.000110626220703125,0.0265167236328125,0.0001068115234375,0.0007781982421875,0.032769775390625,0.0007458686828613281,0.002163314819335938,0.039218139648437504,0.0020751953125,0.21938804716300372,0.30914213119014616,0.21660065324911731,61,1286,7.569413511507053,0.06326796490866343,0.04061345211001205,0.0,83.84002345125191,7.687402799377916,5.081967213114754,0.0,0.002264518879003338,0.011508210696574341,4.074369130596022e-05,0.0002070581033581585,0.0622420367121395,0.06819719395134598,0.0739876093482598,8.604782553156838,6.85610453971196,8.849711401411332,8.957146912554744,6263,0
64,"\\"" Lewis Hamilton will begin Sunday's Malaysian Grand Prix in pole position, beating Ferrari's Sebastian Vettel and teammate Nico Rosberg to the front row. The Mercedes driver, who is currently the world champion, looked the quickest throughout the session despite torrential conditions, and will try to build on his season-opening win in Australia. Meanwhile, 17-year-old Max Verstappen impressively qualified for sixth place in only his second race for Toro Rosso.\\""",10196,90.15579333691858,113.09312050415691,0.3,0.8974855542182922,6.064955589128658,78.96766291512176,0.007744964977944465,310,9887,0.21545324346801487,0.29799914750896517,0.21153776901506155,0.0703125,0.1868896484375,0.066192626953125,0.000110626220703125,0.0265167236328125,0.0001068115234375,0.0007781982421875,0.032769775390625,0.0007458686828613281,0.002163314819335938,0.039218139648437504,0.0020751953125,0.21938804716300372,0.30914213119014616,0.21660065324911731,61,1286,7.569413511507053,0.06326796490866343,0.04061345211001205,0.0,83.84002345125191,7.687402799377916,5.081967213114754,0.0,0.002264518879003338,0.011508210696574341,4.074369130596022e-05,0.0002070581033581585,0.0622420367121395,0.06819719395134598,0.0739876093482598,7.523086407920346,6.85610453971196,8.849711401411332,8.957146912554744,6263,0
65,"\\"" A commuter train collided with a car and derailed near the University of Southern California campus in Los Angeles, injuring 21 people. The collision occurred when the car turned onto the tracks as the train approaching. The derailment caused traffic issues for a sGT. Michael Verlich of the Los Angeles County Sheriff department said the vehicle got wedged between the pole and the train dislodge
The article reports on a stackoverflow: A commuter train collided with a car and derailed near the University of Southern California campus in Los Angeles, resulting in 2nd1 injuries. The accident occurred\\""",10196,90.15579333691858,113.09312050415691,0.10852713178294575,0.817481517791748,6.064955589128658,78.96766291512176,0.007744964977944465,310,9887,0.21545324346801487,0.29799914750896517,0.21153776901506155,0.0703125,0.1868896484375,0.066192626953125,0.000110626220703125,0.0265167236328125,0.0001068115234375,0.0007781982421875,0.032769775390625,0.0007458686828613281,0.002163314819335938,0.039218139648437504,0.0020751953125,0.21938804716300372,0.30914213119014616,0.21660065324911731,61,1286,7.569413511507053,0.06326796490866343,0.04061345211001205,0.0,83.84002345125191,7.687402799377916,5.081967213114754,0.0,0.002264518879003338,0.011508210696574341,4.074369130596022e-05,0.0002070581033581585,0.0622420367121395,0.06819719395134598,0.0739876093482598,8.956773938145489,6.85610453971196,8.849711401411332,8.957146912554744,6263,0
66,"\\"" On CNN Student News, viewers can watch a program that covers current events and news stories from around the world, with a focus on issues relevant students. The show is produced in line with Common Core Stateful standards and includes a transcript and a roll call where viewers can comment to be mentioned on the next show. Today's show included coverage of the Nigerian election, an experiment on the international space station, and an invention that can extinguish fires with low-frequencyther.\\""",10196,90.15579333691858,113.09312050415691,0.07920792079207921,0.8101098537445068,6.064955589128658,78.96766291512176,0.007744964977944465,310,9887,0.21545324346801487,0.29799914750896517,0.21153776901506155,0.0703125,0.1868896484375,0.066192626953125,0.000110626220703125,0.0265167236328125,0.0001068115234375,0.0007781982421875,0.032769775390625,0.0007458686828613281,0.002163314819335938,0.039218139648437504,0.0020751953125,0.21938804716300372,0.30914213119014616,0.21660065324911731,61,1286,7.569413511507053,0.06326796490866343,0.04061345211001205,0.0,83.84002345125191,7.687402799377916,5.081967213114754,0.0,0.002264518879003338,0.011508210696574341,4.074369130596022e-05,0.0002070581033581585,0.0622420367121395,0.06819719395134598,0.0739876093482598,7.245761275058612,6.85610453971196,8.849711401411332,8.957146912554744,6263,0
67,"\\"" The South Carolina Aquarium is treating a rare, 47miry leatherback sea turtle that stranded on a beach. The turtle is believed to be the fifth live rescue of its species in the US. Despite their size, leatherbacks don't do well in captivity, so the aquarium plans to release him back into the ocean as soon as possible.\\""",10196,90.15579333691858,113.09312050415691,0.1391304347826087,0.8089079260826111,6.064955589128658,78.96766291512176,0.007744964977944465,310,9887,0.21545324346801487,0.29799914750896517,0.21153776901506155,0.0703125,0.1868896484375,0.066192626953125,0.000110626220703125,0.0265167236328125,0.0001068115234375,0.0007781982421875,0.032769775390625,0.0007458686828613281,0.002163314819335938,0.039218139648437504,0.0020751953125,0.21938804716300372,0.30914213119014616,0.21660065324911731,61,1286,7.569413511507053,0.06326796490866343,0.04061345211001205,0.0,83.84002345125191,7.687402799377916,5.081967213114754,0.0,0.002264518879003338,0.011508210696574341,4.074369130596022e-05,0.0002070581033581585,0.0622420367121395,0.06819719395134598,0.0739876093482598,5.96777056180872,6.85610453971196,8.849711401411332,8.957146912554744,6263,0
68,"\\"" Trevor Noah will succeed Jon Stewart as the new host of ""The Daily Show,"" according to a Monday announcement. Noah, 31, debuted on the show in December and has made three appearances. The result of thistransition might be an麻雀 interesting with different style of humor. {""1247785"": (str), ""911044"": (str), ""573820"": (str), ""83 Jane Street"": (str"": (struct"": (str"": ( había been"": (or Oscar nom"": (New York"": (str\\""",10196,90.15579333691858,113.09312050415691,0.07272727272727272,0.7858918905258179,6.064955589128658,78.96766291512176,0.007744964977944465,310,9887,0.21545324346801487,0.29799914750896517,0.21153776901506155,0.0703125,0.1868896484375,0.066192626953125,0.000110626220703125,0.0265167236328125,0.0001068115234375,0.0007781982421875,0.032769775390625,0.0007458686828613281,0.002163314819335938,0.039218139648437504,0.0020751953125,0.21938804716300372,0.30914213119014616,0.21660065324911731,61,1286,7.569413511507053,0.06326796490866343,0.04061345211001205,0.0,83.84002345125191,7.687402799377916,5.081967213114754,0.0,0.002264518879003338,0.011508210696574341,4.074369130596022e-05,0.0002070581033581585,0.0622420367121395,0.06819719395134598,0.0739876093482598,8.994071379071102,6.85610453971196,8.849711401411332,8.957146912554744,6263,0
69,"\\"" Catherine, the Duchess of Cambridge, made her last official appearance before her exemplary maternity leave, visiting the Stephen Lawrence Centre and a church that supports youth. Catherine is scheduled delivery her second child in mid to late April .Prince William and Catherine's son existing child is Prince George who was born on July 2013. What are your thoughts? Please share them below in the comment section.\\""",10196,90.15579333691858,113.09312050415691,0.11235955056179774,0.8234210014343262,6.064955589128658,78.96766291512176,0.007744964977944465,310,9887,0.21545324346801487,0.29799914750896517,0.21153776901506155,0.0703125,0.1868896484375,0.066192626953125,0.000110626220703125,0.0265167236328125,0.0001068115234375,0.0007781982421875,0.032769775390625,0.0007458686828613281,0.002163314819335938,0.039218139648437504,0.0020751953125,0.21938804716300372,0.30914213119014616,0.21660065324911731,61,1286,7.569413511507053,0.06326796490866343,0.04061345211001205,0.0,83.84002345125191,7.687402799377916,5.081967213114754,0.0,0.002264518879003338,0.011508210696574341,4.074369130596022e-05,0.0002070581033581585,0.0622420367121395,0.06819719395134598,0.0739876093482598,6.11347855697386,6.85610453971196,8.849711401411332,8.957146912554744,6263,0
70,"\\"" Sam Taylor-Johnson, the director of the blockbuster hit ""Fifty Shades of Grey,"" has announced that she will not be returning to direct sequel films "" Parti 1 and 2 showed that Christian and Ana embedding E.L Jamesbooks into the movies helped in getting highest rated movies ever to be in the big screens and bське discount elaboration . CLOSING E free hosting pics and deal."" \\""",10196,90.15579333691858,113.09312050415691,0.25531914893617025,0.8522912859916687,6.064955589128658,78.96766291512176,0.007744964977944465,310,9887,0.21545324346801487,0.29799914750896517,0.21153776901506155,0.0703125,0.1868896484375,0.066192626953125,0.000110626220703125,0.0265167236328125,0.0001068115234375,0.0007781982421875,0.032769775390625,0.0007458686828613281,0.002163314819335938,0.039218139648437504,0.0020751953125,0.21938804716300372,0.30914213119014616,0.21660065324911731,61,1286,7.569413511507053,0.06326796490866343,0.04061345211001205,0.0,83.84002345125191,7.687402799377916,5.081967213114754,0.0,0.002264518879003338,0.011508210696574341,4.074369130596022e-05,0.0002070581033581585,0.0622420367121395,0.06819719395134598,0.0739876093482598,6.617186228046194,6.85610453971196,8.849711401411332,8.957146912554744,6263,0
71,"\\"" Arnold Palmer, a legendary golfer, announced that he plans to hit the ceremon ritual opening Niagara shotagy tee shot at the Masters in Augusta despite injuring his shoulder. His injuryic a own when tripped on a car but he is determined to participate in the event. Despite his injury, Palmer has not been allowed yet but plans to do so.\\""",10196,90.15579333691858,113.09312050415691,0.04938271604938271,0.8142988085746765,6.064955589128658,78.96766291512176,0.007744964977944465,310,9887,0.21545324346801487,0.29799914750896517,0.21153776901506155,0.0703125,0.1868896484375,0.066192626953125,0.000110626220703125,0.0265167236328125,0.0001068115234375,0.0007781982421875,0.032769775390625,0.0007458686828613281,0.002163314819335938,0.039218139648437504,0.0020751953125,0.21938804716300372,0.30914213119014616,0.21660065324911731,61,1286,7.569413511507053,0.06326796490866343,0.04061345211001205,0.0,83.84002345125191,7.687402799377916,5.081967213114754,0.0,0.002264518879003338,0.011508210696574341,4.074369130596022e-05,0.0002070581033581585,0.0622420367121395,0.06819719395134598,0.0739876093482598,5.733097087126225,6.85610453971196,8.849711401411332,8.957146912554744,6263,0
72,"\\"" An explosive-lad utilisé truck suicide bombing ended in the death of a civilian and injured  forty-four people in Al-Arish, North Sinai, Egypt. Egyptian soldiers were among the injured. Pyrotechnics were lucratively used by the attackers to enable the bombing, killing the driver instantly, as reported by Al-Ahram news agency. Many of those injured are said to be in critical conditions, with no group taking responsibility for the attack yet.

This article is discussing an attack on Egyptian security forces by an explosive-laden tr\\""",10196,90.15579333691858,113.09312050415691,0.03669724770642202,0.797651469707489,6.064955589128658,78.96766291512176,0.007744964977944465,310,9887,0.21545324346801487,0.29799914750896517,0.21153776901506155,0.0703125,0.1868896484375,0.066192626953125,0.000110626220703125,0.0265167236328125,0.0001068115234375,0.0007781982421875,0.032769775390625,0.0007458686828613281,0.002163314819335938,0.039218139648437504,0.0020751953125,0.21938804716300372,0.30914213119014616,0.21660065324911731,61,1286,7.569413511507053,0.06326796490866343,0.04061345211001205,0.0,83.84002345125191,7.687402799377916,5.081967213114754,0.0,0.002264518879003338,0.011508210696574341,4.074369130596022e-05,0.0002070581033581585,0.0622420367121395,0.06819719395134598,0.0739876093482598,8.707424884894863,6.85610453971196,8.849711401411332,8.957146912554744,6263,0
73,"\\"" Eugenic Bouchard and Justin Bieber played tennis together at an exhibition event for charity, where Bouchards credited the pop singer with a ""nice serve"" and spoke of him as her ideal date. Bieber has responded to the tweet of the photo at this time. Both Bouchard and Danish tennis star Caroline Wozniacki posted photos with Bieber and referenced the charity event on their respective twitters.\\""",10196,90.15579333691858,113.09312050415691,0.04819277108433735,0.8030329942703247,6.064955589128658,78.96766291512176,0.007744964977944465,310,9887,0.21545324346801487,0.29799914750896517,0.21153776901506155,0.0703125,0.1868896484375,0.066192626953125,0.000110626220703125,0.0265167236328125,0.0001068115234375,0.0007781982421875,0.032769775390625,0.0007458686828613281,0.002163314819335938,0.039218139648437504,0.0020751953125,0.21938804716300372,0.30914213119014616,0.21660065324911731,61,1286,7.569413511507053,0.06326796490866343,0.04061345211001205,0.0,83.84002345125191,7.687402799377916,5.081967213114754,0.0,0.002264518879003338,0.011508210696574341,4.074369130596022e-05,0.0002070581033581585,0.0622420367121395,0.06819719395134598,0.0739876093482598,6.532164970878512,6.85610453971196,8.849711401411332,8.957146912554744,6263,0
74,"\\"" Dwayne "" креативный ps has hosted ""Saturday Night Live and shined in various sketches, including a live-action 'Bambi' remake and a promo forWF programme Comedy Central.The actor then appeared at WrestleMania 31 on Sunday and surprised fans with a cameo alongside UFC champion Ronda Rousey to take on WWE executives Stephanie McMahon and Triple H.. The Rock is the son of retired professional wrestler Rocky Johnson and wrestled under the name ""The Rock"" for years before transitioning to an acting career.\\""",10196,90.15579333691858,113.09312050415691,0.07692307692307693,0.8050543665885925,6.064955589128658,78.96766291512176,0.007744964977944465,310,9887,0.21545324346801487,0.29799914750896517,0.21153776901506155,0.0703125,0.1868896484375,0.066192626953125,0.000110626220703125,0.0265167236328125,0.0001068115234375,0.0007781982421875,0.032769775390625,0.0007458686828613281,0.002163314819335938,0.039218139648437504,0.0020751953125,0.21938804716300372,0.30914213119014616,0.21660065324911731,61,1286,7.569413511507053,0.06326796490866343,0.04061345211001205,0.0,83.84002345125191,7.687402799377916,5.081967213114754,0.0,0.002264518879003338,0.011508210696574341,4.074369130596022e-05,0.0002070581033581585,0.0622420367121395,0.06819719395134598,0.0739876093482598,8.681448815157637,6.85610453971196,8.849711401411332,8.957146912554744,6263,0
75,"\\"" The Vat environments of Vatican City, including the Sistine Chapel, will be toured by a group of homeless people. The Office of Papal Charities has planned the rare excursion. The homeless will also visit various other attractions including the Cancello di Gregogio and the Gardens. 

What is a 'Cancello di Gregogio'?

What was the purpose of the excursion?

Please provide the translations (Italian to English) of the Vatican paper L'Osservatore Romano, the Office of the Pap\\""",10196,90.15579333691858,113.09312050415691,0.09448818897637795,0.786277174949646,6.064955589128658,78.96766291512176,0.007744964977944465,310,9887,0.21545324346801487,0.29799914750896517,0.21153776901506155,0.0703125,0.1868896484375,0.066192626953125,0.000110626220703125,0.0265167236328125,0.0001068115234375,0.0007781982421875,0.032769775390625,0.0007458686828613281,0.002163314819335938,0.039218139648437504,0.0020751953125,0.21938804716300372,0.30914213119014616,0.21660065324911731,61,1286,7.569413511507053,0.06326796490866343,0.04061345211001205,0.0,83.84002345125191,7.687402799377916,5.081967213114754,0.0,0.002264518879003338,0.011508210696574341,4.074369130596022e-05,0.0002070581033581585,0.0622420367121395,0.06819719395134598,0.0739876093482598,8.703932859003544,6.85610453971196,8.849711401411332,8.957146912554744,6263,0
76,"\\"" Jordan Spieth won the totalitéarding the prize in Florida's Championship on Sunday, his second PGA Championship on a three-championhip MCs prize at the Valspar Vals Valspar vecot championship with a three-by holesome Vals at the tournament on Sunday'snd Vals and he proceeded to beating the hisecondoft nd Tommying the third place after winning thed's victory in Florida, Florida.\\""",10196,90.15579333691858,113.09312050415691,0.1322314049586777,0.7853331565856934,6.064955589128658,78.96766291512176,0.007744964977944465,310,9887,0.21545324346801487,0.29799914750896517,0.21153776901506155,0.0703125,0.1868896484375,0.066192626953125,0.000110626220703125,0.0265167236328125,0.0001068115234375,0.0007781982421875,0.032769775390625,0.0007458686828613281,0.002163314819335938,0.039218139648437504,0.0020751953125,0.21938804716300372,0.30914213119014616,0.21660065324911731,61,1286,7.569413511507053,0.06326796490866343,0.04061345211001205,0.0,83.84002345125191,7.687402799377916,5.081967213114754,0.0,0.002264518879003338,0.011508210696574341,4.074369130596022e-05,0.0002070581033581585,0.0622420367121395,0.06819719395134598,0.0739876093482598,6.683117278153077,6.85610453971196,8.849711401411332,8.957146912554744,6263,0
77,"\\"" The first episode of CNN student news features a global roundup, coverage of earnings in Nigeria, Switzerland and West Africa, the beginning of financial literacy month, wages in the US and their impact on the economy, cyborg cockroaches and their potential role as rescuers, and a roll call for schools to be featured in the next episode of the news program. The show covers current events and issues in a way that is relevant to students and considers common core state standards, national standards and state standards. Teachers and students interested in being mentioned on the show can comment on the page with their school\\""",10196,90.15579333691858,113.09312050415691,0.048780487804878044,0.8046399354934692,6.064955589128658,78.96766291512176,0.007744964977944465,310,9887,0.21545324346801487,0.29799914750896517,0.21153776901506155,0.0703125,0.1868896484375,0.066192626953125,0.000110626220703125,0.0265167236328125,0.0001068115234375,0.0007781982421875,0.032769775390625,0.0007458686828613281,0.002163314819335938,0.039218139648437504,0.0020751953125,0.21938804716300372,0.30914213119014616,0.21660065324911731,61,1286,7.569413511507053,0.06326796490866343,0.04061345211001205,0.0,83.84002345125191,7.687402799377916,5.081967213114754,0.0,0.002264518879003338,0.011508210696574341,4.074369130596022e-05,0.0002070581033581585,0.0622420367121395,0.06819719395134598,0.0739876093482598,8.863156541017815,6.85610453971196,8.849711401411332,8.957146912554744,6263,0
78,"\\"" Adam West and Burt Ward, the actors behind the classic Batman and Robin characters, may be returning to their iconic roles for an upcoming animated project in 2016 to commemorate the 50th anniversary of the 1960s Batman TV series. Ward hinted at the project at the project during an animated movie could be project during a new animated movie during a full length 
the project, but did at the project during a \\""",10196,90.15579333691858,113.09312050415691,0.042105263157894736,0.7873954772949219,6.064955589128658,78.96766291512176,0.007744964977944465,310,9887,0.21545324346801487,0.29799914750896517,0.21153776901506155,0.0703125,0.1868896484375,0.066192626953125,0.000110626220703125,0.0265167236328125,0.0001068115234375,0.0007781982421875,0.032769775390625,0.0007458686828613281,0.002163314819335938,0.039218139648437504,0.0020751953125,0.21938804716300372,0.30914213119014616,0.21660065324911731,61,1286,7.569413511507053,0.06326796490866343,0.04061345211001205,0.0,83.84002345125191,7.687402799377916,5.081967213114754,0.0,0.002264518879003338,0.011508210696574341,4.074369130596022e-05,0.0002070581033581585,0.0622420367121395,0.06819719395134598,0.0739876093482598,6.97423669998534,6.85610453971196,8.849711401411332,8.957146912554744,6263,0
79,"\\"" A Canadian tourist died after a small inflatable tour boat collided with a whale off the coast of Cabo San Lucas, Mexico. The victim was identified as Jennifer Karren, 35, and two other people were injured in the incident. The tour company expressed regret over the death despite receiving first aid and transporting the victim to the hospital. \\""",10196,90.15579333691858,113.09312050415691,0.06741573033707866,0.8022171854972839,6.064955589128658,78.96766291512176,0.007744964977944465,310,9887,0.21545324346801487,0.29799914750896517,0.21153776901506155,0.0703125,0.1868896484375,0.066192626953125,0.000110626220703125,0.0265167236328125,0.0001068115234375,0.0007781982421875,0.032769775390625,0.0007458686828613281,0.002163314819335938,0.039218139648437504,0.0020751953125,0.21938804716300372,0.30914213119014616,0.21660065324911731,61,1286,7.569413511507053,0.06326796490866343,0.04061345211001205,0.0,83.84002345125191,7.687402799377916,5.081967213114754,0.0,0.002264518879003338,0.011508210696574341,4.074369130596022e-05,0.0002070581033581585,0.0622420367121395,0.06819719395134598,0.0739876093482598,5.195543234003708,6.85610453971196,8.849711401411332,8.957146912554744,6263,0
80,"\\"" Former Ivory Coast first lady Simone Gbagbo has been sentenced to 20 years in prison for her role in the 2010 post-election violence that left more than 3,000 people dead. Her husband, former president Laurent Gbagbo, is being tried at the International Criminal Court for the same exact same charges. Both Simone and her husband have denied the charges.\\""",10196,90.15579333691858,113.09312050415691,0.06666666666666667,0.8152928948402405,6.064955589128658,78.96766291512176,0.007744964977944465,310,9887,0.21545324346801487,0.29799914750896517,0.21153776901506155,0.0703125,0.1868896484375,0.066192626953125,0.000110626220703125,0.0265167236328125,0.0001068115234375,0.0007781982421875,0.032769775390625,0.0007458686828613281,0.002163314819335938,0.039218139648437504,0.0020751953125,0.21938804716300372,0.30914213119014616,0.21660065324911731,61,1286,7.569413511507053,0.06326796490866343,0.04061345211001205,0.0,83.84002345125191,7.687402799377916,5.081967213114754,0.0,0.002264518879003338,0.011508210696574341,4.074369130596022e-05,0.0002070581033581585,0.0622420367121395,0.06819719395134598,0.0739876093482598,6.250443313037977,6.85610453971196,8.849711401411332,8.957146912554744,6263,0
81,"\\""\\""",10196,90.15579333691858,113.09312050415691,0.0,0.77206951379776,6.064955589128658,78.96766291512176,0.007744964977944465,310,9887,0.21545324346801487,0.29799914750896517,0.21153776901506155,0.0703125,0.1868896484375,0.066192626953125,0.000110626220703125,0.0265167236328125,0.0001068115234375,0.0007781982421875,0.032769775390625,0.0007458686828613281,0.002163314819335938,0.039218139648437504,0.0020751953125,0.21938804716300372,0.30914213119014616,0.21660065324911731,61,1286,7.569413511507053,0.06326796490866343,0.04061345211001205,0.0,83.84002345125191,7.687402799377916,5.081967213114754,0.0,0.002264518879003338,0.011508210696574341,4.074369130596022e-05,0.0002070581033581585,0.0622420367121395,0.06819719395134598,0.0739876093482598,0.0,6.85610453971196,8.849711401411332,8.957146912554744,6263,0
82,"\\"" North Korea said they arrested two spies working for South Korea's intelligence agency, accusing them of committing acts of terrorism and counterfeiting. However, South Korea's intelligence agency denies this, stating that the information obtained is not true and they have no information about any of their members being arrested in North Korea. The authenticity of the declaration made by one of the accused, Kim Kook Kie, is also in question as it may have been made under duress.\\""",10196,90.15579333691858,113.09312050415691,0.23762376237623759,0.8711482882499695,6.064955589128658,78.96766291512176,0.007744964977944465,310,9887,0.21545324346801487,0.29799914750896517,0.21153776901506155,0.0703125,0.1868896484375,0.066192626953125,0.000110626220703125,0.0265167236328125,0.0001068115234375,0.0007781982421875,0.032769775390625,0.0007458686828613281,0.002163314819335938,0.039218139648437504,0.0020751953125,0.21938804716300372,0.30914213119014616,0.21660065324911731,61,1286,7.569413511507053,0.06326796490866343,0.04061345211001205,0.0,83.84002345125191,7.687402799377916,5.081967213114754,0.0,0.002264518879003338,0.011508210696574341,4.074369130596022e-05,0.0002070581033581585,0.0622420367121395,0.06819719395134598,0.0739876093482598,7.1340124651324,6.85610453971196,8.849711401411332,8.957146912554744,6263,0
83,"\\"" Zayn Malik's departure from One Direction caused fan- One Direction has caused a boy band One Direction One Direction has caused controversialwayshtml) has caused a One Direction prompted One Direction means One Direction left fans and hispulse- Much drama erumissionedireaderirection'November. One Drama hasht news that One D estadounidense of One Direction involving One Direction the type of Picture concept questions the naughtyhat'displaystyle reference tood and couldntw/Description of One Directioners 5500 DirectorialSO now One Direction\\""",10196,90.15579333691858,113.09312050415691,0.019607843137254898,0.7749707102775574,6.064955589128658,78.96766291512176,0.007744964977944465,310,9887,0.21545324346801487,0.29799914750896517,0.21153776901506155,0.0703125,0.1868896484375,0.066192626953125,0.000110626220703125,0.0265167236328125,0.0001068115234375,0.0007781982421875,0.032769775390625,0.0007458686828613281,0.002163314819335938,0.039218139648437504,0.0020751953125,0.21938804716300372,0.30914213119014616,0.21660065324911731,61,1286,7.569413511507053,0.06326796490866343,0.04061345211001205,0.0,83.84002345125191,7.687402799377916,5.081967213114754,0.0,0.002264518879003338,0.011508210696574341,4.074369130596022e-05,0.0002070581033581585,0.0622420367121395,0.06819719395134598,0.0739876093482598,8.729747398057953,6.85610453971196,8.849711401411332,8.957146912554744,6263,0
84,"\\"" Syrian state media reported that Syrian air defense systems shot down a U.S. drone, but this claim is currently being investigated by the U. criticism has been mounting of Obama relying too heavily on drone strikes to address terrorism threats. The United States has been using drones for surveillance and targeted killings in countries like Pakistan, Yemen and Somalia. Drones allow the U.S military to carry out missions with little risk to personnel, but have drawn criticism for raising ethical questions.\\""",10196,90.15579333691858,113.09312050415691,0.125,0.8776071071624756,6.064955589128658,78.96766291512176,0.007744964977944465,310,9887,0.21545324346801487,0.29799914750896517,0.21153776901506155,0.0703125,0.1868896484375,0.066192626953125,0.000110626220703125,0.0265167236328125,0.0001068115234375,0.0007781982421875,0.032769775390625,0.0007458686828613281,0.002163314819335938,0.039218139648437504,0.0020751953125,0.21938804716300372,0.30914213119014616,0.21660065324911731,61,1286,7.569413511507053,0.06326796490866343,0.04061345211001205,0.0,83.84002345125191,7.687402799377916,5.081967213114754,0.0,0.002264518879003338,0.011508210696574341,4.074369130596022e-05,0.0002070581033581585,0.0622420367121395,0.06819719395134598,0.0739876093482598,7.908270756946877,6.85610453971196,8.849711401411332,8.957146912554744,6263,0
85,"\\"" NATO jets were scrambled to intercept Russian military aircraft that approached Latvia's airspace, but the aircraft flew on into Russian territory. The incident comes as Russia's Northern Fleet is on high alert for military exercises, which have rattled nerves in nearby NATO states. Putin marked the annexation of Crimea at a celebration in Moscow's Red Square.\\""",10196,90.15579333691858,113.09312050415691,0.02666666666666667,0.8238813281059265,6.064955589128658,78.96766291512176,0.007744964977944465,310,9887,0.21545324346801487,0.29799914750896517,0.21153776901506155,0.0703125,0.1868896484375,0.066192626953125,0.000110626220703125,0.0265167236328125,0.0001068115234375,0.0007781982421875,0.032769775390625,0.0007458686828613281,0.002163314819335938,0.039218139648437504,0.0020751953125,0.21938804716300372,0.30914213119014616,0.21660065324911731,61,1286,7.569413511507053,0.06326796490866343,0.04061345211001205,0.0,83.84002345125191,7.687402799377916,5.081967213114754,0.0,0.002264518879003338,0.011508210696574341,4.074369130596022e-05,0.0002070581033581585,0.0622420367121395,0.06819719395134598,0.0739876093482598,5.912603134987876,6.85610453971196,8.849711401411332,8.957146912554744,6263,0
86,"\\"" About one hundred and ten bodies were found in a mass grave in Damasak near Niger border and troops from Niger and Chad said they have been recovered from Boko Haram . Researchers said the bodies were found under the bridge , some of which had been beheaded. More than 200 schoolgirls are still missing from abduction in 2014. 

In what ways does Boko Haram pursue its goals of imposing strict sharia law in northern Nigeria?

The group, which means "" western education is forbidden"" has attacked police, schools, churches\\""",10196,90.15579333691858,113.09312050415691,0.17857142857142858,0.8705233931541443,6.064955589128658,78.96766291512176,0.007744964977944465,310,9887,0.21545324346801487,0.29799914750896517,0.21153776901506155,0.0703125,0.1868896484375,0.066192626953125,0.000110626220703125,0.0265167236328125,0.0001068115234375,0.0007781982421875,0.032769775390625,0.0007458686828613281,0.002163314819335938,0.039218139648437504,0.0020751953125,0.21938804716300372,0.30914213119014616,0.21660065324911731,61,1286,7.569413511507053,0.06326796490866343,0.04061345211001205,0.0,83.84002345125191,7.687402799377916,5.081967213114754,0.0,0.002264518879003338,0.011508210696574341,4.074369130596022e-05,0.0002070581033581585,0.0622420367121395,0.06819719395134598,0.0739876093482598,8.826645444147289,6.85610453971196,8.849711401411332,8.957146912554744,6263,0
87,"\\"" Actor Darius McCrary, who played Eddie Winslow on the popular 90s sitcom ""Family Matters"", was arrested on Wednesday for failure to pay child support. He was released from jail later that day and took to Twitter to defend himself and compare himself to Martin Luther King Jr. McCrary has had a busy career in Hollywood since his time on ""Family Mat pseudonymost ""Family Mattersince his time on ""Family Matters days on ""Family Matters on ""Family Mattersdays on Break from the showosing in the show ""Family Matters and has of2\\""",10196,90.15579333691858,113.09312050415691,0.03361344537815126,0.7954354882240295,6.064955589128658,78.96766291512176,0.007744964977944465,310,9887,0.21545324346801487,0.29799914750896517,0.21153776901506155,0.0703125,0.1868896484375,0.066192626953125,0.000110626220703125,0.0265167236328125,0.0001068115234375,0.0007781982421875,0.032769775390625,0.0007458686828613281,0.002163314819335938,0.039218139648437504,0.0020751953125,0.21938804716300372,0.30914213119014616,0.21660065324911731,61,1286,7.569413511507053,0.06326796490866343,0.04061345211001205,0.0,83.84002345125191,7.687402799377916,5.081967213114754,0.0,0.002264518879003338,0.011508210696574341,4.074369130596022e-05,0.0002070581033581585,0.0622420367121395,0.06819719395134598,0.0739876093482598,8.830892081838101,6.85610453971196,8.849711401411332,8.957146912554744,6263,0
88,"\\"" John Stamos recently visited the famous ""Full House"" home in San Francisco where he became a star, and people nearby were too busy taking pictures to recognize him. He took an Instagram picture of himself next to the tourists and captioned it ""These youngsters have no clue what they're missing"". He is currently keeping busy with guest roles on other TV shows and is rumored to be part of a possible ""Full House"" reunion.\\""",10196,90.15579333691858,113.09312050415691,0.04347826086956522,0.8247951865196228,6.064955589128658,78.96766291512176,0.007744964977944465,310,9887,0.21545324346801487,0.29799914750896517,0.21153776901506155,0.0703125,0.1868896484375,0.066192626953125,0.000110626220703125,0.0265167236328125,0.0001068115234375,0.0007781982421875,0.032769775390625,0.0007458686828613281,0.002163314819335938,0.039218139648437504,0.0020751953125,0.21938804716300372,0.30914213119014616,0.21660065324911731,61,1286,7.569413511507053,0.06326796490866343,0.04061345211001205,0.0,83.84002345125191,7.687402799377916,5.081967213114754,0.0,0.002264518879003338,0.011508210696574341,4.074369130596022e-05,0.0002070581033581585,0.0622420367121395,0.06819719395134598,0.0739876093482598,6.5669485200196505,6.85610453971196,8.849711401411332,8.957146912554744,6263,0
89,"\\"" A severe solar storm created a stunning display of light in the night sky over parts of the United States, Europe, Europe, Europe, Europe, Europe, Europe, Europe, Europe, Europe, Europe, Europe, Europe, Europe, Europe, Europe, Europe, Europe, Europe графic Europe, Europe, Europe, Europe, while us overnight.s sky early on early morning. The aurora of the United IbCNNA, with a G1 kmaggustern mentioned byls and Australia, NASA has generated by}(northem\\""",10196,90.15579333691858,113.09312050415691,0.05940594059405941,0.7556271553039551,6.064955589128658,78.96766291512176,0.007744964977944465,310,9887,0.21545324346801487,0.29799914750896517,0.21153776901506155,0.0703125,0.1868896484375,0.066192626953125,0.000110626220703125,0.0265167236328125,0.0001068115234375,0.0007781982421875,0.032769775390625,0.0007458686828613281,0.002163314819335938,0.039218139648437504,0.0020751953125,0.21938804716300372,0.30914213119014616,0.21660065324911731,61,1286,7.569413511507053,0.06326796490866343,0.04061345211001205,0.0,83.84002345125191,7.687402799377916,5.081967213114754,0.0,0.002264518879003338,0.011508210696574341,4.074369130596022e-05,0.0002070581033581585,0.0622420367121395,0.06819719395134598,0.0739876093482598,7.75112305697985,6.85610453971196,8.849711401411332,8.957146912554744,6263,0
90,"\\"" Windell Middlebrooks, the actor best known for his role as the Miller High Life delivery man, has died at the age of 36. His family has not disclosed the cause of death, but his agent confirmed his passing on Monday morning. Middlebrooks also had recurring roles on several TV shows and had a significant presence on social media. Please note that the article doesn't mention anything about the year 2015, so you should remove any references to the current year in HOOK, SUMMARY, or the SENTSolutions you provided below: SOLUTION: People we\\""",10196,90.15579333691858,113.09312050415691,0.0847457627118644,0.7977800965309143,6.064955589128658,78.96766291512176,0.007744964977944465,310,9887,0.21545324346801487,0.29799914750896517,0.21153776901506155,0.0703125,0.1868896484375,0.066192626953125,0.000110626220703125,0.0265167236328125,0.0001068115234375,0.0007781982421875,0.032769775390625,0.0007458686828613281,0.002163314819335938,0.039218139648437504,0.0020751953125,0.21938804716300372,0.30914213119014616,0.21660065324911731,61,1286,7.569413511507053,0.06326796490866343,0.04061345211001205,0.0,83.84002345125191,7.687402799377916,5.081967213114754,0.0,0.002264518879003338,0.011508210696574341,4.074369130596022e-05,0.0002070581033581585,0.0622420367121395,0.06819719395134598,0.0739876093482598,8.836274313973263,6.85610453971196,8.849711401411332,8.957146912554744,6263,0
91,"\\"" U.S. District Judge Terrence Berg was shot and injured in an apparent attempted robbery outside his home in Detroit; he was taken to the hospital with non-life-threatening injuries; warningsEach Detroit police say the incident likely had nothing to do with his profession as a judge.
Question: Why do you think the police believe the incident had nothing to do with Berg's profession as a judge?
Answer: The hackers believe the incident had ordinary criminal motives, such as a robbery rather than a target targeting Berg as a judge. There is no information in the text that\\""",10196,90.15579333691858,113.09312050415691,0.04444444444444444,0.7824552059173584,6.064955589128658,78.96766291512176,0.007744964977944465,310,9887,0.21545324346801487,0.29799914750896517,0.21153776901506155,0.0703125,0.1868896484375,0.066192626953125,0.000110626220703125,0.0265167236328125,0.0001068115234375,0.0007781982421875,0.032769775390625,0.0007458686828613281,0.002163314819335938,0.039218139648437504,0.0020751953125,0.21938804716300372,0.30914213119014616,0.21660065324911731,61,1286,7.569413511507053,0.06326796490866343,0.04061345211001205,0.0,83.84002345125191,7.687402799377916,5.081967213114754,0.0,0.002264518879003338,0.011508210696574341,4.074369130596022e-05,0.0002070581033581585,0.0622420367121395,0.06819719395134598,0.0739876093482598,8.744839566061273,6.85610453971196,8.849711401411332,8.957146912554744,6263,0
92,"\\"" The USS Ranger, an aircraft carrier that served in the Vietnam War and was featured in the movies ""Top Gun"" and ""Star Trek IV,"" is being towed to a scrapyard in Texas after being paid for a five months.\\""",10196,90.15579333691858,113.09312050415691,0.11764705882352941,0.8169949650764465,6.064955589128658,78.96766291512176,0.007744964977944465,310,9887,0.21545324346801487,0.29799914750896517,0.21153776901506155,0.0703125,0.1868896484375,0.066192626953125,0.000110626220703125,0.0265167236328125,0.0001068115234375,0.0007781982421875,0.032769775390625,0.0007458686828613281,0.002163314819335938,0.039218139648437504,0.0020751953125,0.21938804716300372,0.30914213119014616,0.21660065324911731,61,1286,7.569413511507053,0.06326796490866343,0.04061345211001205,0.0,83.84002345125191,7.687402799377916,5.081967213114754,0.0,0.002264518879003338,0.011508210696574341,4.074369130596022e-05,0.0002070581033581585,0.0622420367121395,0.06819719395134598,0.0739876093482598,3.8907258580438793,6.85610453971196,8.849711401411332,8.957146912554744,6263,0
93,"\\"" The X-Files is returning to television for a six-episode special event. Stars David Duchovny and Gillian Anderson are reprising their roles as Fox Mulder and Dana Scully. The show will explore paranormal phenomena and feature familiarity with characters from the original era, including the Smoking Man.\\""",10196,90.15579333691858,113.09312050415691,0.07407407407407407,0.8199613690376282,6.064955589128658,78.96766291512176,0.007744964977944465,310,9887,0.21545324346801487,0.29799914750896517,0.21153776901506155,0.0703125,0.1868896484375,0.066192626953125,0.000110626220703125,0.0265167236328125,0.0001068115234375,0.0007781982421875,0.032769775390625,0.0007458686828613281,0.002163314819335938,0.039218139648437504,0.0020751953125,0.21938804716300372,0.30914213119014616,0.21660065324911731,61,1286,7.569413511507053,0.06326796490866343,0.04061345211001205,0.0,83.84002345125191,7.687402799377916,5.081967213114754,0.0,0.002264518879003338,0.011508210696574341,4.074369130596022e-05,0.0002070581033581585,0.0622420367121395,0.06819719395134598,0.0739876093482598,4.930536356056109,6.85610453971196,8.849711401411332,8.957146912554744,6263,0
94,"\\"" Researchers at Lawrence Livermore National Laboratory, Brown University, and the Planetary Sciences Institute claim to have discovered why Mercury is so dark. They say that microscopic meteorites from nearby comets have added dark colored carbon to the planet's surface, effectively ""!!! painting it blackфіційно Б////! The researchers tested their theory using a NASA gun and found evidence supports their theory.  Theodore P.

Question: What is the theory proposed by the researchers regarding why Mercury is so dark compared to our moon?

Answer: According to the article, the newly proposed theory involved micro Slo\\""",10196,90.15579333691858,113.09312050415691,0.05084745762711864,0.7968637943267822,6.064955589128658,78.96766291512176,0.007744964977944465,310,9887,0.21545324346801487,0.29799914750896517,0.21153776901506155,0.0703125,0.1868896484375,0.066192626953125,0.000110626220703125,0.0265167236328125,0.0001068115234375,0.0007781982421875,0.032769775390625,0.0007458686828613281,0.002163314819335938,0.039218139648437504,0.0020751953125,0.21938804716300372,0.30914213119014616,0.21660065324911731,61,1286,7.569413511507053,0.06326796490866343,0.04061345211001205,0.0,83.84002345125191,7.687402799377916,5.081967213114754,0.0,0.002264518879003338,0.011508210696574341,4.074369130596022e-05,0.0002070581033581585,0.0622420367121395,0.06819719395134598,0.0739876093482598,7.432055285898969,6.85610453971196,8.849711401411332,8.957146912554744,6263,0
95,"\\""\\""",10196,90.15579333691858,113.09312050415691,0.0,0.7815949320793152,6.064955589128658,78.96766291512176,0.007744964977944465,310,9887,0.21545324346801487,0.29799914750896517,0.21153776901506155,0.0703125,0.1868896484375,0.066192626953125,0.000110626220703125,0.0265167236328125,0.0001068115234375,0.0007781982421875,0.032769775390625,0.0007458686828613281,0.002163314819335938,0.039218139648437504,0.0020751953125,0.21938804716300372,0.30914213119014616,0.21660065324911731,61,1286,7.569413511507053,0.06326796490866343,0.04061345211001205,0.0,83.84002345125191,7.687402799377916,5.081967213114754,0.0,0.002264518879003338,0.011508210696574341,4.074369130596022e-05,0.0002070581033581585,0.0622420367121395,0.06819719395134598,0.0739876093482598,0.0,6.85610453971196,8.849711401411332,8.957146912554744,6263,0
96,"\\"" Pro-Russian rebels in Donetsk, Ukraine, have withdrawn all heavy weapons from the front lines according to the Donetsk People's Republic, but fighting between Ukrain firing and the rebels continue reportedly killing hundreds of people in recent weeks. Thecount estimated number of people killed since fighting began in April 2014 now exceeds 6 thousand and there is renewed callscommitment to the peace agreement reached last month in Minsk, Bel Aires through all sides have continued to accuse neighbors of breaching the deal. 

Can sentences replace eachStructured using terms:ês\\""",10196,90.15579333691858,113.09312050415691,0.05454545454545455,0.808000922203064,6.064955589128658,78.96766291512176,0.007744964977944465,310,9887,0.21545324346801487,0.29799914750896517,0.21153776901506155,0.0703125,0.1868896484375,0.066192626953125,0.000110626220703125,0.0265167236328125,0.0001068115234375,0.0007781982421875,0.032769775390625,0.0007458686828613281,0.002163314819335938,0.039218139648437504,0.0020751953125,0.21938804716300372,0.30914213119014616,0.21660065324911731,61,1286,7.569413511507053,0.06326796490866343,0.04061345211001205,0.0,83.84002345125191,7.687402799377916,5.081967213114754,0.0,0.002264518879003338,0.011508210696574341,4.074369130596022e-05,0.0002070581033581585,0.0622420367121395,0.06819719395134598,0.0739876093482598,7.435723265167326,6.85610453971196,8.849711401411332,8.957146912554744,6263,0
97,"\\"" Chris Evans and Chris Pratt visited two children's hospitals as part of a bet after the Super Bowl. Evans dressed as Captain America and Pratt dressed as Star-Lord visiting Boston Children's Hospital in February and Seattle Pe\\""",10196,90.15579333691858,113.09312050415691,0.1038961038961039,0.8192635774612427,6.064955589128658,78.96766291512176,0.007744964977944465,310,9887,0.21545324346801487,0.29799914750896517,0.21153776901506155,0.0703125,0.1868896484375,0.066192626953125,0.000110626220703125,0.0265167236328125,0.0001068115234375,0.0007781982421875,0.032769775390625,0.0007458686828613281,0.002163314819335938,0.039218139648437504,0.0020751953125,0.21938804716300372,0.30914213119014616,0.21660065324911731,61,1286,7.569413511507053,0.06326796490866343,0.04061345211001205,0.0,83.84002345125191,7.687402799377916,5.081967213114754,0.0,0.002264518879003338,0.011508210696574341,4.074369130596022e-05,0.0002070581033581585,0.0622420367121395,0.06819719395134598,0.0739876093482598,3.4115165499970317,6.85610453971196,8.849711401411332,8.957146912554744,6263,0
98,"\\"" The Presbyterian Church (USA) has changed its definition of marriage to include gay couples.clarified that ""marriage Christian Marriage and divorce but Does the Bible allow marriage?  Christian risulta also welcomed the news Tuesday night and those who hold a different views different views.\\""",10196,90.15579333691858,113.09312050415691,0.0923076923076923,0.798540472984314,6.064955589128658,78.96766291512176,0.007744964977944465,310,9887,0.21545324346801487,0.29799914750896517,0.21153776901506155,0.0703125,0.1868896484375,0.066192626953125,0.000110626220703125,0.0265167236328125,0.0001068115234375,0.0007781982421875,0.032769775390625,0.0007458686828613281,0.002163314819335938,0.039218139648437504,0.0020751953125,0.21938804716300372,0.30914213119014616,0.21660065324911731,61,1286,7.569413511507053,0.06326796490866343,0.04061345211001205,0.0,83.84002345125191,7.687402799377916,5.081967213114754,0.0,0.002264518879003338,0.011508210696574341,4.074369130596022e-05,0.0002070581033581585,0.0622420367121395,0.06819719395134598,0.0739876093482598,4.057367009110749,6.85610453971196,8.849711401411332,8.957146912554744,6263,0
99,"\\"" Gene Simmons, the frontman of KISS fame, has established a new partnership with WWE Studios to launch Erebusitie Pictures, aiptures, which horror movies. The first feature produced by Erebus, called ""Temple,"" begins filmotes that appeal to young male fans, the core horror-movie audience members. The studio mentions ""Temple"" political B竹��uted within an isolated military compound andana venture partnership kicks off with a three-picture deal starting with ""Temple begin}. Pleaseowie Studios popular film is "" previously stationed Kingdom Bund\\""",10196,90.15579333691858,113.09312050415691,0.26666666666666666,0.8711971044540405,6.064955589128658,78.96766291512176,0.007744964977944465,310,9887,0.21545324346801487,0.29799914750896517,0.21153776901506155,0.0703125,0.1868896484375,0.066192626953125,0.000110626220703125,0.0265167236328125,0.0001068115234375,0.0007781982421875,0.032769775390625,0.0007458686828613281,0.002163314819335938,0.039218139648437504,0.0020751953125,0.21938804716300372,0.30914213119014616,0.21660065324911731,61,1286,7.569413511507053,0.06326796490866343,0.04061345211001205,0.0,83.84002345125191,7.687402799377916,5.081967213114754,0.0,0.002264518879003338,0.011508210696574341,4.074369130596022e-05,0.0002070581033581585,0.0622420367121395,0.06819719395134598,0.0739876093482598,6.423810041043907,6.85610453971196,8.849711401411332,8.957146912554744,6263,0
100,"\\"" Ben Rub IV, co- founder and CEO of Life on Air Inc, spoke to Laurie Segall on ""[www.cnn.com/instant-startups"" target=""_blank"">Instant�unkt producers after their popularity explEPosed. Although they don't consider it an instantaneous startup,OperI started development years ago,arding it as his favorite cheese. He plans future branching outtil mid-outs criminalizationAddresses to work widgetsounitsolds to other platforms suchlikeitoutcroversions compatibility paint Vidyo Integrationгнеurîne of MeerkatWork collision\\""",10196,90.15579333691858,113.09312050415691,0.023809523809523808,0.7953703999519348,6.064955589128658,78.96766291512176,0.007744964977944465,310,9887,0.21545324346801487,0.29799914750896517,0.21153776901506155,0.0703125,0.1868896484375,0.066192626953125,0.000110626220703125,0.0265167236328125,0.0001068115234375,0.0007781982421875,0.032769775390625,0.0007458686828613281,0.002163314819335938,0.039218139648437504,0.0020751953125,0.21938804716300372,0.30914213119014616,0.21660065324911731,61,1286,7.569413511507053,0.06326796490866343,0.04061345211001205,0.0,83.84002345125191,7.687402799377916,5.081967213114754,0.0,0.002264518879003338,0.011508210696574341,4.074369130596022e-05,0.0002070581033581585,0.0622420367121395,0.06819719395134598,0.0739876093482598,5.517007845919579,6.85610453971196,8.849711401411332,8.957146912554744,6263,0
